date,names,industries_present,thin_industries,thin_names,eliminated_industry,r2_weighted,r2_equal,cond_full,cond_style,industry_term,country,cap_weighted_return,style_term,cap_weighted_specific,identity_gap,market_excess,reclassified,with_cap,excluded_no_sic,excluded_no_exposure,excluded_no_return
2007-04-03,305,44,13,18,Banks,0.377001,0.336746,49.0355,3.4737,-1.21973e-19,0.00919029,0.00897373,-6.95997e-06,-0.000209606,-0.000216566,0.00896021,11,307,0,2,0
2007-04-04,305,44,13,18,Banks,0.300107,0.240998,48.951,3.47436,-1.0842e-19,0.000275447,0.00050786,5.73003e-06,0.000226683,0.000232413,0.000538589,11,307,0,2,0
2007-04-05,305,44,13,18,Banks,0.164383,0.137426,48.8398,3.48958,0,0.00272195,0.00279519,-3.73785e-06,7.69774e-05,7.32395e-05,0.00280035,11,307,0,2,0
2007-04-09,305,44,13,18,Banks,0.281423,0.211982,48.8324,3.52459,-5.42101e-20,0.000642324,0.000562532,4.1553e-06,-8.39469e-05,-7.97916e-05,0.000570788,11,307,0,2,0
2007-04-10,305,44,13,18,Banks,0.363878,0.287777,48.7969,3.52118,1.0842e-19,0.00310007,0.00353519,-1.40355e-06,0.000436522,0.000435118,0.00352497,11,307,0,2,0
2007-04-11,305,44,13,18,Banks,0.213256,0.187111,48.7895,3.52213,2.71051e-20,-0.00755028,-0.00762406,9.14506e-07,-7.46896e-05,-7.37751e-05,-0.00761439,11,307,0,2,0
2007-04-12,305,44,13,18,Banks,0.44055,0.403603,48.6608,3.52616,2.1684e-19,0.00468554,0.00454954,-1.04045e-05,-0.000125594,-0.000135999,0.00454324,11,307,0,2,0
2007-04-13,305,44,13,18,Banks,0.269408,0.275021,48.7627,3.547,1.0842e-19,0.00323696,0.0028533,-1.2278e-06,-0.000382428,-0.000383655,0.00286384,11,307,0,2,0
2007-04-16,305,44,13,18,Banks,0.254411,0.217908,48.7057,3.51711,-4.33681e-19,0.0116507,0.0115625,-7.84836e-06,-8.042e-05,-8.82684e-05,0.0115596,11,307,0,2,0
2007-04-17,305,44,13,18,Banks,0.339569,0.3474,48.6381,3.51431,4.33681e-19,0.00145135,0.00124978,4.17577e-06,-0.000205751,-0.000201576,0.00122776,11,307,0,2,0
2007-04-18,305,44,13,18,Banks,0.388496,0.355468,48.6622,3.50604,-4.33681e-19,0.00137738,0.00138993,-4.15207e-06,1.66997e-05,1.25477e-05,0.00140847,11,307,0,2,0
2007-04-19,305,44,13,18,Banks,0.296592,0.250226,48.8971,3.47806,2.71051e-19,-0.00175046,-0.00153244,5.61822e-08,0.000217972,0.000218028,-0.00155071,11,307,0,2,0
2007-04-20,305,44,13,18,Banks,0.201682,0.156211,48.7292,3.49415,-4.33681e-19,0.0091366,0.00890181,-3.65872e-06,-0.000231131,-0.00023479,0.00891532,11,307,0,2,0
2007-04-23,305,44,13,18,Banks,0.378564,0.35177,48.5532,3.50588,4.06576e-20,-0.0037421,-0.00340677,-1.39383e-06,0.000336724,0.00033533,-0.00340816,11,307,0,2,0
2007-04-24,305,44,13,18,Banks,0.244978,0.227283,48.6127,3.5276,0,-0.000972496,-0.000914503,-1.57338e-07,5.81506e-05,5.79932e-05,-0.000929299,11,307,0,2,0
2007-04-25,305,44,13,18,Banks,0.139016,0.135848,48.6561,3.56445,-1.0842e-19,0.0108561,0.0109921,-2.23951e-05,0.000158398,0.000136003,0.0110059,11,307,0,2,0
2007-04-26,305,44,13,18,Banks,0.248928,0.232118,48.7127,3.54177,-1.0842e-19,-0.00109638,-0.00108218,-9.42157e-06,2.36142e-05,1.41927e-05,-0.00107352,11,307,0,2,0
2007-04-27,305,44,13,18,Banks,0.364563,0.278319,48.1629,3.53941,-1.21973e-19,0.00019066,0.000269327,4.30337e-06,7.43636e-05,7.8667e-05,0.000241102,11,307,0,2,0
2007-04-30,305,44,13,18,Banks,0.467083,0.380777,48.2497,3.55864,-1.89735e-19,-0.00686956,-0.00645311,1.679e-05,0.00039966,0.00041645,-0.0064805,11,307,0,2,0
2007-05-01,305,44,13,18,Banks,0.261598,0.236709,48.2515,3.52435,-5.42101e-20,0.00326554,0.00357744,1.20783e-06,0.000310688,0.000311896,0.00357135,11,307,0,2,0
2007-05-02,305,44,13,18,Banks,0.437747,0.450901,48.2133,3.51008,5.42101e-20,0.00562291,0.00556727,-5.17897e-06,-5.04659e-05,-5.56449e-05,0.00558274,11,307,0,2,0
2007-05-03,305,44,13,18,Banks,0.215836,0.181743,48.2798,3.47301,0,0.00455653,0.00428875,-6.23418e-06,-0.000261543,-0.000267777,0.00429162,11,307,0,2,0
2007-05-04,305,44,13,18,Banks,0.196859,0.166529,48.3277,3.50066,5.42101e-20,0.00165405,0.00165445,7.2897e-08,3.2817e-07,4.01067e-07,0.00166468,11,307,0,2,0
2007-05-07,305,44,13,18,Banks,0.262764,0.235598,48.2697,3.51316,-1.0842e-19,0.00217166,0.0019944,8.72154e-06,-0.000185985,-0.000177264,0.0019934,11,307,0,2,0
2007-05-08,305,44,13,18,Banks,0.266173,0.190011,48.3107,3.54026,1.0842e-19,-0.00177891,-0.00166421,8.4135e-07,0.000113862,0.000114703,-0.00167525,11,307,0,2,0
2007-05-09,305,44,13,18,Banks,0.247626,0.213591,48.2753,3.53125,1.0842e-19,0.00319734,0.00350439,5.84674e-06,0.000301203,0.000307049,0.00350142,11,307,0,2,0
2007-05-10,305,44,13,18,Banks,0.289798,0.238241,48.0471,3.54929,1.0842e-19,-0.0137387,-0.0139151,9.03261e-06,-0.000185458,-0.000176425,-0.0139214,11,307,0,2,0
2007-05-11,305,44,13,18,Banks,0.40445,0.373095,48.1094,3.57057,2.1684e-19,0.00858371,0.00828852,-2.10501e-06,-0.000293088,-0.000295193,0.00830487,11,307,0,2,0
2007-05-14,305,44,13,18,Banks,0.252862,0.229955,47.893,3.57703,0,-0.00227034,-0.00203532,8.49973e-06,0.000226522,0.000235022,-0.0020459,11,307,0,2,0
2007-05-15,305,44,13,18,Banks,0.33717,0.316172,47.9149,3.50271,-8.13152e-20,-0.000957337,-0.00130175,5.07291e-06,-0.000349483,-0.00034441,-0.00128263,11,307,0,2,0
2007-05-16,305,44,13,18,Banks,0.266405,0.237319,47.6102,3.50271,1.0842e-19,0.0100074,0.0108148,-4.40443e-06,0.000811768,0.000807364,0.0108142,11,307,0,2,0
2007-05-17,305,44,13,18,Banks,0.366489,0.344278,47.7324,3.46655,2.1684e-19,-0.00147875,-0.00152413,4.69148e-06,-5.00718e-05,-4.53803e-05,-0.00152626,11,307,0,2,0
2007-05-18,305,44,13,18,Banks,0.228733,0.217832,47.6768,3.46049,5.42101e-20,0.00580323,0.00588112,-1.40577e-05,9.19488e-05,7.78911e-05,0.00587306,11,307,0,2,0
2007-05-21,305,44,13,18,Banks,0.269145,0.215074,47.5938,3.43899,-5.42101e-20,0.0004736,0.00048772,-9.42445e-06,2.35445e-05,1.41201e-05,0.000505743,11,307,0,2,0
2007-05-22,305,44,13,18,Banks,0.381558,0.380613,47.5709,3.43513,-1.0842e-19,-0.000544073,-0.000372502,-3.968e-06,0.000175539,0.000171571,-0.000382398,11,307,0,2,0
2007-05-23,305,44,13,18,Banks,0.300085,0.250641,47.7402,3.433,-1.0842e-19,-0.0018519,-0.00187715,-9.97848e-07,-2.42558e-05,-2.52536e-05,-0.00188396,11,307,0,2,0
2007-05-24,305,44,13,18,Banks,0.445066,0.384512,47.8826,3.44403,-1.0842e-19,-0.00905118,-0.00892357,1.77395e-05,0.000109873,0.000127612,-0.00892352,11,307,0,2,0
2007-05-25,305,44,13,18,Banks,0.33293,0.29282,48.0752,3.45688,1.0842e-19,0.00495789,0.00512472,2.62789e-06,0.000164196,0.000166824,0.00512551,11,307,0,2,0
2007-05-29,305,44,13,18,Banks,0.424603,0.355656,48.0459,3.48907,-2.71051e-20,0.00117006,0.00109526,-2.21461e-06,-7.25916e-05,-7.48063e-05,0.00114554,11,308,0,3,0
2007-05-30,305,44,13,18,Banks,0.428214,0.354954,47.9323,3.49603,1.0842e-19,0.00750637,0.00763028,-1.22635e-05,0.000136179,0.000123915,0.007643,11,308,0,3,0
2007-05-31,305,44,13,18,Banks,0.276305,0.22909,47.8176,3.4513,-1.0842e-19,-0.000848513,-0.00111126,-1.58381e-05,-0.00024691,-0.000262748,-0.00106212,11,308,0,3,0
2007-06-01,305,44,13,18,Banks,0.351089,0.241038,47.589,3.4462,-5.42101e-20,0.00303374,0.00286955,7.75885e-06,-0.000171946,-0.000164187,0.00289073,11,308,0,3,0
2007-06-04,305,44,13,18,Banks,0.294047,0.267396,47.6382,3.46885,3.25261e-19,0.00110615,0.000856618,-9.13648e-06,-0.000240396,-0.000249533,0.000895309,11,308,0,3,0
2007-06-05,305,44,13,18,Banks,0.337023,0.270276,47.7344,3.49001,-1.35525e-20,-0.00575077,-0.00569383,-1.14807e-05,6.84178e-05,5.69371e-05,-0.00571069,11,308,0,3,0
2007-06-06,305,44,13,18,Banks,0.26248,0.268455,47.6987,3.50728,-2.71051e-20,-0.00874043,-0.00883235,1.23555e-05,-0.000104273,-9.19171e-05,-0.00883975,11,308,0,3,0
2007-06-07,305,44,13,18,Banks,0.472679,0.461123,47.8321,3.51587,-1.0842e-19,-0.0174948,-0.0175867,8.13147e-06,-9.99929e-05,-9.18614e-05,-0.0176171,11,308,0,3,0
2007-06-08,305,44,13,18,Banks,0.33983,0.302954,48.0213,3.50351,1.0842e-19,0.0116907,0.0117987,-1.36324e-05,0.0001217,0.000108067,0.0118105,11,308,0,3,0
2007-06-11,305,44,13,18,Banks,0.295542,0.268492,48.052,3.51889,-1.0842e-19,0.000685494,0.00050371,6.02223e-06,-0.000187806,-0.000181784,0.000496837,11,308,0,3,0
2007-06-12,305,44,13,18,Banks,0.338942,0.285885,48.17,3.52287,-5.42101e-20,-0.0112103,-0.0111177,4.83e-06,8.78055e-05,9.26355e-05,-0.0110735,11,308,0,3,0
2007-06-13,305,44,13,18,Banks,0.409782,0.386563,48.0715,3.56042,3.52366e-19,0.0157967,0.0157509,-6.55502e-06,-3.91922e-05,-4.57472e-05,0.0158043,11,308,0,3,0
2007-06-14,305,44,13,18,Banks,0.436908,0.366207,48.0537,3.54613,2.1684e-19,0.00388971,0.00383241,-7.06098e-06,-5.02425e-05,-5.73034e-05,0.00382845,11,308,0,3,0
2007-06-15,305,44,13,18,Banks,0.331574,0.314594,47.8595,3.5356,2.71051e-19,0.00623571,0.00613771,-7.59563e-06,-9.04096e-05,-9.80052e-05,0.00621814,11,308,0,3,0
2007-06-18,305,44,13,18,Banks,0.305052,0.248775,47.766,3.51623,0,-0.00199508,-0.00190547,-6.57415e-07,9.02669e-05,8.96095e-05,-0.00182884,11,308,0,3,0
2007-06-19,305,44,13,18,Banks,0.240002,0.144413,47.7522,3.49584,-1.0842e-19,0.0024282,0.00243723,1.26455e-06,7.76299e-06,9.02754e-06,0.00245522,11,308,0,3,0
2007-06-20,305,44,13,18,Banks,0.436038,0.370256,47.7897,3.52797,0,-0.0134831,-0.0134889,1.09729e-05,-1.67086e-05,-5.73573e-06,-0.0134996,11,308,0,3,0
2007-06-21,305,44,13,18,Banks,0.445479,0.419112,47.7913,3.54872,2.1684e-19,0.00515083,0.00523684,-2.67977e-05,0.000112809,8.60116e-05,0.00527061,11,308,0,3,0
2007-06-22,305,44,13,18,Banks,0.242585,0.19798,47.793,3.55179,-1.0842e-19,-0.0142805,-0.0144833,-1.95147e-05,-0.000183347,-0.000202862,-0.0144499,11,308,0,3,0
2007-06-25,305,44,13,18,Banks,0.338168,0.321176,47.4413,3.52941,-1.6263e-19,-0.00330306,-0.00381519,2.77905e-05,-0.000539925,-0.000512135,-0.00388196,11,308,0,3,0
2007-06-26,305,44,13,18,Banks,0.39168,0.37514,47.4153,3.49991,-1.6263e-19,-0.00368188,-0.00415029,2.69184e-05,-0.000495328,-0.00046841,-0.00414788,11,308,0,3,0
2007-06-27,305,44,13,18,Banks,0.351098,0.286955,47.6288,3.51296,-2.71051e-20,0.00953974,0.00987475,-1.1445e-05,0.000346447,0.000335002,0.00986455,11,308,0,3,0
2007-06-28,305,44,13,18,Banks,0.158902,0.152699,47.6867,3.53132,5.42101e-20,-0.000323552,-0.00032829,-1.22174e-06,-3.51647e-06,-4.73821e-06,-0.000292862,11,308,0,3,0
2007-06-29,305,44,13,18,Banks,0.324686,0.250106,47.7637,3.54111,-5.42101e-20,-0.00275226,-0.00272576,1.17804e-05,1.47251e-05,2.65054e-05,-0.00272691,11,308,0,3,0
2007-07-02,305,44,13,18,Banks,0.225142,0.0921128,47.7138,3.54483,-1.6263e-19,0.00762507,0.00770244,-3.06667e-05,0.000108035,7.73683e-05,0.00772262,11,308,0,3,0
2007-07-03,305,44,13,18,Banks,0.35469,0.259867,47.7839,3.31885,0,0.00443084,0.00426024,7.88923e-06,-0.000178497,-0.000170608,0.00422539,11,308,0,3,0
2007-07-05,305,44,13,18,Banks,0.326045,0.311152,47.8712,3.35862,-5.42101e-20,-0.00121324,-0.000983958,1.99395e-07,0.000229085,0.000229285,-0.000997951,11,308,0,3,0
2007-07-06,305,44,13,18,Banks,0.382487,0.358327,47.6408,3.3438,-1.35525e-19,0.00329832,0.00350025,-1.66623e-05,0.000218586,0.000201924,0.00350179,11,308,0,3,0
2007-07-09,305,44,13,18,Banks,0.298898,0.26699,47.5625,3.36356,-3.25261e-19,0.000504062,0.000525339,-7.36281e-06,2.86402e-05,2.12774e-05,0.00051018,11,308,0,3,0
2007-07-10,305,44,13,18,Banks,0.375114,0.315159,47.7631,3.34357,1.0842e-19,-0.0148468,-0.0144032,2.39408e-09,0.00044356,0.000443562,-0.0144383,11,308,0,3,0
2007-07-11,305,44,13,18,Banks,0.252986,0.266754,47.7313,3.3559,0,0.00613194,0.006212,8.42839e-06,7.16279e-05,8.00563e-05,0.00619619,11,308,0,3,0
2007-07-12,305,44,13,18,Banks,0.355447,0.357063,47.573,3.35343,2.1684e-19,0.0205055,0.0202207,5.78602e-06,-0.000290568,-0.000284782,0.0203001,11,308,0,3,0
2007-07-13,305,44,13,18,Banks,0.334832,0.286166,47.321,3.37157,1.6263e-19,0.00288011,0.00258928,-9.47114e-06,-0.000281352,-0.000290824,0.00261975,11,308,0,3,0
2007-07-16,305,44,13,18,Banks,0.41141,0.363845,47.3973,3.38631,2.1684e-19,-0.0019083,-0.00194444,2.27834e-05,-5.89159e-05,-3.61325e-05,-0.00195179,11,308,0,3,0
2007-07-17,305,44,13,18,Banks,0.305838,0.240885,47.6232,3.3805,0,0.000350504,0.000407172,-3.02303e-07,5.69699e-05,5.66676e-05,0.000420107,11,308,0,3,0
2007-07-18,305,44,13,18,Banks,0.42804,0.322332,47.6916,3.40882,-2.1684e-19,-0.00329554,-0.00331495,-1.89527e-05,-4.53451e-07,-1.94061e-05,-0.00332878,11,308,0,3,0
2007-07-19,305,44,13,18,Banks,0.319088,0.264028,47.4293,3.40202,-1.6263e-19,0.0033189,0.0031911,-1.61125e-05,-0.000111689,-0.000127801,0.00318517,11,308,0,3,0
2007-07-20,305,44,13,18,Banks,0.165198,0.14956,47.3882,3.4079,1.0842e-19,-0.0117667,-0.0113674,2.7905e-06,0.000396463,0.000399254,-0.0114248,11,308,0,3,0
2007-07-23,305,44,13,18,Banks,0.35976,0.366242,47.4639,3.40575,1.0842e-19,0.00479414,0.00488802,9.03087e-06,8.48509e-05,9.38817e-05,0.00490575,11,308,0,3,0
2007-07-24,305,44,13,18,Banks,0.466107,0.387774,47.4322,3.40366,0,-0.0198831,-0.0200279,2.78349e-05,-0.00017258,-0.000144745,-0.0201102,11,308,0,3,0
2007-07-25,305,44,13,18,Banks,0.201036,0.161965,47.5758,3.38452,-8.13152e-20,0.00566641,0.00522155,-2.91149e-05,-0.000415745,-0.000444859,0.00521546,11,308,0,3,0
2007-07-26,305,44,13,18,Banks,0.255457,0.187203,47.8767,3.34427,-2.1684e-19,-0.0235899,-0.023652,3.47712e-05,-9.6856e-05,-6.20849e-05,-0.0236387,11,308,0,3,0
2007-07-27,305,44,13,18,Banks,0.242908,0.173115,47.6811,3.33343,-6.50521e-19,-0.0157382,-0.0160296,1.93331e-05,-0.000310674,-0.000291341,-0.0160849,11,308,0,3,0
2007-07-30,305,44,13,18,Banks,0.317857,0.289437,47.4159,3.33362,-3.25261e-19,0.00999918,0.00962332,-1.65065e-05,-0.000359357,-0.000375863,0.00977912,11,308,0,3,0
2007-07-31,305,44,13,18,Banks,0.295769,0.223439,47.3649,3.32336,-2.1684e-19,-0.0129082,-0.0127139,2.96523e-05,0.000164681,0.000194333,-0.0127217,11,308,0,3,0
2007-08-01,305,44,13,18,Banks,0.330691,0.35429,47.3751,3.29089,-1.0842e-19,0.00898543,0.00852222,2.68884e-05,-0.000490104,-0.000463216,0.0083606,11,308,0,3,0
2007-08-02,305,44,13,18,Banks,0.229726,0.193035,47.2703,3.22331,-2.1684e-19,0.0062119,0.00650537,-9.63334e-06,0.000303102,0.000293469,0.00641094,11,308,0,3,0
2007-08-03,305,44,13,18,Banks,0.48152,0.467889,47.3407,3.23502,4.33681e-19,-0.0271962,-0.0268941,8.21976e-05,0.000219903,0.000302101,-0.0270144,11,308,0,3,0
2007-08-06,305,44,13,18,Banks,0.470783,0.396566,47.4257,3.19864,-4.33681e-19,0.0276354,0.027662,5.12964e-06,2.14621e-05,2.65917e-05,0.0277051,11,308,0,3,0
2007-08-07,305,44,13,18,Banks,0.296881,0.277274,47.6614,3.16548,5.42101e-20,0.00602791,0.0060331,-3.44165e-05,3.95995e-05,5.18299e-06,0.00611248,11,308,0,3,0
2007-08-08,305,44,13,18,Banks,0.280056,0.277654,47.8657,3.1359,-5.42101e-20,0.0152125,0.0151324,-2.1649e-05,-5.84395e-05,-8.00885e-05,0.0151582,11,308,0,3,0
2007-08-09,305,44,13,18,Banks,0.257333,0.228798,48.1689,3.10104,0,-0.0310992,-0.0314131,2.56739e-06,-0.00031644,-0.000313873,-0.0314808,11,308,0,3,0
2007-08-10,305,44,13,18,Banks,0.310102,0.294957,48.3152,3.07301,6.50521e-19,-0.000215409,-0.00021398,8.69588e-06,-7.26707e-06,1.42881e-06,-0.00020119,11,308,0,3,0
2007-08-13,305,44,13,18,Banks,0.279906,0.262789,47.4369,2.99607,-4.06576e-19,-0.00269576,-0.00248261,2.05435e-06,0.000211088,0.000213143,-0.00250197,11,308,0,3,0
2007-08-14,305,44,13,18,Banks,0.424962,0.389862,47.5729,2.97145,-1.0842e-19,-0.0183899,-0.0181122,5.34578e-05,0.000224242,0.0002777,-0.0181366,11,308,0,3,0
2007-08-15,305,44,13,18,Banks,0.367467,0.286146,47.6347,2.95783,-2.1684e-19,-0.0123797,-0.012246,1.34044e-05,0.000120311,0.000133716,-0.0122832,11,308,0,3,0
2007-08-16,305,44,13,18,Banks,0.596377,0.508627,47.9392,2.97648,8.67362e-19,0.00712654,0.00698017,-9.99629e-06,-0.000136368,-0.000146364,0.00698351,11,308,0,3,0
2007-08-17,305,44,13,18,Banks,0.300241,0.249818,48.2398,2.95817,-2.1684e-19,0.0257904,0.0254854,-3.7684e-05,-0.000267385,-0.000305069,0.0255585,11,308,0,3,0
2007-08-20,305,44,13,18,Banks,0.383336,0.343863,48.079,2.96044,5.42101e-19,-0.00134597,-0.00140171,2.30462e-05,-7.87896e-05,-5.57434e-05,-0.0013857,11,308,0,3,0
2007-08-21,305,44,13,18,Banks,0.420509,0.363983,47.9816,2.95319,4.33681e-19,-0.000656104,-0.000765551,-1.12391e-05,-9.82083e-05,-0.000109447,-0.000725459,11,308,0,3,0
2007-08-22,305,44,13,18,Banks,0.361276,0.35083,47.8298,2.94817,2.1684e-19,0.0108521,0.011048,-3.24588e-05,0.00022833,0.000195871,0.0111374,11,308,0,3,0
2007-08-23,305,44,13,18,Banks,0.327632,0.274239,47.5431,2.92621,-2.1684e-19,-0.00110808,-0.00108746,3.10384e-05,-1.04123e-05,2.06261e-05,-0.00112511,11,308,0,3,0
2007-08-24,305,44,13,18,Banks,0.385539,0.33105,47.2426,2.92409,-1.0842e-19,0.0107626,0.0106527,-1.8411e-05,-9.15139e-05,-0.000109925,0.0106301,11,308,0,3,0
2007-08-27,305,44,13,18,Banks,0.508434,0.487044,47.4315,2.9229,0,-0.00905184,-0.00906913,2.17449e-05,-3.90294e-05,-1.72845e-05,-0.00907632,11,308,0,3,0
2007-08-28,305,44,13,18,Banks,0.538397,0.463614,47.3635,2.91501,1.0842e-19,-0.0245468,-0.0246278,5.36668e-05,-0.000134696,-8.10293e-05,-0.0246871,11,308,0,3,0
2007-08-29,305,44,13,18,Banks,0.441518,0.369259,47.3507,2.89609,5.42101e-20,0.0215066,0.0215315,-2.81916e-05,5.30358e-05,2.48442e-05,0.0215448,11,308,0,3,0
2007-08-30,305,44,13,18,Banks,0.332788,0.286441,47.3252,2.863,0,-0.00482897,-0.00494618,5.22972e-06,-0.000122437,-0.000117208,-0.00496454,11,308,0,3,0
2007-08-31,305,44,13,18,Banks,0.431763,0.412126,47.2345,2.87431,1.0842e-19,0.0111986,0.0112262,-3.01184e-05,5.77456e-05,2.76272e-05,0.0112698,11,308,0,3,0
2007-09-04,305,44,13,18,Banks,0.425704,0.346202,47.1148,2.87552,-2.1684e-19,0.00974574,0.00973254,-1.39458e-05,7.4737e-07,-1.31984e-05,0.00974024,11,308,0,3,0
2007-09-05,305,44,13,18,Banks,0.357715,0.37161,47.1155,2.87579,0,-0.0123268,-0.0125341,1.83151e-05,-0.000225701,-0.000207386,-0.0125514,11,308,0,3,0
2007-09-06,305,44,13,18,Banks,0.317805,0.277098,46.8397,2.89004,-1.35525e-19,0.00342715,0.00321897,-7.78053e-06,-0.000200399,-0.000208179,0.00321169,11,308,0,3,0
2007-09-07,305,44,13,18,Banks,0.41984,0.448802,46.7719,2.8734,2.71051e-20,-0.0162943,-0.016062,3.84e-05,0.000193951,0.000232351,-0.0161141,11,308,0,3,0
2007-09-10,305,44,13,18,Banks,0.281063,0.272799,46.7492,2.85387,2.1684e-19,-0.000479055,-0.000700092,1.08275e-05,-0.000231865,-0.000221037,-0.000733517,11,308,0,3,0
2007-09-11,305,44,13,18,Banks,0.208346,0.210752,46.5868,2.82029,5.42101e-20,0.0138496,0.0137655,-5.51679e-06,-7.86009e-05,-8.41177e-05,0.0137852,11,308,0,3,0
2007-09-12,305,44,13,18,Banks,0.337596,0.332846,46.7198,2.82263,3.25261e-19,0.000139609,3.20349e-05,2.74166e-06,-0.000110316,-0.000107574,7.02632e-05,11,308,0,3,0
2007-09-13,305,44,13,18,Banks,0.413611,0.377018,46.6959,2.83144,0,0.00935365,0.00927288,-3.26826e-05,-4.80865e-05,-8.07691e-05,0.00928607,11,308,0,3,0
2007-09-14,306,44,13,18,Banks,0.257217,0.238836,46.7972,2.84213,5.42101e-20,1.30857e-05,0.000231397,-3.33814e-06,0.00022165,0.000218312,0.000202173,11,308,0,2,0
2007-09-17,306,44,13,18,Banks,0.337167,0.379715,46.8885,2.85634,1.35525e-19,-0.00551234,-0.00574058,6.31209e-06,-0.000234554,-0.000228242,-0.00573556,11,308,0,2,0
2007-09-18,306,44,13,18,Banks,0.585508,0.535618,46.9634,2.86925,-4.33681e-19,0.031309,0.0314625,-6.70977e-05,0.000220569,0.000153472,0.0315161,11,308,0,2,0
2007-09-19,306,44,13,18,Banks,0.272147,0.269513,46.8329,2.86667,2.1684e-19,0.00490808,0.00468571,-5.58006e-06,-0.000216783,-0.000222363,0.00471826,11,308,0,2,0
2007-09-20,306,44,13,18,Banks,0.487258,0.444994,46.7266,2.84451,-1.0842e-19,-0.00778983,-0.00793733,2.62417e-05,-0.000173733,-0.000147491,-0.00792668,11,308,0,2,0
2007-09-21,306,44,13,18,Banks,0.24246,0.235578,46.5113,2.83545,0,0.00453091,0.00481199,-1.26538e-05,0.000293735,0.000281081,0.00476911,11,308,0,2,0
2007-09-24,306,44,13,18,Banks,0.339619,0.34773,46.559,2.82409,1.6263e-19,-0.00615226,-0.00621647,1.38082e-05,-7.80215e-05,-6.42133e-05,-0.00623339,11,308,0,2,0
2007-09-25,306,44,13,18,Banks,0.373575,0.338344,46.4556,2.80997,-1.0842e-19,-0.00107614,-0.000867,1.06588e-07,0.000209033,0.00020914,-0.000875457,11,308,0,2,0
2007-09-26,306,44,13,18,Banks,0.28936,0.291874,46.3892,2.80737,-1.0842e-19,0.0050018,0.00526988,-2.68319e-06,0.000270756,0.000268072,0.00527108,11,308,0,2,0
2007-09-27,306,44,13,18,Banks,0.240805,0.208684,46.1584,2.82523,-5.42101e-20,0.00452734,0.00446013,-2.14056e-05,-4.58018e-05,-6.72074e-05,0.00452323,11,309,0,3,0
2007-09-28,306,44,13,18,Banks,0.260248,0.229095,46.1678,2.82839,5.42101e-20,-0.00417084,-0.00403951,1.50112e-05,0.000116318,0.000131329,-0.00402581,11,309,0,3,0
2007-10-01,306,44,13,18,Banks,0.335044,0.361961,46.4037,2.81663,1.6263e-19,0.0145407,0.0145012,-2.93347e-05,-1.01188e-05,-3.94535e-05,0.0145315,11,309,0,3,0
2007-10-02,306,44,13,18,Banks,0.333658,0.325502,46.325,2.82595,-1.0842e-19,0.00018167,4.05853e-05,-7.87026e-06,-0.000133214,-0.000141084,4.51288e-05,11,309,0,3,0
2007-10-03,306,44,13,18,Banks,0.362258,0.366338,46.3705,2.84998,-8.13152e-20,-0.00405026,-0.00414888,1.1586e-05,-0.000110206,-9.86204e-05,-0.00411343,11,310,0,4,0
2007-10-04,306,44,13,18,Banks,0.348859,0.36564,46.3405,2.87737,1.0842e-19,0.00188525,0.0016384,-2.93768e-06,-0.000243911,-0.000246849,0.00169623,11,310,0,4,0
2007-10-05,306,44,13,18,Banks,0.428583,0.38882,46.328,2.88515,-2.1684e-19,0.00943382,0.0096893,-5.49562e-05,0.000310437,0.000255481,0.00969489,11,310,0,4,0
2007-10-08,306,44,13,18,Banks,0.347132,0.289428,46.277,2.88772,0,-0.00366398,-0.00368163,2.25206e-06,-1.98977e-05,-1.76456e-05,-0.00364992,11,310,0,4,0
2007-10-09,306,44,13,18,Banks,0.33057,0.256342,46.2557,2.90307,0,0.0077401,0.00750674,-1.49117e-05,-0.000218451,-0.000233362,0.00753079,11,310,0,4,0
2007-10-10,306,44,13,18,Banks,0.341299,0.329556,46.2921,2.91178,0,-0.00298891,-0.00289965,-2.27181e-05,0.000111975,8.92569e-05,-0.00292168,11,310,0,4,0
2007-10-11,306,44,13,18,Banks,0.389719,0.357771,46.7652,2.94834,5.42101e-20,-0.003564,-0.00282556,4.69225e-05,0.00069152,0.000738442,-0.00293864,11,310,0,4,0
2007-10-12,306,44,13,18,Banks,0.401361,0.3774,46.9443,2.95727,0,0.00303062,0.0029927,-1.83123e-05,-1.96093e-05,-3.79216e-05,0.00306655,11,310,0,4,0
2007-10-15,306,44,13,18,Banks,0.301643,0.268256,46.9496,2.95281,2.1684e-19,-0.0107619,-0.0107874,-1.10828e-06,-2.44627e-05,-2.5571e-05,-0.0108677,11,310,0,4,0
2007-10-16,306,44,13,18,Banks,0.348766,0.295262,46.6097,2.90567,-2.1684e-19,-0.00829074,-0.00852797,-1.40657e-06,-0.000235816,-0.000237222,-0.00852956,11,310,0,4,0
2007-10-17,306,44,13,18,Banks,0.317284,0.242396,46.3173,2.89315,0,0.00161561,0.00169969,-9.56074e-06,9.36372e-05,8.40764e-05,0.00166565,11,310,0,4,0
2007-10-18,307,44,13,18,Banks,0.27726,0.255553,46.0035,2.92369,2.1684e-19,-0.00255376,-0.00262824,-3.3388e-05,-4.10935e-05,-7.44815e-05,-0.00260248,11,310,0,3,0
2007-10-19,307,44,13,18,Banks,0.368931,0.306108,45.7426,2.91594,-4.33681e-19,-0.026142,-0.0261489,7.34304e-06,-1.42209e-05,-6.87788e-06,-0.0260804,11,310,0,3,0
2007-10-22,307,44,13,18,Banks,0.427623,0.367296,45.7237,2.90102,4.33681e-19,0.00470612,0.00476409,-2.91841e-05,8.71548e-05,5.79707e-05,0.00470416,11,310,0,3,0
2007-10-23,307,44,13,18,Banks,0.366422,0.33142,45.5425,2.89028,0,0.0081184,0.00769143,-5.34516e-05,-0.000373515,-0.000426966,0.0078245,11,310,0,3,0
2007-10-24,307,44,13,18,Banks,0.207898,0.183717,45.6446,2.90335,2.1684e-19,-0.00245189,-0.00262181,1.9402e-05,-0.000189328,-0.000169926,-0.00248816,11,310,0,3,0
2007-10-25,307,44,13,18,Banks,0.179843,0.172338,45.6375,2.88738,-2.1684e-19,-0.00177169,-0.00228943,2.85435e-05,-0.000546284,-0.00051774,-0.00229056,11,310,0,3,0
2007-10-26,307,44,13,18,Banks,0.34481,0.291449,46.0794,2.91705,-2.1684e-19,0.0148988,0.0149596,-8.11255e-06,6.89378e-05,6.08252e-05,0.0149837,11,310,0,3,0
2007-10-29,308,44,13,18,Banks,0.166132,0.146513,46.5577,2.93343,-1.6263e-19,0.00368927,0.00377112,1.77416e-05,6.41054e-05,8.1847e-05,0.00379911,11,311,0,3,0
2007-10-30,308,44,13,18,Banks,0.371289,0.309682,46.5219,2.93835,0,-0.00621434,-0.00642137,2.29284e-06,-0.000209327,-0.000207034,-0.00640636,11,311,0,3,0
2007-10-31,308,44,13,18,Banks,0.356351,0.311107,46.4528,2.94161,-1.0842e-19,0.010955,0.0105905,6.37741e-07,-0.000365089,-0.000364451,0.0109008,11,311,0,3,0
2007-11-01,308,44,13,18,Banks,0.463031,0.34506,46.4953,2.95283,4.33681e-19,-0.0293033,-0.0296178,1.25437e-05,-0.000327043,-0.000314499,-0.0295525,11,311,0,3,0
2007-11-02,308,44,13,18,Banks,0.385794,0.338797,46.0283,2.88523,2.71051e-19,-0.00101217,-0.00113253,-9.34014e-06,-0.000111024,-0.000120364,-0.0010792,11,311,0,3,0
2007-11-05,308,44,13,18,Banks,0.362132,0.295119,45.8413,2.88099,5.42101e-20,-0.00700683,-0.00790375,3.4853e-05,-0.000931769,-0.000896916,-0.00790536,11,311,0,3,0
2007-11-06,308,44,13,18,Banks,0.267841,0.251103,45.7484,2.87208,-1.0842e-19,0.0109411,0.00996456,-2.03728e-05,-0.000956206,-0.000976579,0.0100889,11,311,0,3,0
2007-11-07,308,44,13,18,Banks,0.463809,0.414955,45.8205,2.86808,1.0842e-19,-0.0301644,-0.0301167,2.95121e-05,1.82041e-05,4.77162e-05,-0.0299917,11,311,0,3,0
2007-11-08,308,44,13,18,Banks,0.515331,0.410757,45.601,2.85108,-6.50521e-19,-0.000919577,-0.0012153,3.53445e-05,-0.000331066,-0.000295721,-0.00131529,11,311,0,3,0
2007-11-09,308,44,13,18,Banks,0.383656,0.28643,45.2419,2.89559,3.25261e-19,-0.0127134,-0.012676,4.5813e-06,3.28292e-05,3.74105e-05,-0.0126944,11,311,0,3,0
2007-11-12,308,44,13,18,Banks,0.625855,0.587507,45.5443,2.92121,-1.0842e-19,-0.00629439,-0.00627346,0.000103141,-8.22148e-05,2.09263e-05,-0.00636843,11,311,0,3,0
2007-11-13,308,44,13,18,Banks,0.604223,0.527032,45.619,2.97683,0,0.0313011,0.0317169,-5.22604e-05,0.000468048,0.000415788,0.0317376,11,311,0,3,0
2007-11-14,308,44,13,18,Banks,0.357725,0.35958,45.8348,2.95953,2.1684e-19,-0.00583062,-0.0055448,4.10645e-05,0.000244752,0.000285817,-0.00552529,11,311,0,3,0
2007-11-15,308,44,13,18,Banks,0.594466,0.501414,45.9268,2.98288,-3.25261e-19,-0.0147219,-0.0147656,2.05858e-05,-6.42524e-05,-4.36666e-05,-0.014744,11,311,0,3,0
2007-11-16,308,44,13,18,Banks,0.368218,0.343316,45.818,2.98257,2.1684e-19,0.0039347,0.00364957,5.72932e-06,-0.000290859,-0.000285129,0.00369685,11,311,0,3,0
2007-11-19,308,44,13,18,Banks,0.459125,0.447902,45.8966,2.96613,3.11708e-19,-0.0187412,-0.0193316,8.00295e-06,-0.000598415,-0.000590412,-0.0191971,11,311,0,3,0
2007-11-20,308,44,13,18,Banks,0.426843,0.397545,45.6938,2.94008,0,0.00456655,0.00434923,1.4161e-05,-0.000231477,-0.000217316,0.00411574,11,312,0,4,0
2007-11-21,308,44,13,18,Banks,0.26256,0.283467,45.5261,2.95547,0,-0.0169368,-0.0166256,-1.03732e-05,0.00032154,0.000311166,-0.0165644,11,312,0,4,0
2007-11-23,308,44,13,18,Banks,0.562738,0.542343,45.485,2.95033,3.25261e-19,0.0169662,0.016765,-5.55884e-05,-0.000145656,-0.000201244,0.0167042,11,312,0,4,0
2007-11-26,308,44,13,18,Banks,0.568769,0.567016,45.3298,2.92869,1.0842e-19,-0.0238837,-0.0235241,3.00019e-05,0.000329593,0.000359595,-0.0234784,11,312,0,4,0
2007-11-27,308,44,13,18,Banks,0.3047,0.293543,45.252,2.92608,0,0.0142417,0.0135092,9.41208e-06,-0.000741946,-0.000732534,0.0134499,11,312,0,4,0
2007-11-28,308,44,13,18,Banks,0.616216,0.556093,45.03,2.93573,-4.33681e-19,0.0303636,0.0304983,-7.77161e-05,0.000212381,0.000134665,0.0306334,11,312,0,4,0
2007-11-29,308,44,13,18,Banks,0.368046,0.32082,45.166,2.9034,0,-0.000314141,-0.000202818,-5.29565e-06,0.000116619,0.000111323,-2.06111e-05,11,312,0,4,0
2007-11-30,308,44,13,18,Banks,0.493901,0.476712,45.1313,2.90574,3.25261e-19,0.00972574,0.00955524,-4.80115e-05,-0.000122492,-0.000170503,0.00949316,11,312,0,4,0
2007-12-03,308,44,13,18,Banks,0.317335,0.283145,45.4813,2.92394,-2.1684e-19,-0.00637729,-0.00642081,-6.27208e-06,-3.72454e-05,-4.35174e-05,-0.00643561,11,312,0,4,0
2007-12-04,308,44,13,18,Banks,0.357038,0.30261,45.5056,2.92368,0,-0.0068038,-0.00681976,1.52069e-05,-3.11697e-05,-1.59628e-05,-0.00695536,11,312,0,4,0
2007-12-05,308,44,13,18,Banks,0.317413,0.23957,45.6273,2.94154,0,0.0173204,0.017739,8.16003e-05,0.000337021,0.000418621,0.0178408,11,312,0,4,0
2007-12-06,308,44,13,18,Banks,0.417704,0.484034,45.7624,2.94906,-1.0842e-19,0.0143639,0.0141607,-4.44504e-05,-0.000158811,-0.000203261,0.0140898,11,312,0,4,0
2007-12-07,308,44,13,18,Banks,0.220989,0.209324,45.9237,2.97601,-2.71051e-20,-0.00242842,-0.00199491,-9.44218e-06,0.000442953,0.000433511,-0.00182308,11,312,0,4,0
2007-12-10,308,44,13,18,Banks,0.389615,0.361035,45.973,2.99131,-5.42101e-20,0.00879526,0.00837004,-7.21968e-06,-0.000418008,-0.000425228,0.00853877,11,312,0,4,0
2007-12-11,308,44,13,18,Banks,0.623783,0.592378,46.0331,2.98389,0,-0.0266114,-0.0262317,0.000106154,0.000273605,0.000379759,-0.0262148,11,312,0,4,0
2007-12-12,308,44,13,18,Banks,0.496717,0.37831,46.0469,2.97304,4.33681e-19,0.00343061,0.0027785,3.40725e-05,-0.000686177,-0.000652105,0.0028168,11,312,0,4,0
2007-12-13,308,44,13,18,Banks,0.265978,0.218842,45.7369,2.94354,-2.1684e-19,0.00109232,0.000850833,0.00010838,-0.000349867,-0.000241487,0.00102927,11,312,0,4,0
2007-12-14,309,44,13,18,Banks,0.295251,0.316681,45.4883,2.9231,-2.71051e-20,-0.0143826,-0.0141202,-1.08437e-06,0.000263478,0.000262394,-0.0139931,11,313,0,4,0
2007-12-17,309,44,13,18,Banks,0.365125,0.295478,45.4997,2.94181,-1.0842e-19,-0.0147413,-0.0143836,7.77874e-05,0.000279971,0.000357759,-0.0146355,11,313,0,4,0
2007-12-18,309,44,13,18,Banks,0.327852,0.231499,45.5815,2.96592,0,0.00514969,0.004905,1.16158e-06,-0.000245848,-0.000244686,0.0049274,11,313,0,4,0
2007-12-19,309,44,13,18,Banks,0.216565,0.208332,45.7295,2.97774,2.1684e-19,-0.00182752,-0.00174282,2.26938e-05,6.20071e-05,8.47009e-05,-0.00150459,11,313,0,4,0
2007-12-20,310,44,13,18,Banks,0.267063,0.223324,45.9214,3.00621,-1.0842e-19,0.00376576,0.00380608,1.1997e-05,2.83166e-05,4.03136e-05,0.00373229,11,313,0,3,0
2007-12-21,311,44,13,18,Banks,0.254906,0.2386,45.8817,3.02058,4.33681e-19,0.0167012,0.0164589,-2.43528e-06,-0.000239843,-0.000242278,0.016611,11,314,0,3,0
2007-12-24,311,44,13,18,Banks,0.293482,0.239856,45.5699,3.02104,-1.6263e-19,0.00910552,0.00924276,-3.71828e-05,0.000174417,0.000137235,0.00924511,11,314,0,3,0
2007-12-26,311,44,13,18,Banks,0.376054,0.298146,45.6958,3.0003,-1.0842e-19,0.000154724,-0.000172938,-4.3005e-05,-0.000284657,-0.000327662,-0.000109173,11,314,0,3,0
2007-12-27,311,44,13,18,Banks,0.333416,0.248198,45.6843,3.01816,-2.1684e-19,-0.0148193,-0.014917,2.28718e-05,-0.000120564,-9.76921e-05,-0.0149135,11,314,0,3,0
2007-12-28,311,44,13,18,Banks,0.355604,0.326266,45.6909,3.01828,1.0842e-19,0.00102718,0.00111445,3.28971e-05,5.43669e-05,8.7264e-05,0.00103483,11,314,0,3,0
2007-12-31,311,44,13,18,Banks,0.525105,0.429086,45.6679,3.01077,3.25261e-19,-0.00659221,-0.00654938,-8.87248e-06,5.16973e-05,4.28248e-05,-0.00643584,11,314,0,3,0
2008-01-02,311,44,13,18,Banks,0.423224,0.375171,45.658,3.03056,-4.33681e-19,-0.0147702,-0.0146979,-1.45362e-05,8.68832e-05,7.2347e-05,-0.0146946,11,314,0,3,0
2008-01-03,311,44,13,18,Banks,0.402078,0.417257,45.6594,3.02932,0,-7.6845e-05,-7.38192e-05,2.15728e-05,-1.85471e-05,3.02574e-06,-9.91413e-05,11,314,0,3,0
2008-01-04,311,44,13,18,Banks,0.576911,0.560983,45.7565,3.03539,3.25261e-19,-0.0241149,-0.0237366,0.000134573,0.000243719,0.000378292,-0.0239483,11,314,0,3,0
2008-01-07,311,44,13,18,Banks,0.514288,0.463984,45.6241,3.03481,-7.58942e-19,0.00423284,0.00393164,2.08103e-05,-0.000322006,-0.000301195,0.00383041,11,314,0,3,0
2008-01-08,311,44,13,18,Banks,0.454765,0.365522,45.8647,3.02705,-4.33681e-19,-0.0192418,-0.0192567,4.85944e-05,-6.34665e-05,-1.48721e-05,-0.0192618,11,314,0,3,0
2008-01-09,311,44,13,18,Banks,0.197959,0.142762,45.7226,3.01931,0,0.0134099,0.0132868,-1.1303e-05,-0.000111858,-0.000123161,0.0132972,11,314,0,3,0
2008-01-10,311,44,13,18,Banks,0.395261,0.342323,45.7244,3.00679,1.6263e-19,0.00799124,0.00804371,3.85503e-06,4.86189e-05,5.24739e-05,0.00792751,11,314,0,3,0
2008-01-11,311,44,13,18,Banks,0.342094,0.310571,45.6451,3.03347,-1.6263e-19,-0.0132168,-0.0129517,1.14067e-05,0.000253657,0.000265064,-0.0131536,11,314,0,3,0
2008-01-14,311,44,13,18,Banks,0.464796,0.432114,45.4861,3.08341,1.0842e-19,0.0113531,0.0113423,-7.60203e-05,6.52178e-05,-1.08025e-05,0.0113277,11,314,0,3,0
2008-01-15,311,44,13,18,Banks,0.439761,0.318209,45.391,3.08636,1.0842e-19,-0.0265791,-0.0269882,8.34474e-05,-0.000492514,-0.000409066,-0.0270594,11,314,0,3,0
2008-01-16,311,44,13,18,Banks,0.483051,0.42,45.1751,3.05175,0,-0.00520308,-0.00593199,4.06197e-05,-0.00076953,-0.000728911,-0.00605314,11,314,0,3,0
2008-01-17,311,44,13,18,Banks,0.333118,0.275898,45.1631,3.10721,6.50521e-19,-0.0292656,-0.0291804,6.60306e-05,1.91333e-05,8.51639e-05,-0.029187,11,314,0,3,0
2008-01-18,311,44,13,18,Banks,0.423733,0.375563,45.2936,3.11691,0,-0.00665401,-0.00652507,-4.29454e-05,0.000171888,0.000128942,-0.00645978,11,314,0,3,0
2008-01-22,311,44,13,18,Banks,0.5267,0.433312,45.2043,3.124,-4.33681e-19,-0.00850073,-0.00907183,-2.07283e-05,-0.000550369,-0.000571098,-0.00896137,11,314,0,3,0
2008-01-23,311,44,13,18,Banks,0.532427,0.496683,45.1786,3.10751,-4.33681e-19,0.0268314,0.026481,2.35058e-06,-0.000352831,-0.00035048,0.0263039,11,314,0,3,0
2008-01-24,311,44,13,18,Banks,0.349128,0.346331,45.5084,3.1871,-2.1684e-19,0.00878515,0.00916772,-5.90698e-05,0.000441636,0.000382567,0.00923319,11,314,0,3,0
2008-01-25,311,44,13,18,Banks,0.399723,0.333047,45.9183,3.21039,-2.71051e-19,-0.0163248,-0.0164189,-8.8125e-06,-8.52948e-05,-9.41073e-05,-0.0163478,11,314,0,3,0
2008-01-28,311,44,13,18,Banks,0.475587,0.406169,45.8893,3.18404,0,0.018755,0.0188097,2.20454e-06,5.25084e-05,5.4713e-05,0.0187558,11,314,0,3,0
2008-01-29,311,44,13,18,Banks,0.272588,0.25469,45.7895,3.18742,2.1684e-19,0.00718867,0.00693496,-3.37897e-05,-0.000219928,-0.000253718,0.00703941,11,314,0,3,0
2008-01-30,311,44,13,18,Banks,0.300846,0.29266,45.6632,3.20541,2.1684e-19,-0.00378661,-0.0036172,5.10727e-05,0.000118336,0.000169409,-0.00368973,11,314,0,3,0
2008-01-31,311,44,13,18,Banks,0.388757,0.423069,45.3169,3.19678,-4.33681e-19,0.0169698,0.0166631,-1.66853e-05,-0.000290022,-0.000306707,0.0168509,11,314,0,3,0
2008-02-01,311,44,13,18,Banks,0.231706,0.126647,45.3624,3.2193,-4.33681e-19,0.0136339,0.0141991,-7.42806e-05,0.000639505,0.000565224,0.0142883,11,314,0,3,0
2008-02-04,311,44,13,18,Banks,0.554761,0.554833,45.4035,3.19763,4.33681e-19,-0.0119111,-0.0113981,1.42568e-05,0.000498815,0.000513072,-0.0113094,11,314,0,3,0
2008-02-05,311,44,13,18,Banks,0.390794,0.311498,45.5465,3.19714,-1.0842e-19,-0.0337257,-0.034184,2.5239e-05,-0.000483593,-0.000458354,-0.0342691,11,314,0,3,0
2008-02-06,311,44,13,18,Banks,0.26972,0.206915,45.3687,3.21141,1.6263e-19,-0.00754976,-0.00752703,7.8379e-05,-5.56443e-05,2.27347e-05,-0.00754482,11,314,0,3,0
2008-02-07,311,44,13,18,Banks,0.326198,0.298233,45.2809,3.21025,-2.1684e-19,0.00768112,0.00734184,-5.99317e-05,-0.000279346,-0.000339278,0.00719345,11,314,0,3,0
2008-02-08,311,44,13,18,Banks,0.528687,0.429061,45.3148,3.23608,-3.25261e-19,-0.00720056,-0.00717755,-3.78177e-05,6.08215e-05,2.30038e-05,-0.0070381,11,314,0,3,0
2008-02-11,311,44,13,18,Banks,0.539965,0.491256,45.1654,3.22831,-2.1684e-19,0.00360105,0.00369799,-4.40971e-05,0.000141044,9.69469e-05,0.00383878,11,314,0,3,0
2008-02-12,311,44,13,18,Banks,0.320031,0.273612,45.0924,3.21317,4.33681e-19,0.00861833,0.00873058,5.66742e-05,5.55788e-05,0.000112253,0.00851848,11,314,0,3,0
2008-02-13,311,44,13,18,Banks,0.394833,0.38353,45.1902,3.25925,-4.33681e-19,0.0130492,0.0128514,-4.89657e-05,-0.000148828,-0.000197793,0.0132428,11,314,0,3,0
2008-02-14,311,44,13,18,Banks,0.2807,0.221637,45.1951,3.24961,2.1684e-19,-0.0146064,-0.0146576,1.62705e-05,-6.75062e-05,-5.12356e-05,-0.0146891,11,314,0,3,0
2008-02-15,311,44,13,18,Banks,0.23798,0.220982,45.0812,3.28465,-5.42101e-20,0.000705033,0.000515187,1.17543e-06,-0.000191021,-0.000189846,0.000532099,11,314,0,3,0
2008-02-19,311,44,13,18,Banks,0.521216,0.439395,45.0803,3.26938,-8.67362e-19,-0.00162965,-0.00164937,-1.69786e-05,-2.73626e-06,-1.97149e-05,-0.00171843,11,314,0,3,0
2008-02-20,311,44,13,18,Banks,0.351341,0.272212,45.0123,3.32311,-2.1684e-19,0.00859922,0.00830282,-3.88151e-05,-0.000257581,-0.000296396,0.00833426,11,314,0,3,0
2008-02-21,311,44,13,18,Banks,0.33693,0.262288,44.9265,3.3311,-2.1684e-19,-0.0118859,-0.0117539,6.43057e-05,6.77007e-05,0.000132006,-0.0117943,11,314,0,3,0
2008-02-22,311,44,13,18,Banks,0.282288,0.25222,44.8257,3.30584,5.42101e-20,0.00745038,0.00708508,-2.63277e-05,-0.000338975,-0.000365303,0.00706799,11,314,0,3,0
2008-02-25,311,44,13,18,Banks,0.303605,0.212437,44.8166,3.22821,-2.1684e-19,0.012329,0.0120909,-2.31634e-05,-0.000214935,-0.000238098,0.012059,11,314,0,3,0
2008-02-26,311,44,13,18,Banks,0.325447,0.335686,44.7527,3.2139,0,0.00738537,0.00727708,-2.81446e-06,-0.000105473,-0.000108288,0.00720864,11,314,0,3,0
2008-02-27,311,44,13,18,Banks,0.406788,0.307714,44.972,3.22204,2.1684e-19,0.00117343,0.00127033,2.52205e-05,7.16787e-05,9.68991e-05,0.00119364,11,314,0,3,0
2008-02-28,311,44,13,18,Banks,0.450501,0.400318,45.0197,3.22818,4.33681e-19,-0.0102168,-0.0101965,-1.77982e-05,3.80825e-05,2.02843e-05,-0.0102298,11,314,0,3,0
2008-02-29,311,44,13,18,Banks,0.46008,0.391657,44.9214,3.21742,-1.0842e-19,-0.0284912,-0.0284542,7.32179e-05,-3.62889e-05,3.69289e-05,-0.0283923,11,314,0,3,0
2008-03-03,311,44,13,18,Banks,0.345736,0.281738,45.0345,3.2409,-4.33681e-19,-0.000625248,-0.000730162,9.93973e-06,-0.000114853,-0.000104913,-0.000701123,11,314,0,3,0
2008-03-04,311,44,13,18,Banks,0.380343,0.306975,44.7429,3.23845,0,-0.00395916,-0.00425796,-2.32873e-05,-0.000275519,-0.000298806,-0.00420413,11,314,0,3,0
2008-03-05,311,44,13,18,Banks,0.390007,0.352511,44.9586,3.19957,4.33681e-19,0.00480474,0.00480426,-2.64695e-05,2.59904e-05,-4.79081e-07,0.00489325,11,314,0,3,0
2008-03-06,311,44,13,18,Banks,0.458344,0.432864,44.7321,3.17361,-1.0842e-19,-0.0217799,-0.022033,7.82693e-05,-0.000331361,-0.000253092,-0.021993,11,314,0,3,0
2008-03-07,311,44,13,18,Banks,0.476925,0.427374,44.569,3.1885,0,-0.00740172,-0.00766999,-6.39071e-06,-0.000261876,-0.000268266,-0.00773629,11,314,0,3,0
2008-03-10,311,44,13,18,Banks,0.41541,0.340755,44.5924,3.18662,0,-0.0160368,-0.0163089,9.72338e-05,-0.000369344,-0.00027211,-0.0164284,11,314,0,3,0
2008-03-11,311,44,13,18,Banks,0.556112,0.532086,44.7119,3.1676,-4.33681e-19,0.0397246,0.0396459,-0.000108087,2.93825e-05,-7.87044e-05,0.0397332,11,314,0,3,0
2008-03-12,311,44,13,18,Banks,0.312658,0.290831,44.6429,3.03028,-2.1684e-19,-0.00892653,-0.00869658,4.51285e-05,0.000184825,0.000229953,-0.00854378,11,314,0,3,0
2008-03-13,311,44,13,18,Banks,0.428094,0.432626,44.6957,3.08977,-4.33681e-19,0.00412694,0.0041658,-7.87609e-05,0.00011762,3.88592e-05,0.00421372,11,314,0,3,0
2008-03-14,311,44,13,18,Banks,0.493472,0.41416,44.6296,3.09581,-1.0842e-19,-0.022377,-0.0223644,2.54919e-05,-1.28868e-05,1.26051e-05,-0.0223401,11,314,0,3,0
2008-03-17,311,44,13,18,Banks,0.320413,0.268492,44.5727,3.09088,-4.33681e-19,-0.00690189,-0.00700865,0.000135054,-0.000241813,-0.000106758,-0.007124,11,314,0,3,0
2008-03-18,311,44,13,18,Banks,0.594707,0.521781,44.761,3.08768,1.0842e-19,0.0440082,0.0439959,-5.88415e-05,4.64805e-05,-1.23609e-05,0.0440355,11,314,0,3,0
2008-03-19,311,44,13,18,Banks,0.526036,0.460334,44.9937,3.11406,-4.33681e-19,-0.022557,-0.0224209,8.48648e-05,5.12295e-05,0.000136094,-0.0223616,11,314,0,3,0
2008-03-20,311,44,13,18,Banks,0.68677,0.558466,45.1135,3.13785,8.67362e-19,0.0289895,0.0291535,1.53302e-05,0.000148611,0.000163941,0.0290973,11,314,0,3,0
2008-03-24,311,44,13,18,Banks,0.460263,0.465668,45.1538,3.10656,1.0842e-19,0.0151765,0.0153814,-0.000106021,0.000310928,0.000204907,0.0153942,11,314,0,3,0
2008-03-25,311,44,13,18,Banks,0.285603,0.242206,45.0243,3.14821,-1.0842e-19,0.00149155,0.00140866,-3.98095e-05,-4.30771e-05,-8.28865e-05,0.00155377,11,314,0,3,0
2008-03-26,311,44,13,18,Banks,0.622509,0.518996,44.5912,3.13032,4.33681e-19,-0.0112605,-0.0114608,-5.40254e-05,-0.000146259,-0.000200284,-0.0114574,11,314,0,3,0
2008-03-27,311,44,13,18,Banks,0.398714,0.340591,44.442,3.10076,1.6263e-19,-0.0113073,-0.0111253,5.27739e-05,0.000129174,0.000181947,-0.0110466,11,314,0,3,0
2008-03-28,311,44,13,18,Banks,0.426753,0.378386,44.5405,3.12035,1.0842e-19,-0.00903877,-0.00921692,2.77751e-05,-0.000205924,-0.000178149,-0.00918248,11,314,0,3,0
2008-03-31,311,44,13,18,Banks,0.178034,0.201639,44.4068,3.13912,-1.0842e-19,0.00718709,0.00724822,2.42039e-05,3.69289e-05,6.11328e-05,0.00730498,11,314,0,3,0
2008-04-01,311,44,13,18,Banks,0.75255,0.653514,44.2396,3.14581,4.33681e-19,0.0401926,0.0404984,-7.93669e-05,0.000385112,0.000305745,0.0404032,11,314,0,3,0
2008-04-02,311,44,13,18,Banks,0.311777,0.238904,44.4435,3.16402,0,-0.00208877,-0.00190936,-1.85785e-05,0.00019799,0.000179411,-0.00187009,11,314,0,3,0
2008-04-03,311,44,13,18,Banks,0.289079,0.283037,44.2764,3.16137,-2.71051e-19,0.00150076,0.00152789,-4.42194e-05,7.13505e-05,2.71312e-05,0.00158919,11,314,0,3,0
2008-04-04,311,44,13,18,Banks,0.454998,0.405758,44.3616,3.21999,0,-0.00114207,-0.00106724,-4.152e-05,0.000116348,7.48281e-05,-0.00091643,11,314,0,3,0
2008-04-07,311,44,13,18,Banks,0.218941,0.194186,44.1329,3.19494,-1.6263e-19,0.00223845,0.00223402,-1.61932e-05,1.17694e-05,-4.42381e-06,0.00219143,11,314,0,3,0
2008-04-08,311,44,13,18,Banks,0.467352,0.436406,44.4408,3.24948,1.0842e-19,-0.0063088,-0.00629415,-4.90993e-05,6.37587e-05,1.46594e-05,-0.00620924,11,314,0,3,0
2008-04-09,311,44,13,18,Banks,0.484718,0.447404,44.2293,3.25554,-3.25261e-19,-0.00810072,-0.00790909,3.86896e-05,0.000152945,0.000191635,-0.00791967,11,314,0,3,0
2008-04-10,311,44,13,18,Banks,0.312582,0.294831,44.3046,3.32085,1.0842e-19,0.00397271,0.00417802,-2.52529e-05,0.000230558,0.000205305,0.00414943,11,314,0,3,0
2008-04-11,311,44,13,18,Banks,0.627913,0.409355,44.2596,3.27438,2.1684e-19,-0.021383,-0.0214279,5.2422e-05,-9.73231e-05,-4.49011e-05,-0.021348,11,314,0,3,0
2008-04-14,311,44,13,18,Banks,0.605507,0.526632,43.9584,3.27536,4.33681e-19,-0.00569237,-0.0056218,-3.08313e-05,0.000101402,7.0571e-05,-0.00557427,11,314,0,3,0
2008-04-15,311,44,13,18,Banks,0.176766,0.182748,43.752,3.22415,2.1684e-19,0.00611401,0.00614545,-1.05939e-05,4.20309e-05,3.1437e-05,0.00622698,11,314,0,3,0
2008-04-16,311,44,13,18,Banks,0.510155,0.447001,43.521,3.23343,-5.42101e-20,0.0234668,0.023314,2.00361e-05,-0.00017286,-0.000152824,0.0233412,11,314,0,3,0
2008-04-17,311,44,13,18,Banks,0.39838,0.336925,43.5185,3.31347,0,0.00157172,0.00161096,-1.31252e-05,5.23696e-05,3.92444e-05,0.00153293,11,314,0,3,0
2008-04-18,311,44,13,18,Banks,0.272014,0.215073,43.0756,3.27185,-2.1684e-19,0.0170417,0.017023,-1.48066e-06,-1.72389e-05,-1.87196e-05,0.0169007,11,314,0,3,0
2008-04-21,311,44,13,18,Banks,0.380589,0.337257,42.9956,3.27725,0,-0.00247727,-0.00227145,-8.06793e-05,0.000286503,0.000205823,-0.00214737,11,314,0,3,0
2008-04-22,311,44,13,18,Banks,0.278273,0.203879,43.156,3.22226,-1.0842e-19,-0.00831251,-0.00814473,8.59137e-05,8.18711e-05,0.000167785,-0.00800513,11,314,0,3,0
2008-04-23,311,44,13,18,Banks,0.305966,0.253639,43.3307,3.22211,2.1684e-19,0.00162302,0.00193175,-5.38006e-05,0.000362528,0.000308727,0.00184899,11,314,0,3,0
2008-04-24,311,44,13,18,Banks,0.546221,0.511821,43.2298,3.21221,-4.33681e-19,0.0100259,0.00989979,6.44775e-05,-0.000190567,-0.00012609,0.00992692,11,314,0,3,0
2008-04-25,311,44,13,18,Banks,0.414431,0.24778,42.617,3.22806,-2.1684e-19,0.00724624,0.00703109,-7.89537e-05,-0.000136198,-0.000215151,0.00698804,11,314,0,3,0
2008-04-28,311,44,13,18,Banks,0.179531,0.149861,42.5391,3.23582,-8.13152e-20,-0.00143665,-0.00138719,-1.57181e-05,6.51742e-05,4.94562e-05,-0.00133746,11,314,0,3,0
2008-04-29,311,44,13,18,Banks,0.320196,0.294635,42.5266,3.25111,2.1684e-19,-0.00414839,-0.00420057,6.32962e-05,-0.00011548,-5.21834e-05,-0.00387286,11,314,0,3,0
2008-04-30,311,44,13,18,Banks,0.319518,0.28218,42.6395,3.23234,-2.1684e-19,-0.00555375,-0.00571319,-2.23375e-05,-0.000137097,-0.000159434,-0.00557835,11,314,0,3,0
2008-05-01,311,44,13,18,Banks,0.618102,0.499784,42.463,3.19007,2.1684e-19,0.0195847,0.0191467,2.38904e-05,-0.000461913,-0.000438023,0.0189949,11,314,0,3,0
2008-05-02,311,44,13,18,Banks,0.274854,0.243168,42.5828,3.17666,-2.1684e-19,0.00309945,0.0031418,-2.46299e-05,6.69853e-05,4.23553e-05,0.00311233,11,314,0,3,0
2008-05-05,311,44,13,18,Banks,0.475058,0.382724,42.6553,3.1461,3.25261e-19,-0.00583328,-0.00604163,-7.63084e-05,-0.000132042,-0.00020835,-0.0060057,11,314,0,3,0
2008-05-06,311,44,13,18,Banks,0.30419,0.234878,42.4388,3.13711,-1.0842e-19,0.00587721,0.00574681,-4.69906e-05,-8.34106e-05,-0.000130401,0.00582468,11,314,0,3,0
2008-05-07,311,44,13,18,Banks,0.501983,0.388417,42.6123,3.10754,0,-0.0200652,-0.0199907,1.70956e-05,5.74191e-05,7.45147e-05,-0.0199457,11,314,0,3,0
2008-05-08,311,44,13,18,Banks,0.522597,0.448315,42.433,3.09449,-3.25261e-19,0.00189506,0.00201304,-3.52632e-05,0.000153236,0.000117973,0.00204683,11,314,0,3,0
2008-05-09,311,44,13,18,Banks,0.226782,0.202807,42.1624,3.1088,-1.0842e-19,-0.00787008,-0.00782108,-4.65045e-06,5.36492e-05,4.89988e-05,-0.00778406,11,314,0,3,0
2008-05-12,311,44,13,18,Banks,0.322079,0.262367,42.1832,3.12559,0,0.0107598,0.0107013,8.33675e-06,-6.68302e-05,-5.84935e-05,0.0106749,11,314,0,3,0
2008-05-13,311,44,13,18,Banks,0.45905,0.395163,42.153,3.1491,0,-0.00293715,-0.00288753,-2.31052e-05,7.27256e-05,4.96204e-05,-0.00268022,11,314,0,3,0
2008-05-14,311,44,13,18,Banks,0.345494,0.246173,42.0313,3.15811,-1.0842e-19,0.00443964,0.0045979,6.4529e-05,9.37293e-05,0.000158258,0.00455228,11,314,0,3,0
2008-05-15,311,44,13,18,Banks,0.45294,0.44599,42.096,3.1233,-1.0842e-19,0.00991298,0.00997126,-2.06521e-05,7.89309e-05,5.82788e-05,0.00988341,11,314,0,3,0
2008-05-16,311,44,13,18,Banks,0.571305,0.489162,41.9375,3.10081,-4.33681e-19,-0.000906281,-0.00108906,-5.57076e-05,-0.000127075,-0.000182782,-0.00108111,11,314,0,3,0
2008-05-19,311,44,13,18,Banks,0.310929,0.306093,41.9023,3.08215,-2.1684e-19,0.00089682,0.000895356,4.41321e-05,-4.55962e-05,-1.46411e-06,0.000757016,11,314,0,3,0
2008-05-20,311,44,13,18,Banks,0.590752,0.519975,42.1704,3.1169,5.42101e-19,-0.0110636,-0.0112551,-0.000112615,-7.88696e-05,-0.000191485,-0.0111887,11,314,0,3,0
2008-05-21,311,44,13,18,Banks,0.435188,0.411867,41.9425,3.10299,2.71051e-20,-0.016652,-0.0168589,1.8766e-06,-0.000208778,-0.000206902,-0.0169114,11,314,0,3,0
2008-05-22,311,44,13,18,Banks,0.407486,0.328929,41.8976,3.10119,-8.67362e-19,0.00446045,0.00445788,2.05943e-05,-2.31624e-05,-2.56802e-06,0.00433097,11,314,0,3,0
2008-05-23,311,44,13,18,Banks,0.329873,0.276239,41.844,3.13146,0,-0.0140355,-0.0140333,-1.67832e-05,1.90134e-05,2.23015e-06,-0.0139483,11,314,0,3,0
2008-05-27,311,44,13,18,Banks,0.383618,0.29818,41.7215,3.12186,0,0.00739557,0.00754359,1.55776e-05,0.000132437,0.000148014,0.00747114,11,314,0,3,0
2008-05-28,311,44,13,18,Banks,0.403001,0.393212,41.7347,3.06189,-4.33681e-19,0.00285598,0.00300634,-3.38833e-05,0.000184242,0.000150358,0.00314931,11,314,0,3,0
2008-05-29,311,44,13,18,Banks,0.632001,0.54093,41.6364,3.03016,-2.1684e-19,0.00653271,0.00667504,5.22842e-05,9.00477e-05,0.000142332,0.00666046,11,314,0,3,0
2008-05-30,311,44,13,18,Banks,0.325274,0.275625,41.7022,3.06907,2.1684e-19,-0.0001087,-0.00023137,-3.97936e-05,-8.28768e-05,-0.00012267,-6.21518e-05,11,314,0,3,0
2008-06-02,311,44,13,18,Banks,0.250975,0.220175,41.5562,3.09662,-6.50521e-19,-0.0116466,-0.0118347,-6.03987e-06,-0.000182013,-0.000188053,-0.01175,11,314,0,3,0
2008-06-03,311,44,13,18,Banks,0.336959,0.254744,41.3569,3.12157,0,-0.00541855,-0.0053831,3.33343e-05,2.11863e-06,3.54529e-05,-0.005425,11,314,0,3,0
2008-06-04,311,44,13,18,Banks,0.36292,0.314367,41.5374,3.11589,1.0842e-19,-0.000245459,-0.000280862,-8.07748e-07,-3.45949e-05,-3.54027e-05,-0.000542175,11,314,0,3,0
2008-06-05,311,44,13,18,Banks,0.456584,0.333387,41.5017,3.10121,6.50521e-19,0.019397,0.0192323,-6.96016e-05,-9.51033e-05,-0.000164705,0.0193303,11,314,0,3,0
2008-06-06,311,44,13,18,Banks,0.639421,0.607747,41.4225,3.07724,1.89735e-19,-0.0332927,-0.0332138,-3.81706e-06,8.27459e-05,7.89288e-05,-0.0331871,11,314,0,3,0
2008-06-09,311,44,13,18,Banks,0.578844,0.523642,41.3911,3.0928,1.30104e-18,-0.000482601,-0.000408945,4.19252e-05,3.1731e-05,7.36562e-05,-0.000496545,11,314,0,3,0
2008-06-10,311,44,13,18,Banks,0.581848,0.483037,41.4498,3.08205,0,-3.38363e-05,0.000182464,7.72451e-05,0.000139055,0.0002163,0.000166204,11,314,0,3,0
2008-06-11,311,44,13,18,Banks,0.615141,0.53364,41.7034,3.08459,2.1684e-19,-0.0188997,-0.0190026,5.54316e-06,-0.00010848,-0.000102936,-0.0189184,11,314,0,3,0
2008-06-12,311,44,13,18,Banks,0.305024,0.231273,41.5615,3.09735,-2.1684e-19,0.00493339,0.00512944,0.000125875,7.01701e-05,0.000196046,0.00527926,11,314,0,3,0
2008-06-13,311,44,13,18,Banks,0.431123,0.363322,41.5396,3.07135,6.50521e-19,0.0156401,0.0156752,-2.69907e-05,6.21684e-05,3.51776e-05,0.0157745,11,315,0,4,0
2008-06-16,311,44,13,18,Banks,0.414059,0.363912,41.2721,3.08711,2.1684e-19,0.00100615,0.00108331,-6.40436e-05,0.000141198,7.71548e-05,0.00110889,11,315,0,4,0
2008-06-17,311,44,13,18,Banks,0.566525,0.515102,41.4372,3.07244,-4.33681e-19,-0.00884684,-0.00872456,-9.16514e-05,0.000213928,0.000122277,-0.00869415,11,315,0,4,0
2008-06-18,311,44,13,18,Banks,0.26216,0.270746,41.361,3.07274,-4.33681e-19,-0.0105501,-0.0105171,3.97016e-05,-6.65997e-06,3.30416e-05,-0.0105364,11,315,0,4,0
2008-06-19,311,44,13,18,Banks,0.46784,0.406552,41.2008,3.07837,-4.33681e-19,0.00397506,0.0038187,7.08229e-05,-0.000227185,-0.000156363,0.00380507,11,315,0,4,0
2008-06-20,311,44,13,18,Banks,0.268133,0.179086,41.0461,3.04767,-4.33681e-19,-0.0201684,-0.0203904,-1.9338e-05,-0.000202697,-0.000222035,-0.0202602,11,315,0,4,0
2008-06-23,311,44,13,18,Banks,0.64573,0.58382,40.9612,3.06209,1.30104e-18,-0.00292285,-0.00294934,9.02397e-06,-3.5518e-05,-2.64941e-05,-0.00273857,11,315,0,4,0
2008-06-24,310,44,13,18,Banks,0.393784,0.314607,41.1335,3.05477,2.1684e-19,-0.0013145,-0.00123242,3.30326e-05,4.90522e-05,8.20847e-05,-0.00126047,11,314,0,4,0
2008-06-25,310,44,13,18,Banks,0.40471,0.316099,41.6559,3.06553,6.50521e-19,0.0059425,0.00624631,-1.57986e-06,0.000305386,0.000303806,0.00633016,11,314,0,4,0
2008-06-26,310,44,13,18,Banks,0.53172,0.435096,41.6758,3.10564,-2.1684e-19,-0.0314002,-0.0314988,-3.42838e-05,-6.43229e-05,-9.86067e-05,-0.0316237,11,314,0,4,0
2008-06-27,311,44,13,18,Banks,0.33375,0.268954,41.7951,3.11435,0,-0.00563028,-0.00573195,-4.3955e-05,-5.77147e-05,-0.00010167,-0.00570799,11,314,0,3,0
2008-06-30,311,44,13,18,Oil,0.583919,0.42619,41.8063,3.12366,-2.1684e-19,4.86327e-05,-4.37043e-05,1.75368e-05,-0.000109874,-9.2337e-05,-3.04878e-05,11,314,0,3,0
2008-07-01,311,44,13,18,Oil,0.308601,0.301687,41.8279,3.12962,-2.1684e-19,0.00548502,0.00536601,-6.57172e-06,-0.000112446,-0.000119018,0.00530519,11,314,0,3,0
2008-07-02,311,44,13,18,Oil,0.517668,0.48354,42.1516,3.15948,0,-0.0179559,-0.0177911,6.44674e-05,0.000100327,0.000164794,-0.0179587,11,314,0,3,0
2008-07-03,311,44,13,18,Oil,0.269802,0.23442,42.229,3.16312,-2.1684e-19,0.00147125,0.00150844,0.000106594,-6.94053e-05,3.71883e-05,0.00149764,11,314,0,3,0
2008-07-07,311,44,13,18,Oil,0.47918,0.428234,42.0199,3.19739,8.67362e-19,-0.00962678,-0.00930991,1.0126e-05,0.000306745,0.000316871,-0.00920735,11,314,0,3,0
2008-07-08,311,44,13,18,Oil,0.661383,0.613615,41.9423,3.17592,4.33681e-19,0.0209703,0.0211042,-1.42746e-05,0.000148101,0.000133826,0.0210787,11,314,0,3,0
2008-07-09,311,44,13,18,Banks,0.638382,0.629464,42.0705,3.19537,1.0842e-19,-0.0246087,-0.0245086,1.81587e-05,8.19527e-05,0.000100111,-0.0244054,11,314,0,3,0
2008-07-10,311,44,13,18,Oil,0.517405,0.441105,42.115,3.2101,1.0842e-18,0.00575823,0.00585598,3.62544e-05,6.14998e-05,9.77542e-05,0.00601461,11,314,0,3,0
2008-07-11,311,44,13,18,Oil,0.266554,0.282555,42.2155,3.24436,-1.0842e-19,-0.011257,-0.0110388,-5.58783e-05,0.000274016,0.000218137,-0.0109978,11,314,0,3,0
2008-07-14,311,44,13,18,Oil,0.592618,0.535982,42.2513,3.31662,-4.33681e-19,-0.0117166,-0.0115736,-3.88299e-06,0.000146837,0.000142954,-0.011451,11,314,0,3,0
2008-07-15,311,44,13,18,Oil,0.489841,0.270102,42.3048,3.28754,0,-0.0124749,-0.0123448,2.40217e-05,0.000106168,0.000130189,-0.0123026,11,314,0,3,0
2008-07-16,311,44,13,18,Oil,0.794564,0.795665,42.4578,3.26757,-2.60209e-18,0.0341476,0.0336854,3.42977e-05,-0.000496508,-0.00046221,0.0336405,11,314,0,3,0
2008-07-17,311,44,13,18,Banks,0.517888,0.504711,42.3344,3.1314,4.33681e-19,0.0186521,0.0185852,1.34888e-05,-8.03993e-05,-6.69105e-05,0.0184771,11,314,0,3,0
2008-07-18,311,44,13,18,Banks,0.256908,0.141257,41.8182,3.16967,2.1684e-19,0.00312453,0.0035632,1.5193e-05,0.000423468,0.000438661,0.00356211,11,314,0,3,0
2008-07-21,311,44,13,18,Banks,0.454161,0.395306,41.8744,3.20314,-4.33681e-19,-0.000163499,-4.57279e-05,-4.03031e-05,0.000158074,0.000117771,-0.000101605,11,314,0,3,0
2008-07-22,311,44,13,18,Banks,0.540222,0.49835,41.9139,3.23158,8.67362e-19,0.019316,0.0193023,1.97761e-05,-3.35007e-05,-1.37246e-05,0.0192534,11,314,0,3,0
2008-07-23,311,44,13,18,Banks,0.428942,0.388703,42.132,3.29271,-1.30104e-18,0.00552593,0.00557226,-5.78579e-06,5.21115e-05,4.63257e-05,0.00554254,11,314,0,3,0
2008-07-24,311,44,13,18,Banks,0.505254,0.477353,42.2998,3.33036,0,-0.027086,-0.0276573,3.90509e-05,-0.000610322,-0.000571271,-0.0275251,11,314,0,3,0
2008-07-25,311,44,13,18,Banks,0.310699,0.28516,42.8553,3.35367,-3.79471e-19,0.00267505,0.00266981,-3.73871e-05,3.215e-05,-5.23711e-06,0.00263385,11,314,0,3,0
2008-07-28,311,44,13,18,Banks,0.520111,0.482316,42.8468,3.36415,5.42101e-20,-0.0221048,-0.0222009,-3.45239e-05,-6.16047e-05,-9.61286e-05,-0.0220763,11,314,0,3,0
2008-07-29,311,44,13,18,Banks,0.768713,0.748727,42.8255,3.41978,0,0.0283374,0.0281493,3.33725e-05,-0.000221472,-0.000188099,0.0280493,11,314,0,3,0
2008-07-30,311,44,13,18,Banks,0.598581,0.561311,42.9634,3.44609,4.33681e-19,0.0163701,0.0164555,-7.92174e-06,9.33242e-05,8.54024e-05,0.0164086,11,314,0,3,0
2008-07-31,311,44,13,18,Banks,0.290778,0.224612,43.0346,3.44939,1.0842e-19,-0.0125734,-0.0126149,-8.96479e-06,-3.25521e-05,-4.15169e-05,-0.012595,11,314,0,3,0
2008-08-01,311,44,13,18,Banks,0.213202,0.200844,43.1302,3.47631,3.25261e-19,-0.00445035,-0.00472292,1.48912e-05,-0.000287468,-0.000272577,-0.00475635,11,314,0,3,0
2008-08-04,311,44,13,18,Banks,0.609489,0.52886,43.3398,3.56427,-6.50521e-19,-0.00750927,-0.00762638,4.762e-05,-0.000164722,-0.000117102,-0.00773332,11,314,0,3,0
2008-08-05,311,44,13,18,Banks,0.485912,0.468278,43.2729,3.5832,-1.0842e-19,0.0304837,0.0304308,2.92349e-05,-8.21214e-05,-5.28865e-05,0.0302539,11,314,0,3,0
2008-08-06,311,44,13,18,Banks,0.306319,0.199564,43.291,3.70477,-2.1684e-19,0.00354494,0.00332427,-4.09642e-05,-0.000179708,-0.000220672,0.0033546,11,314,0,3,0
2008-08-07,311,44,13,18,Banks,0.417217,0.290454,43.3743,3.5997,-1.0842e-19,-0.0205092,-0.02052,-3.09453e-05,2.00722e-05,-1.08731e-05,-0.0204614,11,314,0,3,0
2008-08-08,311,44,13,18,Banks,0.577109,0.539998,43.3068,3.67661,3.25261e-19,0.02624,0.0262957,4.83801e-05,7.30577e-06,5.56859e-05,0.0261208,11,314,0,3,0
2008-08-11,311,44,13,18,Banks,0.476111,0.418907,43.5351,3.71344,0,0.00894146,0.0088788,-2.61678e-07,-6.23969e-05,-6.26586e-05,0.00877014,11,314,0,3,0
2008-08-12,311,44,13,18,Banks,0.699793,0.634994,43.4933,3.70856,6.50521e-19,-0.0157465,-0.0157577,-3.99625e-05,2.87919e-05,-1.11706e-05,-0.0156503,11,314,0,3,0
2008-08-13,311,44,13,18,Banks,0.695679,0.599373,43.6265,3.78988,2.1684e-19,-0.00683741,-0.00690388,-7.94513e-05,1.29878e-05,-6.64636e-05,-0.00677607,11,314,0,3,0
2008-08-14,311,44,13,18,Banks,0.617335,0.599911,43.684,3.88632,-5.42101e-20,0.00662709,0.00654394,2.27659e-05,-0.000105913,-8.31472e-05,0.00655412,11,314,0,3,0
2008-08-15,311,44,13,18,Banks,0.466809,0.364881,43.6582,3.60544,0,0.00535189,0.00548836,1.61084e-05,0.000120361,0.00013647,0.00552717,11,314,0,3,0
2008-08-18,311,44,13,18,Banks,0.554362,0.411248,43.6313,3.45561,0,-0.0166185,-0.016563,6.81495e-06,4.8608e-05,5.5423e-05,-0.0165414,11,314,0,3,0
2008-08-19,311,44,13,18,Banks,0.701586,0.631831,43.8179,3.43155,2.1684e-19,-0.0114579,-0.0113535,-3.80321e-05,0.000142397,0.000104365,-0.0112809,11,314,0,3,0
2008-08-20,311,44,13,18,Banks,0.544738,0.451848,43.9197,3.38611,5.42101e-19,0.00762088,0.00731844,-2.89924e-05,-0.000273449,-0.000302442,0.0073524,11,314,0,3,0
2008-08-21,311,44,13,18,Banks,0.421172,0.35533,43.9331,3.25183,-2.71051e-20,0.00162049,0.00164858,-1.8379e-05,4.64606e-05,2.80815e-05,0.00167449,11,314,0,3,0
2008-08-22,311,44,13,18,Banks,0.710282,0.647605,43.9135,3.25498,-2.1684e-19,0.0141831,0.0143817,5.27655e-05,0.00014587,0.000198636,0.0143256,11,314,0,3,0
2008-08-25,311,44,13,18,Banks,0.431496,0.356953,43.9214,3.36661,1.0842e-19,-0.0209551,-0.0209615,-4.69391e-06,-1.64101e-06,-6.33492e-06,-0.0209959,11,314,0,3,0
2008-08-26,311,44,13,18,Banks,0.303893,0.301995,44.2073,3.38717,-1.6263e-19,0.00370849,0.00370933,-2.5645e-05,2.64773e-05,8.3225e-07,0.00370507,11,314,0,3,0
2008-08-27,311,44,13,18,Banks,0.413774,0.427378,43.9483,3.43743,-1.0842e-19,0.00823347,0.0082278,-1.7388e-06,-3.92635e-06,-5.66514e-06,0.00823182,11,314,0,3,0
2008-08-28,311,44,13,18,Banks,0.651079,0.499693,44.0436,3.31932,-2.71051e-19,0.0176235,0.0177667,8.56778e-05,5.75049e-05,0.000143183,0.0176877,11,314,0,3,0
2008-08-29,311,44,13,18,Banks,0.356106,0.331831,44.1287,3.29673,-2.71051e-19,-0.013215,-0.0132969,-1.11885e-05,-7.07049e-05,-8.18935e-05,-0.0132512,11,314,0,3,0
2008-09-02,311,44,13,18,Banks,0.663292,0.628476,43.999,3.29167,4.33681e-19,-0.000735914,-0.000901972,9.20006e-05,-0.000258058,-0.000166058,-0.00100014,11,314,0,3,0
2008-09-03,311,44,13,18,Banks,0.529951,0.472385,43.9071,3.29434,0,0.000347042,0.000395491,4.82459e-05,2.03771e-07,4.84496e-05,0.000191989,11,314,0,3,0
2008-09-04,311,44,13,18,Banks,0.421631,0.30156,44.0838,3.35113,4.33681e-19,-0.0317544,-0.0318943,-1.79337e-05,-0.000121935,-0.000139869,-0.0319557,11,314,0,3,0
2008-09-05,311,44,13,18,Banks,0.567333,0.488959,44.217,3.31111,0,0.00615133,0.00619577,4.29084e-06,4.01486e-05,4.44395e-05,0.00618768,11,314,0,3,0
2008-09-08,311,44,13,18,Banks,0.634684,0.58151,43.9784,3.32818,0,0.0271341,0.0269656,0.000121674,-0.000290142,-0.000168468,0.0267209,11,314,0,3,0
2008-09-09,311,44,13,18,Banks,0.632796,0.591467,44.1685,3.42148,-4.33681e-19,-0.0352398,-0.0351582,3.80759e-05,4.3428e-05,8.15039e-05,-0.0352483,11,314,0,3,0
2008-09-10,311,44,13,18,Banks,0.455702,0.372648,44.4474,3.45286,-4.33681e-19,0.00549651,0.0055559,-4.49249e-05,0.000104313,5.93884e-05,0.00558594,11,314,0,3,0
2008-09-11,311,44,13,18,Banks,0.356352,0.298783,44.2097,3.47294,2.1684e-19,0.0150268,0.0146806,-1.90672e-05,-0.000327188,-0.000346255,0.0145518,11,314,0,3,0
2008-09-12,311,44,13,18,Banks,0.391178,0.358011,43.8543,3.54601,-8.67362e-19,-8.67304e-05,-6.42159e-05,-9.94093e-05,0.000121924,2.25145e-05,-2.82946e-05,11,314,0,3,0
2008-09-15,313,44,13,18,Banks,0.550289,0.419808,43.7968,3.61282,-1.73472e-18,-0.0528333,-0.0531613,-5.31062e-05,-0.000274917,-0.000328024,-0.053061,11,316,0,3,0
2008-09-16,313,44,13,18,Banks,0.378212,0.310683,43.3374,3.52053,-8.67362e-19,0.0197693,0.0199046,2.85179e-05,0.000106805,0.000135323,0.0198861,11,316,0,3,0
2008-09-17,313,44,13,18,Banks,0.479026,0.441706,43.3918,3.49001,7.58942e-19,-0.0504481,-0.0503247,-3.48316e-05,0.00015827,0.000123439,-0.0502095,11,316,0,3,0
2008-09-18,313,44,13,18,Banks,0.472425,0.435432,43.6081,3.61914,-2.1684e-19,0.0487649,0.0491457,6.03032e-05,0.00032044,0.000380743,0.0490358,11,316,0,3,0
2008-09-19,313,44,13,18,Banks,0.534414,0.38497,43.9993,3.63913,2.1684e-19,0.0493221,0.0494857,2.23344e-05,0.000141283,0.000163618,0.0495973,11,316,0,3,0
2008-09-22,313,44,13,18,Banks,0.46667,0.419965,44.5682,3.47025,-2.1684e-19,-0.0405065,-0.0398098,-2.16142e-05,0.000718267,0.000696653,-0.0398531,11,316,0,3,0
2008-09-23,313,44,13,18,Banks,0.31029,0.272805,44.5055,3.48706,-2.1684e-19,-0.015619,-0.0152788,5.96805e-05,0.000280495,0.000340176,-0.0153637,11,316,0,3,0
2008-09-24,313,44,13,18,Banks,0.295463,0.250084,44.3889,3.50561,6.50521e-19,-0.00382986,-0.00404035,-2.09853e-05,-0.000189499,-0.000210485,-0.00384958,11,316,0,3,0
2008-09-25,313,44,13,18,Banks,0.262669,0.229995,44.3477,3.54024,0,0.0217367,0.0215548,1.59871e-05,-0.000197832,-0.000181845,0.0214022,11,316,0,3,0
2008-09-26,313,44,13,18,Banks,0.503506,0.387988,44.4532,3.51654,-2.60209e-18,0.00953853,0.00966903,8.94613e-05,4.10392e-05,0.000130501,0.00943228,11,316,0,3,0
2008-09-29,313,44,13,18,Banks,0.657536,0.65844,44.2121,3.45939,0,-0.0903392,-0.0887769,0.000148609,0.00141377,0.00156238,-0.0888084,11,316,0,3,0
2008-09-30,313,44,13,18,Banks,0.528481,0.459362,44.2483,3.44036,2.1684e-19,0.0624722,0.0618118,-1.08491e-05,-0.000649598,-0.000660447,0.0618164,11,316,0,3,0
2008-10-01,313,44,13,18,Banks,0.41687,0.262207,44.8085,3.41936,-1.73472e-18,0.000722362,0.00157446,3.38309e-05,0.000818267,0.000852098,0.00149359,11,317,0,4,0
2008-10-02,313,44,13,18,Banks,0.414329,0.351623,45.3334,3.4058,-4.33681e-19,-0.0370102,-0.037205,9.11407e-05,-0.000285937,-0.000194796,-0.0373752,11,317,0,4,0
2008-10-03,313,44,13,18,Banks,0.275415,0.0854532,45.8866,3.30771,0,-0.0206207,-0.0227894,-8.14825e-05,-0.00208726,-0.00216874,-0.0228836,11,317,0,4,0
2008-10-06,313,44,13,18,Banks,0.220245,0.198276,46.6542,3.28039,-1.0842e-19,-0.037177,-0.0369409,5.04112e-05,0.000185709,0.000236121,-0.0369148,11,317,0,4,0
2008-10-07,313,44,13,18,Banks,0.484137,0.321688,47.7918,3.1234,1.21973e-19,-0.0640955,-0.064527,-4.40229e-05,-0.000387517,-0.00043154,-0.0647921,11,317,0,4,0
2008-10-08,313,44,13,18,Banks,0.340139,0.321682,47.7465,3.01676,-3.79471e-19,-0.0127991,-0.0126246,-3.11037e-05,0.000205562,0.000174458,-0.0125921,11,317,0,4,0
2008-10-09,313,44,13,18,Banks,0.43247,0.440254,46.4339,3.11923,-8.67362e-19,-0.0773409,-0.077428,-5.81611e-06,-8.13044e-05,-8.71205e-05,-0.0772403,11,317,0,4,0
2008-10-10,313,44,13,18,Banks,0.509277,0.487003,47.3475,3.09275,1.73472e-18,-0.00369256,-0.0033789,8.78507e-06,0.00030488,0.000313665,-0.0034749,11,317,0,4,0
2008-10-13,313,44,13,18,Banks,0.352515,0.32603,44.6412,2.96128,0,0.11176,0.111438,4.83833e-05,-0.000370968,-0.000322585,0.111599,11,317,0,4,0
2008-10-14,313,44,13,18,Banks,0.570478,0.548522,45.621,2.83429,8.67362e-19,0.00543361,0.00589508,-1.62805e-05,0.000477747,0.000461467,0.00592159,11,317,0,4,0
2008-10-15,313,44,13,18,Banks,0.503352,0.439033,47.1569,3.05495,-1.73472e-18,-0.0892213,-0.0896977,5.19351e-05,-0.000528379,-0.000476444,-0.0897491,11,317,0,4,0
2008-10-16,313,44,13,18,Banks,0.29788,0.214701,48.4695,2.88782,-4.33681e-19,0.0400474,0.0402973,-2.05788e-05,0.000270511,0.000249933,0.0403642,11,317,0,4,0
2008-10-17,313,44,13,18,Banks,0.268277,0.212762,49.1712,3.02671,8.67362e-19,-0.0113675,-0.0117994,-3.02262e-05,-0.000401626,-0.000431852,-0.011868,11,317,0,4,0
2008-10-20,313,44,13,18,Banks,0.47007,0.429528,49.5065,2.66433,0,0.0456609,0.0452362,8.51361e-06,-0.000433152,-0.000424638,0.0452756,11,317,0,4,0
2008-10-21,313,44,13,18,Banks,0.353599,0.307292,48.9004,2.50739,0,-0.0302791,-0.030926,-1.88937e-05,-0.000627999,-0.000646892,-0.0311707,11,317,0,4,0
2008-10-22,313,44,13,18,Banks,0.386637,0.343273,50.0729,2.63001,0,-0.0577308,-0.0578682,2.61546e-05,-0.000163527,-0.000137372,-0.0578762,11,317,0,4,0
2008-10-23,313,44,13,18,Banks,0.464245,0.440923,51.4413,2.68889,0,0.0106429,0.0106436,0.000101805,-0.000101154,6.51046e-07,0.0104205,11,317,0,4,0
2008-10-24,313,44,13,18,Banks,0.228443,0.193097,53.7543,2.7333,2.1684e-19,-0.0350809,-0.0349338,-1.46813e-05,0.000161731,0.00014705,-0.034987,11,317,0,4,0
2008-10-27,313,44,13,18,Banks,0.375522,0.346411,53.7796,2.69369,0,-0.0312776,-0.0310178,-2.12028e-05,0.000280937,0.000259734,-0.0312069,11,317,0,4,0
2008-10-28,313,44,13,18,Banks,0.387587,0.382102,53.1419,2.66589,-4.33681e-19,0.109569,0.109481,-2.46425e-07,-8.74908e-05,-8.77373e-05,0.109544,11,317,0,4,0
2008-10-29,313,44,13,18,Banks,0.412064,0.352148,51.3025,3.22934,-8.67362e-19,-0.0144556,-0.0144554,-7.71164e-05,7.73821e-05,2.65665e-07,-0.0145678,11,317,0,4,0
2008-10-30,313,44,13,18,Banks,0.223645,0.238995,50.8936,2.90527,-4.33681e-19,0.0255571,0.0248789,-2.72586e-05,-0.000650901,-0.00067816,0.0252029,11,317,0,4,0
2008-10-31,313,44,13,18,Banks,0.333471,0.297424,50.6893,2.77682,0,0.0175062,0.0174493,-2.87131e-05,-2.81492e-05,-5.68623e-05,0.0174048,11,317,0,4,0
2008-11-03,314,44,13,18,Banks,0.356041,0.367614,50.7437,2.90091,4.33681e-19,-0.00119678,-0.000809181,1.2947e-05,0.000374655,0.000387602,-0.000578469,11,317,0,3,0
2008-11-04,314,44,13,18,Banks,0.393651,0.368713,49.8929,2.96212,0,0.0402494,0.0399538,-4.16064e-05,-0.000254006,-0.000295612,0.0400497,11,317,0,3,0
2008-11-05,314,44,13,18,Banks,0.536719,0.439997,50.9429,3.08687,4.33681e-19,-0.0568367,-0.0572434,1.46268e-05,-0.000421377,-0.00040675,-0.0574199,11,317,0,3,0
2008-11-06,314,44,13,18,Banks,0.424336,0.36348,51.6764,3.32444,2.1684e-19,-0.0515406,-0.0515775,2.27549e-05,-5.96874e-05,-3.69326e-05,-0.051666,11,317,0,3,0
2008-11-07,314,44,13,18,Banks,0.25058,0.203438,52.2511,3.44682,8.67362e-19,0.0292147,0.0297058,-1.26789e-05,0.000503776,0.000491097,0.0297426,11,317,0,3,0
2008-11-10,314,44,13,18,Banks,0.514652,0.45699,49.4037,3.92706,0,-0.0141716,-0.0145644,2.49879e-05,-0.000417696,-0.000392708,-0.014759,11,317,0,3,0
2008-11-11,314,44,13,18,Banks,0.329983,0.315608,51.2105,3.42804,1.0842e-19,-0.0206618,-0.0204117,1.9894e-05,0.000230213,0.000250107,-0.0205823,11,317,0,3,0
2008-11-12,314,44,13,18,Banks,0.487853,0.444361,54.7014,3.48075,3.25261e-19,-0.0527345,-0.0527479,2.62682e-05,-3.96262e-05,-1.3358e-05,-0.0529355,11,317,0,3,0
2008-11-13,314,44,13,18,Banks,0.331971,0.314768,57.31,3.06285,4.33681e-19,0.0668777,0.066181,-4.38768e-05,-0.00065279,-0.000696667,0.0663289,11,317,0,3,0
2008-11-14,314,44,13,18,Banks,0.35499,0.336204,53.6244,3.22409,4.33681e-19,-0.0417947,-0.0414501,3.42403e-05,0.000310323,0.000344563,-0.04148,11,317,0,3,0
2008-11-17,314,44,13,18,Banks,0.479303,0.425487,54.6939,3.28846,0,-0.027737,-0.027647,4.1827e-05,4.81676e-05,8.99946e-05,-0.0276017,11,317,0,3,0
2008-11-18,314,44,13,18,Banks,0.316497,0.207742,54.9275,3.29524,-4.33681e-19,0.00873804,0.00845983,4.20002e-06,-0.000282408,-0.000278208,0.00840201,11,317,0,3,0
2008-11-19,314,44,13,18,Banks,0.569278,0.475088,55.488,3.33063,8.67362e-19,-0.0656834,-0.0661082,2.62874e-05,-0.00045113,-0.000424843,-0.0661016,11,317,0,3,0
2008-11-20,314,44,13,18,Oil,0.461503,0.312395,55.7333,3.30215,8.67362e-19,-0.0690812,-0.0685448,1.34311e-05,0.000523047,0.000536478,-0.068633,11,317,0,3,0
2008-11-21,314,44,13,18,Oil,0.390147,0.293395,56.8958,3.46719,0,0.0602749,0.0602959,-7.6721e-05,9.771e-05,2.09891e-05,0.0603653,11,317,0,3,0
2008-11-24,314,44,13,18,Oil,0.672775,0.57593,58.1948,3.67184,0,0.0720254,0.0718203,-1.09391e-05,-0.000194149,-0.000205088,0.0719415,11,317,0,3,0
2008-11-25,314,44,13,18,Oil,0.336986,0.278172,53.6169,3.60308,8.67362e-19,0.00761759,0.00740635,-4.08779e-05,-0.000170366,-0.000211244,0.00748343,11,317,0,3,0
2008-11-26,314,44,13,18,Oil,0.528175,0.512608,55.5354,3.69958,6.50521e-19,0.0360241,0.0359062,-5.20764e-05,-6.57597e-05,-0.000117836,0.0359899,11,317,0,3,0
2008-11-28,314,44,13,18,Oil,0.450632,0.303675,54.5603,3.53648,-4.33681e-19,0.0126053,0.0127425,4.61158e-05,9.10821e-05,0.000137198,0.0127025,11,317,0,3,0
2008-12-01,314,44,13,18,Oil,0.77607,0.720632,56.002,3.57209,4.33681e-19,-0.0926756,-0.0924143,8.63241e-05,0.000175002,0.000261326,-0.0924229,11,317,0,3,0
2008-12-02,314,44,13,18,Oil,0.440617,0.379453,59.8528,3.56234,4.33681e-19,0.0415864,0.0420646,-1.12681e-05,0.000489488,0.00047822,0.0420639,11,317,0,3,0
2008-12-03,314,44,13,18,Oil,0.407525,0.359159,59.21,3.38807,0,0.0291114,0.0293265,-3.30655e-05,0.000248161,0.000215096,0.0295763,11,317,0,3,0
2008-12-04,314,44,13,18,Oil,0.474523,0.465456,57.981,3.34472,1.30104e-18,-0.0282236,-0.0279431,4.60608e-05,0.00023436,0.000280421,-0.0280748,11,317,0,3,0
2008-12-05,314,44,13,18,Banks,0.378853,0.361243,58.226,3.3046,5.42101e-19,0.0378013,0.0379036,-5.72309e-05,0.000159521,0.00010229,0.0379665,11,317,0,3,0
2008-12-08,314,44,13,18,Banks,0.501244,0.393158,57.3487,3.49269,1.0842e-18,0.040997,0.0409511,-8.49968e-06,-3.73874e-05,-4.58871e-05,0.0409446,11,317,0,3,0
2008-12-09,314,44,13,18,Banks,0.478347,0.453224,55.8143,3.60503,-4.33681e-19,-0.0255458,-0.025713,-3.56613e-05,-0.000131556,-0.000167218,-0.0258868,11,317,0,3,0
2008-12-10,314,44,13,18,Banks,0.450021,0.334985,57.3924,3.46829,1.73472e-18,0.00975809,0.00928762,-6.89731e-05,-0.000401494,-0.000470467,0.00929477,11,317,0,3,0
2008-12-11,314,44,13,18,Banks,0.615362,0.528369,57.9732,3.60225,8.67362e-19,-0.0318324,-0.0319216,7.05073e-05,-0.000159723,-8.92152e-05,-0.0319189,11,317,0,3,0
2008-12-12,314,44,13,18,Oil,0.313273,0.342099,60.2985,3.75441,4.33681e-19,0.0068294,0.0074469,-2.10115e-05,0.00063851,0.000617499,0.00743194,11,317,0,3,0
2008-12-15,314,44,13,18,Oil,0.408951,0.292884,57.8692,4.0023,-8.67362e-19,-0.0132541,-0.0136144,3.997e-05,-0.000400296,-0.000360326,-0.0137005,11,317,0,3,0
2008-12-16,314,44,13,18,Oil,0.578969,0.537827,59.3683,3.82404,0,0.054077,0.054387,-6.54617e-05,0.000375417,0.000309955,0.054525,11,317,0,3,0
2008-12-17,314,44,13,18,Oil,0.448487,0.47544,58.3467,3.91582,-3.25261e-19,-0.0113326,-0.0115547,-2.70807e-05,-0.000195058,-0.000222139,-0.0113278,11,317,0,3,0
2008-12-18,314,44,13,18,Oil,0.506198,0.396258,57.4236,4.0759,0,-0.02055,-0.020872,5.81215e-05,-0.000380114,-0.000321993,-0.0208766,11,317,0,3,0
2008-12-19,314,44,13,18,Oil,0.297637,0.308956,58.8174,4.19777,0,0.00182651,0.00126571,-6.59885e-06,-0.000554197,-0.000560796,0.00124934,11,317,0,3,0
2008-12-22,315,44,13,18,Oil,0.558714,0.535348,59.2116,4.59383,1.6263e-19,-0.0176379,-0.0172954,-8.23806e-07,0.000343374,0.000342551,-0.0173052,11,317,0,2,0
2008-12-23,315,44,13,18,Oil,0.300619,0.273654,59.0875,4.93109,-2.1684e-19,-0.0105313,-0.0103295,-1.92189e-06,0.000203785,0.000201863,-0.0103366,11,317,0,2,0
2008-12-24,315,44,13,18,Oil,0.373918,0.250355,58.7753,4.863,2.1684e-19,0.00708627,0.00712366,-1.18152e-06,3.8576e-05,3.73945e-05,0.00711881,11,317,0,2,0
2008-12-26,315,44,13,18,Oil,0.370953,0.272146,58.7114,4.31724,-2.1684e-19,0.00479613,0.00478396,-1.17174e-06,-1.09997e-05,-1.21714e-05,0.00478388,11,317,0,2,0
2008-12-29,315,44,13,18,Oil,0.360475,0.281789,58.2028,4.06832,2.1684e-19,-0.00514626,-0.00534886,3.87151e-06,-0.000206473,-0.000202601,-0.00535018,11,317,0,2,0
2008-12-30,315,44,13,18,Oil,0.42338,0.347912,58.7176,3.98813,0,0.0246549,0.0243905,-1.05071e-05,-0.000253852,-0.00026436,0.0244227,11,317,0,2,0
2008-12-31,315,44,13,18,Oil,0.3739,0.363846,59.2256,3.94645,4.33681e-19,0.0141656,0.0145071,-1.59944e-05,0.000357521,0.000341526,0.0145087,11,317,0,2,0
2009-01-02,316,44,13,19,Oil,0.587141,0.571325,58.1471,4.51578,4.33681e-19,0.031114,0.0309224,-2.8414e-06,-0.000188781,-0.000191623,0.0309718,11,318,0,2,0
2009-01-05,316,44,13,19,Oil,0.410125,0.32921,58.1739,4.30976,-2.1684e-19,-0.00690675,-0.00706844,-3.13105e-06,-0.000158564,-0.000161695,-0.00708509,11,318,0,2,0
2009-01-06,316,44,13,19,Oil,0.473059,0.439334,58.5066,4.13308,0,0.00814448,0.00818273,-1.3844e-05,5.2093e-05,3.82491e-05,0.0082088,11,318,0,2,0
2009-01-07,316,44,13,19,Oil,0.487152,0.413012,56.5779,4.16532,0,-0.0309181,-0.0309439,1.50667e-06,-2.73411e-05,-2.58345e-05,-0.0309008,11,318,0,2,0
2009-01-08,316,44,13,19,Oil,0.322529,0.231077,56.2529,3.83961,4.33681e-19,0.00181634,0.00179231,-3.17845e-06,-2.0855e-05,-2.40335e-05,0.0017712,11,318,0,2,0
2009-01-09,316,44,13,19,Oil,0.357516,0.301785,55.5449,3.75682,-1.0842e-19,-0.0217901,-0.021494,7.06522e-06,0.000288971,0.000296036,-0.0214733,11,318,0,2,0
2009-01-12,316,44,13,19,Oil,0.616225,0.55132,56.5855,3.85393,2.1684e-19,-0.0253264,-0.0252393,-7.9861e-06,9.51458e-05,8.71597e-05,-0.0252053,11,318,0,2,0
2009-01-13,316,44,13,19,Oil,0.384992,0.364299,57.8231,3.72185,4.33681e-19,0.00229976,0.00230077,-8.58069e-06,9.59254e-06,1.01185e-06,0.00222597,11,318,0,2,0
2009-01-14,316,44,13,19,Oil,0.580565,0.508036,57.3361,4.09803,1.0842e-19,-0.0371813,-0.0372011,6.70927e-06,-2.65371e-05,-1.98278e-05,-0.0372209,11,318,0,2,0
2009-01-15,316,44,13,19,Oil,0.596517,0.488352,58.405,4.06463,-1.30104e-18,-0.00378702,-0.00337996,-2.16428e-05,0.000428703,0.00040706,-0.00331719,11,318,0,2,0
2009-01-16,316,44,13,19,Oil,0.477227,0.242423,59.019,4.17587,-8.67362e-19,0.0054194,0.00576761,-2.88622e-05,0.000377082,0.00034822,0.00577352,11,318,0,2,0
2009-01-20,316,44,13,19,Oil,0.648406,0.570423,58.1532,3.90671,8.67362e-19,-0.0577709,-0.057176,-1.26663e-05,0.000607575,0.000594908,-0.0571663,11,318,0,2,0
2009-01-21,316,44,13,19,Oil,0.653764,0.542557,60.5755,3.8426,-2.1684e-19,0.0482282,0.0471119,7.06611e-06,-0.00112339,-0.00111632,0.0470864,11,318,0,2,0
2009-01-22,316,44,13,19,Oil,0.317776,0.266449,59.5265,3.84016,0,-0.0177484,-0.0177861,1.0679e-05,-4.83272e-05,-3.76482e-05,-0.0177699,11,318,0,2,0
2009-01-23,316,44,13,19,Oil,0.513352,0.435966,59.5342,3.76541,8.67362e-19,0.00487144,0.00408509,6.78885e-07,-0.000787024,-0.000786346,0.00407595,11,318,0,2,0
2009-01-26,316,44,13,19,Oil,0.316844,0.295896,59.3572,3.94481,-7.58942e-19,0.0055085,0.0051954,1.31206e-06,-0.000314404,-0.000313092,0.00517224,11,318,0,2,0
2009-01-27,316,44,13,19,Oil,0.383136,0.272809,59.2523,3.93809,-4.33681e-19,0.0119229,0.0122599,3.19656e-06,0.000333858,0.000337055,0.0122659,11,318,0,2,0
2009-01-28,316,44,13,19,Oil,0.728635,0.699195,59.003,3.91251,-1.30104e-18,0.037573,0.0371986,-3.65085e-06,-0.000370839,-0.00037449,0.0370961,11,318,0,2,0
2009-01-29,316,44,13,19,Oil,0.569161,0.517413,57.2386,3.80634,0,-0.0348068,-0.035054,5.2034e-07,-0.000247688,-0.000247167,-0.0350356,11,318,0,2,0
2009-01-30,316,44,13,19,Oil,0.303663,0.294538,59.3246,3.92856,0,-0.022307,-0.02243,2.46207e-05,-0.000147593,-0.000122973,-0.0224563,11,318,0,2,0
2009-02-02,316,44,13,19,Oil,0.272823,0.255763,59.5448,3.84504,0,-0.000192768,-9.38498e-05,2.24431e-05,7.64754e-05,9.89185e-05,-0.00012836,11,318,0,2,0
2009-02-03,316,44,13,19,Oil,0.471865,0.406035,59.6367,3.74049,-4.33681e-19,0.0138953,0.0137262,-6.29983e-06,-0.000162776,-0.000169076,0.0137177,11,318,0,2,0
2009-02-04,316,44,13,19,Oil,0.316099,0.31124,60.053,3.85537,-2.1684e-19,-0.00690852,-0.00707005,1.10361e-05,-0.000172563,-0.000161527,-0.00704322,11,318,0,2,0
2009-02-05,316,44,13,19,Oil,0.218333,0.209707,58.072,3.89258,-2.1684e-19,0.0164042,0.0165852,3.07227e-07,0.000180723,0.00018103,0.0165815,11,318,0,2,0
2009-02-06,316,44,13,19,Oil,0.479872,0.438685,58.4346,3.79254,8.67362e-19,0.0302226,0.030165,-1.11882e-05,-4.64061e-05,-5.75943e-05,0.0301612,11,318,0,2,0
2009-02-09,316,44,13,19,Oil,0.472627,0.3773,57.5195,3.96813,0,0.00226102,0.00192597,1.71585e-06,-0.000336768,-0.000335053,0.00191633,11,318,0,2,0
2009-02-10,316,44,13,19,Oil,0.710366,0.681397,57.2431,3.91212,-2.1684e-19,-0.051666,-0.0517696,1.29967e-05,-0.000116674,-0.000103677,-0.0517688,11,318,0,2,0
2009-02-11,316,44,13,19,Oil,0.533664,0.403912,58.9235,3.95625,-2.1684e-19,0.010597,0.010469,4.72842e-06,-0.000132733,-0.000128005,0.0104665,11,318,0,2,0
2009-02-12,316,44,13,19,Oil,0.377551,0.324432,57.4904,4.19425,3.25261e-19,0.000555316,0.00078121,-1.2939e-06,0.000227188,0.000225894,0.000792361,11,318,0,2,0
2009-02-13,316,44,13,19,Oil,0.500237,0.446696,58.2241,4.1625,-4.33681e-19,-0.0116228,-0.0118902,4.16764e-06,-0.000271491,-0.000267324,-0.0118375,11,318,0,2,0
2009-02-17,316,44,13,19,Oil,0.684116,0.59901,59.3679,4.40378,4.33681e-19,-0.0463629,-0.0460675,-4.15607e-06,0.000299477,0.000295321,-0.0460975,11,318,0,2,0
2009-02-18,316,44,13,19,Oil,0.199131,0.144661,60.1703,4.54482,3.38813e-20,-0.00112924,-0.000647072,2.12861e-07,0.000481954,0.000482167,-0.000681889,11,318,0,2,0
2009-02-19,316,44,13,19,Oil,0.536667,0.524353,59.6568,4.57621,8.67362e-19,-0.0131381,-0.0134228,6.35418e-06,-0.000291039,-0.000284685,-0.0134637,11,318,0,2,0
2009-02-20,316,44,13,19,Oil,0.346552,0.229102,61.2718,5.29578,2.1684e-19,-0.0135842,-0.0128675,-1.96489e-05,0.000736334,0.000716685,-0.0128947,11,318,0,2,0
2009-02-23,316,44,13,19,Oil,0.397514,0.305082,60.8623,4.70861,-4.33681e-19,-0.0337942,-0.033633,-3.58072e-06,0.00016478,0.000161199,-0.0336695,11,318,0,2,0
2009-02-24,316,44,13,19,Oil,0.71064,0.601468,61.102,4.90456,4.33681e-19,0.0429303,0.0430992,3.98548e-06,0.000164989,0.000168975,0.0431026,11,318,0,2,0
2009-02-25,316,44,13,19,Oil,0.254082,0.239069,59.9501,4.51765,-1.0842e-19,-0.0108823,-0.0108183,-3.02361e-06,6.70022e-05,6.39785e-05,-0.0108193,11,318,0,2,0
2009-02-26,316,44,13,19,Oil,0.27405,0.227863,60.9128,4.60339,0,-0.0144201,-0.0148108,1.11695e-05,-0.000401953,-0.000390784,-0.014825,11,318,0,2,0
2009-02-27,316,44,13,19,Oil,0.645848,0.572464,61.3961,4.61155,2.1684e-19,-0.0286248,-0.0289241,-1.48584e-06,-0.000297812,-0.000299298,-0.0289087,11,318,0,2,0
2009-03-02,316,44,13,19,Oil,0.526403,0.44874,61.5067,4.06993,-6.50521e-19,-0.0464078,-0.0464082,8.51146e-06,-8.97268e-06,-4.61221e-07,-0.0464183,11,318,0,2,0
2009-03-03,316,44,13,19,Oil,0.38022,0.378481,63.1914,4.44647,-3.25261e-19,-0.00660263,-0.00682482,4.71553e-07,-0.000222666,-0.000222195,-0.00674604,11,318,0,2,0
2009-03-04,317,44,13,19,Oil,0.539379,0.393702,62.3349,4.50733,-8.67362e-19,0.0228342,0.0226067,-1.34158e-05,-0.000214087,-0.000227502,0.0226274,11,319,0,2,0
2009-03-05,317,44,13,19,Oil,0.638996,0.582871,62.1076,4.41917,0,-0.0423944,-0.0425098,1.20669e-05,-0.00012752,-0.000115453,-0.0425485,11,319,0,2,0
2009-03-06,317,44,13,19,Oil,0.348561,0.258324,62.6236,4.57094,-2.1684e-19,-8.62915e-05,0.000250868,3.80665e-06,0.000333353,0.00033716,0.00023047,11,319,0,2,0
2009-03-09,317,44,13,19,Oil,0.426553,0.382414,62.6993,4.5924,-2.1684e-19,-0.0102119,-0.0100049,3.32434e-06,0.000203708,0.000207032,-0.0100443,11,319,0,2,0
2009-03-10,317,44,13,19,Oil,0.791921,0.753395,61.3233,4.53845,-4.33681e-19,0.0674841,0.0674836,1.61823e-05,-1.6673e-05,-4.90672e-07,0.0674774,11,319,0,2,0
2009-03-11,317,44,13,19,Oil,0.386613,0.317787,58.5082,4.49523,0,0.0042519,0.00380047,4.4881e-06,-0.000455915,-0.000451427,0.00384497,11,319,0,2,0
2009-03-12,317,44,13,19,Oil,0.632432,0.55696,60.3051,4.40635,1.0842e-19,0.0425593,0.042667,7.44903e-06,0.0001003,0.000107749,0.0426691,11,319,0,2,0
2009-03-13,317,44,13,19,Oil,0.365325,0.388346,59.4518,4.81286,-3.25261e-19,0.00758533,0.0074444,-1.68564e-06,-0.000139246,-0.000140932,0.00748173,11,319,0,2,0
2009-03-16,317,44,13,19,Oil,0.421527,0.327026,60.5369,4.54693,-1.0842e-19,-0.00215673,-0.00262239,-3.37227e-06,-0.000462286,-0.000465658,-0.00223638,11,319,0,2,0
2009-03-17,317,44,13,19,Oil,0.438228,0.444806,62.9697,4.73648,0,0.0328374,0.0326859,-2.46942e-06,-0.00014906,-0.000151529,0.0327221,11,320,0,3,0
2009-03-18,317,44,13,19,Oil,0.692309,0.621998,62.48,4.86831,2.1684e-19,0.024734,0.0250294,0.000164863,0.000130481,0.000295344,0.0246362,11,320,0,3,0
2009-03-19,317,44,13,19,Oil,0.671912,0.602789,61.5081,5.16321,8.67362e-19,-0.0161388,-0.0168114,-0.000110075,-0.000562571,-0.000672645,-0.0168778,11,320,0,3,0
2009-03-20,317,44,13,19,Oil,0.469886,0.425109,63.4774,5.15246,-3.25261e-19,-0.0207653,-0.0211634,-0.000162051,-0.000235978,-0.00039803,-0.0205339,11,320,0,3,0
2009-03-23,317,44,13,19,Oil,0.82719,0.779051,65.3516,5.31327,-8.67362e-19,0.0746651,0.0748522,0.000267767,-8.06905e-05,0.000187076,0.0739724,11,320,0,3,0
2009-03-24,317,44,13,19,Oil,0.477147,0.467948,62.4884,5.29547,-6.50521e-19,-0.0209061,-0.0207037,1.60618e-05,0.000186415,0.000202477,-0.0202538,11,320,0,3,0
2009-03-25,317,44,13,19,Oil,0.496291,0.581014,62.1813,5.23262,4.33681e-19,0.00925968,0.00916526,-3.62169e-06,-9.08048e-05,-9.44265e-05,0.00898388,11,320,0,3,0
2009-03-26,317,44,13,19,Oil,0.453768,0.397575,54.9457,4.69544,-2.1684e-19,0.0226761,0.0230855,6.07474e-05,0.000348618,0.000409365,0.0227945,11,320,0,3,0
2009-03-27,317,44,13,19,Oil,0.344019,0.300286,55.116,4.80062,0,-0.0203935,-0.0204296,-3.73564e-05,1.24039e-06,-3.6116e-05,-0.0203995,11,320,0,3,0
2009-03-30,317,44,13,19,Oil,0.740556,0.661873,57.4894,4.82134,2.1684e-19,-0.0360611,-0.0365341,-0.000302504,-0.000170512,-0.000473016,-0.0364412,11,320,0,3,0
2009-03-31,317,44,13,19,Oil,0.708277,0.673072,58.8486,5.24499,0,0.0164885,0.016419,-1.21185e-05,-5.74166e-05,-6.9535e-05,0.0158644,11,320,0,3,0
2009-04-01,317,44,13,19,Oil,0.423102,0.39871,58.069,5.50145,3.25261e-19,0.0176684,0.0177673,6.14074e-05,3.75093e-05,9.89167e-05,0.0177531,11,320,0,3,0
2009-04-02,317,44,13,19,Oil,0.59781,0.548991,58.4508,5.59607,-2.1684e-19,0.0280561,0.028065,5.44359e-05,-4.5532e-05,8.90384e-06,0.0278106,11,320,0,3,0
2009-04-03,317,44,13,19,Oil,0.497093,0.45834,56.4212,5.59994,-1.35525e-19,0.0101497,0.0103725,0.000162383,6.04072e-05,0.00022279,0.0102687,11,320,0,3,0
2009-04-06,317,44,13,19,Oil,0.384393,0.297485,55.5524,5.93453,2.1684e-19,-0.00849874,-0.00831661,-0.000113642,0.000295777,0.000182136,-0.00789956,11,320,0,3,0
2009-04-07,317,44,13,19,Oil,0.373305,0.381222,56.3404,6.08918,-2.71051e-20,-0.0228146,-0.0230535,-5.52862e-05,-0.00018359,-0.000238877,-0.0229256,11,320,0,3,0
2009-04-08,317,44,13,19,Oil,0.340027,0.347774,57.3616,5.98714,3.79471e-19,0.00925113,0.00963208,0.000147988,0.000232955,0.000380943,0.00993419,11,320,0,3,0
2009-04-09,317,44,13,19,Oil,0.799353,0.774481,56.7804,5.63379,1.73472e-18,0.0409474,0.0414865,0.000348748,0.000190343,0.000539091,0.0408886,11,320,0,3,0
2009-04-13,317,44,13,19,Oil,0.539681,0.42598,54.4585,5.62048,8.67362e-19,0.00682988,0.00640336,-1.81476e-05,-0.000408381,-0.000426528,0.00608288,11,320,0,3,0
2009-04-14,317,44,13,19,Oil,0.591817,0.582751,52.7647,5.2236,6.50521e-19,-0.0210566,-0.0212914,-0.000210878,-2.39245e-05,-0.000234802,-0.0212134,11,320,0,3,0
2009-04-15,317,44,13,19,Oil,0.536789,0.558024,54.3384,5.19328,-8.67362e-19,0.0126799,0.0127728,-3.97683e-06,9.68702e-05,9.28934e-05,0.0130191,11,320,0,3,0
2009-04-16,317,44,13,19,Oil,0.327091,0.270946,53.6609,5.43617,-2.1684e-19,0.0145469,0.0146324,-7.49278e-05,0.000160357,8.54294e-05,0.0146052,11,320,0,3,0
2009-04-17,317,44,13,19,Oil,0.244719,0.25592,53.3744,5.21927,7.31836e-19,0.00374288,0.00369988,6.8088e-05,-0.000111096,-4.30076e-05,0.00360505,11,320,0,3,0
2009-04-20,317,44,13,19,Oil,0.854468,0.83222,52.5018,4.71926,-4.33681e-19,-0.0461681,-0.0464615,-0.000248801,-4.45758e-05,-0.000293377,-0.0460975,11,320,0,3,0
2009-04-21,317,44,13,19,Oil,0.504016,0.460685,54.3789,5.14441,0,0.0237775,0.0238758,0.000123002,-2.46858e-05,9.83159e-05,0.0236219,11,320,0,3,0
2009-04-22,317,44,13,19,Oil,0.532174,0.54472,53.1579,5.31157,5.42101e-19,-0.00864647,-0.00845739,9.56487e-05,9.34231e-05,0.000189072,-0.00851759,11,320,0,3,0
2009-04-23,317,44,13,19,Oil,0.325674,0.287479,52.4746,4.81373,-9.75782e-19,0.0111689,0.0111731,5.56753e-05,-5.15415e-05,4.13374e-06,0.0112604,11,320,0,3,0
2009-04-24,317,44,13,19,Oil,0.380539,0.375439,51.9282,4.96433,1.0842e-19,0.015881,0.016123,0.0002551,-1.31026e-05,0.000241998,0.016122,11,320,0,3,0
2009-04-27,317,44,13,19,Oil,0.567528,0.5567,50.6779,4.73929,-3.79471e-19,-0.00930935,-0.00965297,-0.000128734,-0.000214887,-0.000343621,-0.00963414,11,320,0,3,0
2009-04-28,317,44,13,19,Oil,0.342895,0.268242,51.8713,4.89197,2.1684e-19,-0.00409572,-0.00420814,-0.00011321,7.98527e-07,-0.000112411,-0.00425595,11,320,0,3,0
2009-04-29,317,44,13,19,Oil,0.484741,0.459768,52.3229,5.02665,1.0842e-19,0.0220429,0.0223831,0.000198142,0.000142077,0.000340219,0.0221984,11,320,0,3,0
2009-04-30,317,44,13,19,Oil,0.401087,0.390723,52.1016,5.35548,4.33681e-19,-0.000411817,-0.000253555,0.000169378,-1.11157e-05,0.000158263,-0.000468378,11,320,0,3,0
2009-05-01,317,44,13,19,Oil,0.384949,0.366448,50.3209,5.18652,-4.33681e-19,0.00374763,0.00325416,-2.26396e-05,-0.000470825,-0.000493464,0.00353,11,320,0,3,0
2009-05-04,317,44,13,19,Oil,0.708481,0.683678,49.7542,5.06716,0,0.0344077,0.0345789,0.000200748,-2.96094e-05,0.000171139,0.0345106,11,320,0,3,0
2009-05-05,317,44,13,19,Oil,0.242094,0.240609,48.1239,5.03585,2.1684e-19,-0.00288218,-0.00304567,-6.44662e-05,-9.90228e-05,-0.000163489,-0.00324746,11,320,0,3,0
2009-05-06,317,44,13,19,Oil,0.688141,0.646865,47.7944,4.8831,4.33681e-19,0.0201641,0.0200651,0.000264002,-0.000363021,-9.90184e-05,0.0203728,11,320,0,3,0
2009-05-07,317,44,13,19,Oil,0.402675,0.360023,47.1254,4.95638,4.33681e-19,-0.0135696,-0.0135504,-5.21605e-05,7.12803e-05,1.91198e-05,-0.0129433,11,320,0,3,0
2009-05-08,317,44,13,19,Oil,0.560117,0.56481,48.7084,5.1252,2.1684e-19,0.0253505,0.025463,1.06953e-05,0.00010174,0.000112435,0.0252293,11,320,0,3,0
2009-05-11,317,44,13,19,Oil,0.687434,0.583789,47.3762,5.0861,2.1684e-19,-0.0219349,-0.0220478,-0.000208715,9.58379e-05,-0.000112877,-0.0219356,11,320,0,3,0
2009-05-12,317,44,13,19,Oil,0.55765,0.456664,48.1625,4.60064,-4.33681e-19,-0.00160149,-0.00171551,-0.000100973,-1.30383e-05,-0.000114012,-0.00131667,11,320,0,3,0
2009-05-13,317,44,13,19,Oil,0.660277,0.640258,48.8862,4.3998,-2.1684e-19,-0.0268722,-0.0272455,-0.000248896,-0.000124457,-0.000373353,-0.0270184,11,320,0,3,0
2009-05-14,317,44,13,19,Oil,0.62781,0.621036,50.5307,4.7246,5.42101e-20,0.0108901,0.0110279,0.000161983,-2.41694e-05,0.000137813,0.0111203,11,320,0,3,0
2009-05-15,317,44,13,19,Oil,0.391911,0.385984,49.8201,4.55112,-2.1684e-19,-0.0125134,-0.0123217,-5.89731e-05,0.000250617,0.000191644,-0.0119562,11,320,0,3,0
2009-05-18,317,44,13,19,Oil,0.713955,0.695437,50.0848,4.47376,0,0.0316644,0.0321381,0.000303931,0.000169765,0.000473697,0.0315949,11,320,0,3,0
2009-05-19,317,44,13,19,Oil,0.401021,0.413814,48.6659,4.34457,2.98156e-19,-0.00200186,-0.00202518,7.59113e-06,-3.0914e-05,-2.33229e-05,-0.00211275,11,320,0,3,0
2009-05-20,317,44,13,19,Oil,0.349278,0.306252,49.4887,4.82194,2.1684e-19,-0.00575675,-0.0061343,-7.55395e-05,-0.000302008,-0.000377548,-0.00578141,11,320,0,3,0
2009-05-21,317,44,13,19,Oil,0.323826,0.248165,49.7784,4.4476,5.42101e-19,-0.0157384,-0.0157442,-3.68684e-05,3.11323e-05,-5.73615e-06,-0.0156789,11,321,0,4,0
2009-05-22,317,44,13,19,Oil,0.272625,0.203238,49.9843,4.55989,-1.6263e-19,-0.00174712,-0.00176055,-2.83379e-05,1.49065e-05,-1.34314e-05,-0.00176033,11,321,0,4,0
2009-05-26,317,44,13,19,Oil,0.416854,0.327479,50.1911,4.44604,2.1684e-19,0.026563,0.0266417,5.43724e-05,2.42856e-05,7.8658e-05,0.0261677,11,321,0,4,0
2009-05-27,317,44,13,19,Oil,0.420055,0.36,49.3936,4.30906,-2.1684e-19,-0.0192967,-0.019671,-7.05048e-05,-0.000303807,-0.000374312,-0.0195662,11,321,0,4,0
2009-05-28,317,44,13,19,Oil,0.411536,0.397443,50.3978,4.45432,0,0.0154433,0.0153618,5.86865e-05,-0.000140273,-8.15864e-05,0.0154181,11,321,0,4,0
2009-05-29,317,44,13,19,Oil,0.366586,0.315228,50.5767,4.4664,-1.6263e-19,0.0135276,0.0135168,4.80983e-05,-5.89074e-05,-1.08092e-05,0.0133612,11,321,0,4,0
2009-06-01,317,44,13,19,Oil,0.573549,0.501707,49.4568,4.32136,-1.0842e-18,0.0238523,0.0240874,0.000132599,0.000102502,0.000235101,0.0241626,11,321,0,4,0
2009-06-02,317,44,13,19,Oil,0.331157,0.257576,48.1833,4.28346,8.67362e-19,0.00123412,0.00120056,-8.16127e-06,-2.54025e-05,-3.35638e-05,0.00143749,11,321,0,4,0
2009-06-03,317,44,13,19,Oil,0.550255,0.535183,48.4832,4.35021,-2.1684e-19,-0.0126735,-0.0124211,-0.000123362,0.000375684,0.000252323,-0.0123479,11,321,0,4,0
2009-06-04,317,44,13,19,Oil,0.591236,0.519944,48.9525,4.13421,0,0.012377,0.0124947,0.000123829,-6.12332e-06,0.000117706,0.0124998,11,321,0,4,0
2009-06-05,317,44,13,19,Oil,0.378376,0.27586,48.21,4.10002,-5.42101e-20,-0.0024136,-0.00233735,-3.38762e-05,0.000110124,7.62474e-05,-0.00242326,11,321,0,4,0
2009-06-08,318,44,13,19,Oil,0.239914,0.17245,48.4477,3.85336,0,-0.000516868,-0.000540189,2.32438e-05,-4.65642e-05,-2.33204e-05,-0.000431337,11,322,0,4,0
2009-06-09,318,44,13,19,Oil,0.393476,0.321618,48.6215,3.82436,-1.0842e-19,0.00325217,0.00321624,5.36451e-05,-8.95725e-05,-3.59274e-05,0.00301793,11,322,0,4,0
2009-06-10,318,44,13,19,Oil,0.427393,0.430725,47.9248,3.47637,1.0842e-19,-0.00400016,-0.00394231,-2.40736e-05,8.19158e-05,5.78422e-05,-0.00398573,11,322,0,4,0
2009-06-11,318,44,13,19,Oil,0.359183,0.354588,46.5689,3.61593,-3.25261e-19,0.00590159,0.00587213,8.01036e-05,-0.000109567,-2.94637e-05,0.00590578,11,322,0,4,0
2009-06-12,318,44,13,19,Oil,0.329794,0.352787,47.1635,3.70627,-6.50521e-19,0.0021905,0.00238751,-3.21805e-05,0.000229193,0.000197013,0.00224722,11,322,0,4,0
2009-06-15,318,44,13,19,Oil,0.407529,0.394033,46.8654,3.94586,-2.1684e-19,-0.0233156,-0.0234023,-0.000121597,3.49216e-05,-8.66753e-05,-0.0233133,11,322,0,4,0
2009-06-16,318,44,13,19,Oil,0.395202,0.326523,47.2877,3.7639,1.6263e-19,-0.0125636,-0.012633,-0.000103559,3.41997e-05,-6.93594e-05,-0.0126007,11,322,0,4,0
2009-06-17,318,44,13,19,Oil,0.680551,0.636832,47.4943,3.84821,-2.71051e-19,-0.00140982,-0.00158796,-6.36862e-05,-0.000114454,-0.00017814,-0.00168259,11,322,0,4,0
2009-06-18,318,44,13,19,Oil,0.530071,0.495547,47.5274,3.67739,0,0.00916789,0.00899633,-7.50754e-05,-9.64895e-05,-0.000171565,0.00908272,11,322,0,4,0
2009-06-19,318,44,13,19,Oil,0.454481,0.40355,47.3319,3.6569,-1.0842e-19,0.00359361,0.00381482,8.73599e-05,0.00013385,0.00022121,0.00365677,11,322,0,4,0
2009-06-22,318,44,13,19,Oil,0.784817,0.73484,47.1637,3.70668,-4.33681e-19,-0.0303212,-0.0304969,-0.000232414,5.6726e-05,-0.000175688,-0.0301822,11,322,0,4,0
2009-06-23,318,44,13,19,Oil,0.5285,0.483829,48.4715,3.74535,-2.1684e-19,0.00258507,0.00257267,6.20636e-05,-7.44638e-05,-1.24002e-05,0.00247853,11,322,0,4,0
2009-06-24,318,44,13,19,Oil,0.389955,0.34639,46.8938,3.74775,-1.0842e-19,0.00681506,0.0068214,4.04232e-05,-3.40812e-05,6.34196e-06,0.00673873,11,322,0,4,0
2009-06-25,318,44,13,19,Oil,0.295089,0.258018,46.9862,3.73167,-4.60786e-19,0.0207971,0.0208994,5.06729e-05,5.16047e-05,0.000102278,0.0210456,11,322,0,4,0
2009-06-26,318,44,13,19,Oil,0.320633,0.257949,46.5325,3.84222,-2.1684e-19,-0.00168873,-0.00173855,4.43944e-05,-9.42227e-05,-4.98284e-05,-0.00180944,11,321,0,3,0
2009-06-29,318,44,13,19,Oil,0.259532,0.261115,46.1376,3.74089,-5.42101e-20,0.00888455,0.00907991,3.74353e-05,0.000157924,0.000195359,0.00919324,11,321,0,3,0
2009-06-30,318,44,13,19,Oil,0.22547,0.193762,46.0419,3.65431,0,-0.00864744,-0.00854644,2.49775e-05,7.60288e-05,0.000101006,-0.00835863,11,321,0,3,0
2009-07-01,318,44,13,19,Oil,0.3294,0.26253,45.9234,3.6092,-2.71051e-19,0.00424647,0.00443059,3.36205e-05,0.000150498,0.000184119,0.00453018,11,321,0,3,0
2009-07-02,318,44,13,19,Oil,0.51134,0.455692,46.5502,3.56015,2.1684e-19,-0.0279491,-0.0281997,-0.000135527,-0.000115073,-0.000250601,-0.0281657,11,321,0,3,0
2009-07-06,318,44,13,19,Oil,0.435566,0.420676,47.0262,3.66581,2.1684e-19,0.00154068,0.00168051,1.78574e-05,0.000121974,0.000139832,0.0020043,11,321,0,3,0
2009-07-07,318,44,13,19,Oil,0.380017,0.336049,46.8114,3.53083,3.79471e-19,-0.0196598,-0.0196814,-0.00010522,8.35898e-05,-2.16298e-05,-0.0195635,11,321,0,3,0
2009-07-08,318,44,13,19,Oil,0.379938,0.365163,47.4176,3.56211,-4.33681e-19,-0.00118945,-0.00130675,1.90689e-05,-0.000136361,-0.000117292,-0.00136679,11,321,0,3,0
2009-07-09,318,44,13,19,Oil,0.293654,0.227977,46.8125,3.54747,3.25261e-19,0.00330197,0.00329957,0.000105084,-0.000107484,-2.40051e-06,0.00294349,11,321,0,3,0
2009-07-10,318,44,13,19,Oil,0.236185,0.143684,46.9536,3.53641,-1.0842e-19,-0.00452894,-0.00472411,-3.04721e-05,-0.000164699,-0.000195171,-0.00466068,11,321,0,3,0
2009-07-13,318,44,13,19,Oil,0.679232,0.57416,47.2127,3.54807,-2.1684e-19,0.0264678,0.0265918,0.000182475,-5.84564e-05,0.000124018,0.026423,11,321,0,3,0
2009-07-14,318,44,13,19,Oil,0.314279,0.294674,46.8905,3.495,-2.71051e-20,0.00538979,0.00537041,4.06333e-05,-6.00179e-05,-1.93846e-05,0.0052337,11,321,0,3,0
2009-07-15,318,44,13,19,Oil,0.557388,0.508422,46.9352,3.53782,6.50521e-19,0.0301563,0.030321,0.000165403,-7.41654e-07,0.000164661,0.0303288,11,321,0,3,0
2009-07-16,318,44,13,19,Oil,0.322203,0.249313,46.5318,3.61143,-3.25261e-19,0.00816545,0.0080714,7.97351e-05,-0.000173783,-9.40479e-05,0.00779175,11,321,0,3,0
2009-07-17,318,44,13,19,Oil,0.472294,0.39122,46.7485,3.68254,-2.1684e-19,8.2134e-05,-0.000118837,1.5903e-06,-0.000202562,-0.000200971,6.83936e-05,11,321,0,3,0
2009-07-20,318,44,13,19,Oil,0.426147,0.401772,46.9278,3.77188,-2.1684e-19,0.0100039,0.0102184,0.000161624,5.29027e-05,0.000214526,0.0100982,11,321,0,3,0
2009-07-21,318,44,13,19,Oil,0.40891,0.388534,46.6903,3.65164,4.33681e-19,0.00313968,0.00329841,8.64266e-05,7.23048e-05,0.000158731,0.00324464,11,321,0,3,0
2009-07-22,318,44,13,19,Oil,0.25836,0.242866,46.6766,3.58743,-2.1684e-19,8.7694e-05,0.000191729,-2.60111e-05,0.000130046,0.000104035,0.000172975,11,321,0,3,0
2009-07-23,318,44,13,19,Oil,0.378524,0.325351,47.1409,3.75287,-8.67362e-19,0.0215964,0.022104,0.0002849,0.000222689,0.000507588,0.0224125,11,321,0,3,0
2009-07-24,318,44,13,19,Oil,0.307267,0.208195,47.2618,3.68713,2.1684e-19,0.00182859,0.00186877,5.01732e-05,-9.99448e-06,4.01787e-05,0.00217237,11,321,0,3,0
2009-07-27,318,44,13,19,Oil,0.300473,0.349314,46.7547,3.62132,5.42101e-20,0.00248183,0.00267038,4.529e-05,0.000143257,0.000188547,0.00247629,11,321,0,3,0
2009-07-28,318,44,13,19,Oil,0.341978,0.294525,46.1396,3.61241,-2.1684e-19,-0.00112612,-0.00143142,-0.00028672,-1.85889e-05,-0.000305309,-0.00148002,11,321,0,3,0
2009-07-29,318,44,13,19,Oil,0.372732,0.314155,46.2301,3.611,0,-0.00281627,-0.00277508,-0.000143344,0.000184531,4.11873e-05,-0.0026608,11,321,0,3,0
2009-07-30,318,44,13,19,Oil,0.398433,0.391128,46.7117,3.5691,-5.42101e-20,0.01184,0.0120602,0.00014629,7.38431e-05,0.000220133,0.011922,11,321,0,3,0
2009-07-31,318,44,13,19,Oil,0.262187,0.230589,46.1316,3.57575,-1.6263e-19,0.00124371,0.00117814,9.76642e-05,-0.000163235,-6.55707e-05,0.00110313,11,321,0,3,0
2009-08-03,318,44,13,19,Oil,0.426687,0.349057,45.5035,3.5883,1.0842e-19,0.0143663,0.0144482,0.000219754,-0.000137897,8.18574e-05,0.0143462,11,321,0,3,0
2009-08-04,318,44,13,19,Oil,0.308377,0.291966,45.4247,3.69887,1.6263e-19,0.00293854,0.00312513,6.36562e-06,0.000180224,0.00018659,0.00313253,11,321,0,3,0
2009-08-05,318,44,13,19,Oil,0.393006,0.251029,45.4373,3.6337,2.1684e-19,-0.000676504,-0.000837566,-3.83653e-05,-0.000122697,-0.000161062,-0.000894156,11,321,0,3,0
2009-08-06,318,44,13,19,Oil,0.247266,0.184515,44.9267,3.65075,0,-0.00500763,-0.00509116,5.79647e-06,-8.93255e-05,-8.3529e-05,-0.00494401,11,321,0,3,0
2009-08-07,318,44,13,19,Oil,0.461862,0.409361,45.7238,3.7157,-2.1684e-19,0.0128013,0.0130473,6.5227e-05,0.000180845,0.000246072,0.0129036,11,321,0,3,0
2009-08-10,318,44,13,19,Oil,0.312693,0.315729,44.9742,3.69668,-2.1684e-19,-0.00298419,-0.00315598,-0.00012385,-4.79354e-05,-0.000171786,-0.00309883,11,321,0,3,0
2009-08-11,318,44,13,19,Oil,0.559305,0.47307,45.5193,3.72825,-2.71051e-19,-0.0129226,-0.0130388,-7.57058e-05,-4.05162e-05,-0.000116222,-0.0129794,11,321,0,3,0
2009-08-12,318,44,13,19,Oil,0.428197,0.434518,45.6628,3.648,0,0.0126041,0.0128103,0.000102314,0.000103883,0.000206196,0.0125979,11,321,0,3,0
2009-08-13,318,44,13,19,Oil,0.375745,0.31671,45.473,3.64889,0,0.0069538,0.00694563,2.49921e-05,-3.31567e-05,-8.16466e-06,0.00685217,11,321,0,3,0
2009-08-14,318,44,13,19,Oil,0.39324,0.377794,45.1578,3.59989,2.1684e-19,-0.00780106,-0.0078898,-0.000112946,2.42129e-05,-8.87329e-05,-0.00775143,11,321,0,3,0
2009-08-17,318,44,13,19,Banks,0.654637,0.667158,45.3948,3.67938,-1.0842e-19,-0.0235707,-0.0238218,-0.000254917,3.75616e-06,-0.000251161,-0.0238421,11,321,0,3,0
2009-08-18,318,44,13,19,Oil,0.478251,0.477374,45.783,3.75485,1.6263e-19,0.0103674,0.0104775,0.000148715,-3.855e-05,0.000110165,0.0105746,11,321,0,3,0
2009-08-19,318,44,13,19,Banks,0.384203,0.273471,45.145,3.70046,2.1684e-19,0.00704109,0.00703024,1.44908e-07,-1.09929e-05,-1.0848e-05,0.00679146,11,321,0,3,0
2009-08-20,319,44,13,19,Oil,0.358509,0.318411,45.369,3.73991,-5.42101e-20,0.011524,0.0115801,3.74082e-05,1.87047e-05,5.61129e-05,0.0116104,11,322,0,3,0
2009-08-21,319,44,13,19,Banks,0.333247,0.275474,44.5632,3.76073,-4.33681e-19,0.0186384,0.0186528,8.66209e-05,-7.22197e-05,1.44012e-05,0.0185288,11,322,0,3,0
2009-08-24,319,44,13,19,Banks,0.411106,0.323289,44.2164,3.69112,0,-0.000294305,-0.000368769,-5.63926e-05,-1.80709e-05,-7.44635e-05,-0.000235017,11,322,0,3,0
2009-08-25,319,44,13,19,Oil,0.419317,0.39055,44.485,3.69549,0,0.00256413,0.0027551,5.03007e-05,0.000140678,0.000190978,0.00257473,11,322,0,3,0
2009-08-26,319,44,13,19,Banks,0.229576,0.198953,44.4089,3.64602,1.6263e-19,-0.000379853,-0.000386452,-2.12338e-05,1.4635e-05,-6.59888e-06,-0.000410224,11,322,0,3,0
2009-08-27,319,44,13,19,Oil,0.317437,0.293571,44.5463,3.60059,2.71051e-20,0.00354768,0.00346393,3.40874e-05,-0.000117836,-8.37484e-05,0.00332089,11,322,0,3,0
2009-08-28,319,44,13,19,Banks,0.3665,0.356559,44.3767,3.59829,2.1684e-19,-0.00151418,-0.00153041,3.45382e-05,-5.07643e-05,-1.6226e-05,-0.00173224,11,322,0,3,0
2009-08-31,319,44,13,19,Banks,0.436024,0.325802,44.1172,3.46852,-6.50521e-19,-0.00791785,-0.00796886,-4.94991e-05,-1.51653e-06,-5.10156e-05,-0.00778567,11,322,0,3,0
2009-09-01,319,44,13,19,Banks,0.758876,0.712813,44.2059,3.44487,1.6263e-19,-0.023109,-0.0232505,-0.000114758,-2.67492e-05,-0.000141508,-0.0231293,11,322,0,3,0
2009-09-02,319,44,13,19,Oil,0.315051,0.284994,45.0327,3.44865,2.1684e-19,-0.0027105,-0.00271829,-1.36434e-05,5.85306e-06,-7.79039e-06,-0.0025659,11,322,0,3,0
2009-09-03,319,44,13,19,Oil,0.472326,0.389177,44.8821,3.3538,0,0.00906002,0.00930205,9.35035e-05,0.000148531,0.000242034,0.00923268,11,322,0,3,0
2009-09-04,319,44,13,19,Banks,0.350909,0.311498,44.7675,3.33737,-2.1684e-19,0.0129685,0.0130052,4.7252e-05,-1.06069e-05,3.66451e-05,0.0129191,11,322,0,3,0
2009-09-08,319,44,13,19,Oil,0.473757,0.4248,44.4724,3.32598,-4.33681e-19,0.00860236,0.00885022,0.000123826,0.000124028,0.000247854,0.00907172,11,322,0,3,0
2009-09-09,319,44,13,19,Oil,0.397544,0.367642,45.0395,3.3069,-2.1684e-19,0.00756267,0.00748086,-7.52507e-07,-8.10527e-05,-8.18052e-05,0.00733153,11,322,0,3,0
2009-09-10,319,44,13,19,Oil,0.355784,0.322374,44.6788,3.25864,-4.33681e-19,0.0101087,0.00997496,4.30371e-05,-0.000176752,-0.000133715,0.00977396,11,322,0,3,0
2009-09-11,319,44,13,19,Oil,0.24183,0.223715,44.7863,3.27724,-1.0842e-19,-0.00176324,-0.00195909,9.0496e-06,-0.000204899,-0.000195849,-0.00179137,11,322,0,3,0
2009-09-14,319,44,13,19,Oil,0.384327,0.355035,44.431,3.27821,3.79471e-19,0.00578372,0.00597735,6.15165e-05,0.000132111,0.000193627,0.00596308,11,322,0,3,0
2009-09-15,319,44,13,19,Oil,0.292394,0.262624,44.4626,3.28734,2.1684e-19,0.00173248,0.00194552,7.33041e-05,0.000139742,0.000213046,0.00172609,11,322,0,3,0
2009-09-16,319,44,13,19,Oil,0.488018,0.440398,44.2319,3.30631,-4.33681e-19,0.0149172,0.0149523,8.13286e-05,-4.62636e-05,3.5065e-05,0.0149328,11,322,0,3,0
2009-09-17,319,44,13,19,Oil,0.3022,0.244493,43.6042,3.31044,1.0842e-19,-0.002539,-0.00256991,1.06466e-05,-4.15631e-05,-3.09165e-05,-0.00252878,11,322,0,3,0
2009-09-18,319,44,13,19,Oil,0.332703,0.261903,44.0339,3.31235,-2.1684e-19,0.00204369,0.00213314,-1.01704e-05,9.96131e-05,8.94427e-05,0.00225208,11,322,0,3,0
2009-09-21,319,44,13,19,Oil,0.305407,0.254912,44.0815,3.30467,-1.0842e-19,-0.00325985,-0.00327624,-7.92856e-05,6.28984e-05,-1.63872e-05,-0.0031789,11,322,0,3,0
2009-09-22,319,44,13,19,Oil,0.447325,0.342566,44.5529,3.32777,1.0842e-19,0.0069651,0.0071702,0.000130423,7.46767e-05,0.0002051,0.00720578,11,322,0,3,0
2009-09-23,319,44,13,19,Oil,0.414909,0.371289,44.1741,3.35367,0,-0.0104358,-0.0104819,-0.000109124,6.30038e-05,-4.61197e-05,-0.0102244,11,322,0,3,0
2009-09-24,319,44,13,19,Oil,0.584584,0.555761,44.2615,3.39241,0,-0.0086655,-0.00878118,-0.000117002,1.32295e-06,-0.000115679,-0.00880218,11,322,0,3,0
2009-09-25,319,44,13,19,Oil,0.301781,0.240132,44.8108,3.39859,1.0842e-19,-0.00617241,-0.00624922,5.12324e-06,-8.19316e-05,-7.68083e-05,-0.00633065,11,322,0,3,0
2009-09-28,319,44,13,19,Oil,0.456275,0.455178,45.0044,3.37527,0,0.017667,0.0177779,0.000125153,-1.43085e-05,0.000110844,0.0176605,11,322,0,3,0
2009-09-29,319,44,13,19,Oil,0.27235,0.263337,44.6246,3.33988,-1.0842e-19,-0.00307869,-0.0030826,2.31064e-07,-4.14023e-06,-3.90917e-06,-0.00287851,11,322,0,3,0
2009-09-30,319,44,13,19,Oil,0.222523,0.1747,44.9617,3.35186,-1.0842e-19,-0.00332784,-0.00344909,3.32349e-07,-0.000121589,-0.000121257,-0.00340957,11,322,0,3,0
2009-10-01,319,44,13,19,Oil,0.653824,0.648724,44.8931,3.30028,2.71051e-19,-0.0254777,-0.0257476,-0.000166121,-0.000103777,-0.000269899,-0.0255479,11,322,0,3,0
2009-10-02,319,44,13,19,Oil,0.278749,0.201549,45.2967,3.37306,2.1684e-19,-0.00401606,-0.00402372,1.90812e-05,-2.67423e-05,-7.66115e-06,-0.00395796,11,322,0,3,0
2009-10-05,319,44,13,19,Oil,0.526434,0.405447,45.4117,3.31955,-5.42101e-20,0.0143045,0.0145231,0.000140592,7.79311e-05,0.000218523,0.0145158,11,322,0,3,0
2009-10-06,319,44,13,19,Oil,0.310277,0.242589,45.0067,3.32286,-1.0842e-19,0.0132068,0.0132277,7.83088e-05,-5.74152e-05,2.08936e-05,0.0132814,11,322,0,3,0
2009-10-07,319,44,13,19,Oil,0.314224,0.281085,44.8809,3.33146,0,0.00339676,0.00328478,3.70725e-05,-0.00014905,-0.000111977,0.0031707,11,322,0,3,0
2009-10-08,319,44,13,19,Oil,0.521596,0.461616,44.9919,3.36506,6.50521e-19,0.00679198,0.00674677,0.000130297,-0.000175509,-4.52112e-05,0.00683377,11,322,0,3,0
2009-10-09,319,44,13,19,Oil,0.376812,0.308306,44.67,3.35649,-2.1684e-19,0.00604094,0.00602422,-8.12332e-05,6.45158e-05,-1.67173e-05,0.00592722,11,322,0,3,0
2009-10-12,319,44,13,19,Oil,0.307836,0.263553,44.5136,3.39992,-2.71051e-19,0.00457171,0.00462703,-1.8241e-05,7.35596e-05,5.53186e-05,0.00462532,11,322,0,3,0
2009-10-13,319,44,13,19,Oil,0.39074,0.336473,44.6752,3.42213,-4.33681e-19,-0.00240639,-0.00247595,-3.43649e-05,-3.52005e-05,-6.95654e-05,-0.00257713,11,322,0,3,0
2009-10-14,319,44,13,19,Oil,0.53217,0.490486,44.9536,3.41996,3.38813e-20,0.0177785,0.0179189,9.12399e-05,4.90813e-05,0.000140321,0.0178236,11,322,0,3,0
2009-10-15,319,44,13,19,Oil,0.388452,0.336725,44.6885,3.4426,0,0.00371145,0.00371584,2.7784e-05,-2.33964e-05,4.38761e-06,0.00368388,11,322,0,3,0
2009-10-16,319,44,13,19,Oil,0.54028,0.47974,44.9237,3.48039,0,-0.00888679,-0.00916737,-8.00734e-05,-0.000200511,-0.000280584,-0.00892552,11,322,0,3,0
2009-10-19,319,44,13,19,Oil,0.39044,0.37886,44.9873,3.47551,-4.33681e-19,0.00922418,0.00910669,2.91199e-05,-0.000146619,-0.000117499,0.0091163,11,322,0,3,0
2009-10-20,319,44,13,19,Oil,0.28117,0.234748,44.5593,3.47476,-4.33681e-19,-0.00545227,-0.00562205,-9.11891e-05,-7.85905e-05,-0.00016978,-0.00555118,11,322,0,3,0
2009-10-21,319,44,13,19,Oil,0.205182,0.146171,44.3336,3.49379,-2.1684e-19,-0.00894477,-0.00897481,-3.03563e-05,3.12625e-07,-3.00437e-05,-0.00903349,11,322,0,3,0
2009-10-22,319,44,13,19,Oil,0.380864,0.372233,44.1352,3.52432,2.1684e-19,0.0111971,0.0113563,6.86473e-05,9.04589e-05,0.000159106,0.0109095,11,322,0,3,0
2009-10-23,319,44,13,19,Oil,0.170914,0.14813,43.7239,3.54625,1.0842e-19,-0.0106414,-0.0105757,-5.25784e-05,0.000118268,6.56892e-05,-0.0105518,11,322,0,3,0
2009-10-26,319,44,13,19,Oil,0.478008,0.484553,43.886,3.47049,0,-0.0115901,-0.0115571,-0.000108544,0.000141504,3.29601e-05,-0.011476,11,322,0,3,0
2009-10-27,319,44,13,19,Oil,0.433962,0.388187,44.0414,3.43807,0,-0.00256459,-0.00269148,-0.00013118,4.28407e-06,-0.000126896,-0.00263121,11,322,0,3,0
2009-10-28,319,44,13,19,Oil,0.605684,0.556188,44.5402,3.44425,2.1684e-19,-0.0180411,-0.018214,-0.000187356,1.44424e-05,-0.000172913,-0.0179874,11,322,0,3,0
2009-10-29,319,44,13,19,Oil,0.444717,0.401195,45.2612,3.44135,1.0842e-19,0.0224704,0.0224374,0.00020889,-0.000241844,-3.2954e-05,0.0221833,11,322,0,3,0
2009-10-30,320,44,13,19,Oil,0.550011,0.448179,45.4723,3.44331,2.1684e-19,-0.0281844,-0.0283084,-0.000110206,-1.37708e-05,-0.000123977,-0.0283707,12,322,0,2,0
2009-11-02,320,44,13,19,Oil,0.339717,0.293039,46.0785,3.49569,-3.25261e-19,0.0065035,0.00650654,-8.77629e-05,9.07971e-05,3.0342e-06,0.00672062,12,322,0,2,0
2009-11-03,320,44,13,19,Oil,0.394376,0.358207,45.8177,3.42076,-4.33681e-19,0.00148724,0.0013825,0.000100991,-0.000205726,-0.000104735,0.00119222,12,322,0,2,0
2009-11-04,320,44,13,19,Oil,0.364789,0.330631,45.7238,3.42769,1.6263e-19,0.00172396,0.00150408,-6.21237e-05,-0.000157757,-0.000219881,0.00137039,12,322,0,2,0
2009-11-05,320,44,13,19,Oil,0.194852,0.192562,46.2479,3.4281,0,0.0193586,0.0195183,1.40412e-05,0.000145628,0.000159669,0.0196049,12,322,0,2,0
2009-11-06,320,44,13,19,Oil,0.306261,0.189056,46.1092,3.41625,-1.0842e-19,0.00320175,0.00314274,-5.20299e-05,-6.97759e-06,-5.90074e-05,0.00314857,12,322,0,2,0
2009-11-09,320,44,13,19,Oil,0.451694,0.399125,46.2299,3.42573,1.0842e-19,0.0224389,0.0225678,0.000119576,9.30686e-06,0.000128882,0.0225541,12,322,0,2,0
2009-11-10,320,44,13,19,Oil,0.250451,0.248134,45.9717,3.45241,5.42101e-20,0.000240979,0.000180981,-3.95733e-05,-2.04247e-05,-5.9998e-05,0.000170977,12,322,0,2,0
2009-11-11,320,44,13,19,Oil,0.330105,0.353042,46.1795,3.48217,-1.0842e-19,0.00536169,0.00544095,1.07562e-05,6.84948e-05,7.9251e-05,0.00527029,12,322,0,2,0
2009-11-12,320,44,13,19,Oil,0.329147,0.216803,46.1139,3.51297,-4.60786e-19,-0.00925947,-0.00932318,-9.08307e-05,2.71195e-05,-6.37112e-05,-0.00907975,12,322,0,2,0
2009-11-13,320,44,13,19,Oil,0.309414,0.219612,46.6478,3.56702,1.0842e-19,0.00579934,0.00576466,7.38036e-06,-4.20544e-05,-3.46741e-05,0.00574791,12,322,0,2,0
2009-11-16,320,44,13,19,Oil,0.394677,0.309712,46.123,3.5677,0,0.0138429,0.0138778,8.17755e-05,-4.6859e-05,3.49165e-05,0.01383,12,322,0,2,0
2009-11-17,320,44,13,19,Oil,0.31379,0.297614,45.6599,3.55642,0,0.00122977,0.001349,-6.02811e-05,0.000179506,0.000119225,0.00132607,12,322,0,2,0
2009-11-18,320,44,13,19,Oil,0.248126,0.210943,45.7463,3.6098,-1.6263e-19,-3.53602e-05,0.000152516,6.74452e-06,0.000181131,0.000187876,0.000134416,12,322,0,2,0
2009-11-19,320,44,13,19,Oil,0.500052,0.413594,45.7486,3.65015,0,-0.0130421,-0.0130266,-7.72804e-05,9.28207e-05,1.55403e-05,-0.0129614,12,322,0,2,0
2009-11-20,320,44,13,19,Oil,0.350524,0.320177,45.9701,3.69079,0,-0.00295906,-0.00293221,-2.95778e-05,5.64297e-05,2.68519e-05,-0.00298615,12,322,0,2,0
2009-11-23,320,44,13,19,Oil,0.18043,0.139121,46.1017,3.71443,-2.71051e-20,0.0141558,0.0141265,-2.24663e-05,-6.83621e-06,-2.93025e-05,0.0140336,12,322,0,2,0
2009-11-24,320,44,13,19,Oil,0.324405,0.257848,46.0501,3.68088,-3.79471e-19,-0.000433966,-0.000482689,-4.52319e-05,-3.49147e-06,-4.87234e-05,-0.000426635,12,322,0,2,0
2009-11-25,320,44,13,19,Oil,0.381586,0.348437,45.8929,3.62502,-5.42101e-20,0.00384748,0.00397938,6.19253e-05,6.99717e-05,0.000131897,0.00393013,12,322,0,2,0
2009-11-27,320,44,13,19,Oil,0.726294,0.673449,45.8288,3.5583,0,-0.0169893,-0.0170812,-5.97555e-05,-3.20863e-05,-9.18418e-05,-0.0169606,12,322,0,2,0
2009-11-30,320,44,13,19,Oil,0.502202,0.465457,46.0783,3.50357,3.25261e-19,0.00484787,0.00499775,6.97347e-05,8.01461e-05,0.000149881,0.00451745,12,322,0,2,0
2009-12-01,320,44,13,19,Oil,0.287168,0.231658,45.302,3.45085,1.0842e-19,0.0115899,0.0116117,-1.53775e-05,3.71717e-05,2.17942e-05,0.0117329,12,322,0,2,0
2009-12-02,320,44,13,19,Oil,0.333618,0.294407,45.302,3.51254,2.1684e-19,0.000555062,0.000671855,2.0534e-05,9.62589e-05,0.000116793,0.000661952,12,322,0,2,0
2009-12-03,320,44,13,19,Oil,0.37507,0.306945,44.6941,3.44239,4.33681e-19,-0.00840486,-0.00828091,-3.53561e-05,0.000159305,0.000123949,-0.00812169,12,322,0,2,0
2009-12-04,320,44,13,19,Oil,0.52163,0.454705,44.8638,3.47227,1.0842e-19,0.00512461,0.00528055,0.000107202,4.87296e-05,0.000155932,0.00530335,12,322,0,2,0
2009-12-07,320,44,13,19,Oil,0.402779,0.378209,44.5254,3.45435,-2.71051e-19,-0.00294352,-0.00306013,-5.9163e-05,-5.74539e-05,-0.000116617,-0.00302247,12,322,0,2,0
2009-12-08,320,44,13,19,Oil,0.239775,0.207232,44.7811,3.46421,-1.0842e-19,-0.0103098,-0.0102537,-7.50443e-05,0.000131156,5.61117e-05,-0.0103156,12,322,0,2,0
2009-12-09,320,44,13,19,Oil,0.34515,0.235064,44.7862,3.43758,2.71051e-20,0.00356171,0.0035549,5.10434e-05,-5.78519e-05,-6.80847e-06,0.00351864,12,322,0,2,0
2009-12-10,320,44,13,19,Oil,0.322138,0.273183,44.9188,3.45829,1.0842e-19,0.00617739,0.00581562,-0.000101315,-0.000260458,-0.000361773,0.00570463,12,322,0,2,0
2009-12-11,320,44,13,19,Oil,0.322337,0.292642,44.7973,3.45243,0,0.00376668,0.00390566,1.39274e-05,0.000125055,0.000138982,0.00377812,12,322,0,2,0
2009-12-14,320,44,13,19,Oil,0.326802,0.203733,44.7819,3.47183,2.1684e-19,0.00532811,0.00507055,0.000124167,-0.000381727,-0.00025756,0.00541965,12,322,0,2,0
2009-12-15,320,44,13,19,Oil,0.335408,0.340123,44.2648,3.45717,1.0842e-19,-0.00603449,-0.0061848,-1.61676e-05,-0.000134143,-0.00015031,-0.00615691,12,322,0,2,0
2009-12-16,320,44,13,19,Oil,0.346744,0.338511,44.1765,3.48795,-2.1684e-19,0.000219942,0.000327125,8.09801e-05,2.62027e-05,0.000107183,0.000319124,12,322,0,2,0
2009-12-17,320,44,13,19,Oil,0.282127,0.236117,43.9037,3.44801,-1.89735e-19,-0.012144,-0.0120647,-1.07199e-05,9.00291e-05,7.93092e-05,-0.0121055,12,322,0,2,0
2009-12-18,320,44,13,19,Oil,0.406277,0.343144,44.0446,3.49206,1.0842e-19,0.00650082,0.00638215,1.2873e-05,-0.000131543,-0.00011867,0.0061932,12,322,0,2,0
2009-12-21,319,44,12,17,Oil,0.311168,0.270453,44.3346,3.45573,0,0.0105544,0.0104549,1.28746e-06,-0.000100812,-9.95243e-05,0.0103351,12,322,0,3,0
2009-12-22,319,44,12,17,Oil,0.242174,0.23869,44.2402,3.44034,-1.0842e-19,0.00307168,0.00313134,1.43878e-06,5.82215e-05,5.96603e-05,0.0030918,12,322,0,3,0
2009-12-23,319,44,12,17,Oil,0.317207,0.30118,44.1148,3.44878,1.0842e-19,0.00204123,0.002022,2.2314e-05,-4.15491e-05,-1.92351e-05,0.00193791,12,322,0,3,0
2009-12-24,319,44,12,17,Oil,0.362731,0.332973,43.8991,3.43137,-1.0842e-19,0.00491982,0.00499787,3.32489e-06,7.4725e-05,7.80499e-05,0.00495188,12,322,0,3,0
2009-12-28,319,44,12,17,Oil,0.358195,0.311699,43.9014,3.41843,2.1684e-19,0.00161782,0.00158724,-3.74356e-05,6.85685e-06,-3.05787e-05,0.00157601,12,322,0,3,0
2009-12-29,319,44,12,17,Oil,0.312975,0.236662,44.0326,3.39228,0,-0.000965656,-0.000978752,-2.04441e-05,7.34855e-06,-1.30955e-05,-0.000897484,12,322,0,3,0
2009-12-30,319,44,12,17,Oil,0.428023,0.375921,44.0459,3.38824,0,9.25637e-05,5.84841e-05,2.1755e-05,-5.58345e-05,-3.40795e-05,1.97481e-05,12,322,0,3,0
2009-12-31,319,44,12,17,Oil,0.287139,0.190422,43.8063,3.34471,-2.1684e-19,-0.0100001,-0.0100895,-8.6184e-06,-8.0773e-05,-8.93914e-05,-0.0100737,12,322,0,3,0
2010-01-04,319,44,12,17,Oil,0.432515,0.412824,43.8983,3.3161,-4.33681e-19,0.0159296,0.0159074,7.62423e-05,-9.84867e-05,-2.22443e-05,0.0159569,12,322,0,3,0
2010-01-05,319,44,12,17,Oil,0.44919,0.405169,43.7605,3.26791,-1.0842e-19,0.002921,0.00298573,8.6514e-05,-2.17759e-05,6.47381e-05,0.00278731,12,322,0,3,0
2010-01-06,319,44,12,17,Oil,0.411294,0.367298,43.5366,3.26537,2.71051e-20,0.00080708,0.000825944,5.6397e-05,-3.75325e-05,1.88646e-05,0.000746177,12,322,0,3,0
2010-01-07,319,44,12,17,Oil,0.407879,0.352604,43.4762,3.25049,-2.1684e-19,0.00453849,0.00448895,-6.3204e-06,-4.32274e-05,-4.95478e-05,0.00459942,12,322,0,3,0
2010-01-08,319,44,12,17,Oil,0.359223,0.30979,43.2353,3.28759,-3.25261e-19,0.00267909,0.0025056,3.56598e-06,-0.000177055,-0.000173489,0.0024211,12,322,0,3,0
2010-01-11,319,44,12,17,Oil,0.270798,0.242348,43.2808,3.30105,-5.42101e-20,0.00222776,0.00233268,-1.51733e-05,0.000120093,0.00010492,0.00232119,12,322,0,3,0
2010-01-12,319,44,12,17,Oil,0.452226,0.409429,43.4216,3.35508,-3.25261e-19,-0.00858013,-0.00847721,-4.04258e-05,0.000143343,0.000102917,-0.00842575,12,322,0,3,0
2010-01-13,319,44,12,17,Oil,0.266761,0.252366,43.8161,3.42135,0,0.00796856,0.00798407,3.15708e-05,-1.60555e-05,1.55153e-05,0.00801239,12,322,0,3,0
2010-01-14,319,44,12,17,Oil,0.286702,0.271483,43.5935,3.42542,1.0842e-19,0.00230081,0.00236381,2.84014e-05,3.46033e-05,6.30047e-05,0.00232631,12,322,0,3,0
2010-01-15,319,44,12,17,Oil,0.395232,0.361301,44.0023,3.47427,4.33681e-19,-0.0105687,-0.0107468,-5.44962e-05,-0.00012363,-0.000178127,-0.0106468,12,322,0,3,0
2010-01-19,319,44,12,17,Oil,0.264578,0.199952,43.9647,3.48805,-2.1684e-19,0.0125175,0.012565,4.31816e-05,4.33282e-06,4.75144e-05,0.0125653,12,322,0,3,0
2010-01-20,319,44,12,17,Oil,0.444694,0.464589,44.1278,3.49164,0,-0.0102569,-0.0103603,-5.61491e-05,-4.7252e-05,-0.000103401,-0.0104091,12,322,0,3,0
2010-01-21,319,44,12,17,Oil,0.351053,0.324234,43.7472,3.51557,2.1684e-19,-0.0192427,-0.0194465,-0.000100073,-0.00010365,-0.000203723,-0.0196348,12,322,0,3,0
2010-01-22,319,44,12,17,Oil,0.438648,0.376266,44.0562,3.54116,4.33681e-19,-0.0216964,-0.0216005,-7.3209e-05,0.000169144,9.59354e-05,-0.0215697,12,322,0,3,0
2010-01-25,319,44,12,17,Oil,0.279233,0.222498,44.375,3.5765,1.0842e-19,0.00470452,0.00470758,3.98032e-05,-3.67431e-05,3.06007e-06,0.0046514,12,322,0,3,0
2010-01-26,319,44,12,17,Oil,0.341203,0.285033,44.2267,3.55324,-2.1684e-19,-0.00454047,-0.00441738,1.05903e-05,0.000112497,0.000123087,-0.00441145,12,322,0,3,0
2010-01-27,319,44,12,17,Oil,0.446367,0.413744,44.2937,3.5354,2.1684e-19,0.0051633,0.00526086,1.04862e-05,8.70788e-05,9.7565e-05,0.00525565,12,322,0,3,0
2010-01-28,319,44,12,17,Oil,0.331532,0.273207,44.1958,3.49278,-2.1684e-19,-0.0120841,-0.012032,-3.72584e-05,8.9342e-05,5.20836e-05,-0.0120177,12,322,0,3,0
2010-01-29,319,44,12,17,Oil,0.350061,0.28565,44.1378,3.47285,-3.79471e-19,-0.00902211,-0.009193,-3.98262e-05,-0.000131063,-0.00017089,-0.00924863,12,322,0,3,0
2010-02-01,319,44,12,17,Oil,0.542797,0.529025,44.2765,3.46089,1.0842e-19,0.0134389,0.0136978,9.01033e-05,0.000168847,0.00025895,0.0137188,12,322,0,3,0
2010-02-02,319,44,12,17,Oil,0.374251,0.349801,44.1084,3.44759,0,0.0124415,0.0124553,6.7872e-05,-5.40063e-05,1.38658e-05,0.0126211,12,322,0,3,0
2010-02-03,319,44,12,17,Oil,0.316029,0.296883,43.7,3.42019,5.42101e-20,-0.0050698,-0.00513397,-5.71137e-05,-7.05131e-06,-6.41651e-05,-0.00522745,12,322,0,3,0
2010-02-04,319,44,12,17,Oil,0.446997,0.428247,43.6383,3.40177,2.1684e-19,-0.0308161,-0.0308554,-5.56314e-05,1.6242e-05,-3.93895e-05,-0.0306402,12,322,0,3,0
2010-02-05,319,44,12,17,Oil,0.457872,0.409595,44.1227,3.44848,2.1684e-19,0.00284953,0.00290539,1.35869e-05,4.22747e-05,5.58616e-05,0.002768,12,322,0,3,0
2010-02-08,319,44,12,17,Oil,0.381651,0.375938,44.4909,3.44493,1.35525e-19,-0.00888035,-0.00888413,-5.66866e-05,5.29036e-05,-3.78298e-06,-0.00874914,12,322,0,3,0
2010-02-09,319,44,12,17,Oil,0.342299,0.27188,44.6254,3.45125,3.79471e-19,0.0128206,0.012744,2.26581e-05,-9.92799e-05,-7.66218e-05,0.0128671,12,322,0,3,0
2010-02-10,319,44,12,17,Oil,0.217746,0.183646,44.6022,3.42544,0,-0.00190956,-0.00185066,3.52918e-05,2.36093e-05,5.89011e-05,-0.00180233,12,322,0,3,0
2010-02-11,319,44,12,17,Oil,0.35774,0.324932,44.6449,3.46996,3.25261e-19,0.00913609,0.00906311,1.91972e-05,-9.21775e-05,-7.29803e-05,0.00944446,12,322,0,3,0
2010-02-12,319,44,12,17,Oil,0.244417,0.186371,44.2737,3.45739,-1.6263e-19,-0.00286678,-0.00286114,4.79358e-06,8.47085e-07,5.64067e-06,-0.00268889,12,322,0,3,0
2010-02-16,319,44,12,17,Oil,0.377001,0.321913,44.4064,3.47704,0,0.018246,0.018437,7.82671e-05,0.00011271,0.000190977,0.0182274,12,322,0,3,0
2010-02-17,319,44,12,17,Oil,0.229535,0.21685,44.3434,3.47091,-1.0842e-19,0.00456431,0.00444066,-4.70672e-06,-0.000118938,-0.000123645,0.0044901,12,322,0,3,0
2010-02-18,319,44,12,17,Oil,0.15569,0.144424,44.4496,3.52564,5.42101e-20,0.00624399,0.00618968,-5.19445e-06,-4.91232e-05,-5.43177e-05,0.00622367,12,322,0,3,0
2010-02-19,319,44,12,17,Oil,0.295156,0.281417,44.4453,3.52632,-1.0842e-19,0.00162697,0.00163593,3.42229e-05,-2.52647e-05,8.95812e-06,0.00153381,12,322,0,3,0
2010-02-22,319,44,12,17,Oil,0.500118,0.439399,44.4914,3.52112,2.1684e-19,-0.00085862,-0.000796552,-3.13544e-05,9.34223e-05,6.20679e-05,-0.000827095,12,322,0,3,0
2010-02-23,319,44,12,17,Oil,0.483422,0.470233,44.4308,3.54901,0,-0.012036,-0.0120393,-3.64298e-05,3.31256e-05,-3.30418e-06,-0.0119926,12,322,0,3,0
2010-02-24,319,44,12,17,Oil,0.361658,0.327884,44.177,3.58778,0,0.010336,0.0103461,4.11571e-05,-3.10298e-05,1.01273e-05,0.0102699,12,323,0,4,0
2010-02-25,320,44,12,17,Oil,0.250779,0.203258,44.2207,3.47902,-1.6263e-19,-0.00199922,-0.00194197,3.80828e-05,1.91667e-05,5.72494e-05,-0.00197815,12,323,0,3,0
2010-02-26,320,44,12,17,Oil,0.240818,0.215559,44.0769,3.42084,2.71051e-20,0.00137693,0.00139012,8.82421e-06,4.36547e-06,1.31897e-05,0.00121505,12,323,0,3,0
2010-03-01,321,44,12,17,Oil,0.45484,0.429459,44.0588,3.43982,2.1684e-19,0.00919544,0.00929988,5.15796e-05,5.28597e-05,0.000104439,0.00923144,12,324,0,3,0
2010-03-02,321,44,12,17,Oil,0.244888,0.222701,44.126,3.40173,-1.0842e-19,0.00245104,0.00224761,-1.86301e-07,-0.000203249,-0.000203436,0.0023874,12,324,0,3,0
2010-03-03,321,44,12,17,Oil,0.304008,0.226244,44.0681,3.39098,-5.42101e-20,7.26556e-05,5.5233e-05,-4.05361e-06,-1.3369e-05,-1.74226e-05,0.000113141,12,324,0,3,0
2010-03-04,321,44,12,17,Oil,0.29106,0.254107,44.1276,3.3827,0,0.00395726,0.00388777,3.38859e-05,-0.000103371,-6.94852e-05,0.00398477,12,324,0,3,0
2010-03-05,321,44,12,17,Oil,0.425458,0.374691,44.0668,3.38199,4.06576e-20,0.0136319,0.0137363,5.73135e-05,4.70948e-05,0.000104408,0.0137296,12,324,0,3,0
2010-03-08,321,44,12,17,Oil,0.316242,0.284721,43.7806,3.33275,-2.71051e-20,0.000181886,0.000196904,3.08888e-05,-1.5871e-05,1.50178e-05,0.000208833,12,324,0,3,0
2010-03-09,321,44,12,17,Oil,0.201783,0.147094,43.5873,3.31869,0,0.00233194,0.00236124,1.2447e-05,1.68562e-05,2.93031e-05,0.00221477,12,324,0,3,0
2010-03-10,321,44,12,17,Oil,0.417743,0.420834,43.3747,3.2872,-1.55854e-19,0.00407199,0.00417596,4.31583e-05,6.08136e-05,0.000103972,0.00416739,12,324,0,3,0
2010-03-11,321,44,12,17,Oil,0.292387,0.251238,43.3922,3.27905,0,0.00501919,0.0049265,-4.44218e-05,-4.82736e-05,-9.26954e-05,0.00490299,12,324,0,3,0
2010-03-12,321,44,12,17,Oil,0.338621,0.258352,43.5235,3.28386,0,-0.000305516,-0.000246454,5.23047e-05,6.75725e-06,5.9062e-05,-0.000239598,12,324,0,3,0
2010-03-15,321,44,12,17,Oil,0.310549,0.240584,43.4267,3.28764,0,0.0015382,0.00144278,-4.44075e-05,-5.1012e-05,-9.54195e-05,0.00153686,12,324,0,3,0
2010-03-16,321,44,12,17,Oil,0.423011,0.366074,43.5895,3.29503,1.0842e-19,0.00802621,0.00818713,4.05867e-05,0.000120331,0.000160918,0.00808326,12,324,0,3,0
2010-03-17,321,44,12,17,Banks,0.267488,0.240901,43.312,3.31224,0,0.00543933,0.00553808,1.50805e-05,8.36739e-05,9.87544e-05,0.00555898,12,324,0,3,0
2010-03-18,321,44,12,17,Banks,0.421505,0.376953,43.1642,3.33552,0,0.000535976,0.000371798,-8.6215e-05,-7.79631e-05,-0.000164178,0.000290997,12,324,0,3,0
2010-03-19,321,44,12,17,Banks,0.373316,0.340568,43.1573,3.34319,-1.21973e-19,-0.00534293,-0.00537047,-4.94817e-05,2.19465e-05,-2.75352e-05,-0.0051768,12,324,0,3,0
2010-03-22,321,44,12,17,Banks,0.441201,0.460009,43.381,3.33354,-2.1684e-19,0.00520342,0.00530576,3.82694e-05,6.4077e-05,0.000102346,0.00528666,12,324,0,3,0
2010-03-23,321,44,12,17,Banks,0.379309,0.351707,43.4899,3.35248,0,0.00775645,0.00778244,1.99457e-05,6.04212e-06,2.59878e-05,0.0077372,12,324,0,3,0
2010-03-24,321,44,12,17,Banks,0.370553,0.34942,43.6148,3.39465,1.0842e-19,-0.00584222,-0.00567066,6.87766e-05,0.000102791,0.000171568,-0.00576165,12,324,0,3,0
2010-03-25,321,44,12,17,Banks,0.436145,0.404593,43.6347,3.38948,4.33681e-19,-0.000798148,-0.0009442,-7.22018e-05,-7.38504e-05,-0.000146052,-0.000879856,12,324,0,3,0
2010-03-26,321,44,12,17,Banks,0.303822,0.234627,43.5214,3.41859,-2.1684e-19,0.000538413,0.000658585,4.07663e-05,7.94062e-05,0.000120173,0.000724829,12,324,0,3,0
2010-03-29,321,44,12,17,Banks,0.494498,0.450182,43.4539,3.42962,0,0.00533234,0.00537888,1.73089e-05,2.9234e-05,4.65428e-05,0.00537933,12,324,0,3,0
2010-03-30,321,44,12,17,Banks,0.316148,0.301202,43.4441,3.43742,-8.13152e-20,0.000125273,6.39401e-05,-5.81997e-06,-5.55132e-05,-6.13332e-05,9.57861e-05,12,324,0,3,0
2010-03-31,321,44,12,17,Banks,0.289156,0.267306,43.4813,3.43339,5.42101e-20,-0.00349181,-0.00351882,1.67141e-05,-4.37225e-05,-2.70084e-05,-0.00352904,12,324,0,3,0
2010-04-01,321,44,12,17,Banks,0.400386,0.355711,43.6697,3.46645,5.42101e-20,0.00707992,0.0070293,2.32548e-05,-7.38732e-05,-5.06184e-05,0.00706155,12,324,0,3,0
2010-04-05,321,44,12,17,Banks,0.519913,0.459387,43.4396,3.47563,1.0842e-19,0.00781817,0.0079403,0.000110107,1.20159e-05,0.000122122,0.00789039,12,324,0,3,0
2010-04-06,321,44,12,17,Banks,0.381747,0.350397,43.3198,3.49663,-1.0842e-19,0.00194585,0.00193535,2.21446e-05,-3.26446e-05,-1.05e-05,0.00185929,12,324,0,3,0
2010-04-07,321,44,12,17,Banks,0.263893,0.256126,43.3521,3.53018,0,-0.00468519,-0.00464741,2.71348e-05,1.06442e-05,3.7779e-05,-0.00468744,12,324,0,3,0
2010-04-08,321,44,12,17,Banks,0.316608,0.275359,43.3478,3.55636,-4.06576e-20,0.0039448,0.00391017,-1.3306e-05,-2.13206e-05,-3.46266e-05,0.00385472,12,324,0,3,0
2010-04-09,321,44,12,17,Banks,0.270588,0.248509,43.2087,3.55958,-1.0842e-19,0.00649205,0.00661716,2.74022e-05,9.77124e-05,0.000125115,0.00664283,12,324,0,3,0
2010-04-12,321,44,12,17,Banks,0.297735,0.284606,43.3491,3.59439,1.0842e-19,0.00166707,0.00160011,-1.8041e-05,-4.89198e-05,-6.69608e-05,0.00164886,12,324,0,3,0
2010-04-13,321,44,12,17,Banks,0.333071,0.341082,43.1123,3.60028,-1.0842e-19,0.000573985,0.000618312,1.01108e-05,3.42168e-05,4.43276e-05,0.0004893,12,324,0,3,0
2010-04-14,321,44,12,17,Banks,0.484698,0.410241,43.151,3.60157,4.33681e-19,0.0116948,0.0117194,9.39448e-05,-6.93144e-05,2.46303e-05,0.0113766,12,324,0,3,0
2010-04-15,321,44,12,17,Banks,0.331956,0.307851,42.9488,3.5877,1.0842e-19,0.000647987,0.000588904,-8.79847e-06,-5.02847e-05,-5.90832e-05,0.000649168,12,324,0,3,0
2010-04-16,321,44,12,17,Banks,0.510412,0.386098,43.0519,3.64006,3.25261e-19,-0.0154113,-0.0153877,-8.95916e-05,0.000113211,2.36191e-05,-0.0153518,12,324,0,3,0
2010-04-19,322,44,12,18,Banks,0.384677,0.361375,43.3337,3.72365,0,0.00530539,0.00528954,4.23387e-06,-2.00887e-05,-1.58549e-05,0.00522272,12,324,0,2,0
2010-04-20,322,44,12,18,Banks,0.344447,0.280844,43.125,3.68791,0,0.00743149,0.00742314,1.71966e-05,-2.55398e-05,-8.3432e-06,0.00743865,12,324,0,2,0
2010-04-21,323,44,12,18,Banks,0.381394,0.292804,42.98,3.64629,0,-0.000995157,-0.000853393,-3.35476e-07,0.0001421,0.000141764,-0.000849743,12,324,0,1,0
2010-04-22,323,44,12,18,Banks,0.346111,0.331604,42.8563,3.72323,-5.42101e-20,0.00162221,0.00186469,-4.41052e-08,0.000242529,0.000242485,0.00186512,12,324,0,1,0
2010-04-23,323,44,12,18,Banks,0.366474,0.288972,42.6136,3.70266,-2.1684e-19,0.00693064,0.00685894,-7.64818e-07,-7.09413e-05,-7.17061e-05,0.00685514,12,324,0,1,0
2010-04-26,323,44,12,18,Banks,0.438369,0.375727,42.6672,3.71627,2.1684e-19,-0.00422155,-0.00416454,9.00077e-07,5.61109e-05,5.7011e-05,-0.00416318,12,324,0,1,0
2010-04-27,323,44,12,18,Banks,0.46454,0.412067,42.8228,3.70434,1.35525e-20,-0.0225446,-0.0224859,-4.08478e-07,5.91169e-05,5.87084e-05,-0.0224865,12,324,0,1,0
2010-04-28,323,44,12,18,Oil,0.218496,0.189454,42.9329,3.70345,4.33681e-19,0.00700588,0.00693135,6.29341e-09,-7.45324e-05,-7.45262e-05,0.00693297,12,324,0,1,0
2010-04-29,323,44,12,18,Oil,0.273558,0.228088,43.0146,3.68862,-3.25261e-19,0.0132598,0.013341,-6.53542e-07,8.17994e-05,8.11459e-05,0.0133424,12,324,0,1,0
2010-04-30,323,44,12,18,Banks,0.494209,0.472371,43.1177,3.6563,-2.71051e-20,-0.0163115,-0.0164446,-4.09136e-06,-0.000129028,-0.000133119,-0.0164437,12,324,0,1,0
2010-05-03,323,44,12,18,Banks,0.47167,0.428643,43.0951,3.72458,-5.42101e-20,0.0127901,0.0128751,-6.04744e-07,8.56179e-05,8.50131e-05,0.0128735,12,324,0,1,0
2010-05-04,323,44,12,18,Banks,0.514855,0.463646,42.8838,3.765,3.25261e-19,-0.0234228,-0.0233547,3.1124e-06,6.50234e-05,6.81358e-05,-0.0233521,12,324,0,1,0
2010-05-05,323,44,12,18,Banks,0.396993,0.332511,43.3941,3.76209,-1.0842e-19,-0.00629897,-0.00619094,-1.59372e-06,0.000109618,0.000108024,-0.0061982,12,324,0,1,0
2010-05-06,323,44,12,18,Banks,0.320427,0.255293,43.8101,3.75657,-2.1684e-19,-0.0321428,-0.0322046,-5.63876e-07,-6.11682e-05,-6.17321e-05,-0.0322049,12,324,0,1,0
2010-05-07,323,44,12,18,Banks,0.398177,0.358996,43.7113,3.72199,0,-0.0154781,-0.0155013,1.40714e-06,-2.46421e-05,-2.3235e-05,-0.015502,12,324,0,1,0
2010-05-10,323,44,12,18,Banks,0.643566,0.633772,43.8013,3.73961,0,0.0435597,0.0436685,-2.84041e-06,0.000111653,0.000108812,0.0436646,12,324,0,1,0
2010-05-11,323,44,12,18,Banks,0.251358,0.239462,43.595,3.75221,2.71051e-20,-0.00269854,-0.0026682,8.52067e-07,2.94882e-05,3.03403e-05,-0.00266742,12,324,0,1,0
2010-05-12,323,44,12,18,Banks,0.371846,0.301111,43.549,3.77594,1.0842e-19,0.0141373,0.0141317,-9.04238e-07,-4.66307e-06,-5.56731e-06,0.0141368,12,324,0,1,0
2010-05-13,323,44,12,18,Banks,0.300028,0.294013,43.4299,3.81291,0,-0.0127297,-0.0126234,-3.53486e-06,0.000109877,0.000106342,-0.0126234,12,324,0,1,0
2010-05-14,323,44,12,18,Banks,0.495952,0.458006,43.7617,3.89523,-3.25261e-19,-0.0192229,-0.0191845,2.0829e-08,3.84285e-05,3.84493e-05,-0.0191851,12,324,0,1,0
2010-05-17,323,44,12,18,Banks,0.383152,0.360839,43.7847,3.92489,5.42101e-20,0.000501979,0.000543295,-1.5514e-06,4.28669e-05,4.13155e-05,0.000544883,12,324,0,1,0
2010-05-18,323,44,12,18,Banks,0.477582,0.440958,43.4484,3.88084,1.0842e-19,-0.0139616,-0.0139255,-1.73612e-06,3.78413e-05,3.61051e-05,-0.013925,12,324,0,1,0
2010-05-19,323,44,12,18,Banks,0.342598,0.301675,43.6349,3.86119,0,-0.00508178,-0.0051502,4.25656e-06,-7.26809e-05,-6.84244e-05,-0.00514975,12,324,0,1,0
2010-05-20,323,44,12,18,Banks,0.479503,0.478923,43.8809,3.91257,0,-0.0378795,-0.0380599,1.109e-06,-0.000181487,-0.000180378,-0.0380592,12,324,0,1,0
2010-05-21,323,44,12,18,Banks,0.614857,0.562189,44.0494,3.88684,-4.33681e-19,0.0150287,0.0150274,1.88801e-06,-3.20498e-06,-1.31698e-06,0.0150235,12,324,0,1,0
2010-05-24,323,44,12,18,Banks,0.470086,0.449233,44.1831,3.88467,-1.6263e-19,-0.0129184,-0.0129,-1.80883e-07,1.85723e-05,1.83914e-05,-0.0129001,12,324,0,1,0
2010-05-25,323,44,12,18,Banks,0.353456,0.31648,44.1332,3.91616,5.42101e-20,0.000379691,0.000202016,1.83459e-06,-0.000179509,-0.000177674,0.000205861,12,324,0,1,0
2010-05-26,323,44,12,18,Banks,0.326203,0.288532,43.7927,3.86158,-1.0842e-19,-0.00598195,-0.00600382,-1.74582e-06,-2.01275e-05,-2.18733e-05,-0.00600292,12,324,0,1,0
2010-05-27,323,44,12,18,Banks,0.619377,0.616835,43.2347,3.76505,1.0842e-19,0.0330512,0.0331301,1.68807e-06,7.72336e-05,7.89217e-05,0.0331298,12,324,0,1,0
2010-05-28,323,44,12,18,Banks,0.38782,0.380199,43.0015,3.7754,0,-0.0119414,-0.0118723,-3.76695e-07,6.94762e-05,6.90995e-05,-0.0118688,12,324,0,1,0
2010-06-01,323,44,12,18,Banks,0.53884,0.493516,43.2765,3.82916,-4.33681e-19,-0.0160586,-0.0157594,4.13688e-06,0.000294989,0.000299126,-0.0157615,12,324,0,1,0
2010-06-02,323,44,12,18,Banks,0.397345,0.407603,43.0545,3.74038,6.50521e-19,0.025425,0.0252665,-3.50818e-06,-0.000154926,-0.000158434,0.0252629,12,324,0,1,0
2010-06-03,323,44,12,18,Banks,0.376271,0.341081,43.0499,3.72906,2.1684e-19,0.00313628,0.00319025,-5.68397e-07,5.45356e-05,5.39672e-05,0.00318553,12,324,0,1,0
2010-06-04,323,44,12,18,Banks,0.583431,0.562905,42.8492,3.65697,0,-0.0344687,-0.0345978,1.43378e-06,-0.000130476,-0.000129042,-0.034596,12,324,0,1,0
2010-06-07,323,44,12,18,Banks,0.523812,0.534276,42.9518,3.64543,0,-0.0132608,-0.0132549,-2.72127e-06,8.6319e-06,5.91064e-06,-0.0132508,12,324,0,1,0
2010-06-08,324,44,12,18,Banks,0.416711,0.374666,43.3559,3.57408,8.13152e-20,0.0114497,0.0115176,5.50295e-18,6.79163e-05,6.79163e-05,0.0115176,12,324,0,0,0
2010-06-09,324,44,12,18,Banks,0.251982,0.212947,43.253,3.53329,1.35525e-19,-0.00546226,-0.00559656,8.31627e-19,-0.000134306,-0.000134306,-0.00559656,12,324,0,0,0
2010-06-10,324,44,12,18,Banks,0.614131,0.573597,43.4245,3.60432,2.1684e-19,0.0283167,0.0281873,-1.084e-17,-0.000129355,-0.000129355,0.0281873,12,324,0,0,0
2010-06-11,324,44,12,18,Banks,0.334053,0.236595,43.2385,3.58322,-1.0842e-19,0.00452576,0.00451801,2.72281e-18,-7.74927e-06,-7.74927e-06,0.00451801,12,324,0,0,0
2010-06-14,324,44,12,18,Banks,0.25825,0.226161,43.318,3.6079,-3.25261e-19,-0.00203854,-0.0019285,4.03518e-18,0.000110043,0.000110043,-0.0019285,12,324,0,0,0
2010-06-15,324,44,12,18,Banks,0.455849,0.426654,43.2353,3.6052,5.42101e-20,0.0224369,0.022467,1.75612e-18,3.00692e-05,3.00692e-05,0.022467,12,324,0,0,0
2010-06-16,324,44,12,18,Banks,0.392534,0.375385,42.9877,3.57811,0,-0.000430868,-0.000394469,-2.90655e-18,3.63987e-05,3.63987e-05,-0.000394469,12,324,0,0,0
2010-06-17,324,44,12,18,Banks,0.304154,0.295365,42.9299,3.59878,1.89735e-19,0.00177192,0.00184913,3.471e-18,7.72099e-05,7.72099e-05,0.00184913,12,324,0,0,0
2010-06-18,324,44,12,18,Banks,0.214796,0.186748,42.8408,3.55144,-2.71051e-20,0.00143792,0.0014676,1.67139e-18,2.96843e-05,2.96843e-05,0.0014676,12,324,0,0,0
2010-06-21,324,44,12,18,Banks,0.343354,0.338604,42.6918,3.5538,1.89735e-19,-0.00354263,-0.00356761,-2.36674e-19,-2.4979e-05,-2.4979e-05,-0.00356761,12,324,0,0,0
2010-06-22,324,44,12,18,Banks,0.584251,0.518857,42.7724,3.5502,-3.79471e-19,-0.0153101,-0.015232,2.72181e-20,7.81842e-05,7.81842e-05,-0.015232,12,324,0,0,0
2010-06-23,324,44,12,18,Banks,0.316758,0.239077,43.3375,3.58393,-5.42101e-20,-0.00347947,-0.00348402,3.97047e-18,-4.55129e-06,-4.55129e-06,-0.00348402,12,324,0,0,0
2010-06-24,324,44,12,18,Banks,0.540603,0.520142,43.1259,3.57959,-1.0842e-19,-0.0165446,-0.0165028,5.48579e-19,4.18025e-05,4.18025e-05,-0.0165028,12,324,0,0,0
2010-06-25,324,44,12,18,Banks,0.599715,0.489139,43.4374,3.5939,1.0842e-19,0.00295276,0.00267873,-1.91063e-18,-0.00027403,-0.00027403,0.00267873,12,324,0,0,0
2010-06-28,324,44,12,18,Banks,0.477782,0.428386,43.2301,3.59577,2.1684e-19,-0.00224689,-0.00212966,1.16595e-18,0.000117223,0.000117223,-0.00213972,12,324,0,0,0
2010-06-29,325,44,12,18,Banks,0.711795,0.658758,43.8042,3.62392,-1.0842e-19,-0.0307625,-0.0307979,5.57164e-18,-3.54635e-05,-3.54635e-05,-0.0307979,12,325,0,0,0
2010-06-30,325,44,12,18,Banks,0.310355,0.275636,44.114,3.62708,2.1684e-19,-0.00970919,-0.009702,-3.64946e-18,7.18713e-06,7.18713e-06,-0.009702,12,325,0,0,0
2010-07-01,325,44,12,18,Banks,0.344514,0.311881,43.7976,3.57103,-2.1684e-19,-0.00309099,-0.00316121,-1.79934e-19,-7.02246e-05,-7.02246e-05,-0.00316121,12,325,0,0,0
2010-07-02,325,44,12,18,Banks,0.438491,0.407952,43.978,3.59207,0,-0.0045906,-0.00461666,9.08234e-19,-2.6059e-05,-2.6059e-05,-0.00461666,12,325,0,0,0
2010-07-06,325,44,12,18,Banks,0.341453,0.331403,44.207,3.58035,-3.25261e-19,0.00577877,0.00585242,-8.03939e-19,7.36458e-05,7.36458e-05,0.00585242,12,325,0,0,0
2010-07-07,325,44,12,18,Banks,0.598281,0.567201,44.0693,3.56865,0,0.0314641,0.0314184,3.52444e-18,-4.57438e-05,-4.57438e-05,0.0314184,12,325,0,0,0
2010-07-08,325,44,12,18,Banks,0.312418,0.270075,43.5821,3.53755,-1.0842e-19,0.00932293,0.00921411,7.97672e-19,-0.000108819,-0.000108819,0.00921411,12,325,0,0,0
2010-07-09,325,44,12,18,Banks,0.472398,0.450726,43.4548,3.52657,1.6263e-19,0.00693708,0.00686069,-7.14375e-19,-7.63864e-05,-7.63864e-05,0.00686069,12,325,0,0,0
2010-07-12,325,44,12,18,Banks,0.403949,0.3562,43.385,3.51153,0,0.000890313,0.000856539,-1.57565e-18,-3.37738e-05,-3.37738e-05,0.000856539,12,325,0,0,0
2010-07-13,325,44,12,18,Banks,0.462826,0.399092,43.766,3.5332,-3.79471e-19,0.0154001,0.0153071,-2.54921e-18,-9.3019e-05,-9.3019e-05,0.0153071,12,325,0,0,0
2010-07-14,325,44,12,18,Banks,0.403993,0.384959,43.8069,3.55861,8.13152e-20,-0.000191215,-0.000186171,-1.34914e-18,5.0442e-06,5.0442e-06,-0.000212592,12,325,0,0,0
2010-07-15,326,44,12,18,Banks,0.231459,0.232423,43.9649,3.521,0,0.000811676,0.000717614,-1.04474e-19,-9.40626e-05,-9.40626e-05,0.000717614,12,326,0,0,0
2010-07-16,326,44,12,18,Banks,0.539361,0.484848,44.1224,3.53343,0,-0.0280477,-0.0280323,-1.05835e-17,1.53808e-05,1.53808e-05,-0.0280323,12,326,0,0,0
2010-07-19,326,44,12,18,Banks,0.367298,0.300784,44.2269,3.54663,2.1684e-19,0.00557094,0.00549766,6.34012e-18,-7.32839e-05,-7.32839e-05,0.00549766,12,326,0,0,0
2010-07-20,326,44,12,18,Banks,0.373803,0.319161,44.1182,3.52403,1.0842e-19,0.0111939,0.0112154,-3.09626e-18,2.14494e-05,2.14494e-05,0.0112154,12,326,0,0,0
2010-07-21,326,44,12,18,Banks,0.277698,0.295012,44.0426,3.52343,-1.0842e-19,-0.0116918,-0.0117266,-1.03756e-18,-3.48094e-05,-3.48094e-05,-0.0117266,12,326,0,0,0
2010-07-22,326,44,12,18,Banks,0.469706,0.471821,43.9492,3.48549,-1.0842e-19,0.0225078,0.0225244,-3.42135e-18,1.65633e-05,1.65633e-05,0.0225244,12,326,0,0,0
2010-07-23,326,44,12,18,Banks,0.383996,0.341748,43.5278,3.42732,0,0.00761696,0.00764979,1.12787e-17,3.28295e-05,3.28295e-05,0.00764979,12,326,0,0,0
2010-07-26,326,44,12,18,Banks,0.33261,0.332753,43.5595,3.44062,1.0842e-19,0.0109593,0.0110078,1.33127e-17,4.84948e-05,4.84948e-05,0.0110078,12,326,0,0,0
2010-07-27,326,44,12,18,Banks,0.40612,0.374508,43.4488,3.44628,-1.0842e-19,-0.000428235,-0.000323401,1.14048e-17,0.000104834,0.000104834,-0.000323401,12,326,0,0,0
2010-07-28,326,44,12,18,Banks,0.331204,0.351868,44.0359,3.47068,-8.13152e-20,-0.00637689,-0.0063445,3.19876e-19,3.23842e-05,3.23842e-05,-0.0063445,12,326,0,0,0
2010-07-29,326,44,12,18,Banks,0.233569,0.212359,43.9333,3.43119,1.0842e-19,-0.00380967,-0.0037671,1.97637e-18,4.25658e-05,4.25658e-05,-0.0037671,12,326,0,0,0
2010-07-30,326,44,12,18,Banks,0.209031,0.187628,43.6783,3.37984,4.06576e-20,-0.000120939,-0.000296937,2.00406e-18,-0.000175997,-0.000175997,-0.000296937,12,326,0,0,0
2010-08-02,326,44,12,18,Banks,0.428125,0.378937,43.6827,3.38141,-6.77626e-20,0.021556,0.021587,-1.71091e-18,3.0987e-05,3.0987e-05,0.021587,12,326,0,0,0
2010-08-03,326,44,12,18,Banks,0.333005,0.301103,43.4896,3.37056,0,-0.00451009,-0.00448758,9.27461e-19,2.25042e-05,2.25042e-05,-0.00448758,12,326,0,0,0
2010-08-04,326,44,12,18,Banks,0.188255,0.178635,43.1998,3.31708,0,0.0053236,0.00532261,-2.3437e-19,-9.9403e-07,-9.9403e-07,0.00532261,12,326,0,0,0
2010-08-05,326,44,12,18,Oil,0.163986,0.141606,43.2542,3.30734,0,-0.00141607,-0.00139778,-8.96639e-19,1.82852e-05,1.82852e-05,-0.00139778,12,326,0,0,0
2010-08-06,326,44,12,18,Oil,0.281239,0.193594,43.4226,3.32817,-1.0842e-19,-0.0029881,-0.00301986,1.01623e-18,-3.17556e-05,-3.17556e-05,-0.00301986,12,326,0,0,0
2010-08-09,326,44,12,18,Oil,0.151955,0.196665,43.4215,3.31489,-1.0842e-19,0.00558245,0.0056993,-1.52377e-18,0.000116846,0.000116846,0.0056993,12,326,0,0,0
2010-08-10,326,44,12,18,Oil,0.440278,0.417377,43.4682,3.3269,-2.1684e-19,-0.00540728,-0.00557951,-3.60552e-18,-0.000172228,-0.000172228,-0.00557951,12,326,0,0,0
2010-08-11,326,44,12,18,Oil,0.466225,0.421462,43.1769,3.35379,1.6263e-19,-0.0270826,-0.0270652,-5.42565e-18,1.73938e-05,1.73938e-05,-0.0270652,12,326,0,0,0
2010-08-12,326,44,12,18,Oil,0.387451,0.350383,43.5336,3.38961,-4.33681e-19,-0.00556629,-0.00543247,-1.59627e-18,0.000133829,0.000133829,-0.00543247,12,326,0,0,0
2010-08-13,326,44,12,18,Oil,0.210043,0.184182,43.485,3.40315,-5.42101e-20,-0.00397944,-0.0039168,2.79214e-18,6.26315e-05,6.26315e-05,-0.0039168,12,326,0,0,0
2010-08-16,326,44,12,18,Oil,0.276471,0.219458,43.4692,3.42291,-5.42101e-20,0.000416664,0.000369246,-1.16306e-18,-4.74184e-05,-4.74184e-05,0.000369246,12,326,0,0,0
2010-08-17,326,44,12,18,Oil,0.340547,0.281019,43.2858,3.44552,0,0.0120852,0.0122801,-5.28527e-18,0.000194933,0.000194933,0.0122801,12,326,0,0,0
2010-08-18,326,44,12,18,Oil,0.391668,0.346842,43.6542,3.44433,2.1684e-19,0.00159982,0.0015684,-5.99741e-19,-3.14232e-05,-3.14232e-05,0.0015684,12,326,0,0,0
2010-08-19,326,44,12,18,Oil,0.368415,0.311683,43.7384,3.44306,-1.0842e-19,-0.0168456,-0.0169191,5.71238e-18,-7.35518e-05,-7.35518e-05,-0.0169191,12,326,0,0,0
2010-08-20,326,44,12,18,Oil,0.294578,0.329579,43.8169,3.44998,2.1684e-19,-0.00359254,-0.00353314,1.95253e-18,5.93924e-05,5.93924e-05,-0.00353314,12,326,0,0,0
2010-08-23,326,44,12,18,Oil,0.393978,0.314269,44.005,3.46168,0,-0.00382633,-0.00369649,9.80548e-19,0.000129845,0.000129845,-0.00369649,12,326,0,0,0
2010-08-24,326,44,12,18,Oil,0.477298,0.445302,44.2455,3.48859,0,-0.0142909,-0.014278,1.68738e-18,1.29618e-05,1.29618e-05,-0.014278,12,326,0,0,0
2010-08-25,326,44,12,18,Oil,0.403698,0.366934,44.2215,3.45314,-3.25261e-19,0.00341599,0.00348304,3.7421e-18,6.70517e-05,6.70517e-05,0.00348304,12,326,0,0,0
2010-08-26,326,44,12,18,Oil,0.252067,0.24441,44.0885,3.43567,0,-0.00775731,-0.00773743,6.27917e-18,1.9882e-05,1.9882e-05,-0.00773743,12,326,0,0,0
2010-08-27,326,44,12,18,Oil,0.589707,0.499762,44.0166,3.38272,-1.0842e-19,0.0163732,0.0163682,6.92527e-19,-5.05733e-06,-5.05733e-06,0.0163682,12,326,0,0,0
2010-08-30,326,44,12,18,Oil,0.448195,0.377494,43.9895,3.36846,1.6263e-19,-0.0148919,-0.0148687,-1.30239e-18,2.32413e-05,2.32413e-05,-0.0148687,12,326,0,0,0
2010-08-31,326,44,12,18,Oil,0.472085,0.454197,44.1433,3.37126,1.0842e-19,0.000242488,0.000313218,3.08485e-18,7.073e-05,7.073e-05,0.000313218,12,326,0,0,0
2010-09-01,326,44,12,18,Oil,0.611315,0.553902,44.1792,3.35317,2.71051e-20,0.0299326,0.0299023,7.99177e-19,-3.02934e-05,-3.02934e-05,0.0299023,12,326,0,0,0
2010-09-02,326,44,12,18,Oil,0.46607,0.440882,43.941,3.28368,-2.1684e-19,0.00838385,0.00846204,-5.87105e-19,7.81944e-05,7.81944e-05,0.00846204,12,326,0,0,0
2010-09-03,326,44,12,18,Oil,0.476463,0.411295,43.9426,3.29568,1.0842e-19,0.0134721,0.013399,5.7018e-18,-7.30565e-05,-7.30565e-05,0.013399,12,326,0,0,0
2010-09-07,326,44,12,18,Oil,0.534388,0.516153,43.7118,3.31792,-5.42101e-20,-0.010997,-0.0110432,-1.4701e-18,-4.62096e-05,-4.62096e-05,-0.0110432,12,326,0,0,0
2010-09-08,326,44,12,18,Oil,0.26216,0.269669,43.5445,3.29573,-5.42101e-20,0.00593948,0.00602002,5.13206e-19,8.05431e-05,8.05431e-05,0.00602002,12,326,0,0,0
2010-09-09,326,44,12,18,Oil,0.348773,0.329149,43.5947,3.31775,-2.71051e-20,0.00517237,0.00518235,1.36502e-18,9.97929e-06,9.97929e-06,0.00518235,12,326,0,0,0
2010-09-10,326,44,12,18,Oil,0.251176,0.24641,43.1651,3.3458,-2.1684e-19,0.00471841,0.0046235,-4.36074e-19,-9.49106e-05,-9.49106e-05,0.0046235,12,326,0,0,0
2010-09-13,326,44,12,18,Oil,0.547204,0.529822,43.0263,3.3521,0,0.0116012,0.0116786,3.1901e-18,7.74469e-05,7.74469e-05,0.0116786,12,326,0,0,0
2010-09-14,326,44,12,18,Oil,0.401354,0.385549,42.8917,3.38166,-4.33681e-19,-0.000663391,-0.000650521,8.49939e-19,1.28702e-05,1.28702e-05,-0.000650521,12,326,0,0,0
2010-09-15,326,44,12,18,Oil,0.328982,0.329926,43.0146,3.41636,-1.76183e-19,0.0033344,0.00336963,9.0349e-19,3.523e-05,3.523e-05,0.00336963,12,326,0,0,0
2010-09-16,326,44,12,18,Oil,0.387653,0.332335,43.0635,3.43932,0,0.000400863,0.000478042,-9.33991e-18,7.71792e-05,7.71792e-05,0.000478042,12,326,0,0,0
2010-09-17,326,44,12,18,Oil,0.262181,0.191006,43.09,3.43335,0,0.00102983,0.00089481,-1.5886e-18,-0.000135024,-0.000135024,0.00089481,12,326,0,0,0
2010-09-20,326,44,12,18,Oil,0.294066,0.288931,43.155,3.39789,5.42101e-20,0.0148365,0.0149172,-4.74607e-19,8.07971e-05,8.07971e-05,0.0149172,12,326,0,0,0
2010-09-21,326,44,12,18,Oil,0.380268,0.330329,42.5664,3.40216,1.35525e-19,-0.00247505,-0.00252993,3.0104e-18,-5.48839e-05,-5.48839e-05,-0.00252993,12,326,0,0,0
2010-09-22,326,44,12,18,Oil,0.325909,0.302812,42.701,3.39885,0,-0.00424659,-0.0042119,-1.34886e-17,3.46923e-05,3.46923e-05,-0.0042119,12,326,0,0,0
2010-09-23,326,44,12,18,Oil,0.524844,0.474543,42.8372,3.39965,1.0842e-19,-0.00880605,-0.00883409,-1.30854e-18,-2.80392e-05,-2.80392e-05,-0.00883409,12,326,0,0,0
2010-09-24,326,44,12,18,Oil,0.604824,0.569431,42.7612,3.38518,-1.0842e-19,0.0203346,0.0202257,-6.06837e-19,-0.000108918,-0.000108918,0.0202257,12,326,0,0,0
2010-09-27,326,44,12,18,Oil,0.291002,0.286479,42.5757,3.3915,1.0842e-19,-0.00569718,-0.00569857,-8.64274e-19,-1.3903e-06,-1.3903e-06,-0.00569857,12,326,0,0,0
2010-09-28,326,44,12,18,Oil,0.337512,0.252734,42.6361,3.37963,0,0.0045347,0.00454443,7.49688e-18,9.72642e-06,9.72642e-06,0.00454443,12,326,0,0,0
2010-09-29,326,44,12,18,Oil,0.311496,0.296643,42.569,3.36783,-5.42101e-20,-0.00254243,-0.00269229,3.49878e-19,-0.000149856,-0.000149856,-0.00269229,12,326,0,0,0
2010-09-30,326,44,12,18,Oil,0.218307,0.165133,42.574,3.37207,-5.42101e-20,-0.00312971,-0.00310167,1.38334e-17,2.80429e-05,2.80429e-05,-0.00310167,12,326,0,0,0
2010-10-01,326,44,12,18,Oil,0.390158,0.364874,42.5988,3.39122,8.13152e-20,0.00449516,0.00448556,-2.76717e-18,-9.60182e-06,-9.60182e-06,0.00448556,12,326,0,0,0
2010-10-04,326,44,12,18,Oil,0.261184,0.254939,42.5722,3.3621,-5.42101e-20,-0.00771438,-0.00768798,-5.29374e-19,2.63943e-05,2.63943e-05,-0.00768798,12,326,0,0,0
2010-10-05,326,44,12,18,Oil,0.35442,0.305066,42.692,3.37377,5.42101e-20,0.020034,0.0201699,-6.89272e-18,0.000135968,0.000135968,0.0201699,12,326,0,0,0
2010-10-06,326,44,12,18,Oil,0.423508,0.37466,42.5622,3.40354,1.0842e-19,0.00115189,0.00114304,-2.12769e-17,-8.84169e-06,-8.84169e-06,0.00114304,12,326,0,0,0
2010-10-07,326,44,12,18,Oil,0.24988,0.204799,42.5402,3.38389,3.79471e-19,-0.00148365,-0.00147657,5.81603e-19,7.08494e-06,7.08494e-06,-0.00147657,12,326,0,0,0
2010-10-08,326,44,12,18,Oil,0.397863,0.37863,42.566,3.40843,-1.0842e-19,0.00537774,0.00547692,-2.50599e-18,9.91808e-05,9.91808e-05,0.00547692,12,326,0,0,0
2010-10-11,326,44,12,18,Oil,0.184259,0.205883,42.5553,3.44519,1.35525e-19,-0.000275219,-0.000159439,4.53081e-18,0.000115781,0.000115781,-0.000159439,12,326,0,0,0
2010-10-12,326,44,12,18,Oil,0.430547,0.378042,42.6593,3.47928,-1.0842e-19,0.00348913,0.00354181,1.5565e-18,5.26797e-05,5.26797e-05,0.00354181,12,326,0,0,0
2010-10-13,326,44,12,18,Oil,0.372146,0.295105,42.9121,3.49592,-2.1684e-19,0.00699953,0.00685817,2.35651e-18,-0.000141358,-0.000141358,0.00685817,12,326,0,0,0
2010-10-14,326,44,12,18,Oil,0.549383,0.432257,42.7284,3.52104,-2.1684e-19,-0.00406576,-0.00404901,-4.39024e-18,1.67534e-05,1.67534e-05,-0.00404901,12,326,0,0,0
2010-10-15,326,44,12,18,Oil,0.497025,0.401729,42.6621,3.55598,-2.1684e-19,0.000193236,0.0002023,-5.98167e-18,9.06381e-06,9.06381e-06,0.0002023,12,326,0,0,0
2010-10-18,326,44,12,18,Oil,0.553952,0.464993,42.5936,3.58182,0,0.00779,0.00789847,-1.10649e-17,0.00010847,0.00010847,0.00789847,12,326,0,0,0
2010-10-19,326,44,12,18,Oil,0.293352,0.273857,42.5472,3.56215,0,-0.0158531,-0.0158907,-6.30826e-18,-3.76267e-05,-3.76267e-05,-0.0158907,12,326,0,0,0
2010-10-20,326,44,12,18,Oil,0.234761,0.238194,42.6992,3.54972,2.1684e-19,0.0107423,0.0107458,-2.69536e-18,3.4855e-06,3.4855e-06,0.0107458,12,326,0,0,0
2010-10-21,326,44,12,18,Oil,0.278243,0.247792,42.5545,3.53153,1.6263e-19,0.00228654,0.00228294,-2.86202e-18,-3.59976e-06,-3.59976e-06,0.00228294,12,326,0,0,0
2010-10-22,326,44,12,18,Oil,0.262742,0.243021,42.4112,3.53742,0,0.00181509,0.00174474,-8.36636e-18,-7.03435e-05,-7.03435e-05,0.00174474,12,326,0,0,0
2010-10-25,326,44,12,18,Oil,0.348613,0.295141,42.3509,3.532,0,0.00220189,0.00216916,-2.62067e-18,-3.27391e-05,-3.27391e-05,0.00216916,12,326,0,0,0
2010-10-26,326,44,12,18,Oil,0.176214,0.133483,42.4436,3.51831,5.42101e-20,0.000597611,0.00072372,-2.00674e-19,0.000126109,0.000126109,0.00072372,12,326,0,0,0
2010-10-27,326,44,12,18,Oil,0.32965,0.284441,42.5357,3.51391,-1.0842e-19,-0.00261965,-0.00264529,3.4667e-18,-2.56356e-05,-2.56356e-05,-0.00264529,12,326,0,0,0
2010-10-28,326,44,12,18,Oil,0.251261,0.233497,42.5915,3.50649,0,0.00149276,0.00158171,1.79795e-18,8.8949e-05,8.8949e-05,0.00158171,12,326,0,0,0
2010-10-29,326,44,12,18,Oil,0.175514,0.154681,42.7032,3.483,0,-0.000732416,-0.000658044,6.56023e-18,7.43722e-05,7.43722e-05,-0.000658044,12,326,0,0,0
2010-11-01,326,44,12,18,Oil,0.22521,0.231123,42.8371,3.51337,-5.42101e-20,0.000648099,0.000741177,-2.43356e-18,9.30782e-05,9.30782e-05,0.000741177,12,326,0,0,0
2010-11-02,326,44,12,18,Oil,0.310019,0.259411,42.7918,3.49338,-2.1684e-19,0.00771768,0.00780442,-1.09702e-18,8.67409e-05,8.67409e-05,0.00780442,12,326,0,0,0
2010-11-03,326,44,12,18,Oil,0.280196,0.275024,42.8324,3.49101,3.25261e-19,0.00411037,0.00409018,2.26942e-18,-2.01841e-05,-2.01841e-05,0.00409018,12,326,0,0,0
2010-11-04,326,44,12,18,Oil,0.5654,0.477139,42.8328,3.55656,-2.1684e-19,0.0198102,0.0197384,3.27834e-18,-7.18293e-05,-7.18293e-05,0.0197384,12,326,0,0,0
2010-11-05,326,44,12,18,Oil,0.424111,0.294592,42.7122,3.52778,4.33681e-19,0.0045112,0.0045921,1.51475e-19,8.09063e-05,8.09063e-05,0.0045921,12,326,0,0,0
2010-11-08,326,44,12,18,Oil,0.329746,0.349336,43.0304,3.54187,1.35525e-19,-0.00213179,-0.00215417,-1.21561e-18,-2.23796e-05,-2.23796e-05,-0.00215417,12,326,0,0,0
2010-11-09,326,44,12,18,Oil,0.424934,0.378866,43.062,3.56452,0,-0.00789392,-0.00781051,-3.66292e-19,8.34067e-05,8.34067e-05,-0.00781051,12,326,0,0,0
2010-11-10,326,44,12,18,Oil,0.418642,0.316421,42.7293,3.58533,-2.1684e-19,0.0043256,0.00428502,1.13671e-18,-4.05724e-05,-4.05724e-05,0.00428502,12,326,0,0,0
2010-11-11,326,44,12,18,Oil,0.355112,0.304682,42.7488,3.5738,1.30104e-18,-0.00455475,-0.00435592,-9.34822e-20,0.000198821,0.000198821,-0.00435592,12,326,0,0,0
2010-11-12,326,44,12,18,Oil,0.40589,0.360523,42.6238,3.5138,-2.71051e-19,-0.0115125,-0.0116194,1.12465e-19,-0.000106917,-0.000106917,-0.0116194,12,326,0,0,0
2010-11-15,326,44,12,18,Oil,0.262937,0.223136,42.4625,3.50854,2.1684e-19,-0.00101856,-0.00105843,1.08391e-18,-3.98642e-05,-3.98642e-05,-0.00105843,12,326,0,0,0
2010-11-16,326,44,12,18,Oil,0.384904,0.327599,42.4553,3.54688,0,-0.0156583,-0.015733,1.91065e-19,-7.47067e-05,-7.47067e-05,-0.015733,12,326,0,0,0
2010-11-17,326,44,12,18,Oil,0.259438,0.246664,42.353,3.5699,0,3.51273e-05,-5.55885e-05,1.40438e-19,-9.07158e-05,-9.07158e-05,-5.55885e-05,12,326,0,0,0
2010-11-18,326,44,12,18,Oil,0.311003,0.288646,42.295,3.57415,-5.42101e-20,0.0150015,0.0149826,1.99829e-18,-1.88731e-05,-1.88731e-05,0.0149826,12,326,0,0,0
2010-11-19,326,44,12,18,Oil,0.143283,0.129234,42.4945,3.59029,-8.13152e-20,0.00261094,0.00259873,-7.69048e-18,-1.22044e-05,-1.22044e-05,0.00259873,12,326,0,0,0
2010-11-22,326,44,12,18,Oil,0.469549,0.362793,42.4721,3.55644,-2.1684e-19,-0.00199309,-0.00188954,7.85732e-18,0.00010355,0.00010355,-0.00188954,12,326,0,0,0
2010-11-23,326,44,12,18,Oil,0.296758,0.291043,42.5525,3.55011,-1.0842e-19,-0.0141865,-0.0142515,1.23238e-18,-6.49911e-05,-6.49911e-05,-0.0142515,12,326,0,0,0
2010-11-24,326,44,12,18,Oil,0.517498,0.46424,42.5883,3.53972,-5.42101e-20,0.0145078,0.0145686,-2.40242e-18,6.08353e-05,6.08353e-05,0.0145686,12,326,0,0,0
2010-11-26,326,44,12,18,Oil,0.43515,0.408234,42.3343,3.5441,5.42101e-20,-0.00823434,-0.0081613,-3.08621e-18,7.30395e-05,7.30395e-05,-0.0081613,12,326,0,0,0
2010-11-29,326,44,12,18,Oil,0.376152,0.296934,42.3044,3.54978,-5.42101e-20,-5.86015e-05,-6.18003e-05,-3.51019e-18,-3.19876e-06,-3.19876e-06,-6.18003e-05,12,326,0,0,0
2010-11-30,326,44,12,18,Oil,0.289031,0.218197,42.1294,3.50236,-1.0842e-19,-0.00560169,-0.00555782,-6.91764e-18,4.38691e-05,4.38691e-05,-0.00555782,12,326,0,0,0
2010-12-01,326,44,12,18,Oil,0.355712,0.336948,42.3138,3.48253,0,0.0216286,0.0215948,-6.9187e-19,-3.37906e-05,-3.37906e-05,0.0215948,12,326,0,0,0
2010-12-02,326,44,12,18,Oil,0.381285,0.332714,42.0109,3.46272,5.42101e-20,0.0129685,0.0128656,-1.93587e-18,-0.000102948,-0.000102948,0.0128656,12,326,0,0,0
2010-12-03,326,44,12,18,Oil,0.28645,0.261889,41.9847,3.46766,-1.0842e-19,0.0027005,0.00262146,6.40674e-19,-7.90422e-05,-7.90422e-05,0.00262146,12,326,0,0,0
2010-12-06,326,44,12,18,Oil,0.224415,0.199316,41.9258,3.50392,-1.0842e-19,-0.00100097,-0.00107562,-4.69949e-18,-7.46446e-05,-7.46446e-05,-0.00107562,12,326,0,0,0
2010-12-07,326,44,12,18,Oil,0.186389,0.181603,42.0594,3.51735,0,0.000899608,0.000995228,-4.14463e-20,9.56203e-05,9.56203e-05,0.000995228,12,326,0,0,0
2010-12-08,326,44,12,18,Oil,0.4735,0.416484,42.2695,3.54867,-2.1684e-19,0.0041764,0.00424608,-7.2386e-18,6.96788e-05,6.96788e-05,0.00424608,12,326,0,0,0
2010-12-09,326,44,12,18,Oil,0.331645,0.282201,42.3188,3.57496,0,0.00438014,0.00432545,6.91571e-20,-5.46958e-05,-5.46958e-05,0.00432545,12,326,0,0,0
2010-12-10,326,44,12,18,Oil,0.204696,0.243375,42.1554,3.57231,1.0842e-19,0.00648365,0.00644022,-4.02265e-19,-4.34288e-05,-4.34288e-05,0.00644022,12,326,0,0,0
2010-12-13,326,44,12,18,Oil,0.326002,0.283293,42.3129,3.6091,0,0.000679107,0.000535969,-1.50955e-18,-0.000143138,-0.000143138,0.000535969,12,326,0,0,0
2010-12-14,326,44,12,18,Oil,0.320183,0.272814,42.4187,3.64702,-2.1684e-19,0.000740825,0.000736595,-1.1811e-19,-4.22971e-06,-4.22971e-06,0.000736595,12,326,0,0,0
2010-12-15,326,44,12,18,Oil,0.250857,0.239765,42.3543,3.61814,5.42101e-20,-0.00486367,-0.00482017,-1.15141e-18,4.35004e-05,4.35004e-05,-0.00482017,12,326,0,0,0
2010-12-16,326,44,12,18,Oil,0.210806,0.1586,42.1976,3.65168,1.0842e-19,0.00583287,0.00592225,7.89802e-18,8.93773e-05,8.93773e-05,0.00592225,12,326,0,0,0
2010-12-17,326,44,12,18,Oil,0.232934,0.22124,42.2229,3.62442,-1.35525e-19,0.000487052,0.000550164,9.16559e-20,6.31117e-05,6.31117e-05,0.000553363,12,326,0,0,0
2010-12-20,327,44,12,18,Oil,0.215692,0.215054,42.5539,3.76715,-1.0842e-19,0.00237716,0.00229046,4.16656e-19,-8.66988e-05,-8.66988e-05,0.00229046,12,327,0,0,0
2010-12-21,327,44,12,18,Oil,0.382047,0.320037,42.3911,3.75354,6.77626e-20,0.00579416,0.00585927,1.82463e-19,6.51162e-05,6.51162e-05,0.00585927,12,327,0,0,0
2010-12-22,327,44,12,18,Oil,0.463599,0.472745,42.4288,3.75344,1.6263e-19,0.0035698,0.00356116,3.72538e-18,-8.63726e-06,-8.63726e-06,0.00356116,12,327,0,0,0
2010-12-23,327,44,12,18,Oil,0.349789,0.303611,42.5298,3.73812,0,-0.00168126,-0.00166315,-4.01791e-19,1.8116e-05,1.8116e-05,-0.00166315,12,327,0,0,0
2010-12-27,327,44,12,18,Oil,0.380131,0.304706,42.6024,3.72139,2.1684e-19,0.000960394,0.000934042,-7.92317e-19,-2.6352e-05,-2.6352e-05,0.000934042,12,327,0,0,0
2010-12-28,327,44,12,18,Oil,0.33681,0.301325,42.6308,3.74754,1.6263e-19,0.000957428,0.000972092,5.62675e-19,1.46641e-05,1.46641e-05,0.000972092,12,327,0,0,0
2010-12-29,327,44,12,18,Oil,0.334066,0.288142,42.7164,3.77793,0,0.000926009,0.000842027,-8.84582e-18,-8.39818e-05,-8.39818e-05,0.000842027,12,327,0,0,0
2010-12-30,327,44,12,18,Oil,0.281057,0.268842,42.687,3.74477,-2.71051e-20,-0.00186721,-0.00184373,1.19881e-18,2.3489e-05,2.3489e-05,-0.00184373,12,327,0,0,0
2010-12-31,327,44,12,18,Oil,0.333221,0.354833,42.6486,3.76196,5.42101e-20,-4.01076e-05,-6.68213e-05,4.23656e-18,-2.67137e-05,-2.67137e-05,-6.68213e-05,12,327,0,0,0
2011-01-03,327,44,12,18,Oil,0.393361,0.360092,42.651,3.79923,0,0.0114054,0.0116,-1.45211e-18,0.000194535,0.000194535,0.0116,12,327,0,0,0
2011-01-04,327,44,12,18,Oil,0.468491,0.365666,42.8248,3.83106,1.35525e-19,-0.000612871,-0.000572745,-2.97781e-18,4.01263e-05,4.01263e-05,-0.000572745,12,327,0,0,0
2011-01-05,327,44,12,18,Oil,0.389271,0.370316,42.9681,3.87853,0,0.00484019,0.00474613,-9.39107e-19,-9.40659e-05,-9.40659e-05,0.00474613,12,327,0,0,0
2011-01-06,327,44,12,18,Oil,0.248675,0.213296,42.8374,3.8725,-5.42101e-20,-0.00174436,-0.00154394,-7.18854e-19,0.000200424,0.000200424,-0.00154394,12,327,0,0,0
2011-01-07,327,44,12,18,Oil,0.271144,0.209817,42.7896,3.87024,-1.0842e-19,-0.00203291,-0.0019746,-1.10295e-18,5.8313e-05,5.8313e-05,-0.0019746,12,327,0,0,0
2011-01-10,327,44,12,18,Oil,0.248585,0.208278,42.8687,3.87337,0,-0.00142019,-0.00135864,2.03074e-18,6.15509e-05,6.15509e-05,-0.00135864,12,327,0,0,0
2011-01-11,327,44,12,18,Oil,0.354198,0.309033,42.8484,3.87772,5.42101e-20,0.00376189,0.00364518,4.89641e-19,-0.000116711,-0.000116711,0.00364518,12,327,0,0,0
2011-01-12,327,44,12,18,Oil,0.208707,0.185747,43.0054,3.88269,-1.0842e-19,0.00929213,0.00944039,1.23585e-18,0.000148259,0.000148259,0.00944039,12,327,0,0,0
2011-01-13,327,44,12,18,Oil,0.188878,0.172705,42.8537,3.86613,5.42101e-20,-0.00221984,-0.00213187,-6.49207e-19,8.79675e-05,8.79675e-05,-0.00213187,12,327,0,0,0
2011-01-14,327,44,12,18,Oil,0.37502,0.328064,42.9364,3.7737,0,0.00758407,0.00755052,6.68023e-19,-3.35443e-05,-3.35443e-05,0.00755052,12,327,0,0,0
2011-01-18,327,44,12,18,Oil,0.351974,0.274995,42.8829,3.78479,1.0842e-19,0.00102772,0.00100165,-7.83363e-18,-2.60723e-05,-2.60723e-05,0.00100165,12,327,0,0,0
2011-01-19,327,44,12,18,Oil,0.563758,0.513687,42.6952,3.76551,-1.6263e-19,-0.00933803,-0.00932251,-3.74552e-19,1.5519e-05,1.5519e-05,-0.00932251,12,327,0,0,0
2011-01-20,327,44,12,18,Oil,0.370654,0.359174,42.9643,3.75723,-3.25261e-19,-0.000546578,-0.000583836,-6.31977e-18,-3.72579e-05,-3.72579e-05,-0.000583836,12,327,0,0,0
2011-01-21,327,44,12,18,Oil,0.355296,0.271696,42.9651,3.78569,-2.71051e-19,0.0029226,0.00300148,-2.62979e-19,7.88729e-05,7.88729e-05,0.00300148,12,327,0,0,0
2011-01-24,327,44,12,18,Oil,0.411164,0.389802,43.0558,3.78759,5.42101e-20,0.00540509,0.0054935,6.34589e-19,8.84087e-05,8.84087e-05,0.0054935,12,327,0,0,0
2011-01-25,327,44,12,18,Oil,0.267456,0.224369,43.0756,3.75472,-1.6263e-19,0.000287058,0.000438857,6.90431e-19,0.000151799,0.000151799,0.000438857,12,327,0,0,0
2011-01-26,327,44,12,18,Oil,0.466682,0.464785,42.9147,3.71851,4.33681e-19,0.00401483,0.00403114,-9.33153e-19,1.63011e-05,1.63011e-05,0.00403114,12,327,0,0,0
2011-01-27,327,44,12,18,Oil,0.328991,0.291114,42.8451,3.73733,-1.0842e-19,0.00292632,0.00305203,2.06189e-18,0.000125717,0.000125717,0.00305203,12,327,0,0,0
2011-01-28,327,44,12,18,Oil,0.390368,0.352926,42.1206,3.74995,0,-0.0176592,-0.0176797,5.44608e-20,-2.0555e-05,-2.0555e-05,-0.0176797,12,327,0,0,0
2011-01-31,327,44,12,18,Oil,0.414149,0.347533,42.0175,3.8124,3.25261e-19,0.00691639,0.00694044,-2.4661e-18,2.40454e-05,2.40454e-05,0.00694044,12,327,0,0,0
2011-02-01,327,44,12,18,Oil,0.365849,0.358521,42.0894,3.76678,0,0.0165311,0.0167988,-2.25957e-18,0.000267727,0.000267727,0.0167988,12,327,0,0,0
2011-02-02,327,44,12,18,Oil,0.353882,0.341955,41.9691,3.72622,0,-0.00247991,-0.00268658,-3.8747e-18,-0.00020667,-0.00020667,-0.00268658,12,327,0,0,0
2011-02-03,327,44,12,18,Oil,0.188499,0.214179,42.087,3.76298,5.42101e-20,0.00196682,0.00200989,-4.95586e-18,4.30774e-05,4.30774e-05,0.00200989,12,327,0,0,0
2011-02-04,327,44,12,18,Oil,0.255838,0.228374,41.9372,3.76164,-2.71051e-20,0.00215553,0.00221839,4.71818e-18,6.28602e-05,6.28602e-05,0.00221839,12,327,0,0,0
2011-02-07,327,44,12,18,Oil,0.333924,0.233339,41.9894,3.77693,0,0.00637044,0.0064496,3.89847e-18,7.91654e-05,7.91654e-05,0.0064496,12,327,0,0,0
2011-02-08,327,44,12,18,Oil,0.207034,0.153136,42.0349,3.77482,1.0842e-19,0.0048117,0.00470587,6.92739e-19,-0.000105825,-0.000105825,0.00470587,12,327,0,0,0
2011-02-09,327,44,12,18,Oil,0.383011,0.308764,42.071,3.78649,1.0842e-19,-0.00284602,-0.00280237,-1.28357e-18,4.36504e-05,4.36504e-05,-0.00280237,12,327,0,0,0
2011-02-10,327,44,12,18,Oil,0.201145,0.0733503,42.169,3.83902,0,-1.17039e-06,4.25565e-05,-5.27832e-18,4.37269e-05,4.37269e-05,4.25565e-05,12,327,0,0,0
2011-02-11,327,44,12,18,Oil,0.328897,0.266148,42.0405,3.72188,0,0.00565706,0.00561202,-3.26838e-19,-4.50376e-05,-4.50376e-05,0.00561202,12,327,0,0,0
2011-02-14,327,44,12,18,Oil,0.47122,0.408039,42.0306,3.76334,-2.1684e-19,0.0018924,0.00199889,-1.16799e-18,0.000106492,0.000106492,0.00199889,12,327,0,0,0
2011-02-15,327,44,12,18,Oil,0.259307,0.262988,42.0699,3.75826,1.6263e-19,-0.00269893,-0.00294463,-3.8423e-18,-0.0002457,-0.0002457,-0.00294463,12,327,0,0,0
2011-02-16,327,44,12,18,Oil,0.220801,0.236826,42.0798,3.77554,-2.1684e-19,0.00582063,0.00579421,-1.20163e-18,-2.64214e-05,-2.64214e-05,0.00579421,12,327,0,0,0
2011-02-17,327,44,12,18,Oil,0.278558,0.293136,42.1838,3.81416,0,0.00288888,0.00285722,-6.06909e-18,-3.16572e-05,-3.16572e-05,0.00285722,12,327,0,0,0
2011-02-18,327,44,12,18,Oil,0.388368,0.335948,41.9944,3.79494,0,0.00209967,0.00199635,5.65323e-20,-0.000103321,-0.000103321,0.00199635,12,327,0,0,0
2011-02-22,327,44,12,18,Oil,0.577663,0.566013,41.9538,3.78076,-2.1684e-19,-0.0203755,-0.0203291,-2.20954e-19,4.63958e-05,4.63958e-05,-0.0203291,12,327,0,0,0
2011-02-23,327,44,12,18,Oil,0.466908,0.468215,42.0837,3.79136,0,-0.00700284,-0.00677624,-1.06121e-17,0.000226594,0.000226594,-0.00677624,12,327,0,0,0
2011-02-24,327,44,12,18,Oil,0.396732,0.361854,42.1892,3.75064,0,-0.00134344,-0.00120367,1.11113e-19,0.000139769,0.000139769,-0.00120367,12,327,0,0,0
2011-02-25,327,44,12,18,Oil,0.311834,0.284918,42.1908,3.76089,-1.6263e-19,0.00955042,0.00935559,6.65597e-18,-0.000194825,-0.000194825,0.00935559,12,327,0,0,0
2011-02-28,327,44,12,18,Oil,0.365009,0.326328,42.1588,3.79914,1.0842e-19,0.00514224,0.00514621,-1.23586e-19,3.96959e-06,3.96959e-06,0.00514621,11,327,0,0,0
2011-03-01,327,44,12,18,Oil,0.416162,0.355988,42.3681,3.81917,5.42101e-20,-0.0154244,-0.0152779,3.02528e-18,0.000146479,0.000146479,-0.0152779,11,327,0,0,0
2011-03-02,327,44,12,18,Oil,0.254686,0.250972,42.3553,3.77263,5.42101e-20,0.0018563,0.00185327,-4.92834e-19,-3.02291e-06,-3.02291e-06,0.00185327,10,327,0,0,0
2011-03-03,327,44,12,18,Oil,0.385284,0.331958,42.4528,3.78826,0,0.0171877,0.0170511,1.33278e-18,-0.000136642,-0.000136642,0.0170511,10,327,0,0,0
2011-03-04,327,44,12,18,Oil,0.304996,0.27801,42.4307,3.82789,1.0842e-19,-0.00764076,-0.00758379,-1.98002e-18,5.69693e-05,5.69693e-05,-0.00758379,10,327,0,0,0
2011-03-07,327,44,12,18,Oil,0.29639,0.257568,42.3524,3.79119,2.71051e-20,-0.00798358,-0.00799924,-4.95711e-18,-1.56535e-05,-1.56535e-05,-0.00799924,10,327,0,0,0
2011-03-08,327,44,12,18,Oil,0.435739,0.370177,42.3858,3.81804,0,0.00971131,0.00975516,1.24484e-18,4.38439e-05,4.38439e-05,0.00975516,10,327,0,0,0
2011-03-09,327,44,12,18,Oil,0.446931,0.418587,42.2526,3.80434,3.79471e-19,-0.00105204,-0.00104392,-1.5254e-20,8.1246e-06,8.1246e-06,-0.00104392,10,327,0,0,0
2011-03-10,327,44,12,18,Oil,0.472212,0.399056,42.2315,3.83105,3.25261e-19,-0.0186288,-0.0186528,1.37165e-18,-2.39746e-05,-2.39746e-05,-0.0186528,10,327,0,0,0
2011-03-11,327,44,12,18,Oil,0.398001,0.378615,42.1385,3.80187,0,0.00706943,0.0070701,5.53913e-19,6.77092e-07,6.77092e-07,0.0070701,10,327,0,0,0
2011-03-14,327,44,12,18,Oil,0.330341,0.28148,41.9578,3.79428,-1.0842e-19,-0.00603622,-0.00600498,-2.28285e-19,3.12351e-05,3.12351e-05,-0.00600498,10,327,0,0,0
2011-03-15,327,44,12,18,Oil,0.326219,0.270658,42.0642,3.77064,-2.1684e-19,-0.0110127,-0.0109853,-3.05323e-18,2.7449e-05,2.7449e-05,-0.0109853,10,327,0,0,0
2011-03-16,327,44,12,18,Oil,0.336694,0.254574,42.2485,3.79529,0,-0.0201543,-0.0202279,-2.16846e-17,-7.3582e-05,-7.3582e-05,-0.0202279,10,327,0,0,0
2011-03-17,327,44,12,18,Oil,0.475798,0.383078,41.9793,3.8084,-4.33681e-19,0.0136407,0.0135191,-3.26862e-20,-0.000121566,-0.000121566,0.0135191,10,327,0,0,0
2011-03-18,327,44,12,18,Oil,0.358296,0.295956,41.9029,3.75171,-1.0842e-19,0.0042209,0.00418785,-2.29719e-18,-3.30435e-05,-3.30435e-05,0.00418785,10,327,0,0,0
2011-03-21,327,44,12,18,Oil,0.497212,0.479612,42.0148,3.77138,4.33681e-19,0.0147934,0.0147758,6.40982e-18,-1.76006e-05,-1.76006e-05,0.0147758,10,327,0,0,0
2011-03-22,327,44,12,18,Oil,0.327413,0.284631,42.0313,3.76376,-1.0842e-19,-0.00320949,-0.00327471,-1.65277e-18,-6.52188e-05,-6.52188e-05,-0.00327471,10,327,0,0,0
2011-03-23,327,44,12,18,Oil,0.393699,0.337837,42.0287,3.74825,-2.1684e-19,0.00303667,0.00299135,6.67949e-18,-4.53248e-05,-4.53248e-05,0.00299135,10,327,0,0,0
2011-03-24,327,44,12,18,Oil,0.302277,0.237901,41.8136,3.65532,0,0.00897915,0.00895226,-6.19381e-19,-2.68871e-05,-2.68871e-05,0.00895226,10,327,0,0,0
2011-03-25,327,44,12,18,Oil,0.265625,0.233612,41.677,3.59635,-1.35525e-20,0.0030608,0.00323334,-9.48995e-18,0.000172538,0.000172538,0.00323334,10,327,0,0,0
2011-03-28,327,44,12,18,Oil,0.173487,0.164447,41.6329,3.59468,4.33681e-19,-0.00221032,-0.00227239,3.42424e-19,-6.2073e-05,-6.2073e-05,-0.00227239,10,327,0,0,0
2011-03-29,327,44,12,18,Oil,0.232218,0.200436,41.917,3.63341,-1.0842e-19,0.00728699,0.00714023,7.38463e-19,-0.000146763,-0.000146763,0.00714023,10,327,0,0,0
2011-03-30,327,44,12,18,Oil,0.192397,0.175254,41.916,3.58285,0,0.00659075,0.00672477,5.5334e-18,0.000134026,0.000134026,0.00672477,10,327,0,0,0
2011-03-31,327,44,12,18,Oil,0.178692,0.152662,41.8642,3.55455,0,-0.00158977,-0.0016312,-3.67824e-18,-4.14282e-05,-4.14282e-05,-0.00163979,10,327,0,0,0
2011-04-01,328,44,12,18,Oil,0.303442,0.234438,42.0125,3.56079,0,0.0046289,0.00471028,3.36001e-18,8.13777e-05,8.13777e-05,0.00470933,10,328,0,0,0
2011-04-04,328,44,12,18,Oil,0.360814,0.29546,42.2526,3.62221,0,0.000827824,0.000838512,9.79265e-19,1.06882e-05,1.06882e-05,0.000838512,10,328,0,0,0
2011-04-05,328,44,12,18,Oil,0.378804,0.382086,42.3792,3.64852,0,0.000375297,0.000344902,-3.82007e-18,-3.03945e-05,-3.03945e-05,0.000344902,10,328,0,0,0
2011-04-06,328,44,12,18,Oil,0.488556,0.427122,42.3654,3.67478,0,0.00331698,0.0033484,-1.212e-18,3.1422e-05,3.1422e-05,0.0033484,10,328,0,0,0
2011-04-07,328,44,12,18,Oil,0.252447,0.197633,42.4453,3.66938,-4.06576e-20,-0.00178331,-0.00169762,2.46434e-18,8.5689e-05,8.5689e-05,-0.00169762,10,328,0,0,0
2011-04-08,328,44,12,18,Oil,0.321322,0.254688,42.5146,3.6196,1.0842e-19,-0.00377687,-0.00387781,1.09379e-18,-0.000100938,-0.000100938,-0.00387781,10,328,0,0,0
2011-04-11,328,44,12,18,Oil,0.512127,0.45368,42.5971,3.60308,1.0842e-19,-0.002852,-0.00278951,-1.18054e-18,6.24877e-05,6.24877e-05,-0.00278951,10,328,0,0,0
2011-04-12,328,44,12,18,Oil,0.516188,0.414881,42.668,3.62246,-4.33681e-19,-0.00726396,-0.00717705,3.72016e-19,8.69187e-05,8.69187e-05,-0.00717705,10,328,0,0,0
2011-04-13,328,44,12,18,Oil,0.421336,0.36338,42.5223,3.58443,-1.0842e-19,-0.000533599,-0.000539087,-3.78583e-18,-5.48815e-06,-5.48815e-06,-0.000539087,10,328,0,0,0
2011-04-14,328,44,12,18,Oil,0.274502,0.17818,42.4801,3.62567,0,-0.000242127,-0.000253472,2.80601e-18,-1.1345e-05,-1.1345e-05,-0.000253472,10,328,0,0,0
2011-04-15,328,44,12,18,Oil,0.381364,0.291468,42.5677,3.68267,0,0.00451235,0.00452979,-5.86172e-19,1.74462e-05,1.74462e-05,0.00452979,10,328,0,0,0
2011-04-18,328,44,12,18,Oil,0.266337,0.230306,42.5367,3.73565,-1.0842e-19,-0.0108781,-0.0107709,-8.09419e-19,0.000107192,0.000107192,-0.0107709,10,328,0,0,0
2011-04-19,328,44,12,18,Oil,0.278212,0.251146,42.5952,3.73163,-1.0842e-19,0.00586695,0.00593606,-7.60801e-18,6.91181e-05,6.91181e-05,0.00593606,10,328,0,0,0
2011-04-20,328,44,12,18,Oil,0.431564,0.409106,42.539,3.75623,2.1684e-19,0.0130019,0.0129663,-6.82987e-19,-3.55404e-05,-3.55404e-05,0.0129663,10,328,0,0,0
2011-04-21,328,44,12,18,Oil,0.193078,0.153844,42.4278,3.71297,-1.0842e-19,0.00540577,0.00540642,-1.83464e-18,6.56338e-07,6.56338e-07,0.00540642,10,328,0,0,0
2011-04-25,328,44,12,18,Oil,0.258425,0.231202,42.4189,3.61351,-4.87891e-19,-0.00144028,-0.00137469,-1.67969e-18,6.55845e-05,6.55845e-05,-0.00137469,10,328,0,0,0
2011-04-26,328,44,12,18,Oil,0.388954,0.343842,42.6479,3.62919,0,0.00926175,0.00921308,-1.52384e-18,-4.86717e-05,-4.86717e-05,0.00921308,10,328,0,0,0
2011-04-27,328,44,12,18,Oil,0.25615,0.22111,42.6066,3.63646,0,0.00654679,0.00659828,-3.60326e-18,5.14811e-05,5.14811e-05,0.0065874,10,328,0,0,0
2011-04-28,329,44,12,18,Oil,0.280441,0.245132,42.4096,3.65337,0,0.00323836,0.00314557,2.42335e-19,-9.27824e-05,-9.27824e-05,0.00314557,10,329,0,0,0
2011-04-29,329,44,12,18,Oil,0.217625,0.198255,42.4692,3.69956,0,0.00224853,0.00201431,1.10778e-18,-0.000234221,-0.000234221,0.00201431,10,329,0,0,0
2011-05-02,329,44,12,18,Oil,0.375607,0.367258,42.8071,3.65904,-1.0842e-19,-0.00128404,-0.00132043,6.72088e-19,-3.63936e-05,-3.63936e-05,-0.00132043,10,329,0,0,0
2011-05-03,329,44,12,18,Oil,0.494821,0.459662,43.0527,3.66566,-4.33681e-19,-0.00279181,-0.00269034,3.30414e-18,0.000101468,0.000101468,-0.00269034,10,329,0,0,0
2011-05-04,329,44,12,18,Oil,0.403802,0.299218,43.2166,3.66449,1.0842e-19,-0.00677636,-0.00675762,9.44844e-19,1.87403e-05,1.87403e-05,-0.00675762,10,329,0,0,0
2011-05-05,329,44,12,18,Oil,0.419437,0.365333,42.9691,3.629,0,-0.00922404,-0.00922079,2.61894e-18,3.24903e-06,3.24903e-06,-0.00922079,10,329,0,0,0
2011-05-06,329,44,12,18,Oil,0.21673,0.205899,42.6724,3.63003,0,0.00378248,0.00375003,7.27767e-19,-3.24522e-05,-3.24522e-05,0.00375003,10,329,0,0,0
2011-05-09,329,44,12,18,Oil,0.418813,0.356187,42.9213,3.63708,-2.1684e-19,0.00383138,0.00372271,-8.75761e-18,-0.000108671,-0.000108671,0.00372271,10,329,0,0,0
2011-05-10,329,44,12,18,Oil,0.22964,0.188211,42.8584,3.60704,0,0.00778413,0.0077328,-1.04242e-17,-5.13311e-05,-5.13311e-05,0.0077328,10,329,0,0,0
2011-05-11,329,44,12,18,Oil,0.532361,0.470622,42.7113,3.57204,-3.25261e-19,-0.010188,-0.0100507,8.31002e-20,0.000137237,0.000137237,-0.0100507,10,329,0,0,0
2011-05-12,329,44,12,18,Oil,0.359467,0.338275,42.5963,3.55427,-5.42101e-20,0.00490914,0.00503436,3.23352e-18,0.000125226,0.000125226,0.00503436,10,329,0,0,0
2011-05-13,329,44,12,18,Oil,0.309746,0.270319,42.7498,3.53058,2.1684e-19,-0.00798468,-0.00808513,-5.39234e-19,-0.000100456,-0.000100456,-0.00808513,10,329,0,0,0
2011-05-16,329,44,12,18,Oil,0.469311,0.433544,42.785,3.56236,-1.0842e-19,-0.00576706,-0.00576931,-1.00151e-18,-2.24264e-06,-2.24264e-06,-0.00576931,10,329,0,0,0
2011-05-17,329,44,12,18,Oil,0.409476,0.410924,42.8227,3.58298,-5.42101e-20,-0.000523324,-0.000413292,9.13039e-20,0.000110032,0.000110032,-0.000413292,10,329,0,0,0
2011-05-18,329,44,12,18,Oil,0.46791,0.443618,42.8405,3.61254,1.0842e-19,0.00810444,0.00815987,3.01735e-18,5.54304e-05,5.54304e-05,0.00815987,10,329,0,0,0
2011-05-19,329,44,12,18,Oil,0.245229,0.191565,42.9258,3.60774,1.35525e-19,0.00234693,0.00242051,-1.94249e-18,7.3578e-05,7.3578e-05,0.00242051,10,329,0,0,0
2011-05-20,329,44,12,18,Oil,0.272214,0.249086,42.9471,3.60977,-1.0842e-19,-0.00804081,-0.00816389,-2.24331e-18,-0.000123075,-0.000123075,-0.00816389,10,329,0,0,0
2011-05-23,329,44,12,18,Oil,0.38846,0.309713,43.2073,3.60791,5.42101e-20,-0.0117878,-0.0117162,1.54101e-18,7.16751e-05,7.16751e-05,-0.0117162,10,329,0,0,0
2011-05-24,329,44,12,18,Oil,0.365974,0.28942,43.3671,3.61154,2.1684e-19,-0.0010492,-0.0010893,-5.57085e-19,-4.01056e-05,-4.01056e-05,-0.0010893,10,329,0,0,0
2011-05-25,329,44,12,18,Oil,0.462722,0.425752,43.503,3.56843,3.25261e-19,0.00273147,0.00277811,2.04325e-18,4.6645e-05,4.6645e-05,0.00277811,10,329,0,0,0
2011-05-26,329,44,12,18,Oil,0.319708,0.271194,43.4424,3.6427,1.6263e-19,0.00372736,0.00375888,3.2476e-18,3.15203e-05,3.15203e-05,0.00375888,10,329,0,0,0
2011-05-27,329,44,12,18,Oil,0.246436,0.256702,43.382,3.65093,-1.0842e-19,0.00433421,0.0043718,-1.46989e-19,3.75908e-05,3.75908e-05,0.0043718,10,329,0,0,0
2011-05-31,329,44,12,18,Oil,0.392033,0.330678,43.2948,3.64453,1.0842e-19,0.0107318,0.010803,-1.32302e-18,7.11487e-05,7.11487e-05,0.010803,10,329,0,0,0
2011-06-01,329,44,12,18,Oil,0.655695,0.613566,43.248,3.67623,1.0842e-19,-0.0228608,-0.0228132,-3.60502e-18,4.75724e-05,4.75724e-05,-0.0228132,10,329,0,0,0
2011-06-02,329,44,12,18,Oil,0.446152,0.372394,43.3835,3.66108,-1.0842e-19,-0.00117213,-0.00127479,8.98864e-19,-0.000102667,-0.000102667,-0.00127479,10,329,0,0,0
2011-06-03,329,44,12,18,Oil,0.524927,0.563177,43.3706,3.58957,0,-0.00942656,-0.00945538,3.27168e-18,-2.88273e-05,-2.88273e-05,-0.00945538,10,329,0,0,0
2011-06-06,329,44,12,18,Oil,0.562095,0.525978,44.6787,3.56759,-1.35525e-19,-0.0101973,-0.010203,-8.92497e-19,-5.74558e-06,-5.74558e-06,-0.010203,10,329,0,0,0
2011-06-07,329,44,12,18,Oil,0.262156,0.176499,45.1651,3.589,-2.71051e-20,-0.00117651,-0.00121382,2.26577e-18,-3.73077e-05,-3.73077e-05,-0.00121382,10,329,0,0,0
2011-06-08,329,44,12,18,Oil,0.445529,0.3801,45.3013,3.6056,-1.0842e-19,-0.00353475,-0.00358575,-2.10483e-18,-5.10033e-05,-5.10033e-05,-0.00358575,10,329,0,0,0
2011-06-09,329,44,12,18,Oil,0.29387,0.210219,45.3334,3.64947,-1.6263e-19,0.00757186,0.00742806,-3.53435e-18,-0.000143799,-0.000143799,0.00742806,10,329,0,0,0
2011-06-10,329,44,12,18,Oil,0.396199,0.344352,45.0891,3.6495,-2.1684e-19,-0.0132698,-0.0132936,2.41092e-18,-2.37971e-05,-2.37971e-05,-0.0132936,10,329,0,0,0
2011-06-13,329,44,12,18,Oil,0.494358,0.414606,45.0928,3.62294,0,0.00158316,0.00164282,-3.41737e-18,5.96552e-05,5.96552e-05,0.00164282,10,329,0,0,0
2011-06-14,329,44,12,18,Oil,0.458441,0.416569,45.1599,3.6273,0,0.0116942,0.0117901,2.94601e-18,9.58565e-05,9.58565e-05,0.0117901,10,329,0,0,0
2011-06-15,329,44,12,18,Oil,0.507737,0.497805,45.2116,3.64828,-2.1684e-19,-0.0176509,-0.0176612,8.30466e-18,-1.03066e-05,-1.03066e-05,-0.0176612,10,329,0,0,0
2011-06-16,329,44,12,18,Oil,0.427291,0.4156,45.2006,3.65329,1.0842e-19,0.00265058,0.00260108,2.77555e-18,-4.95006e-05,-4.95006e-05,0.00260108,10,329,0,0,0
2011-06-17,329,44,12,18,Oil,0.332796,0.326582,45.1685,3.67386,-1.89735e-19,0.00340215,0.00338588,1.64925e-18,-1.62721e-05,-1.62721e-05,0.00338588,10,329,0,0,0
2011-06-20,329,44,12,18,Oil,0.345008,0.306035,45.1666,3.6998,-1.0842e-19,0.00541785,0.00538919,-4.42606e-18,-2.86568e-05,-2.86568e-05,0.00538919,10,329,0,0,0
2011-06-21,329,44,12,18,Oil,0.670766,0.628349,44.9309,3.68041,5.42101e-20,0.0131404,0.013181,-3.50467e-18,4.06195e-05,4.06195e-05,0.013181,10,329,0,0,0
2011-06-22,329,44,12,18,Oil,0.181265,0.148438,44.9643,3.67096,-2.71051e-20,-0.00646402,-0.00648774,5.43109e-18,-2.3714e-05,-2.3714e-05,-0.00648774,10,329,0,0,0
2011-06-23,329,44,12,18,Oil,0.490388,0.454214,45.0093,3.65335,0,-0.00249388,-0.00248038,1.77166e-18,1.35001e-05,1.35001e-05,-0.00248038,10,329,0,0,0
2011-06-24,329,44,12,18,Oil,0.341925,0.356572,44.5915,3.67936,1.6263e-19,-0.0122296,-0.0122839,7.81841e-18,-5.42229e-05,-5.42229e-05,-0.0122839,10,329,0,0,0
2011-06-27,329,44,12,18,Oil,0.296194,0.261224,44.1644,3.63145,-1.0842e-19,0.00941155,0.00951549,-5.74394e-18,0.000103934,0.000103934,0.00951549,10,329,0,0,0
2011-06-28,329,44,12,18,Oil,0.52368,0.445333,44.4113,3.6668,0,0.0126408,0.0126427,2.87425e-18,1.87999e-06,1.87999e-06,0.0126427,10,329,0,0,0
2011-06-29,329,44,12,18,Oil,0.37968,0.294795,44.5222,3.64244,-5.42101e-20,0.00855586,0.0084204,1.32429e-18,-0.000135455,-0.000135455,0.0084204,10,329,0,0,0
2011-06-30,329,44,12,18,Oil,0.36401,0.33331,44.4296,3.61085,2.71051e-20,0.0100064,0.00985806,-3.8145e-19,-0.000148342,-0.000148342,0.00985806,10,329,0,0,0
2011-07-01,329,44,12,18,Oil,0.413014,0.355491,44.2157,3.59366,2.1684e-19,0.0143322,0.0143475,-3.22742e-18,1.53244e-05,1.53244e-05,0.0143475,10,329,0,0,0
2011-07-05,329,44,12,18,Oil,0.522783,0.518724,44.2091,3.61529,3.25261e-19,-0.00163705,-0.00166711,-2.17574e-18,-3.0056e-05,-3.0056e-05,-0.00160732,10,329,0,0,0
2011-07-06,330,44,12,18,Oil,0.330428,0.245102,44.3472,3.62164,0,0.00198313,0.00196568,-5.3773e-18,-1.74481e-05,-1.74481e-05,0.00196568,10,330,0,0,0
2011-07-07,330,44,12,18,Oil,0.387148,0.341016,44.4038,3.60006,-1.89735e-19,0.010599,0.0105869,1.03303e-19,-1.20489e-05,-1.20489e-05,0.0105869,10,330,0,0,0
2011-07-08,330,44,12,18,Oil,0.429356,0.368624,44.4143,3.65653,1.6263e-19,-0.00646495,-0.0063581,3.0095e-18,0.000106847,0.000106847,-0.0063581,10,330,0,0,0
2011-07-11,330,44,12,18,Oil,0.583119,0.524184,44.371,3.62037,0,-0.0178735,-0.0177236,-1.31354e-18,0.000149913,0.000149913,-0.0177236,10,330,0,0,0
2011-07-12,330,44,12,18,Oil,0.449254,0.401068,44.6671,3.6568,-2.71051e-19,-0.0049265,-0.0048264,-1.3831e-18,0.0001001,0.0001001,-0.0048264,10,330,0,0,0
2011-07-13,330,44,12,18,Oil,0.411205,0.37727,44.7151,3.69228,0,0.00288113,0.0030062,-7.13712e-18,0.000125074,0.000125074,0.0030062,10,330,0,0,0
2011-07-14,330,44,12,18,Oil,0.326493,0.313186,44.7247,3.6512,1.0842e-19,-0.00608649,-0.0061846,8.17706e-18,-9.8115e-05,-9.8115e-05,-0.0061846,10,330,0,0,0
2011-07-15,330,44,12,18,Oil,0.445429,0.406707,44.8425,3.67008,0,0.00353779,0.00349985,8.1123e-18,-3.79442e-05,-3.79442e-05,0.00349985,10,330,0,0,0
2011-07-18,330,44,12,18,Oil,0.482901,0.405353,44.6877,3.62565,2.1684e-19,-0.0080428,-0.00798381,7.3519e-18,5.89948e-05,5.89948e-05,-0.00798381,10,330,0,0,0
2011-07-19,330,44,12,18,Oil,0.327326,0.306521,44.8446,3.66315,-1.0842e-19,0.0157767,0.0157779,-8.70063e-19,1.26104e-06,1.26104e-06,0.0157779,10,330,0,0,0
2011-07-20,330,44,12,18,Oil,0.356615,0.292013,44.7143,3.61444,0,-0.000109338,-3.03739e-05,-1.77083e-17,7.89644e-05,7.89644e-05,-3.03739e-05,10,330,0,0,0
2011-07-21,330,44,12,18,Oil,0.27086,0.184269,44.5251,3.62028,-4.33681e-19,0.0135518,0.0134924,2.16836e-18,-5.94606e-05,-5.94606e-05,0.0134924,10,330,0,0,0
2011-07-22,330,44,12,18,Oil,0.285143,0.246686,44.9027,3.54995,1.35525e-19,0.000524505,0.000651115,-3.33472e-18,0.00012661,0.00012661,0.000651115,10,330,0,0,0
2011-07-25,330,44,12,18,Oil,0.297749,0.27468,44.9047,3.55639,-5.42101e-20,-0.00516971,-0.00519698,-3.29075e-18,-2.72611e-05,-2.72611e-05,-0.00519698,10,330,0,0,0
2011-07-26,330,44,12,18,Oil,0.349728,0.308105,44.9357,3.5586,1.89735e-19,-0.00449294,-0.00439653,-3.52688e-18,9.64059e-05,9.64059e-05,-0.00439653,10,330,0,0,0
2011-07-27,330,44,12,18,Oil,0.44767,0.443027,44.866,3.49842,1.89735e-19,-0.0197896,-0.0197728,-6.78844e-19,1.6796e-05,1.6796e-05,-0.0197728,10,330,0,0,0
2011-07-28,330,44,12,18,Oil,0.233885,0.21971,45.2145,3.5279,2.1684e-19,-0.00297339,-0.00317955,5.63206e-18,-0.000206156,-0.000206156,-0.00317955,10,330,0,0,0
2011-07-29,330,44,12,18,Oil,0.280196,0.301481,45.4346,3.51804,5.42101e-20,-0.00632143,-0.00638091,1.20203e-18,-5.94777e-05,-5.94777e-05,-0.00638091,10,330,0,0,0
2011-08-01,330,44,12,18,Oil,0.353774,0.304052,44.5565,3.49541,0,-0.00407202,-0.00404318,1.05745e-18,2.88325e-05,2.88325e-05,-0.00404318,10,330,0,0,0
2011-08-02,330,44,12,18,Oil,0.632003,0.611485,44.8253,3.49626,1.0842e-19,-0.0248537,-0.0249001,-3.74359e-18,-4.63523e-05,-4.63523e-05,-0.0249001,10,330,0,0,0
2011-08-03,330,44,12,18,Oil,0.28426,0.226729,45.5631,3.51227,0,0.00555412,0.00561824,2.09655e-19,6.41175e-05,6.41175e-05,0.00561824,10,330,0,0,0
2011-08-04,330,44,12,18,Oil,0.631997,0.577726,45.4535,3.43907,-3.25261e-19,-0.0464026,-0.0463301,7.4534e-18,7.24965e-05,7.24965e-05,-0.0463301,10,330,0,0,0
2011-08-05,330,44,12,18,Oil,0.403211,0.34934,46.2143,3.40955,-1.0842e-19,-0.000154906,-9.8856e-05,-4.3199e-19,5.60496e-05,5.60496e-05,-9.8856e-05,10,330,0,0,0
2011-08-08,330,44,12,18,Oil,0.728239,0.689478,46.3186,3.41439,-2.1684e-19,-0.0655628,-0.0654382,-1.87496e-18,0.000124656,0.000124656,-0.0654382,10,330,0,0,0
2011-08-09,330,44,12,18,Oil,0.601669,0.547228,47.1184,3.46002,1.0842e-19,0.0463467,0.046364,-1.3869e-17,1.72545e-05,1.72545e-05,0.046364,10,330,0,0,0
2011-08-10,330,44,12,18,Oil,0.589193,0.568887,47.1745,3.39576,-1.0842e-19,-0.044627,-0.0445699,4.43275e-18,5.70824e-05,5.70824e-05,-0.0445699,10,330,0,0,0
2011-08-11,330,44,12,18,Oil,0.396596,0.384758,47.2369,3.4496,-1.0842e-19,0.0454343,0.0453376,-6.65947e-18,-9.66991e-05,-9.66991e-05,0.0453376,10,330,0,0,0
2011-08-12,330,44,12,18,Oil,0.533602,0.532159,46.5346,3.38496,2.1684e-19,0.00506317,0.00492698,-3.38905e-18,-0.000136193,-0.000136193,0.00492698,10,330,0,0,0
2011-08-15,330,44,12,18,Oil,0.504517,0.482916,45.6649,3.40378,-2.1684e-19,0.021826,0.0219277,-1.60963e-18,0.000101616,0.000101616,0.0219277,10,330,0,0,0
2011-08-16,330,44,12,18,Oil,0.507169,0.440325,46.1955,3.41254,-1.0842e-19,-0.00863324,-0.00862582,6.11356e-19,7.4163e-06,7.4163e-06,-0.00862582,10,330,0,0,0
2011-08-17,330,44,12,18,Oil,0.455782,0.416019,46.4147,3.42311,-8.13152e-20,0.00144631,0.00151003,-1.14325e-18,6.37204e-05,6.37204e-05,0.00151003,10,330,0,0,0
2011-08-18,330,44,12,18,Oil,0.702635,0.685083,46.8676,3.43631,-2.71051e-20,-0.0438269,-0.0436119,5.94196e-18,0.000215003,0.000215003,-0.0436119,10,330,0,0,0
2011-08-19,330,44,12,18,Oil,0.280125,0.268831,47.1284,3.43163,-4.33681e-19,-0.015025,-0.0148047,-8.03485e-19,0.000220326,0.000220326,-0.0148047,10,330,0,0,0
2011-08-22,330,44,12,18,Oil,0.449295,0.350463,46.9339,3.3047,-2.71051e-20,8.88612e-06,0.000166754,8.75455e-18,0.000157868,0.000157868,0.000166754,10,330,0,0,0
2011-08-23,330,44,12,18,Oil,0.453018,0.430339,46.9132,3.34686,1.0842e-19,0.0338059,0.0341032,-9.5478e-18,0.000297326,0.000297326,0.0341032,10,330,0,0,0
2011-08-24,330,44,12,18,Oil,0.473409,0.396112,46.9203,3.37047,2.1684e-19,0.0138744,0.0136914,-3.23892e-18,-0.000183015,-0.000183015,0.0136914,10,330,0,0,0
2011-08-25,330,44,12,18,Oil,0.388089,0.279005,46.6615,3.363,-2.1684e-19,-0.0147816,-0.0148511,-1.32212e-17,-6.95605e-05,-6.95605e-05,-0.0148511,10,330,0,0,0
2011-08-26,330,44,12,18,Oil,0.563088,0.539338,46.6195,3.3867,5.42101e-20,0.0143672,0.0144713,4.32245e-18,0.000104128,0.000104128,0.0144713,10,330,0,0,0
2011-08-29,330,44,12,18,Oil,0.618911,0.580044,46.6346,3.37086,-2.1684e-19,0.0279887,0.0280064,8.74493e-19,1.76954e-05,1.76954e-05,0.0280064,10,330,0,0,0
2011-08-30,330,44,12,18,Oil,0.467618,0.45738,46.753,3.35846,2.1684e-19,0.00231092,0.00222627,-2.25285e-18,-8.46501e-05,-8.46501e-05,0.00222627,10,330,0,0,0
2011-08-31,330,44,12,18,Oil,0.311934,0.25912,46.8753,3.37701,1.35525e-20,0.00515477,0.00495793,-6.79984e-18,-0.000196835,-0.000196835,0.00495793,10,330,0,0,0
2011-09-01,330,44,12,18,Oil,0.462031,0.460213,46.7869,3.36288,5.42101e-20,-0.0117849,-0.0118405,-1.48248e-18,-5.55254e-05,-5.55254e-05,-0.0118405,10,330,0,0,0
2011-09-02,330,44,12,18,Oil,0.677633,0.571098,46.6976,3.3853,0,-0.0248222,-0.0248576,-2.46058e-18,-3.54471e-05,-3.54471e-05,-0.0248576,10,330,0,0,0
2011-09-06,330,44,12,18,Oil,0.393662,0.291047,47.4147,3.42212,2.71051e-20,-0.00738226,-0.00733609,2.57131e-18,4.61789e-05,4.61789e-05,-0.00733609,10,330,0,0,0
2011-09-07,330,44,12,18,Oil,0.686594,0.651012,47.6689,3.46548,-2.71051e-19,0.0283524,0.0284735,-5.10169e-18,0.000121105,0.000121105,0.0284735,10,330,0,0,0
2011-09-08,330,44,12,18,Oil,0.438237,0.428452,48.1159,3.6612,-2.71051e-19,-0.0106269,-0.010666,2.38965e-18,-3.91648e-05,-3.91648e-05,-0.010666,10,330,0,0,0
2011-09-09,330,44,12,18,Oil,0.343476,0.277534,47.8781,3.59782,-5.42101e-20,-0.0270741,-0.0269123,-6.85067e-19,0.000161809,0.000161809,-0.0269123,10,330,0,0,0
2011-09-12,330,44,12,18,Oil,0.406198,0.379674,48.0279,3.71582,-1.0842e-19,0.00713388,0.00719023,1.74282e-18,5.63516e-05,5.63516e-05,0.00719023,10,330,0,0,0
2011-09-13,330,44,12,18,Oil,0.305871,0.263728,47.8376,3.61512,2.1684e-19,0.00970526,0.00973069,-2.08442e-18,2.54297e-05,2.54297e-05,0.00973069,10,330,0,0,0
2011-09-14,330,44,12,18,Oil,0.283299,0.279224,47.6371,3.62829,0,0.0134502,0.0135941,6.65277e-18,0.000143932,0.000143932,0.0135941,10,330,0,0,0
2011-09-15,330,44,12,18,Oil,0.378522,0.366859,47.6773,3.60204,1.0842e-19,0.0177362,0.0175873,6.91715e-18,-0.000148923,-0.000148923,0.0175873,10,330,0,0,0
2011-09-16,330,44,12,18,Oil,0.273747,0.248733,47.9496,3.62888,-3.25261e-19,0.00614758,0.00616365,6.67967e-18,1.60727e-05,1.60727e-05,0.00616365,10,330,0,0,0
2011-09-19,330,44,12,18,Oil,0.636649,0.589196,48.2995,3.64269,-3.25261e-19,-0.0100314,-0.00987257,-2.95054e-18,0.000158845,0.000158845,-0.00987257,10,330,0,0,0
2011-09-20,330,44,12,18,Oil,0.522796,0.501428,48.7878,3.82167,-5.42101e-20,-0.00155382,-0.00154621,1.36874e-18,7.61127e-06,7.61127e-06,-0.00154621,10,330,0,0,0
2011-09-21,330,44,12,18,Oil,0.537431,0.51268,49.2108,3.84087,0,-0.0289351,-0.0289335,4.86075e-18,1.57836e-06,1.57836e-06,-0.0289335,10,330,0,0,0
2011-09-22,330,44,12,18,Oil,0.528471,0.501074,49.6417,3.77917,4.33681e-19,-0.0319411,-0.0317574,-1.10461e-17,0.000183731,0.000183731,-0.0317574,10,330,0,0,0
2011-09-23,330,44,12,18,Oil,0.35042,0.312885,49.3636,3.65089,-2.1684e-19,0.00645675,0.00646891,3.27636e-18,1.21627e-05,1.21627e-05,0.00632773,10,330,0,0,0
2011-09-26,331,44,12,18,Oil,0.520824,0.469234,49.4903,3.63883,1.0842e-19,0.0228261,0.0227961,3.72307e-18,-2.99855e-05,-2.99855e-05,0.0227961,10,331,0,0,0
2011-09-27,331,44,12,18,Oil,0.420081,0.376185,49.4185,3.69586,0,0.0104452,0.0104608,1.23594e-18,1.5591e-05,1.5591e-05,0.0104608,10,331,0,0,0
2011-09-28,331,44,12,18,Oil,0.538206,0.428686,48.8501,3.66021,-4.33681e-19,-0.0192548,-0.0191141,3.91228e-18,0.000140695,0.000140695,-0.0191141,10,331,0,0,0
2011-09-29,331,44,12,18,Oil,0.565591,0.523808,48.7819,3.54802,1.0842e-19,0.00871685,0.00880735,1.33926e-18,9.05001e-05,9.05001e-05,0.00880735,10,331,0,0,0
2011-09-30,331,44,12,18,Oil,0.593815,0.556857,48.8588,3.5773,-1.0842e-19,-0.0245572,-0.0245261,6.85404e-19,3.10966e-05,3.10966e-05,-0.0245261,10,331,0,0,0
2011-10-03,331,44,12,18,Oil,0.581006,0.519026,48.6725,3.60227,1.0842e-19,-0.0279427,-0.0279494,-1.54575e-18,-6.69131e-06,-6.69131e-06,-0.0279494,10,331,0,0,0
2011-10-04,331,44,12,18,Oil,0.598739,0.540147,49.3483,3.65752,0,0.0215798,0.0215461,-8.17903e-18,-3.37236e-05,-3.37236e-05,0.0215461,10,331,0,0,0
2011-10-05,331,44,12,18,Oil,0.598097,0.561858,49.2442,3.74621,0,0.0181567,0.0179538,2.419e-18,-0.00020291,-0.00020291,0.0179538,10,331,0,0,0
2011-10-06,331,44,12,18,Oil,0.468853,0.387677,49.0887,3.7501,1.0842e-19,0.0182148,0.0179123,5.39552e-18,-0.000302432,-0.000302432,0.0179123,10,331,0,0,0
2011-10-07,331,44,12,18,Oil,0.641295,0.546271,48.7374,3.68545,5.42101e-20,-0.00778687,-0.00786297,2.78588e-19,-7.61052e-05,-7.61052e-05,-0.00786297,10,331,0,0,0
2011-10-10,331,44,12,18,Oil,0.735738,0.686413,48.9414,3.76413,-2.1684e-19,0.0341889,0.0342325,-1.27022e-17,4.36182e-05,4.36182e-05,0.0342325,10,331,0,0,0
2011-10-11,331,44,12,18,Oil,0.406273,0.33565,48.9838,3.88138,-5.42101e-20,0.000179898,0.000244717,-1.76932e-17,6.48192e-05,6.48192e-05,0.000244717,10,331,0,0,0
2011-10-12,331,44,12,18,Oil,0.511032,0.502298,48.8857,3.88677,-1.6263e-19,0.0103094,0.0104675,-2.81224e-18,0.00015816,0.00015816,0.0104675,10,331,0,0,0
2011-10-13,331,44,12,18,Oil,0.519029,0.428383,48.5697,3.87627,-4.33681e-19,-0.00389313,-0.00393518,-5.32544e-18,-4.20454e-05,-4.20454e-05,-0.00393518,10,331,0,0,0
2011-10-14,331,44,12,18,Oil,0.540233,0.489405,48.5781,3.8494,0,0.0168232,0.0166879,-8.70379e-18,-0.000135233,-0.000135233,0.0166831,10,331,0,0,0
2011-10-17,332,44,12,18,Oil,0.514107,0.538945,48.5135,3.84988,0,-0.0200099,-0.0197917,-1.94467e-18,0.000218188,0.000218188,-0.0197917,10,332,0,0,0
2011-10-18,332,44,12,18,Oil,0.632361,0.573826,48.63,3.87773,2.1684e-19,0.0204434,0.0204902,5.5502e-19,4.68386e-05,4.68386e-05,0.0204902,10,332,0,0,0
2011-10-19,332,44,12,18,Oil,0.428396,0.424239,48.5814,3.90284,2.1684e-19,-0.0124006,-0.0127065,-5.85999e-19,-0.000305944,-0.000305944,-0.0127065,10,332,0,0,0
2011-10-20,332,44,12,18,Oil,0.300433,0.220785,48.669,3.9871,-3.25261e-19,0.00465748,0.00463525,7.57171e-18,-2.22369e-05,-2.22369e-05,0.00463525,10,332,0,0,0
2011-10-21,332,44,12,18,Oil,0.298102,0.200204,49.0266,4.06439,2.1684e-19,0.0184691,0.0183916,-7.89674e-18,-7.75004e-05,-7.75004e-05,0.0183916,10,332,0,0,0
2011-10-24,332,44,12,18,Oil,0.646037,0.604958,49.0689,4.20171,0,0.0124661,0.012622,1.55787e-18,0.000155902,0.000155902,0.012622,10,332,0,0,0
2011-10-25,332,44,12,18,Oil,0.396697,0.433504,49.0199,4.24048,2.1684e-19,-0.019475,-0.019679,-1.12186e-19,-0.00020399,-0.00020399,-0.019679,10,332,0,0,0
2011-10-26,332,44,12,18,Oil,0.298024,0.327777,48.9659,4.18797,0,0.0102905,0.0105126,1.45836e-17,0.000222089,0.000222089,0.0105126,10,332,0,0,0
2011-10-27,332,44,12,18,Oil,0.631713,0.552762,48.814,4.07034,-1.0842e-19,0.0352572,0.0349815,7.84917e-18,-0.000275712,-0.000275712,0.0349815,10,332,0,0,0
2011-10-28,332,44,12,18,Oil,0.374495,0.411936,48.9929,4.16218,5.42101e-20,0.000886533,0.000751853,4.50178e-19,-0.00013468,-0.00013468,0.000751853,10,332,0,0,0
2011-10-31,332,44,12,18,Oil,0.681505,0.644786,47.9527,4.24122,1.0842e-19,-0.0250688,-0.025156,-1.36243e-17,-8.71964e-05,-8.71964e-05,-0.0251882,10,332,0,0,0
2011-11-01,331,44,12,18,Oil,0.600214,0.553505,48.2439,4.40784,2.1684e-19,-0.0277825,-0.0277437,-7.35307e-18,3.87414e-05,3.87414e-05,-0.0277437,10,331,0,0,0
2011-11-02,331,44,12,18,Oil,0.447561,0.436422,48.1501,4.68551,1.76183e-19,0.0161439,0.0160502,-2.84162e-20,-9.37205e-05,-9.37205e-05,0.0160502,10,331,0,0,0
2011-11-03,331,44,12,18,Oil,0.299225,0.2715,47.3307,4.47978,-1.89735e-19,0.0188631,0.0187866,1.83638e-19,-7.64985e-05,-7.64985e-05,0.0187866,10,331,0,0,0
2011-11-04,331,44,12,18,Oil,0.251084,0.195005,47.4979,4.3332,-5.42101e-20,-0.00667411,-0.00670197,1.52376e-17,-2.7856e-05,-2.7856e-05,-0.00670197,10,331,0,0,0
2011-11-07,331,44,12,18,Oil,0.246004,0.219333,47.1499,4.22061,5.42101e-20,0.00675508,0.00660864,4.50084e-20,-0.000146447,-0.000146447,0.00660864,10,331,0,0,0
2011-11-08,331,44,12,18,Oil,0.248691,0.225547,47.6017,4.37293,1.35525e-19,0.012882,0.0128408,3.60427e-18,-4.12262e-05,-4.12262e-05,0.0128408,10,331,0,0,0
2011-11-09,331,44,12,18,Oil,0.718821,0.677349,47.2697,4.27722,-2.1684e-19,-0.0364556,-0.0364847,-1.169e-17,-2.90468e-05,-2.90468e-05,-0.0364847,10,331,0,0,0
2011-11-10,331,44,12,18,Oil,0.268062,0.192351,47.2819,4.31528,5.42101e-20,0.00870805,0.00846874,1.0258e-17,-0.000239315,-0.000239315,0.00846874,10,331,0,0,0
2011-11-11,331,44,12,18,Oil,0.460134,0.397962,47.0904,4.27155,-8.30092e-20,0.0195781,0.0194795,5.33079e-18,-9.85588e-05,-9.85588e-05,0.0194795,10,331,0,0,0
2011-11-14,331,44,12,18,Oil,0.426929,0.403049,47.0285,4.28461,1.89735e-19,-0.00935234,-0.00948949,6.14603e-19,-0.000137146,-0.000137146,-0.00948949,10,331,0,0,0
2011-11-15,331,44,12,18,Oil,0.292558,0.250621,46.8401,4.19568,-5.42101e-20,0.00475717,0.00478954,2.43538e-18,3.23749e-05,3.23749e-05,0.00478954,10,331,0,0,0
2011-11-16,331,44,12,18,Oil,0.200623,0.172219,47.0574,4.26216,2.1684e-19,-0.0169574,-0.0168489,-2.70727e-19,0.000108545,0.000108545,-0.0168489,10,331,0,0,0
2011-11-17,331,44,12,18,Oil,0.470468,0.407843,46.9582,4.19719,5.42101e-20,-0.0166,-0.0164462,-1.33868e-18,0.000153856,0.000153856,-0.0164462,10,331,0,0,0
2011-11-18,331,44,12,18,Oil,0.30622,0.288657,47.4696,4.32839,0,-6.8011e-05,2.70203e-05,-2.32801e-18,9.50312e-05,9.50312e-05,2.70203e-05,10,331,0,0,0
2011-11-21,331,44,12,18,Oil,0.323264,0.315163,47.5186,4.2791,-6.77626e-20,-0.0191659,-0.0190975,-1.18918e-17,6.83485e-05,6.83485e-05,-0.0190975,10,331,0,0,0
2011-11-22,331,44,12,18,Oil,0.39828,0.364051,47.4415,4.22027,1.0842e-19,-0.00380446,-0.00376485,-1.36685e-18,3.96086e-05,3.96086e-05,-0.00376485,10,331,0,0,0
2011-11-23,331,44,12,18,Oil,0.52012,0.495719,47.096,4.1466,5.42101e-20,-0.0219965,-0.0219524,5.51008e-19,4.41079e-05,4.41079e-05,-0.0219524,10,331,0,0,0
2011-11-25,331,44,12,18,Oil,0.445193,0.430651,47.3504,4.26795,0,-0.00242413,-0.00243562,-3.13261e-19,-1.14879e-05,-1.14879e-05,-0.00243562,10,331,0,0,0
2011-11-28,331,44,12,18,Oil,0.586083,0.592439,47.1708,4.13484,-2.1684e-19,0.0289321,0.0288835,3.66113e-18,-4.8654e-05,-4.8654e-05,0.0288835,10,331,0,0,0
2011-11-29,331,44,12,18,Oil,0.407315,0.310451,46.569,3.91576,3.25261e-19,0.00318044,0.00316321,2.24521e-19,-1.72381e-05,-1.72381e-05,0.00316321,10,331,0,0,0
2011-11-30,331,44,12,18,Oil,0.700847,0.646464,46.3045,3.86168,2.1684e-19,0.0437997,0.0436695,-7.54662e-18,-0.000130288,-0.000130288,0.0436695,10,331,0,0,0
2011-12-01,331,44,12,18,Oil,0.30601,0.225297,46.5473,4.00261,2.1684e-19,-0.00225757,-0.00220582,-2.05811e-18,5.17469e-05,5.17469e-05,-0.00220582,10,331,0,0,0
2011-12-02,331,44,12,18,Oil,0.39636,0.306915,46.7812,4.09576,-1.0842e-19,5.42704e-05,6.08635e-05,4.19858e-18,6.59306e-06,6.59306e-06,6.08635e-05,10,331,0,0,0
2011-12-05,331,44,12,18,Oil,0.400077,0.306644,46.6976,3.97597,2.1684e-19,0.0104709,0.0105365,-5.23046e-19,6.56476e-05,6.56476e-05,0.0105365,10,331,0,0,0
2011-12-06,331,44,12,18,Oil,0.271776,0.260813,46.4726,3.9791,1.0842e-19,0.00163828,0.00159275,-3.36287e-18,-4.55307e-05,-4.55307e-05,0.00159275,10,331,0,0,0
2011-12-07,331,44,12,18,Oil,0.443082,0.433426,46.3644,3.97114,-2.1684e-19,0.00304172,0.00304364,2.12826e-18,1.9134e-06,1.9134e-06,0.00304364,10,331,0,0,0
2011-12-08,331,44,12,18,Oil,0.73606,0.691924,46.2449,3.99087,-2.03288e-19,-0.0208256,-0.0207362,7.0876e-18,8.93855e-05,8.93855e-05,-0.0207362,10,331,0,0,0
2011-12-09,331,44,12,18,Oil,0.544305,0.459861,46.5638,3.98457,-5.42101e-20,0.0170146,0.0170045,-5.73063e-19,-1.00904e-05,-1.00904e-05,0.0170045,10,331,0,0,0
2011-12-12,331,44,12,18,Oil,0.519154,0.477083,46.6301,4.06515,1.0842e-19,-0.0148776,-0.014776,-8.74255e-18,0.000101634,0.000101634,-0.014776,10,331,0,0,0
2011-12-13,331,44,12,18,Oil,0.494286,0.432696,46.7024,4.03858,0,-0.00809458,-0.00801838,3.86947e-19,7.62032e-05,7.62032e-05,-0.00801838,10,331,0,0,0
2011-12-14,331,44,12,18,Oil,0.497182,0.412213,46.7508,3.98474,2.1684e-19,-0.0109629,-0.0108464,1.15135e-18,0.000116554,0.000116554,-0.0108464,10,331,0,0,0
2011-12-15,331,44,12,18,Oil,0.316199,0.255046,46.8742,4.02234,4.06576e-20,0.0035421,0.00364516,2.8399e-19,0.000103063,0.000103063,0.00364516,10,331,0,0,0
2011-12-16,331,44,12,18,Oil,0.222068,0.199626,46.7272,4.033,1.0842e-19,0.00361946,0.00367809,-1.67853e-18,5.86233e-05,5.86233e-05,0.00367433,10,331,0,0,0
2011-12-19,333,44,12,18,Oil,0.685478,0.633089,47.0179,4.05074,1.0842e-19,-0.0116204,-0.0115315,1.96897e-18,8.89822e-05,8.89822e-05,-0.0115315,10,333,0,0,0
2011-12-20,333,44,12,18,Oil,0.536529,0.529253,47.5333,4.12942,1.0842e-19,0.0299944,0.0300405,-1.97633e-18,4.60998e-05,4.60998e-05,0.0300405,10,333,0,0,0
2011-12-21,333,44,12,18,Oil,0.520661,0.486931,47.2774,4.08102,3.25261e-19,0.00136435,0.00158765,-2.57962e-19,0.000223299,0.000223299,0.00158765,10,333,0,0,0
2011-12-22,333,44,12,18,Oil,0.507822,0.467593,46.979,4.04856,0,0.0085204,0.00872851,-2.167e-19,0.000208106,0.000208106,0.00872851,10,333,0,0,0
2011-12-23,333,44,12,18,Oil,0.234133,0.188996,47.0579,4.03859,0,0.00929905,0.00936876,4.90106e-20,6.97083e-05,6.97083e-05,0.00936876,10,333,0,0,0
2011-12-27,333,44,12,18,Oil,0.478593,0.422075,47.1764,4.1744,0,-0.000147879,-0.000137805,3.96333e-18,1.00734e-05,1.00734e-05,-0.000137805,10,333,0,0,0
2011-12-28,333,44,12,18,Oil,0.612809,0.557742,47.1785,4.2031,0,-0.0124038,-0.0123325,1.15454e-18,7.12656e-05,7.12656e-05,-0.0123325,10,333,0,0,0
2011-12-29,333,44,12,18,Oil,0.433067,0.412595,46.9994,3.98951,5.42101e-20,0.0110853,0.0111015,2.14293e-19,1.61313e-05,1.61313e-05,0.0111015,10,333,0,0,0
2011-12-30,333,44,12,18,Oil,0.309904,0.342872,46.863,3.97073,0,-0.00438828,-0.00444295,-7.08148e-19,-5.46643e-05,-5.46643e-05,-0.00444295,10,333,0,0,0
2012-01-03,333,44,12,18,Oil,0.636823,0.595332,46.7368,3.89415,1.0842e-19,0.0153152,0.0152625,-6.69513e-19,-5.2676e-05,-5.2676e-05,0.0152625,10,333,0,0,0
2012-01-04,333,44,12,18,Oil,0.306261,0.27889,46.5783,3.91024,1.0842e-19,0.000289267,0.000276719,-2.15995e-18,-1.2548e-05,-1.2548e-05,0.000276719,10,333,0,0,0
2012-01-05,333,44,12,18,Oil,0.353271,0.272044,46.5024,3.90771,-5.96311e-19,0.00288641,0.0030831,4.30936e-18,0.000196697,0.000196697,0.0030831,10,333,0,0,0
2012-01-06,333,44,12,18,Oil,0.235905,0.225871,46.0684,3.89081,-2.1684e-19,-0.00175717,-0.00173743,-2.43539e-19,1.97412e-05,1.97412e-05,-0.00173743,10,333,0,0,0
2012-01-09,333,44,12,18,Oil,0.286879,0.308149,45.9468,3.87686,0,0.00276806,0.00281787,-2.0125e-18,4.98174e-05,4.98174e-05,0.00281787,10,333,0,0,0
2012-01-10,333,44,12,18,Oil,0.461843,0.367502,45.9769,3.8951,-4.33681e-19,0.00894155,0.00899988,2.06618e-18,5.83293e-05,5.83293e-05,0.00899988,10,333,0,0,0
2012-01-11,333,44,12,18,Oil,0.302403,0.221679,46.1752,4.03743,0,0.00056819,0.000614491,-1.19762e-17,4.63009e-05,4.63009e-05,0.000614491,10,333,0,0,0
2012-01-12,333,44,12,18,Oil,0.331275,0.289582,45.7714,3.99679,0,0.00235964,0.00235402,8.67509e-20,-5.61174e-06,-5.61174e-06,0.00235402,10,333,0,0,0
2012-01-13,333,44,12,18,Oil,0.333784,0.284482,45.7918,4.06482,-5.42101e-20,-0.00464954,-0.00449163,4.77203e-18,0.000157912,0.000157912,-0.00449163,10,333,0,0,0
2012-01-17,333,44,12,18,Oil,0.304052,0.235011,46.3138,4.15562,2.1684e-19,0.00314624,0.00308308,3.94406e-18,-6.31573e-05,-6.31573e-05,0.00308308,10,333,0,0,0
2012-01-18,333,44,12,18,Oil,0.427111,0.419966,46.7033,4.23656,-2.13452e-19,0.0111699,0.0110322,-2.04679e-18,-0.000137607,-0.000137607,0.0110322,10,333,0,0,0
2012-01-19,333,44,12,18,Oil,0.316489,0.270321,46.5876,4.23997,-1.49078e-19,0.00476088,0.00482413,9.6406e-19,6.32554e-05,6.32554e-05,0.00482413,10,333,0,0,0
2012-01-20,333,44,12,18,Oil,0.29228,0.221553,46.3424,4.21958,1.0842e-19,0.00268011,0.00259257,1.89248e-18,-8.75357e-05,-8.75357e-05,0.00259257,10,333,0,0,0
2012-01-23,333,44,12,18,Oil,0.235892,0.197372,46.5787,4.28308,1.0842e-19,7.97592e-06,8.43432e-05,4.77937e-19,7.63673e-05,7.63673e-05,8.43432e-05,10,333,0,0,0
2012-01-24,333,44,12,18,Oil,0.351651,0.346205,46.3582,4.10753,0,-0.00121678,-0.00130612,1.18232e-18,-8.93373e-05,-8.93373e-05,-0.00130612,10,333,0,0,0
2012-01-25,333,44,12,18,Oil,0.326837,0.284712,46.398,4.11669,-1.0842e-19,0.00817766,0.00845722,9.47115e-18,0.000279565,0.000279565,0.00845722,10,333,0,0,0
2012-01-26,333,44,12,18,Oil,0.259776,0.302851,46.2278,4.0777,-8.13152e-20,-0.00535607,-0.0053523,2.94472e-18,3.76689e-06,3.76689e-06,-0.0053523,10,333,0,0,0
2012-01-27,333,44,12,18,Oil,0.390411,0.409254,46.1476,4.09536,2.1684e-19,-0.0017471,-0.00176468,-7.31748e-19,-1.75784e-05,-1.75784e-05,-0.00176468,10,333,0,0,0
2012-01-30,333,44,12,18,Oil,0.305436,0.207975,45.1966,4.09658,7.45389e-20,-0.00217321,-0.00210543,4.64376e-19,6.7785e-05,6.7785e-05,-0.00210543,10,333,0,0,0
2012-01-31,333,44,12,18,Oil,0.290075,0.259842,45.4616,4.05033,-1.0842e-19,-0.000155228,-0.000325027,-1.80277e-20,-0.000169799,-0.000169799,-0.000325027,10,333,0,0,0
2012-02-01,333,44,12,18,Oil,0.307593,0.287489,45.4263,3.98254,2.71051e-19,0.00937957,0.00939135,-4.14843e-18,1.17745e-05,1.17745e-05,0.00939135,10,333,0,0,0
2012-02-02,333,44,12,18,Oil,0.142252,0.118828,45.5096,4.01087,0,0.00059692,0.000525417,-1.97852e-18,-7.15028e-05,-7.15028e-05,0.000525417,10,333,0,0,0
2012-02-03,333,44,12,18,Oil,0.379898,0.350158,45.6304,3.97223,0,0.01461,0.0146705,-2.91506e-18,6.04795e-05,6.04795e-05,0.0146705,10,333,0,0,0
2012-02-06,333,44,12,18,Oil,0.298291,0.26388,45.5637,4.01885,1.0842e-19,-0.000657772,-0.000656598,-4.39902e-18,1.17452e-06,1.17452e-06,-0.000656598,10,333,0,0,0
2012-02-07,333,44,12,18,Oil,0.267328,0.233842,45.291,4.02662,-1.6263e-19,0.00221358,0.0022584,-4.9746e-18,4.48189e-05,4.48189e-05,0.0022584,10,333,0,0,0
2012-02-08,333,44,12,18,Oil,0.318234,0.277306,45.1976,4.05369,0,0.00252157,0.00257826,3.63745e-18,5.66852e-05,5.66852e-05,0.00257826,10,333,0,0,0
2012-02-09,333,44,12,18,Oil,0.250193,0.224259,45.3287,4.04354,-5.35325e-19,0.00121119,0.00148086,3.15564e-19,0.000269664,0.000269664,0.00148086,10,333,0,0,0
2012-02-10,333,44,12,18,Oil,0.354993,0.303746,44.8807,3.92545,-1.0842e-19,-0.00674975,-0.00677868,-7.4083e-19,-2.8938e-05,-2.8938e-05,-0.00677868,10,333,0,0,0
2012-02-13,333,44,12,18,Oil,0.265185,0.287575,44.9355,3.85907,0,0.0070225,0.00712781,5.83376e-18,0.000105307,0.000105307,0.00712781,10,333,0,0,0
2012-02-14,333,44,12,18,Oil,0.362172,0.316169,44.813,3.84035,-1.6263e-19,-0.000920586,-0.000848031,1.20988e-18,7.25548e-05,7.25548e-05,-0.000848031,10,333,0,0,0
2012-02-15,333,44,12,18,Oil,0.272194,0.221681,44.9176,3.87189,-2.1684e-19,-0.00579475,-0.00595002,4.6169e-19,-0.000155265,-0.000155265,-0.00595002,10,333,0,0,0
2012-02-16,333,44,12,18,Oil,0.339125,0.292761,44.9069,3.90716,1.55854e-19,0.0111779,0.0113758,1.29833e-18,0.000197896,0.000197896,0.0113758,10,333,0,0,0
2012-02-17,333,44,12,18,Oil,0.172258,0.160434,44.5207,3.84915,-3.25261e-19,0.00262392,0.00261969,1.95697e-18,-4.23486e-06,-4.23486e-06,0.00261969,10,333,0,0,0
2012-02-21,333,44,12,18,Oil,0.369562,0.281214,44.3509,3.74606,-3.25261e-19,0.000439378,0.000591211,1.14242e-18,0.000151834,0.000151834,0.000591211,10,333,0,0,0
2012-02-22,333,44,12,18,Oil,0.35965,0.363563,44.6983,3.75295,0,-0.00313679,-0.00320439,1.30252e-19,-6.76029e-05,-6.76029e-05,-0.00320439,10,333,0,0,0
2012-02-23,333,44,12,18,Oil,0.210625,0.227095,44.699,3.73169,-1.0842e-19,0.0043875,0.00447934,1.73036e-18,9.18396e-05,9.18396e-05,0.00447934,10,333,0,0,0
2012-02-24,333,44,12,18,Oil,0.265899,0.244742,44.6955,3.65224,0,0.00150773,0.00158586,-1.07817e-18,7.81304e-05,7.81304e-05,0.00158586,10,333,0,0,0
2012-02-27,333,44,12,18,Oil,0.340337,0.243205,44.7546,3.69851,-2.1684e-19,0.00167771,0.00172504,-2.754e-18,4.73268e-05,4.73268e-05,0.00172504,10,333,0,0,0
2012-02-28,333,44,12,18,Oil,0.335197,0.289362,44.8116,3.71322,4.74338e-20,0.00406356,0.00413495,2.23363e-18,7.13919e-05,7.13919e-05,0.00413495,10,333,0,0,0
2012-02-29,333,44,12,18,Oil,0.332634,0.290276,44.8105,3.69066,-1.0842e-19,-0.0042764,-0.00397768,-6.06705e-18,0.000298724,0.000298724,-0.00397768,10,333,0,0,0
2012-03-01,333,44,12,18,Oil,0.272412,0.171992,44.9186,3.71302,0,0.00607102,0.0060077,-1.24174e-18,-6.33194e-05,-6.33194e-05,0.0060077,9,333,0,0,0
2012-03-02,333,44,12,18,Oil,0.279545,0.239435,44.7382,3.69345,-5.42101e-20,-0.00276414,-0.00273046,4.67154e-18,3.36735e-05,3.36735e-05,-0.00273046,9,333,0,0,0
2012-03-05,333,44,12,18,Oil,0.53939,0.522111,44.7369,3.66693,0,-0.00342488,-0.00349155,-2.08343e-19,-6.66671e-05,-6.66671e-05,-0.00349155,9,333,0,0,0
2012-03-06,333,44,12,18,Oil,0.669529,0.62393,44.7311,3.69202,-2.71051e-19,-0.0153708,-0.0153176,1.74808e-18,5.32853e-05,5.32853e-05,-0.0153176,9,333,0,0,0
2012-03-07,333,44,12,18,Oil,0.426532,0.330388,44.8122,3.60638,1.0842e-19,0.00751167,0.007376,-3.04603e-18,-0.000135668,-0.000135668,0.007376,9,333,0,0,0
2012-03-08,333,44,12,18,Oil,0.399101,0.381694,44.7942,3.61186,0,0.00951988,0.00943861,-4.20182e-18,-8.12645e-05,-8.12645e-05,0.00943861,9,333,0,0,0
2012-03-09,333,44,12,18,Oil,0.252663,0.212565,44.5767,3.6184,0,0.00327774,0.00334529,-1.00867e-17,6.7555e-05,6.7555e-05,0.00334529,9,333,0,0,0
2012-03-12,333,44,12,18,Oil,0.413698,0.400829,44.5614,3.64162,0,0.000435128,0.000681494,3.97971e-18,0.000246366,0.000246366,0.000681494,9,333,0,0,0
2012-03-13,333,44,12,18,Oil,0.714907,0.658981,44.8084,3.6411,-1.0842e-19,0.018588,0.0187524,2.04606e-17,0.000164389,0.000164389,0.0186994,9,333,0,0,0
2012-03-14,334,44,12,18,Oil,0.339033,0.256656,44.4343,3.65717,0,-0.000958966,-0.000647947,5.27306e-18,0.000311019,0.000311019,-0.000647947,10,334,0,0,0
2012-03-15,334,44,12,18,Oil,0.521471,0.468141,44.2549,3.68924,0,0.00583961,0.00600394,-5.42856e-19,0.000164333,0.000164333,0.00600394,10,334,0,0,0
2012-03-16,334,44,12,18,Oil,0.33554,0.284916,44.2846,3.70235,1.0842e-19,0.000883148,0.000761619,-7.36932e-19,-0.000121529,-0.000121529,0.000761619,10,334,0,0,0
2012-03-19,334,44,12,18,Oil,0.267183,0.216209,44.3029,3.68546,1.0842e-19,0.00380621,0.00386679,-1.67537e-18,6.05857e-05,6.05857e-05,0.00386679,10,334,0,0,0
2012-03-20,334,44,12,18,Oil,0.457973,0.393036,44.3655,3.70742,-4.33681e-19,-0.00219655,-0.00215422,-4.12069e-18,4.23289e-05,4.23289e-05,-0.00215422,10,334,0,0,0
2012-03-21,334,44,12,18,Oil,0.310152,0.271118,44.4395,3.70927,0,-0.00231788,-0.00232584,-6.02541e-18,-7.95329e-06,-7.95329e-06,-0.00232584,10,334,0,0,0
2012-03-22,334,44,12,18,Oil,0.56629,0.502281,44.4579,3.74374,0,-0.00715572,-0.00717434,-2.88774e-18,-1.86201e-05,-1.86201e-05,-0.00717434,10,334,0,0,0
2012-03-23,334,44,12,18,Oil,0.446861,0.347953,44.5151,3.71414,-1.0842e-19,0.00341389,0.00325682,-5.39954e-19,-0.00015707,-0.00015707,0.00325682,10,334,0,0,0
2012-03-26,334,44,12,18,Oil,0.295211,0.300279,44.3236,3.67395,1.0842e-19,0.0142186,0.014349,-5.29702e-18,0.000130365,0.000130365,0.014349,10,334,0,0,0
2012-03-27,334,44,12,18,Oil,0.369771,0.305209,44.3881,3.66362,2.1684e-19,-0.00267286,-0.00250341,-2.65292e-20,0.000169448,0.000169448,-0.00250341,10,334,0,0,0
2012-03-28,334,44,12,18,Oil,0.478739,0.406074,44.5241,3.70168,-2.1684e-19,-0.00474498,-0.0047152,-3.10991e-18,2.97795e-05,2.97795e-05,-0.0047152,10,334,0,0,0
2012-03-29,334,44,12,18,Oil,0.270213,0.232555,44.639,3.72445,5.42101e-20,-0.00155144,-0.00173885,3.56855e-18,-0.000187408,-0.000187408,-0.00173885,10,334,0,0,0
2012-03-30,334,44,12,18,Oil,0.377459,0.336908,44.721,3.76747,-1.0842e-19,0.00416711,0.00404284,1.43354e-19,-0.000124272,-0.000124272,0.00404284,10,334,0,0,0
2012-04-02,334,44,12,18,Oil,0.237373,0.159333,44.6656,3.73259,0,0.00691688,0.00712282,-1.68852e-19,0.000205935,0.000205935,0.00712282,10,334,0,0,0
2012-04-03,334,44,12,18,Oil,0.392892,0.381131,44.8072,3.75385,0,-0.00381474,-0.00380214,-4.1724e-19,1.26042e-05,1.26042e-05,-0.00379597,10,334,0,0,0
2012-04-04,335,44,12,18,Oil,0.401314,0.374848,44.8626,3.77475,1.6263e-19,-0.00970445,-0.00975185,1.64709e-18,-4.73977e-05,-4.73977e-05,-0.00975185,10,335,0,0,0
2012-04-05,335,44,12,18,Oil,0.402486,0.352702,45.3595,3.83146,-5.42101e-20,6.66038e-05,0.000125258,-2.48169e-18,5.86546e-05,5.86546e-05,0.000125258,10,335,0,0,0
2012-04-09,335,44,12,18,Oil,0.480506,0.430793,45.1299,3.82388,0,-0.01102,-0.0110632,3.44605e-18,-4.32395e-05,-4.32395e-05,-0.0110632,10,335,0,0,0
2012-04-10,335,44,12,18,Hardw,0.41372,0.297063,45.1669,3.79178,6.77626e-20,-0.0173392,-0.0172616,-1.88332e-18,7.76273e-05,7.76273e-05,-0.0172616,10,335,0,0,0
2012-04-11,335,44,12,18,Hardw,0.374379,0.358066,45.0787,3.80948,-3.25261e-19,0.00752967,0.00746331,6.16332e-19,-6.63594e-05,-6.63594e-05,0.00746331,10,335,0,0,0
2012-04-12,335,44,12,18,Hardw,0.571067,0.493167,45.2603,3.84282,-1.0842e-19,0.0137369,0.0134196,-1.94642e-18,-0.000317285,-0.000317285,0.0134196,10,335,0,0,0
2012-04-13,335,44,12,18,Hardw,0.58833,0.570999,44.912,3.82598,0,-0.0122445,-0.0124917,-5.85453e-18,-0.000247159,-0.000247159,-0.0124917,10,335,0,0,0
2012-04-16,335,44,12,18,Oil,0.49281,0.392287,44.9412,3.88253,-1.0842e-19,0.000327964,0.000331206,-6.79687e-19,3.24227e-06,3.24227e-06,0.000331206,10,335,0,0,0
2012-04-17,335,44,12,18,Oil,0.341018,0.240587,44.7406,3.88829,-2.1684e-19,0.0156361,0.0160152,2.15033e-18,0.000379141,0.000379141,0.0160152,10,335,0,0,0
2012-04-18,335,44,12,18,Oil,0.21224,0.196753,44.7302,3.9263,-2.71051e-20,-0.00359566,-0.00373795,9.95471e-18,-0.000142293,-0.000142293,-0.00373795,10,335,0,0,0
2012-04-19,335,44,12,18,Oil,0.204808,0.135892,44.6539,3.93965,4.33681e-19,-0.0058271,-0.00603167,4.42914e-19,-0.000204568,-0.000204568,-0.00603167,10,335,0,0,0
2012-04-20,335,44,12,18,Oil,0.385138,0.326852,44.6254,3.86235,-1.0842e-19,0.0018918,0.00175164,4.93948e-18,-0.000140161,-0.000140161,0.00175164,10,335,0,0,0
2012-04-23,335,44,12,18,Oil,0.26733,0.22016,44.6287,3.88114,2.1684e-19,-0.00859003,-0.00860424,-1.98772e-18,-1.42122e-05,-1.42122e-05,-0.00860624,10,335,0,0,0
2012-04-24,334,44,12,18,Oil,0.411576,0.374304,44.9194,3.81955,-2.71051e-19,0.00361572,0.00350833,-8.82585e-19,-0.000107384,-0.000107384,0.00350833,10,334,0,0,0
2012-04-25,334,44,12,18,Oil,0.396794,0.236596,44.6832,3.79699,2.1684e-19,0.0137456,0.0142164,3.39365e-18,0.000470722,0.000470722,0.0142164,10,334,0,0,0
2012-04-26,334,44,12,18,Oil,0.198291,0.195865,44.5354,3.88768,-1.35525e-19,0.00667435,0.00642094,4.24636e-18,-0.000253408,-0.000253408,0.00642094,10,334,0,0,0
2012-04-27,334,44,12,18,Oil,0.206308,0.218204,44.5666,3.88318,-4.33681e-19,0.00289217,0.00267817,-1.71519e-19,-0.000214003,-0.000214003,0.00267817,10,334,0,0,0
2012-04-30,334,44,12,18,Oil,0.371876,0.325588,44.3001,3.79339,1.0842e-19,-0.00400335,-0.00421115,-5.0819e-19,-0.000207801,-0.000207801,-0.00421115,10,334,0,0,0
2012-05-01,334,44,12,18,Oil,0.269503,0.235649,44.55,3.80393,-2.71051e-20,0.00586096,0.00572265,2.96229e-19,-0.000138315,-0.000138315,0.00572265,10,334,0,0,0
2012-05-02,334,44,12,18,Oil,0.436767,0.403764,44.6692,3.80801,-3.25261e-19,-0.0022001,-0.00223503,-2.7544e-18,-3.49382e-05,-3.49382e-05,-0.00223503,10,334,0,0,0
2012-05-03,334,44,12,18,Oil,0.332951,0.30327,44.4398,3.81587,-2.1684e-19,-0.0077603,-0.00766227,2.07437e-18,9.80201e-05,9.80201e-05,-0.00766227,10,334,0,0,0
2012-05-04,334,44,12,18,Oil,0.503613,0.435425,44.4289,3.80225,-5.42101e-20,-0.0159661,-0.0159235,-2.94184e-18,4.26578e-05,4.26578e-05,-0.0159235,10,334,0,0,0
2012-05-07,334,44,12,18,Oil,0.221105,0.183712,44.401,3.82258,-1.0842e-19,-0.000167909,-5.11674e-05,4.57582e-18,0.000116742,0.000116742,-5.11674e-05,10,334,0,0,0
2012-05-08,334,44,12,18,Oil,0.200652,0.215883,44.4306,3.83569,-5.42101e-20,-0.00437672,-0.00431963,4.27975e-18,5.70871e-05,5.70871e-05,-0.00431963,10,334,0,0,0
2012-05-09,334,44,12,18,Oil,0.359196,0.322215,44.5684,3.86579,-1.6263e-19,-0.00675366,-0.00676019,1.72007e-18,-6.5229e-06,-6.5229e-06,-0.00676019,10,334,0,0,0
2012-05-10,334,44,12,18,Oil,0.328071,0.331416,44.6861,3.92788,4.33681e-19,0.00260967,0.0029575,-8.38773e-19,0.000347824,0.000347824,0.0029575,10,334,0,0,0
2012-05-11,334,44,12,18,Oil,0.25165,0.159878,44.4647,3.89167,0,-0.00330521,-0.00307858,8.05495e-18,0.000226627,0.000226627,-0.00307858,10,334,0,0,0
2012-05-14,334,44,12,18,Oil,0.531026,0.455157,44.3282,3.90276,1.0842e-19,-0.011393,-0.0114695,6.60794e-19,-7.65137e-05,-7.65137e-05,-0.0114695,10,334,0,0,0
2012-05-15,334,44,12,18,Oil,0.407236,0.436745,44.333,3.92188,0,-0.00517352,-0.00520244,-1.0757e-18,-2.89197e-05,-2.89197e-05,-0.00520244,10,334,0,0,0
2012-05-16,334,44,12,18,Oil,0.487122,0.397157,44.496,3.92619,-2.71051e-19,-0.00440383,-0.00440324,-3.59292e-18,5.96549e-07,5.96549e-07,-0.00440324,10,334,0,0,0
2012-05-17,334,44,12,18,Oil,0.442918,0.367,44.6494,3.96298,1.0842e-19,-0.0145582,-0.0144036,-4.95621e-18,0.000154611,0.000154611,-0.014381,10,334,0,0,0
2012-05-18,334,44,12,18,Oil,0.258309,0.251477,44.893,3.99432,0,-0.00675466,-0.00666025,1.74319e-05,7.69829e-05,9.44148e-05,-0.0066883,10,335,0,1,0
2012-05-21,334,44,12,18,Oil,0.459461,0.444722,44.6626,3.93419,-3.25261e-19,0.015008,0.0152443,6.0764e-07,0.00023572,0.000236328,0.0152811,10,335,0,1,0
2012-05-22,334,44,12,18,Oil,0.27762,0.24827,44.6813,4.01113,2.1684e-19,0.00110008,0.00104804,2.70756e-05,-7.91228e-05,-5.20471e-05,0.00108824,10,335,0,1,0
2012-05-23,334,44,12,18,Oil,0.415712,0.334952,44.7366,4.04769,-2.71051e-19,0.00198765,0.00221609,2.19704e-05,0.000206467,0.000228438,0.00214521,10,335,0,1,0
2012-05-24,334,44,12,18,Oil,0.351789,0.34527,44.6322,4.07101,-1.6263e-19,0.00203349,0.00216742,-8.17164e-06,0.000142109,0.000133937,0.00205642,10,335,0,1,0
2012-05-25,334,44,12,18,Oil,0.351914,0.350993,44.6788,4.05691,-2.71051e-20,-0.00228617,-0.00226731,-1.37634e-05,3.26246e-05,1.88612e-05,-0.00222951,10,335,0,1,0
2012-05-29,334,44,12,18,Oil,0.49768,0.470403,44.5787,4.0514,-1.0842e-19,0.0114485,0.0114001,3.03571e-05,-7.87743e-05,-4.84173e-05,0.0114706,10,335,0,1,0
2012-05-30,334,44,12,18,Oil,0.584072,0.487958,44.2982,4.05165,1.0842e-19,-0.0141169,-0.013947,6.06254e-06,0.000163774,0.000169837,-0.0138845,10,335,0,1,0
2012-05-31,334,44,12,18,Oil,0.384825,0.361803,44.7458,4.08406,2.1684e-19,-0.00136344,-0.0013888,3.36939e-06,-2.87286e-05,-2.53592e-05,-0.00133236,10,335,0,1,0
2012-06-01,334,44,12,18,Oil,0.63377,0.602989,44.5168,4.08944,-1.0842e-19,-0.0246029,-0.0246048,-5.02395e-06,3.20012e-06,-1.82382e-06,-0.0247044,10,335,0,1,0
2012-06-04,334,44,12,18,Oil,0.500075,0.471251,44.8387,4.06427,2.1684e-19,0.000293675,0.000171776,-2.84217e-05,-9.34768e-05,-0.000121899,0.000237687,10,335,0,1,0
2012-06-05,334,44,12,18,Oil,0.407362,0.34076,45.1519,4.08325,-1.0842e-19,0.00586813,0.00564513,1.52968e-05,-0.000238298,-0.000223001,0.00564157,10,335,0,1,0
2012-06-06,335,44,12,18,Oil,0.430573,0.387842,45.1937,4.08555,2.71051e-20,0.0234669,0.0233314,1.02684e-05,-0.000145784,-0.000135515,0.0231392,10,336,0,1,0
2012-06-07,335,44,12,18,Oil,0.34084,0.318422,44.9763,4.09022,1.0842e-19,0.000320597,0.000381355,7.99948e-06,5.27582e-05,6.07577e-05,0.0003394,10,336,0,1,0
2012-06-08,335,44,12,18,Oil,0.296671,0.237968,45.1617,4.08145,-2.1684e-19,0.00853776,0.00868004,-5.40119e-06,0.000147684,0.000142283,0.00865686,10,336,0,1,0
2012-06-11,335,44,12,18,Oil,0.558287,0.565167,45.2002,4.08528,-5.42101e-20,-0.012299,-0.0123233,-1.45157e-05,-9.85329e-06,-2.4369e-05,-0.0122939,10,336,0,1,0
2012-06-12,335,44,12,18,Oil,0.375017,0.303879,45.4307,4.04967,0,0.0118676,0.0119254,1.82725e-05,3.95192e-05,5.77916e-05,0.0118791,10,336,0,1,0
2012-06-13,335,44,12,18,Oil,0.447609,0.387581,45.2946,4.06486,5.42101e-20,-0.00615441,-0.00619596,7.17437e-06,-4.87252e-05,-4.15508e-05,-0.00618864,10,336,0,1,0
2012-06-14,335,44,12,18,Oil,0.270691,0.224894,45.5229,4.07995,0,0.0107236,0.0107223,-4.39152e-06,3.04599e-06,-1.34553e-06,0.0107129,10,336,0,1,0
2012-06-15,335,44,12,18,Oil,0.425162,0.385252,45.6158,4.06914,-4.06576e-20,0.0104551,0.0104446,-5.84553e-06,-4.64828e-06,-1.04938e-05,0.0104545,10,336,0,1,0
2012-06-18,335,44,12,18,Oil,0.554168,0.481529,45.6011,4.09907,-8.13152e-20,0.00125884,0.00133478,-2.7333e-05,0.000103272,7.5939e-05,0.00132578,10,336,0,1,0
2012-06-19,335,44,12,18,Oil,0.526841,0.522699,46.0671,4.17371,-1.0842e-19,0.00947113,0.00960609,2.17986e-05,0.000113154,0.000134952,0.00962589,10,336,0,1,0
2012-06-20,335,44,12,18,Oil,0.274644,0.208373,46.0943,4.16313,0,-0.00158994,-0.00150333,9.66805e-06,7.69404e-05,8.66085e-05,-0.00150058,10,336,0,1,0
2012-06-21,335,44,12,18,Oil,0.661213,0.604711,45.8847,4.12178,-2.1684e-19,-0.021375,-0.0212831,-4.15678e-06,9.60736e-05,9.19168e-05,-0.0212515,10,336,0,1,0
2012-06-22,335,44,12,18,Oil,0.34229,0.354592,45.9835,4.10619,0,0.00677325,0.00655631,-3.07318e-05,-0.000186212,-0.000216944,0.00651238,10,336,0,1,0
2012-06-25,335,44,12,18,Oil,0.55285,0.514163,45.8965,4.037,1.0842e-19,-0.0152331,-0.0152334,-2.20551e-05,2.17469e-05,-3.08139e-07,-0.0152632,10,337,0,2,0
2012-06-26,335,44,12,18,Oil,0.270678,0.273249,46.1356,4.04369,0,0.00460583,0.00458351,-1.72225e-06,-2.05948e-05,-2.23171e-05,0.004596,10,337,0,2,0
2012-06-27,335,44,12,18,Oil,0.37791,0.367042,46.1804,4.05316,-2.1684e-19,0.00830629,0.00836039,1.17234e-05,4.23789e-05,5.41023e-05,0.00834512,10,337,0,2,0
2012-06-28,335,44,12,18,Oil,0.389777,0.350276,46.0558,4.01818,0,-0.00241429,-0.00225324,3.19904e-05,0.000129062,0.000161052,-0.00216673,10,337,0,2,0
2012-06-29,335,44,12,18,Oil,0.508272,0.458698,46.214,4.08224,2.1684e-19,0.0244883,0.0245348,-1.07912e-05,5.72677e-05,4.64766e-05,0.0245609,10,337,0,2,0
2012-07-02,336,45,13,19,Oil,0.351564,0.288275,45.9533,4.02531,1.6263e-19,0.00204406,0.00219388,6.37513e-07,0.000149183,0.00014982,0.0022607,10,338,0,2,0
2012-07-03,337,45,13,19,Oil,0.493692,0.482874,46.4423,4.07488,0,0.00592931,0.00610011,-1.35558e-05,0.000184358,0.000170802,0.00608988,10,339,0,2,0
2012-07-05,337,45,13,19,Oil,0.452729,0.396876,46.5197,4.07042,1.0842e-19,-0.0045863,-0.00435444,-3.21379e-05,0.000263993,0.000231855,-0.00436144,10,339,0,2,0
2012-07-06,337,45,13,19,Oil,0.50611,0.469576,46.246,4.01908,-2.03288e-19,-0.00858207,-0.00841936,3.10543e-06,0.000159598,0.000162704,-0.00839979,10,339,0,2,0
2012-07-09,337,45,13,19,Oil,0.340962,0.331473,46.1429,4.00853,2.71051e-20,-0.000927371,-0.000883124,-2.08013e-05,6.50485e-05,4.42472e-05,-0.000904025,10,339,0,2,0
2012-07-10,337,45,13,19,Oil,0.454311,0.4308,46.2977,4.01708,-5.42101e-20,-0.00810951,-0.00802444,1.47467e-05,7.03228e-05,8.50695e-05,-0.00799576,10,339,0,2,0
2012-07-11,337,45,13,19,Oil,0.380755,0.344488,46.4018,4.05539,0,0.000142989,0.000163031,-2.35718e-06,2.23984e-05,2.00412e-05,0.000199982,10,339,0,2,0
2012-07-12,337,45,13,19,Oil,0.351061,0.296011,46.5606,4.04211,0,-0.00483712,-0.00487509,-4.05317e-05,2.56048e-06,-3.79712e-05,-0.00485487,10,339,0,2,0
2012-07-13,337,45,13,19,Oil,0.486886,0.39999,46.4814,4.04164,-1.0842e-19,0.0167529,0.0168181,2.36323e-05,4.16101e-05,6.52424e-05,0.0169058,10,339,0,2,0
2012-07-16,337,45,13,19,Oil,0.239922,0.199112,46.5464,4.11733,1.0842e-19,-0.00236447,-0.0023783,3.22992e-06,-1.70572e-05,-1.38273e-05,-0.00235489,10,339,0,2,0
2012-07-17,337,45,13,19,Oil,0.366061,0.332582,46.6489,4.11767,0,0.00760202,0.00750932,6.09356e-06,-9.87893e-05,-9.26957e-05,0.0075253,10,339,0,2,0
2012-07-18,337,45,13,19,Oil,0.422017,0.369318,46.4013,4.09932,4.33681e-19,0.00658499,0.00636381,-2.69748e-05,-0.000194203,-0.000221178,0.00641027,10,339,0,2,0
2012-07-19,337,45,13,19,Oil,0.29024,0.303198,46.305,4.01795,-1.0842e-19,0.00211259,0.00213094,3.66195e-06,1.4685e-05,1.83469e-05,0.00206609,10,339,0,2,0
2012-07-20,337,45,13,19,Oil,0.349435,0.313622,45.9588,3.93264,0,-0.0103606,-0.0105196,-7.40774e-06,-0.000151594,-0.000159002,-0.0104926,10,339,0,2,0
2012-07-23,337,45,13,19,Oil,0.316651,0.251075,46.0254,3.99392,-2.1684e-19,-0.00889526,-0.00879001,2.91946e-06,0.000102321,0.000105241,-0.00875093,10,339,0,2,0
2012-07-24,337,45,13,19,Oil,0.265373,0.255347,46.4542,4.03512,-5.42101e-20,-0.00889156,-0.00869457,3.85624e-06,0.000193129,0.000196986,-0.00869693,10,339,0,2,0
2012-07-25,337,45,13,19,Oil,0.273103,0.256589,46.6197,4.04175,6.50521e-19,-0.000660074,-0.000946608,1.70409e-05,-0.000303574,-0.000286533,-0.000901873,10,339,0,2,0
2012-07-26,337,45,13,19,Oil,0.222524,0.244338,46.8853,4.05988,-1.0842e-19,0.0166486,0.0163051,-1.04163e-05,-0.000333063,-0.000343479,0.0163127,10,339,0,2,0
2012-07-27,337,45,13,19,Oil,0.328532,0.296294,46.743,3.95278,2.1684e-19,0.0189686,0.019,-6.29557e-06,3.76744e-05,3.13789e-05,0.0189882,10,339,0,2,0
2012-07-30,337,45,13,19,Oil,0.354663,0.316558,46.4583,3.94904,-1.6263e-19,-0.000193262,-4.80014e-05,2.14418e-05,0.000123818,0.00014526,-3.25257e-05,10,339,0,2,0
2012-07-31,337,45,13,19,Oil,0.312765,0.273069,46.6645,3.92097,-2.1684e-19,-0.00470485,-0.00435372,4.15614e-05,0.000309575,0.000351136,-0.00433979,10,339,0,2,0
2012-08-01,337,45,13,19,Oil,0.278939,0.28497,46.9581,3.91414,-2.1684e-19,-0.00310865,-0.00319045,1.31545e-05,-9.49622e-05,-8.18077e-05,-0.00319719,10,339,0,2,0
2012-08-02,337,45,13,19,Oil,0.185826,0.137507,46.7271,3.89005,-5.75982e-20,-0.00690955,-0.00690046,-3.25194e-06,1.23418e-05,9.08987e-06,-0.00686149,10,339,0,2,0
2012-08-03,337,45,13,19,Oil,0.48901,0.404393,47.0088,3.90687,-2.1684e-19,0.0186544,0.018687,9.71845e-06,2.28767e-05,3.25952e-05,0.0186862,10,339,0,2,0
2012-08-06,337,45,13,19,Oil,0.381883,0.364596,46.827,3.89646,5.42101e-20,0.00211041,0.00224813,-1.33945e-06,0.00013906,0.000137721,0.00226219,10,339,0,2,0
2012-08-07,337,45,13,19,Oil,0.441131,0.377967,46.9346,3.93505,-1.76183e-19,0.00480192,0.00476224,-2.92796e-05,-1.03919e-05,-3.96715e-05,0.00479703,10,339,0,2,0
2012-08-08,337,45,13,19,Oil,0.170692,0.16344,46.9593,3.92951,-1.0842e-19,0.000716714,0.000805956,3.85738e-06,8.53853e-05,8.92427e-05,0.000744878,10,339,0,2,0
2012-08-09,337,45,13,19,Oil,0.429584,0.421923,47.1496,4.03239,5.42101e-20,0.000428799,0.000412024,1.86367e-05,-3.54112e-05,-1.67745e-05,0.000358244,10,339,0,2,0
2012-08-10,337,45,13,19,Oil,0.501924,0.487161,47.3262,4.00528,0,0.00247831,0.00241059,-7.64121e-06,-6.00772e-05,-6.77184e-05,0.00231303,10,339,0,2,0
2012-08-13,337,45,13,19,Oil,0.220699,0.169739,47.4657,4.01031,-2.71051e-20,-0.00127019,-0.001186,5.49646e-09,8.41862e-05,8.41917e-05,-0.00117196,10,339,0,2,0
2012-08-14,337,45,13,19,Oil,0.452076,0.466414,47.3583,4.04048,1.0842e-19,0.000500813,0.000504777,3.71306e-06,2.5066e-07,3.96372e-06,0.000503655,10,339,0,2,0
2012-08-15,337,45,13,19,Oil,0.309093,0.301021,47.5011,4.05542,-1.0842e-19,0.00164411,0.00169322,-1.66687e-05,6.57784e-05,4.91097e-05,0.00167708,10,339,0,2,0
2012-08-16,337,45,13,19,Oil,0.353136,0.360051,47.4988,4.08871,0,0.00720511,0.0068855,-2.19135e-06,-0.000317414,-0.000319606,0.00685066,10,339,0,2,0
2012-08-17,337,45,13,19,Oil,0.306451,0.225762,47.2497,4.05301,-1.0842e-19,0.00155115,0.00163832,-2.00764e-07,8.73733e-05,8.71725e-05,0.00159342,10,339,0,2,0
2012-08-20,337,45,13,19,Hardw,0.237644,0.170178,46.9561,4.0166,2.71051e-19,5.90011e-05,0.000295303,1.7867e-05,0.000218435,0.000236302,0.000362308,10,339,0,2,0
2012-08-21,337,45,13,19,Hardw,0.217433,0.125634,47.0309,4.02237,-5.42101e-20,-0.00361888,-0.00369476,5.7974e-06,-8.16799e-05,-7.58825e-05,-0.00368623,10,339,0,2,0
2012-08-22,337,45,13,19,Hardw,0.392786,0.374168,46.9337,4.04436,8.13152e-20,-5.59067e-05,7.4451e-05,-7.16106e-06,0.000137519,0.000130358,8.4163e-05,10,339,0,2,0
2012-08-23,337,45,13,19,Hardw,0.310752,0.303393,47.1331,4.04126,-2.1684e-19,-0.00808428,-0.00799745,-4.30678e-06,9.11324e-05,8.68256e-05,-0.00797701,10,339,0,2,0
2012-08-24,337,45,13,19,Hardw,0.165198,0.16335,46.887,4.03317,4.06576e-20,0.00668953,0.00656861,2.20244e-07,-0.000121142,-0.000120922,0.00656956,10,339,0,2,0
2012-08-27,337,45,13,19,Hardw,0.254688,0.195622,46.6535,4.00413,-2.71051e-20,-0.000169442,-5.00967e-05,-1.2658e-05,0.000132003,0.000119345,-2.48227e-05,10,339,0,2,0
2012-08-28,337,45,13,19,Hardw,0.276808,0.174714,46.7987,4.01045,-6.77626e-20,-0.00126068,-0.00120468,-3.20475e-06,5.92005e-05,5.59957e-05,-0.00119653,10,339,0,2,0
2012-08-29,337,45,13,19,Hardw,0.27377,0.206521,46.8473,3.98929,-5.42101e-20,0.00079248,0.000846711,-9.18695e-06,6.34176e-05,5.42306e-05,0.000858846,10,339,0,2,0
2012-08-30,337,45,13,19,Hardw,0.349362,0.31049,46.9413,3.99029,-5.42101e-20,-0.00760733,-0.00760191,1.64649e-05,-1.10474e-05,5.41754e-06,-0.00753195,10,339,0,2,0
2012-08-31,337,45,13,19,Hardw,0.456929,0.384847,46.7204,3.97145,-2.71051e-20,0.00529208,0.00514033,1.44442e-05,-0.000166187,-0.000151743,0.00517512,10,339,0,2,0
2012-09-04,337,45,13,19,Hardw,0.420822,0.397212,46.4189,3.91336,0,-0.0011739,-0.00100183,-5.9339e-06,0.000178008,0.000172074,-0.00103472,10,339,0,2,0
2012-09-05,337,45,13,19,Hardw,0.286827,0.220427,46.2124,3.90521,0,-0.000805158,-0.00081902,1.14949e-05,-2.53576e-05,-1.38627e-05,-0.000846274,10,339,0,2,0
2012-09-06,338,45,13,19,Hardw,0.486569,0.496744,46.163,3.86593,-1.0842e-19,0.0202228,0.020239,2.1608e-05,-5.3925e-06,1.62155e-05,0.0201815,10,340,0,2,0
2012-09-07,338,45,13,19,Hardw,0.617723,0.591797,45.7565,3.85765,1.0842e-19,0.00363936,0.00385681,1.9971e-05,0.000197483,0.000217454,0.0038766,10,340,0,2,0
2012-09-10,338,45,13,19,Hardw,0.368591,0.278397,45.633,3.89431,-1.0842e-19,-0.00636997,-0.00634776,-7.89317e-06,3.0102e-05,2.22089e-05,-0.00631038,10,340,0,2,0
2012-09-11,338,45,13,19,Hardw,0.314198,0.31964,45.6129,3.88381,2.1684e-19,0.00334244,0.00325794,1.62533e-05,-0.000100751,-8.44976e-05,0.00327102,10,340,0,2,0
2012-09-12,338,45,13,19,Hardw,0.397239,0.380621,45.6388,3.87654,-5.42101e-20,0.00240295,0.00250398,4.82719e-06,9.62033e-05,0.00010103,0.00248837,10,340,0,2,0
2012-09-13,338,45,13,19,Hardw,0.532435,0.473596,45.4871,3.85709,-1.0842e-19,0.0165479,0.0165459,3.373e-05,-3.56896e-05,-1.95963e-06,0.0165286,10,340,0,2,0
2012-09-14,338,45,13,19,Hardw,0.53296,0.519643,45.529,3.86071,-4.33681e-19,0.00346735,0.00369338,1.45625e-05,0.000211463,0.000226025,0.00372656,10,340,0,2,0
2012-09-17,338,45,13,19,Hardw,0.466776,0.444012,45.069,3.86723,0,-0.00309637,-0.0029655,-7.55302e-06,0.000138429,0.000130876,-0.00300801,10,340,0,2,0
2012-09-18,338,45,13,19,Hardw,0.332079,0.280075,45.118,3.8477,-5.42101e-20,-0.00121644,-0.00122344,-3.70702e-07,-6.63109e-06,-7.00179e-06,-0.00128083,10,340,0,2,0
2012-09-19,338,45,13,19,Hardw,0.383184,0.337472,44.9521,3.86648,0,0.000525159,0.00052352,-1.01128e-05,8.47356e-06,-1.63926e-06,0.000545662,10,340,0,2,0
2012-09-20,338,45,13,19,Hardw,0.434435,0.380882,45.1432,3.87931,0,-0.000112381,-0.000131244,-2.04059e-05,1.5432e-06,-1.88627e-05,-0.000151948,10,340,0,2,0
2012-09-21,338,45,13,19,Hardw,0.302565,0.306126,45.2549,3.86251,-1.0842e-19,-0.000879907,-0.000867838,-1.46466e-05,2.67157e-05,1.2069e-05,-0.000849773,10,340,0,2,0
2012-09-24,338,45,13,19,Hardw,0.434734,0.397159,45.1839,3.81839,1.69407e-19,-0.00175386,-0.00188591,4.35608e-06,-0.000136408,-0.000132052,-0.00187585,10,340,0,2,0
2012-09-25,338,45,13,19,Hardw,0.521153,0.532176,45.2236,3.80193,2.71051e-20,-0.0102594,-0.0105006,-2.07381e-05,-0.000220375,-0.000241114,-0.0104685,10,340,0,2,0
2012-09-26,338,45,13,19,Hardw,0.334506,0.315172,45.2912,3.84245,-1.0842e-19,-0.00564322,-0.00563418,-3.22535e-06,1.22706e-05,9.04526e-06,-0.00566095,10,340,0,2,0
2012-09-27,338,45,13,19,Hardw,0.516935,0.422028,45.2577,3.86081,-2.71051e-20,0.0093192,0.00930776,1.03397e-05,-2.1778e-05,-1.14383e-05,0.00935569,10,340,0,2,0
2012-09-28,338,45,13,19,Hardw,0.279577,0.279386,45.3042,3.80642,0,-0.00454034,-0.00469899,-4.14844e-06,-0.000154503,-0.000158652,-0.00468707,10,340,0,2,0
2012-10-01,338,45,13,19,Hardw,0.221651,0.222066,45.1056,3.77604,-1.6263e-19,0.00294853,0.00273995,-6.61276e-06,-0.000201967,-0.000208579,0.00272378,10,340,0,2,0
2012-10-02,339,45,13,19,Oil,0.275623,0.252783,45.2487,3.74169,0,0.000820623,0.000821579,-1.40335e-05,1.49894e-05,9.55899e-07,0.000765761,10,341,0,2,0
2012-10-03,340,45,13,19,Oil,0.375487,0.335799,45.2272,3.71269,-3.25261e-19,0.0042906,0.00451335,2.03836e-05,0.000202368,0.000222752,0.00451445,10,342,0,2,0
2012-10-04,340,45,13,19,Hardw,0.396993,0.338968,45.1619,3.71297,3.79471e-19,0.0070085,0.00692506,7.4638e-06,-9.09037e-05,-8.34399e-05,0.00694197,10,342,0,2,0
2012-10-05,340,45,13,19,Oil,0.343835,0.265414,45.0977,3.74137,-1.89735e-19,-9.02157e-05,-0.000185903,1.11574e-05,-0.000106845,-9.56873e-05,-0.00022492,10,342,0,2,0
2012-10-08,340,45,13,19,Oil,0.256942,0.254984,44.9344,3.73761,1.0842e-19,-0.00315754,-0.00324138,-7.42756e-06,-7.64103e-05,-8.38378e-05,-0.00317905,10,342,0,2,0
2012-10-09,340,45,13,19,Oil,0.361578,0.354425,44.6909,3.74492,1.0842e-19,-0.00978569,-0.00977501,2.82503e-05,-1.75663e-05,1.0684e-05,-0.0097935,10,342,0,2,0
2012-10-10,340,45,13,19,Oil,0.320432,0.323235,44.6177,3.6721,3.25261e-19,-0.00595636,-0.00566568,-3.28467e-06,0.00029396,0.000290675,-0.00568524,10,342,0,2,0
2012-10-11,340,45,13,19,Oil,0.369735,0.281768,44.3898,3.65173,1.0842e-19,7.37194e-05,-1.93746e-05,-3.18568e-06,-8.99083e-05,-9.3094e-05,-4.87492e-05,10,342,0,2,0
2012-10-12,340,45,13,19,Oil,0.438736,0.357266,44.2217,3.65829,3.25261e-19,-0.00262631,-0.00263834,-4.84381e-06,-7.18485e-06,-1.20287e-05,-0.00268435,10,343,0,3,0
2012-10-15,340,45,13,19,Oil,0.276559,0.264567,44.1828,3.66103,3.25261e-19,0.00861112,0.00861079,1.81139e-05,-1.84443e-05,-3.30428e-07,0.00860614,10,343,0,3,0
2012-10-16,340,45,13,19,Oil,0.363381,0.327553,43.7689,3.6509,-5.42101e-20,0.00980167,0.00991819,1.17814e-05,0.000104734,0.000116515,0.00995427,10,343,0,3,0
2012-10-17,340,45,13,19,Oil,0.340394,0.287027,43.9526,3.64632,0,0.00387846,0.00400685,1.26586e-05,0.000115733,0.000128391,0.00402431,10,343,0,3,0
2012-10-18,340,45,13,19,Oil,0.304503,0.254006,43.9745,3.6425,-1.0842e-19,-0.00135795,-0.00146254,4.48839e-06,-0.000109079,-0.000104591,-0.00147957,10,343,0,3,0
2012-10-19,340,45,13,19,Oil,0.313291,0.279522,43.6308,3.62762,1.89735e-19,-0.0161244,-0.0163974,-1.36614e-05,-0.000259346,-0.000273008,-0.0163948,10,343,0,3,0
2012-10-22,340,45,13,19,Oil,0.521941,0.503286,43.6083,3.66243,-2.1684e-19,0.000240491,0.000605454,1.8549e-06,0.000363108,0.000364963,0.000570849,10,343,0,3,0
2012-10-23,340,45,13,19,Oil,0.425622,0.416802,43.5974,3.70269,-3.25261e-19,-0.0143383,-0.014331,-1.76398e-05,2.49475e-05,7.30763e-06,-0.0143297,10,343,0,3,0
2012-10-24,340,45,13,19,Oil,0.447562,0.494804,43.3931,3.7351,1.0842e-19,-0.00227796,-0.0021604,6.86236e-06,0.000110694,0.000117556,-0.00213156,10,343,0,3,0
2012-10-25,340,45,13,19,Oil,0.21548,0.176241,43.672,3.71733,0,0.00252891,0.00268122,1.42823e-06,0.000150887,0.000152315,0.0027259,10,343,0,3,0
2012-10-26,340,45,13,19,Oil,0.163071,0.135254,43.9957,3.7485,0,-0.000469171,-0.00054912,4.87538e-06,-8.48242e-05,-7.99488e-05,-0.000531459,10,343,0,3,0
2012-10-31,340,45,13,19,Oil,0.179283,0.169141,43.7604,3.74432,-3.79471e-19,0.00058833,0.000474194,2.91953e-07,-0.000114428,-0.000114136,0.000496393,10,343,0,3,0
2012-11-01,340,45,13,19,Oil,0.401749,0.374937,43.8412,3.70254,0,0.0105222,0.0104179,1.25266e-05,-0.000116783,-0.000104257,0.0103426,10,343,0,3,0
2012-11-02,340,45,13,19,Oil,0.341632,0.304945,44.1684,3.76155,1.0842e-19,-0.00910305,-0.00926809,-1.43887e-05,-0.000150654,-0.000165042,-0.00928849,10,343,0,3,0
2012-11-05,340,45,13,19,Oil,0.491695,0.507236,43.9986,3.751,0,0.00211822,0.00222304,-4.32855e-06,0.000109143,0.000104815,0.00224919,10,343,0,3,0
2012-11-06,340,45,13,19,Oil,0.222158,0.204109,43.9604,3.75124,0,0.0082099,0.00804648,-6.49503e-06,-0.000156928,-0.000163423,0.00809743,10,343,0,3,0
2012-11-07,340,45,13,19,Oil,0.527661,0.453168,43.7416,3.76022,-3.25261e-19,-0.0226677,-0.0229421,-3.55847e-05,-0.000238803,-0.000274387,-0.0229541,10,343,0,3,0
2012-11-08,340,45,13,19,Oil,0.273173,0.242975,43.7203,3.79498,0,-0.0117135,-0.0119857,-4.17518e-06,-0.00026801,-0.000272185,-0.0120022,10,343,0,3,0
2012-11-09,340,45,13,19,Oil,0.207581,0.116919,43.5493,3.7514,-1.0842e-19,0.00114304,0.00136735,3.60472e-06,0.000220708,0.000224312,0.00128557,10,343,0,3,0
2012-11-12,340,45,13,19,Oil,0.219348,0.190762,43.5985,3.74629,1.0842e-19,0.000119615,-4.35555e-05,-9.97215e-06,-0.000153198,-0.00016317,-2.35581e-05,10,343,0,3,0
2012-11-13,340,45,13,19,Oil,0.322835,0.274162,43.6507,3.69491,0,-0.00375598,-0.00379775,-1.18637e-05,-2.98997e-05,-4.17633e-05,-0.00380881,10,343,0,3,0
2012-11-14,340,45,13,19,Oil,0.197992,0.125884,43.3233,3.70691,1.0842e-19,-0.0136977,-0.0136902,8.52287e-07,6.66382e-06,7.51611e-06,-0.0136632,10,343,0,3,0
2012-11-15,340,45,13,19,Oil,0.219735,0.15181,43.4287,3.76675,1.0842e-19,-0.00174712,-0.00208249,-9.88547e-06,-0.000325484,-0.000335369,-0.00205121,10,343,0,3,0
2012-11-16,340,45,13,19,Oil,0.310504,0.280952,43.3119,3.76226,5.42101e-20,0.00502599,0.00485294,-4.59938e-07,-0.000172594,-0.000173054,0.00486531,10,343,0,3,0
2012-11-19,340,45,13,19,Oil,0.485316,0.358362,43.2144,3.78233,3.25261e-19,0.0190071,0.0193586,2.17246e-05,0.000329835,0.00035156,0.0194814,10,343,0,3,0
2012-11-20,340,45,13,19,Oil,0.318906,0.325346,43.006,3.83361,0,0.000769329,0.000750839,1.2648e-05,-3.11376e-05,-1.84896e-05,0.000763191,10,344,0,4,0
2012-11-21,340,45,13,19,Oil,0.252669,0.228148,43.0444,3.82786,0,0.00267017,0.00261889,-3.57794e-06,-4.77062e-05,-5.12842e-05,0.00263762,10,344,0,4,0
2012-11-23,340,45,13,19,Oil,0.436229,0.422058,43.1006,3.86144,-1.49078e-19,0.0132556,0.01328,-2.06444e-06,2.64751e-05,2.44107e-05,0.013272,10,344,0,4,0
2012-11-26,340,45,13,19,Oil,0.340824,0.24457,43.1064,3.83553,-2.1684e-19,-0.00163906,-0.00142859,1.9286e-05,0.000191184,0.00021047,-0.00143485,10,344,0,4,0
2012-11-27,340,45,13,19,Oil,0.45339,0.473361,42.8503,3.8187,-5.42101e-20,-0.00574339,-0.00579903,3.67623e-06,-5.93192e-05,-5.56429e-05,-0.00577116,10,344,0,4,0
2012-11-28,340,45,13,19,Oil,0.32769,0.325035,42.8216,3.7989,1.0842e-19,0.00805956,0.00807414,-1.49026e-06,1.60759e-05,1.45856e-05,0.00808692,10,344,0,4,0
2012-11-29,340,45,13,19,Oil,0.132001,0.114454,42.7405,3.78479,5.42101e-20,0.00440139,0.00437474,-1.47069e-06,-2.51744e-05,-2.66451e-05,0.00437602,10,344,0,4,0
2012-11-30,340,45,13,19,Oil,0.241914,0.191131,42.6078,3.81832,2.71051e-20,0.000307558,0.000289931,9.40508e-06,-2.70322e-05,-1.76272e-05,0.000252864,10,344,0,4,0
2012-12-03,340,45,13,19,Oil,0.329717,0.259291,42.4319,3.81044,-1.0842e-19,-0.00500805,-0.00500715,-1.92529e-06,2.82523e-06,8.99932e-07,-0.00501567,10,344,0,4,0
2012-12-04,341,45,13,19,Oil,0.242635,0.223135,42.3361,3.77237,-1.0842e-19,-0.00131481,-0.00147459,-1.40758e-05,-0.000145701,-0.000159777,-0.00146505,10,345,0,4,0
2012-12-05,341,45,13,19,Oil,0.457967,0.291684,42.465,3.80356,-1.6263e-19,0.00243668,0.00176046,-2.98608e-05,-0.000646358,-0.000676219,0.00171313,10,345,0,4,0
2012-12-06,341,45,13,19,Oil,0.275774,0.21071,42.2999,3.9047,0,0.00345444,0.00353467,-4.82679e-07,8.07031e-05,8.02205e-05,0.00353639,10,345,0,4,0
2012-12-07,341,45,13,19,Oil,0.329848,0.226472,42.2874,3.88542,1.0842e-19,0.0033645,0.00312226,-5.60556e-06,-0.000236628,-0.000242234,0.00314338,10,345,0,4,0
2012-12-10,341,45,13,19,Oil,0.294319,0.259632,41.4463,3.95108,1.0842e-19,0.000459906,0.000355405,-1.70861e-05,-8.7415e-05,-0.000104501,0.000403137,10,346,0,5,0
2012-12-11,341,45,13,19,Oil,0.308195,0.266838,41.3519,4.01187,-1.0842e-19,0.00636234,0.00642017,5.44179e-06,5.23842e-05,5.7826e-05,0.00636665,10,346,0,5,0
2012-12-12,342,45,13,19,Oil,0.244371,0.205186,41.4665,4.03426,-1.0842e-19,0.000201734,0.00018417,-2.24625e-06,-1.53175e-05,-1.75638e-05,0.000201349,10,347,0,5,0
2012-12-13,342,45,13,19,Oil,0.260884,0.242923,41.3193,4.02831,0,-0.00601926,-0.0060896,-7.67733e-06,-6.26589e-05,-7.03362e-05,-0.00603957,10,347,0,5,0
2012-12-14,342,45,13,19,Oil,0.235462,0.222664,41.4477,4.03373,2.1684e-19,-0.00414405,-0.00442436,-1.50278e-05,-0.000265283,-0.000280311,-0.00437226,10,347,0,5,0
2012-12-17,342,45,13,19,Oil,0.468346,0.385292,41.3141,4.04615,0,0.0116235,0.0116118,6.49418e-06,-1.82091e-05,-1.17149e-05,0.011622,10,347,0,5,0
2012-12-18,342,45,13,19,Oil,0.53639,0.502416,41.1937,3.99848,0,0.0118577,0.0117528,-7.37884e-06,-9.74619e-05,-0.000104841,0.0117963,10,348,0,6,0
2012-12-19,342,45,13,19,Oil,0.319041,0.260748,41.1984,3.99972,1.6263e-19,-0.00760306,-0.00771459,-8.18705e-06,-0.000103344,-0.000111531,-0.00764538,10,348,0,6,0
2012-12-20,342,45,13,19,Oil,0.222945,0.148398,41.189,3.99529,5.42101e-20,0.00552014,0.00544189,8.06621e-06,-8.63229e-05,-7.82567e-05,0.00545218,10,348,0,6,0
2012-12-21,342,45,13,19,Oil,0.261758,0.126563,41.1673,3.99381,0,-0.00921001,-0.00919365,-1.21385e-05,2.8499e-05,1.63605e-05,-0.0091676,10,348,0,6,0
2012-12-24,342,45,13,19,Oil,0.397722,0.381409,40.9858,3.96849,0,-0.00231748,-0.00228329,6.76672e-06,2.74252e-05,3.41919e-05,-0.00228035,10,348,0,6,0
2012-12-26,342,45,13,19,Oil,0.453472,0.429437,40.9572,3.97762,-5.42101e-20,-0.00456454,-0.00466101,1.33573e-05,-0.000109833,-9.64756e-05,-0.0047117,10,348,0,6,0
2012-12-27,342,45,13,19,Oil,0.291222,0.274892,41.0039,3.97073,8.13152e-20,-0.00123612,-0.00110219,-1.07889e-05,0.000144722,0.000133933,-0.00106558,10,348,0,6,0
2012-12-28,342,45,13,19,Oil,0.438743,0.371951,40.8914,3.9601,1.6263e-19,-0.0111684,-0.0111855,1.95226e-06,-1.90654e-05,-1.71131e-05,-0.0111658,10,348,0,6,0
2012-12-31,342,45,13,19,Oil,0.586868,0.573561,40.8159,3.93681,-5.42101e-20,0.0161521,0.0163283,-2.15713e-05,0.000197749,0.000176178,0.0163898,10,348,0,6,0
2013-01-02,342,45,13,19,Oil,0.439135,0.424796,40.7732,3.92787,-5.42101e-20,0.0258208,0.0256979,5.00839e-06,-0.000127987,-0.000122979,0.0256764,10,348,0,6,0
2013-01-03,342,45,13,19,Oil,0.213331,0.171027,40.6993,3.93582,0,-0.00204126,-0.002192,6.44681e-06,-0.000157195,-0.000150748,-0.00219438,10,348,0,6,0
2013-01-04,342,45,13,19,Oil,0.357388,0.24731,40.7703,3.9249,0,0.00491429,0.00466692,-2.62901e-05,-0.000221071,-0.000247362,0.0046242,10,348,0,6,0
2013-01-07,342,45,13,19,Oil,0.22769,0.172687,40.7405,3.94011,1.0842e-19,-0.0028292,-0.00296596,4.5504e-06,-0.000141313,-0.000136763,-0.00296605,10,348,0,6,0
2013-01-08,342,45,13,19,Oil,0.2045,0.173683,40.8743,3.9485,-2.71051e-20,-0.00316102,-0.0030944,7.3287e-06,5.92944e-05,6.66231e-05,-0.00302853,10,348,0,6,0
2013-01-09,342,45,13,19,Oil,0.282272,0.229029,40.8432,3.93602,-3.79471e-19,0.00274572,0.00250288,-9.24094e-06,-0.000233599,-0.00024284,0.0025101,10,348,0,6,0
2013-01-10,342,45,13,19,Oil,0.299654,0.242295,40.8805,3.96669,-1.6263e-19,0.00768875,0.00764438,-5.98274e-06,-3.83778e-05,-4.43605e-05,0.00758833,10,348,0,6,0
2013-01-11,342,45,13,19,Oil,0.246353,0.193094,41.0029,3.94564,5.42101e-20,0.000410419,0.000400582,-5.55509e-06,-4.28172e-06,-9.83681e-06,0.000362621,10,348,0,6,0
2013-01-14,342,45,13,19,Oil,0.251315,0.218522,41.0691,3.93348,6.77626e-20,-0.000854861,-0.00118426,-2.68834e-05,-0.000302515,-0.000329398,-0.00115359,10,348,0,6,0
2013-01-15,342,45,13,19,Oil,0.309857,0.24027,40.8605,3.9209,8.13152e-20,0.00082005,0.000656887,-1.95229e-05,-0.00014364,-0.000163163,0.00070535,10,348,0,6,0
2013-01-16,342,45,13,19,Oil,0.3225,0.167417,40.7348,3.92876,-2.1684e-19,0.000311314,0.000457061,1.79517e-05,0.000127796,0.000145748,0.000440669,10,348,0,6,0
2013-01-17,342,45,13,19,Oil,0.251668,0.199421,40.6251,3.94679,1.0842e-19,0.00528873,0.00533137,-1.717e-05,5.98176e-05,4.26476e-05,0.00537406,10,348,0,6,0
2013-01-18,342,45,13,19,Oil,0.227639,0.185466,40.5571,3.97659,-2.1684e-19,0.00360603,0.00362135,-5.13042e-06,2.04496e-05,1.53192e-05,0.0036248,10,348,0,6,0
2013-01-22,342,45,13,19,Oil,0.351382,0.311915,40.5518,4.00139,8.13152e-20,0.00444796,0.0043682,-7.28317e-06,-7.24751e-05,-7.97583e-05,0.00443496,10,348,0,6,0
2013-01-23,342,45,13,19,Oil,0.282528,0.252789,40.5002,4.01451,-5.42101e-20,0.000614765,0.000728577,2.60726e-05,8.77392e-05,0.000113812,0.000727951,10,348,0,6,0
2013-01-24,342,45,13,19,Oil,0.269555,0.20076,40.4748,4.00863,-2.1684e-19,0.000654208,-0.000242635,-7.18012e-05,-0.000825042,-0.000896843,-0.00021458,10,348,0,6,0
2013-01-25,342,45,13,19,Oil,0.238909,0.254036,40.5882,4.15925,0,0.00560547,0.00541181,-1.41727e-05,-0.000179487,-0.00019366,0.00540214,10,348,0,6,0
2013-01-28,342,45,13,19,Oil,0.271892,0.223164,40.6987,4.15985,-5.42101e-20,-0.00164958,-0.00155141,4.56956e-06,9.35973e-05,9.81668e-05,-0.00150391,10,348,0,6,0
2013-01-29,342,45,13,19,Oil,0.27614,0.301711,40.8108,4.09911,0,0.00491308,0.00512881,1.23857e-05,0.000203346,0.000215731,0.00518661,10,348,0,6,0
2013-01-30,342,45,13,19,Oil,0.226493,0.200526,40.5645,4.12666,0,-0.00343857,-0.00350965,1.22745e-06,-7.2305e-05,-7.10775e-05,-0.00345818,10,348,0,6,0
2013-01-31,342,45,13,19,Oil,0.132272,0.123116,40.5022,4.11696,2.71051e-20,-0.00257887,-0.00263374,-5.11224e-06,-4.9758e-05,-5.48702e-05,-0.00260827,10,348,0,6,0
2013-02-01,342,45,13,19,Oil,0.229534,0.198932,40.5822,4.08359,-5.42101e-20,0.00958751,0.00942151,6.02801e-06,-0.000172022,-0.000165994,0.00941695,10,348,0,6,0
2013-02-04,342,45,13,19,Oil,0.457836,0.427249,40.6622,4.05876,2.71051e-19,-0.0112291,-0.0113171,-8.41673e-06,-7.96171e-05,-8.80338e-05,-0.0113222,10,348,0,6,0
2013-02-05,342,45,13,19,Oil,0.352956,0.329036,40.6727,4.02527,-5.42101e-20,0.010316,0.0103465,7.09453e-06,2.34501e-05,3.05447e-05,0.0103578,10,348,0,6,0
2013-02-06,342,45,13,19,Oil,0.192663,0.199806,40.6392,4.05221,1.35525e-19,0.00043093,0.000483091,-8.34992e-06,6.05115e-05,5.21616e-05,0.00049123,10,348,0,6,0
2013-02-07,342,45,13,19,Oil,0.24577,0.243517,40.48,4.03369,1.0842e-19,-0.00137446,-0.00127348,1.25656e-07,0.000100856,0.000100981,-0.00119447,10,348,0,6,0
2013-02-08,342,45,13,19,Oil,0.27881,0.240066,40.4552,4.02287,-1.0842e-19,0.00506126,0.00508386,-1.15308e-05,3.413e-05,2.25991e-05,0.00511331,10,348,0,6,0
2013-02-11,342,45,13,19,Oil,0.244129,0.24189,40.7508,4.03879,5.42101e-20,-0.000374869,-0.000233559,1.49288e-05,0.00012638,0.000141309,-0.000198311,10,348,0,6,0
2013-02-12,342,45,13,19,Oil,0.338767,0.300933,40.8625,4.03934,0,0.00185415,0.00168035,4.43123e-06,-0.000178231,-0.0001738,0.00176055,10,348,0,6,0
2013-02-13,342,45,13,19,Oil,0.264913,0.276664,40.891,4.07273,-1.35525e-19,0.00123223,0.00122365,-5.92142e-06,-2.66243e-06,-8.58385e-06,0.00123845,10,348,0,6,0
2013-02-14,342,45,13,19,Oil,0.175546,0.216106,40.717,4.08973,5.42101e-20,-2.76268e-05,-0.000101459,3.89189e-06,-7.77237e-05,-7.38318e-05,-6.9173e-05,10,348,0,6,0
2013-02-15,342,45,13,19,Oil,0.401294,0.365615,40.3694,4.04781,0,-0.00156897,-0.00149692,-1.23698e-05,8.44258e-05,7.2056e-05,-0.00147015,10,348,0,6,0
2013-02-19,343,45,13,19,Oil,0.192366,0.180967,40.3952,4.05223,-2.1684e-19,0.00692377,0.00685734,-2.99687e-06,-6.34312e-05,-6.6428e-05,0.006868,10,349,0,6,0
2013-02-20,343,45,13,19,Oil,0.635905,0.616721,40.7115,4.0769,3.79471e-19,-0.0116793,-0.0115766,4.07276e-05,6.19689e-05,0.000102696,-0.0117136,10,349,0,6,0
2013-02-21,343,45,13,19,Oil,0.420708,0.371698,40.9871,4.11141,-8.13152e-20,-0.00608673,-0.00599962,1.42205e-05,7.28958e-05,8.71163e-05,-0.00604637,10,349,0,6,0
2013-02-22,343,45,13,19,Oil,0.259163,0.238461,41.1511,4.1441,4.33681e-19,0.00880333,0.0087635,-2.90318e-05,-1.08061e-05,-3.98379e-05,0.00876,10,349,0,6,0
2013-02-25,343,45,14,21,Oil,0.552768,0.531572,41.0747,4.09119,-1.0842e-19,-0.0176565,-0.0176691,1.88552e-05,-3.14502e-05,-1.2595e-05,-0.0177089,9,349,0,6,0
2013-02-26,343,45,14,21,Oil,0.200017,0.224264,41.3555,4.13102,-5.42101e-20,0.00658895,0.00662822,2.1668e-07,3.90516e-05,3.92682e-05,0.00668811,9,349,0,6,0
2013-02-27,343,45,14,21,Oil,0.282776,0.21172,41.5617,4.15259,-6.77626e-20,0.0126819,0.0126718,-2.00365e-05,9.94206e-06,-1.00945e-05,0.0127748,9,349,0,6,0
2013-02-28,343,45,14,21,Oil,0.163689,0.170815,41.4516,4.16061,-1.35525e-20,-0.00114554,-0.00115353,-1.30432e-05,5.05948e-06,-7.98371e-06,-0.00114056,9,349,0,6,0
2013-03-01,343,45,14,21,Oil,0.32628,0.28759,41.3292,4.14002,-2.1684e-19,0.00218188,0.0020937,-1.66371e-05,-7.15513e-05,-8.81884e-05,0.00216231,9,349,0,6,0
2013-03-04,343,45,14,21,Oil,0.414262,0.338576,41.3673,4.13965,-5.42101e-20,0.00462375,0.0045804,-2.50006e-06,-4.08468e-05,-4.33469e-05,0.00470587,9,349,0,6,0
2013-03-05,343,45,14,21,Oil,0.318259,0.315649,41.4012,4.15783,1.0842e-19,0.00938763,0.0094169,-7.75335e-06,3.70245e-05,2.92711e-05,0.00934425,9,349,0,6,0
2013-03-06,343,45,14,21,Oil,0.326655,0.31962,41.4292,4.14749,-1.0842e-19,0.00189812,0.00166599,-1.70427e-05,-0.000215082,-0.000232125,0.00162581,9,349,0,6,0
2013-03-07,343,45,14,21,Oil,0.327478,0.297823,41.3905,4.15052,0,0.00164002,0.00156572,9.25335e-06,-8.35562e-05,-7.43029e-05,0.00151562,9,349,0,6,0
2013-03-08,343,45,14,21,Oil,0.342517,0.314737,41.4962,4.1379,-2.1684e-19,0.00411886,0.00413607,-1.88555e-05,3.60703e-05,1.72148e-05,0.00413927,9,349,0,6,0
2013-03-11,343,45,14,21,Oil,0.289131,0.250859,41.4468,4.15991,-1.0842e-19,0.00308926,0.00311119,3.91576e-06,1.80095e-05,2.19253e-05,0.00300686,9,349,0,6,0
2013-03-12,343,45,14,21,Oil,0.277768,0.244283,41.4398,4.15041,-1.0842e-19,-0.00239395,-0.00254844,-1.72278e-05,-0.000137262,-0.000154489,-0.00248803,9,349,0,6,0
2013-03-13,343,45,14,21,Oil,0.310421,0.298652,41.6446,4.15349,0,0.00142663,0.00152896,-8.57171e-06,0.000110903,0.000102331,0.00147255,9,349,0,6,0
2013-03-14,343,45,14,21,Oil,0.314741,0.287308,41.5198,4.15037,1.6263e-19,0.00528849,0.00529049,-6.04309e-07,2.60546e-06,2.00115e-06,0.00527097,9,349,0,6,0
2013-03-15,343,45,14,21,Oil,0.34621,0.298085,41.5584,4.15986,0,-0.00165033,-0.0016461,1.73427e-05,-1.31137e-05,4.22903e-06,-0.00167935,9,349,0,6,0
2013-03-18,343,45,14,21,Oil,0.25126,0.20746,41.2421,4.15089,1.0842e-19,-0.00571848,-0.00550601,3.61112e-07,0.000212104,0.000212465,-0.00545623,9,349,0,6,0
2013-03-19,344,45,14,21,Oil,0.300241,0.302786,41.0628,4.11286,1.0842e-19,-0.00221659,-0.00209831,2.23646e-05,9.59108e-05,0.000118275,-0.00212934,9,349,0,5,0
2013-03-20,344,45,14,21,Oil,0.245453,0.237242,40.9148,4.10995,-8.13152e-20,0.00625098,0.00623364,-2.7109e-05,9.77321e-06,-1.73358e-05,0.00629252,9,349,0,5,0
2013-03-21,344,45,14,21,Oil,0.32397,0.292054,40.8968,4.10769,-1.0842e-19,-0.00895727,-0.00882995,7.73325e-06,0.000119589,0.000127322,-0.00886348,9,349,0,5,0
2013-03-22,344,45,14,21,Oil,0.352548,0.18225,40.7126,4.05276,1.0842e-19,0.0079116,0.00794289,7.56535e-06,2.37218e-05,3.12871e-05,0.00795826,9,349,0,5,0
2013-03-25,344,45,14,21,Oil,0.267143,0.248883,41.0377,3.9432,-1.76183e-19,-0.00338067,-0.00334507,3.26074e-06,3.23419e-05,3.56026e-05,-0.00336989,9,349,0,5,0
2013-03-26,344,45,14,21,Oil,0.23363,0.169118,40.9927,3.94988,-1.0842e-19,0.00795924,0.00786914,-4.40491e-06,-8.56956e-05,-9.01005e-05,0.00788635,9,349,0,5,0
2013-03-27,344,45,14,21,Oil,0.230062,0.218496,40.8703,3.93025,2.1684e-19,-0.000501343,-0.000647241,-8.5468e-06,-0.000137351,-0.000145898,-0.00066348,9,349,0,5,0
2013-03-28,344,45,14,21,Oil,0.383754,0.274818,40.9038,3.93714,-1.0842e-19,0.0043515,0.00419888,-1.29524e-05,-0.000139665,-0.000152618,0.00418331,9,349,0,5,0
2013-04-01,344,45,14,21,Oil,0.38134,0.320541,41.1486,3.93286,0,-0.00431366,-0.00435369,4.01795e-05,-8.02044e-05,-4.00249e-05,-0.004362,9,349,0,5,0
2013-04-02,344,45,14,21,Oil,0.390523,0.368607,40.9415,3.95631,-1.0842e-19,0.00562058,0.00550081,2.38066e-05,-0.000143574,-0.000119767,0.00533275,9,349,0,5,0
2013-04-03,344,45,14,21,Oil,0.463375,0.429777,40.6356,3.96694,1.0842e-19,-0.00985206,-0.00980347,1.88555e-05,2.97411e-05,4.85966e-05,-0.00987694,9,349,0,5,0
2013-04-04,344,45,14,21,Oil,0.209732,0.176255,40.8019,4.02212,5.42101e-20,0.00454713,0.00452864,-1.33076e-05,-5.17378e-06,-1.84814e-05,0.00454314,9,349,0,5,0
2013-04-05,344,45,14,21,Oil,0.221277,0.198469,40.6174,4.03169,1.0842e-19,-0.0043794,-0.0043776,2.23052e-06,-4.31785e-07,1.79874e-06,-0.00437369,9,349,0,5,0
2013-04-08,344,45,14,21,Oil,0.344906,0.32735,40.6664,4.02061,0,0.00664826,0.00660716,-1.79271e-05,-2.31687e-05,-4.10958e-05,0.00662288,9,349,0,5,0
2013-04-09,344,45,14,21,Oil,0.215909,0.209477,40.5379,4.04013,1.0842e-19,0.00432559,0.00413041,-2.44402e-05,-0.000170738,-0.000195178,0.00414252,9,349,0,5,0
2013-04-10,344,45,14,21,Oil,0.376055,0.320881,40.582,4.09379,1.0842e-19,0.0122553,0.0122591,-3.88041e-06,7.71093e-06,3.83052e-06,0.0122182,9,349,0,5,0
2013-04-11,344,45,14,21,Oil,0.262363,0.220891,40.5254,4.10885,-1.0842e-19,0.00367975,0.00374038,3.68893e-06,5.69344e-05,6.06233e-05,0.00371472,9,349,0,5,0
2013-04-12,344,45,14,21,Oil,0.427402,0.406701,40.4444,4.1305,-1.6263e-19,-0.00274452,-0.00271558,1.0494e-05,1.8445e-05,2.89391e-05,-0.0027604,9,349,0,5,0
2013-04-15,344,45,14,21,Oil,0.665992,0.671943,40.4723,4.12059,-3.25261e-19,-0.0224294,-0.022352,4.49429e-05,3.25e-05,7.74429e-05,-0.0225285,9,349,0,5,0
2013-04-16,344,45,14,21,Oil,0.349434,0.313673,40.7111,4.11595,-2.71051e-20,0.0137758,0.0137977,-2.73214e-05,4.92943e-05,2.1973e-05,0.01384,9,350,0,6,0
2013-04-17,344,45,14,21,Drugs,0.485303,0.413016,40.7025,4.10352,-2.1684e-19,-0.0136925,-0.0138039,5.22456e-05,-0.000163655,-0.000111409,-0.0138599,9,350,0,6,0
2013-04-18,344,45,14,21,Drugs,0.391167,0.33525,40.7978,4.13595,2.71051e-19,-0.00669047,-0.00668581,6.36223e-05,-5.89628e-05,4.65946e-06,-0.00669687,9,350,0,6,0
2013-04-19,344,45,14,21,Drugs,0.406724,0.309873,40.4768,4.13136,-2.1684e-19,0.00826085,0.00841647,-1.25543e-05,0.000168174,0.000155619,0.00844808,9,350,0,6,0
2013-04-22,344,45,14,21,Drugs,0.280741,0.23865,40.3331,4.11108,-2.1684e-19,0.00434546,0.0043344,-2.09991e-05,9.93566e-06,-1.10635e-05,0.00441287,9,350,0,6,0
2013-04-23,344,45,14,21,Drugs,0.355899,0.419813,40.1972,4.10483,-5.42101e-20,0.0106518,0.0107327,-4.1263e-05,0.000122134,8.08715e-05,0.0108373,9,350,0,6,0
2013-04-24,344,45,14,21,Drugs,0.40747,0.290671,40.2925,4.09882,-6.50521e-19,2.03213e-05,-0.000120524,-1.67262e-05,-0.00012412,-0.000140846,-3.90889e-05,9,350,0,6,0
2013-04-25,344,45,14,21,Oil,0.220281,0.227166,40.142,3.982,-1.0842e-19,0.00445938,0.00433713,-7.54509e-05,-4.67945e-05,-0.000122245,0.00435648,9,350,0,6,0
2013-04-26,344,45,14,21,Oil,0.243267,0.230551,40.1445,3.97156,-1.89735e-19,-0.0016386,-0.00155656,2.60038e-05,5.60306e-05,8.20344e-05,-0.00157708,9,350,0,6,0
2013-04-29,344,45,14,21,Oil,0.261996,0.207758,40.3308,3.98756,0,0.00718991,0.00720141,-2.59767e-05,3.7469e-05,1.14923e-05,0.00720736,9,350,0,6,0
2013-04-30,344,45,14,21,Oil,0.261887,0.152853,40.4613,3.97921,-2.1684e-19,0.00230463,0.00244847,-1.93938e-05,0.000163232,0.000143839,0.00229971,9,350,0,6,0
2013-05-01,345,45,14,21,Oil,0.176449,0.147838,40.5265,4.02245,0,-0.00882897,-0.00888031,-5.74451e-06,-4.5592e-05,-5.13366e-05,-0.00903805,9,351,0,6,0
2013-05-02,345,45,14,21,Oil,0.286446,0.268118,40.4883,4.01507,5.42101e-20,0.00930784,0.00927328,-2.26333e-05,-1.19284e-05,-3.45617e-05,0.00930809,9,351,0,6,0
2013-05-03,345,45,14,21,Oil,0.403656,0.395063,40.4593,4.03279,6.77626e-20,0.0103119,0.0102102,-6.75634e-05,-3.40851e-05,-0.000101649,0.0103099,9,351,0,6,0
2013-05-06,345,45,14,21,Oil,0.511478,0.472288,40.4474,4.0258,2.1684e-19,0.00121136,0.001301,-3.26031e-05,0.000122245,8.96421e-05,0.00143282,9,351,0,6,0
2013-05-07,345,45,14,21,Oil,0.278253,0.252708,40.46,4.04814,-6.77626e-20,0.00513499,0.00518856,6.57827e-06,4.69892e-05,5.35674e-05,0.00523393,9,351,0,6,0
2013-05-08,345,45,14,21,Oil,0.329419,0.349116,40.4372,4.0466,5.42101e-20,0.00457967,0.00446083,-2.62834e-05,-9.25485e-05,-0.000118832,0.00428852,9,351,0,6,0
2013-05-09,346,45,14,21,Oil,0.308663,0.315803,40.4607,4.02579,0,-0.00359252,-0.0037023,-2.47388e-05,-8.5042e-05,-0.000109781,-0.00374156,9,352,0,6,0
2013-05-10,346,45,14,21,Oil,0.249765,0.237049,40.5113,4.02831,-1.6263e-19,0.00369543,0.00354795,-3.15167e-05,-0.000115964,-0.000147481,0.00347489,9,352,0,6,0
2013-05-13,346,45,14,21,Oil,0.348915,0.317318,40.2248,4.02822,1.0842e-19,0.000390208,0.000411593,3.54829e-06,1.7837e-05,2.13853e-05,0.000427683,9,352,0,6,0
2013-05-14,346,45,14,21,Oil,0.410714,0.361036,40.2372,4.00336,5.42101e-20,0.0104839,0.0103617,-6.33156e-05,-5.88618e-05,-0.000122177,0.0104674,9,352,0,6,0
2013-05-15,346,45,14,21,Oil,0.303162,0.20372,40.1647,3.95562,1.0842e-19,0.00526477,0.00523922,1.93774e-05,-4.49271e-05,-2.55497e-05,0.00527587,9,352,0,6,0
2013-05-16,346,45,14,21,Banks,0.350226,0.282807,40.0519,3.96593,-6.50521e-19,-0.00437592,-0.00447876,6.15121e-05,-0.000164346,-0.000102834,-0.00451186,9,352,0,6,0
2013-05-17,346,45,14,21,Oil,0.381897,0.357185,40.1885,3.96105,1.0842e-19,0.0100827,0.00993496,-5.44399e-05,-9.33045e-05,-0.000147744,0.0101049,9,352,0,6,0
2013-05-20,346,45,14,21,Banks,0.438213,0.36427,40.2808,3.97656,-2.1684e-19,-0.000689832,-0.00061633,6.25256e-07,7.28771e-05,7.35023e-05,-0.000532969,9,352,0,6,0
2013-05-21,346,45,14,21,Oil,0.238588,0.174273,40.2998,3.94566,0,0.00188265,0.00182374,3.81942e-05,-9.7114e-05,-5.89198e-05,0.00175476,9,352,0,6,0
2013-05-22,346,45,14,21,Banks,0.339707,0.321747,40.3074,3.92093,-1.6263e-19,-0.00804353,-0.00795379,4.22095e-05,4.75308e-05,8.97403e-05,-0.00792602,9,352,0,6,0
2013-05-23,346,45,14,21,Banks,0.22381,0.209615,40.4874,3.89657,1.0842e-19,-0.00288379,-0.00304423,-6.17608e-05,-9.8674e-05,-0.000160435,-0.00305658,9,352,0,6,0
2013-05-24,346,45,14,21,Banks,0.242121,0.168283,40.4731,3.73302,5.42101e-20,1.29887e-05,0.000142174,2.34738e-05,0.000105711,0.000129185,0.000138344,9,352,0,6,0
2013-05-28,346,45,14,21,Banks,0.374582,0.357436,40.5554,3.71842,-1.49078e-19,0.00627603,0.00613532,-4.66142e-05,-9.4094e-05,-0.000140708,0.00625665,9,352,0,6,0
2013-05-29,346,45,14,21,Banks,0.562063,0.476182,40.3869,3.72893,0,-0.00668219,-0.00682495,-4.00758e-05,-0.000102675,-0.000142751,-0.00673295,9,352,0,6,0
2013-05-30,346,45,14,21,Banks,0.419531,0.348103,40.4511,3.68843,-1.0842e-19,0.00347931,0.00356741,-3.27237e-05,0.000120828,8.81038e-05,0.00355935,9,352,0,6,0
2013-05-31,346,45,14,21,Banks,0.277214,0.223734,40.4608,3.6495,-2.1684e-19,-0.0142706,-0.0141813,8.99139e-06,8.02759e-05,8.92673e-05,-0.0141667,9,352,0,6,0
2013-06-03,346,45,14,21,Banks,0.267455,0.242757,40.2461,3.59038,-6.77626e-20,0.00669802,0.00659634,6.20097e-05,-0.00016369,-0.00010168,0.00650244,9,352,0,6,0
2013-06-04,346,45,14,21,Banks,0.342751,0.329373,40.2209,3.58467,5.42101e-20,-0.00522103,-0.00527164,3.30958e-05,-8.37099e-05,-5.06141e-05,-0.00532856,9,352,0,6,0
2013-06-05,346,45,14,21,Banks,0.305836,0.260323,40.363,3.59096,1.0842e-19,-0.0136077,-0.0135724,2.51992e-05,1.01291e-05,3.53283e-05,-0.0135911,9,352,0,6,0
2013-06-06,346,45,14,21,Banks,0.40362,0.361141,40.5393,3.59209,-3.25261e-19,0.00830083,0.00826226,-5.95262e-05,2.09616e-05,-3.85646e-05,0.0083981,9,352,0,6,0
2013-06-07,347,45,14,21,Banks,0.238638,0.172834,40.4209,3.58719,0,0.012615,0.0125548,-5.70584e-05,-3.18734e-06,-6.02457e-05,0.0125613,9,353,0,6,0
2013-06-10,347,45,14,21,Banks,0.217658,0.197366,40.3695,3.57938,0,-0.000394628,-0.000427477,5.4261e-06,-3.82748e-05,-3.28487e-05,-0.000493986,9,353,0,6,0
2013-06-11,347,45,14,21,Banks,0.371267,0.289251,40.4517,3.57933,-1.6263e-19,-0.0101594,-0.0100667,4.95688e-05,4.30826e-05,9.26514e-05,-0.0101445,9,353,0,6,0
2013-06-12,347,45,14,21,Banks,0.303346,0.290689,40.5715,3.61525,1.28749e-19,-0.00791012,-0.0079611,3.54811e-05,-8.64602e-05,-5.09791e-05,-0.00795809,9,353,0,6,0
2013-06-13,347,45,14,21,Banks,0.354539,0.316027,40.5754,3.56822,0,0.0145563,0.0145525,-3.74294e-05,3.35842e-05,-3.84517e-06,0.0145509,9,353,0,6,0
2013-06-14,347,45,14,21,Banks,0.49429,0.459925,40.6854,3.60422,-1.6263e-19,-0.00633256,-0.00633599,3.2216e-05,-3.56443e-05,-3.42823e-06,-0.0063283,9,353,0,6,0
2013-06-17,347,45,14,21,Banks,0.27787,0.290113,40.6975,3.6073,5.42101e-20,0.00778565,0.00775422,-2.23835e-05,-9.05054e-06,-3.1434e-05,0.00771449,9,353,0,6,0
2013-06-18,347,45,14,21,Banks,0.277971,0.189871,40.6984,3.56699,-2.1684e-19,0.00769412,0.00760931,-3.37712e-05,-5.10406e-05,-8.48118e-05,0.00757914,9,353,0,6,0
2013-06-19,347,45,14,21,Banks,0.380511,0.380359,40.7913,3.58384,5.42101e-20,-0.0140722,-0.0141864,-3.585e-06,-0.000110651,-0.000114236,-0.0141301,9,353,0,6,0
2013-06-20,347,45,14,21,Banks,0.373983,0.357175,41.0296,3.56851,6.50521e-19,-0.0246839,-0.0246756,3.22062e-05,-2.38966e-05,8.30955e-06,-0.0248478,9,353,0,6,0
2013-06-21,347,45,14,21,Banks,0.333978,0.254261,41.0694,3.55036,-1.6263e-19,0.0022583,0.00231349,5.23273e-05,2.85496e-06,5.51822e-05,0.00218852,9,353,0,6,0
2013-06-24,346,45,14,21,Banks,0.429823,0.394197,41.0003,3.50568,-1.0842e-19,-0.011725,-0.0115638,3.33424e-05,0.000127847,0.000161189,-0.0117204,9,352,0,6,0
2013-06-25,346,45,14,21,Banks,0.454863,0.409049,40.9385,3.56133,0,0.00967674,0.00961354,-3.98038e-05,-2.34025e-05,-6.32064e-05,0.00975571,9,352,0,6,0
2013-06-26,346,45,14,21,Banks,0.396774,0.338044,40.7935,3.53757,5.42101e-20,0.00962786,0.00959139,1.61666e-06,-3.80947e-05,-3.6478e-05,0.00959775,9,352,0,6,0
2013-06-27,346,45,14,21,Banks,0.389542,0.374682,40.8444,3.55604,-1.76183e-19,0.00655198,0.00650507,-3.31316e-05,-1.37783e-05,-4.69099e-05,0.00643997,9,352,0,6,0
2013-06-28,346,45,14,21,Banks,0.257546,0.307249,40.6697,3.55537,2.71051e-20,-0.00469813,-0.00460924,1.79419e-05,7.09492e-05,8.88911e-05,-0.00458144,9,352,0,6,0
2013-07-01,346,45,14,21,Banks,0.384739,0.369138,40.688,3.50674,-1.35525e-19,0.00529673,0.00533055,-4.19569e-05,7.57814e-05,3.38245e-05,0.00531769,9,352,0,6,0
2013-07-02,346,45,14,21,Banks,0.315465,0.274381,40.7157,3.50728,-1.0842e-19,-0.000396573,-0.000382954,2.98559e-06,1.06341e-05,1.36196e-05,-0.000497398,9,352,0,6,0
2013-07-03,346,45,14,21,Banks,0.32465,0.274681,40.7346,3.50145,2.1684e-19,0.000582328,0.000595881,4.68433e-06,8.86877e-06,1.35531e-05,0.00065386,9,352,0,6,0
2013-07-05,346,45,14,21,Banks,0.613303,0.578491,40.7038,3.49482,1.89735e-19,0.0101768,0.0100692,-2.72712e-05,-8.02997e-05,-0.000107571,0.00996221,9,352,0,6,0
2013-07-08,346,45,14,21,Banks,0.413477,0.409261,40.7109,3.48483,-5.42101e-20,0.00563803,0.00568036,3.05812e-05,1.17488e-05,4.233e-05,0.00576889,9,352,0,6,0
2013-07-09,346,45,14,21,Banks,0.280197,0.301315,40.7196,3.52667,2.71051e-20,0.00748974,0.00746304,-1.58768e-05,-1.08161e-05,-2.66929e-05,0.00743144,9,352,0,6,0
2013-07-10,346,45,14,21,Banks,0.253922,0.23877,40.6202,3.53553,1.6263e-19,2.28339e-05,-2.14717e-05,1.18129e-06,-4.54869e-05,-4.43056e-05,-0.000178588,9,352,0,6,0
2013-07-11,346,45,14,21,Banks,0.35643,0.345549,40.6848,3.55072,1.0842e-19,0.013362,0.0132828,-3.5474e-05,-4.37765e-05,-7.92505e-05,0.013374,9,352,0,6,0
2013-07-12,346,45,14,21,Banks,0.328492,0.294606,40.6638,3.56858,-1.0842e-19,0.00255372,0.00248986,-5.11767e-05,-1.26806e-05,-6.38573e-05,0.00257651,9,352,0,6,0
2013-07-15,346,45,14,21,Banks,0.318644,0.263757,40.5425,3.54871,3.25261e-19,0.00175593,0.00178946,1.84206e-06,3.16967e-05,3.35388e-05,0.00176281,9,352,0,6,0
2013-07-16,346,45,14,21,Banks,0.35372,0.270194,40.6351,3.55791,1.01644e-20,-0.00342307,-0.00335179,2.01484e-05,5.11311e-05,7.12795e-05,-0.00351174,9,352,0,6,0
2013-07-17,346,45,14,21,Banks,0.340592,0.346298,40.7299,3.5582,-5.42101e-20,0.00255017,0.00245455,-2.62948e-05,-6.93179e-05,-9.56128e-05,0.00246784,9,352,0,6,0
2013-07-18,346,45,14,21,Banks,0.300582,0.218437,40.6733,3.57214,-3.25261e-19,0.00452768,0.00459456,-3.52196e-07,6.72279e-05,6.68757e-05,0.00447324,9,352,0,6,0
2013-07-19,346,45,14,21,Banks,0.420214,0.264919,40.6842,3.56772,-4.33681e-19,0.00177925,0.00151645,-4.00624e-05,-0.000222732,-0.000262795,0.00156617,9,352,0,6,0
2013-07-22,346,45,14,21,Banks,0.346759,0.318037,40.5149,3.52346,-2.71051e-19,0.00230729,0.00229752,-1.45852e-05,4.81033e-06,-9.7749e-06,0.00232311,9,352,0,6,0
2013-07-23,346,45,14,21,Banks,0.308339,0.273326,40.3904,3.49471,0,-0.00121846,-0.00128691,2.17183e-05,-9.01712e-05,-6.84529e-05,-0.00116179,9,352,0,6,0
2013-07-24,346,45,14,21,Banks,0.380639,0.316586,40.3897,3.5072,-1.0842e-19,-0.00341876,-0.00323504,1.71447e-05,0.000166571,0.000183716,-0.00324986,9,352,0,6,0
2013-07-25,346,45,14,21,Banks,0.137356,0.128617,40.5215,3.53988,5.42101e-20,0.00226879,0.00222033,-2.5589e-05,-2.2863e-05,-4.84521e-05,0.00228739,9,352,0,6,0
2013-07-26,346,45,14,21,Banks,0.266774,0.262805,40.5717,3.563,-1.0842e-19,0.00127887,0.00122503,1.80835e-05,-7.1927e-05,-5.38435e-05,0.00119921,9,352,0,6,0
2013-07-29,346,45,14,21,Banks,0.317519,0.286182,40.643,3.5895,-2.71051e-20,-0.00339253,-0.00326099,2.89995e-05,0.000102542,0.000131542,-0.00325936,9,352,0,6,0
2013-07-30,347,45,14,21,Banks,0.234791,0.263853,40.928,3.63575,1.0842e-19,0.000204818,0.000309403,-1.57653e-05,0.00012035,0.000104585,0.000270454,9,352,0,5,0
2013-07-31,347,45,14,21,Banks,0.180192,0.20308,41.0487,3.61222,-5.42101e-20,-0.000482519,-0.000350833,-1.64237e-05,0.00014811,0.000131686,-0.000225518,9,352,0,5,0
2013-08-01,347,45,14,21,Banks,0.363903,0.30246,41.0989,3.63717,-1.0842e-19,0.0122933,0.0120445,-5.93763e-05,-0.000189417,-0.000248794,0.0119957,9,352,0,5,0
2013-08-02,347,45,14,21,Banks,0.174263,0.159646,41.1248,3.6204,1.35525e-19,0.00172222,0.00163408,1.50402e-05,-0.000103177,-8.81368e-05,0.00154147,9,352,0,5,0
2013-08-05,347,45,14,21,Banks,0.26126,0.257082,41.1118,3.57671,-9.48677e-20,-0.00137517,-0.0014051,-2.49196e-06,-2.74335e-05,-2.99254e-05,-0.00143799,9,352,0,5,0
2013-08-06,347,45,14,21,Banks,0.268354,0.226942,41.1709,3.58527,1.0842e-19,-0.00548355,-0.00549348,1.89787e-05,-2.89117e-05,-9.93296e-06,-0.00540682,9,352,0,5,0
2013-08-07,347,45,14,21,Banks,0.262224,0.269397,41.1283,3.58299,3.25261e-19,-0.00328035,-0.00327041,1.37325e-05,-3.79083e-06,9.94162e-06,-0.00330631,9,352,0,5,0
2013-08-08,347,45,14,21,Banks,0.401983,0.418604,41.218,3.58341,2.1684e-19,0.00360629,0.00350628,-1.44946e-05,-8.55184e-05,-0.000100013,0.00357876,9,352,0,5,0
2013-08-09,347,45,14,21,Banks,0.297247,0.343659,41.2135,3.55701,0,-0.00320484,-0.00331256,-1.36989e-06,-0.000106347,-0.000107717,-0.00328604,9,352,0,5,0
2013-08-12,347,45,14,21,Banks,0.489323,0.429698,41.1451,3.57691,-1.0842e-19,-0.00114811,-0.00108062,4.9716e-06,6.25103e-05,6.74819e-05,-0.00110956,9,352,0,5,0
2013-08-13,347,45,14,21,Banks,0.318998,0.247956,41.2866,3.58792,-2.1684e-19,0.00327172,0.00338054,-1.09359e-05,0.000119755,0.000108819,0.00343938,9,352,0,5,0
2013-08-14,347,45,14,21,Banks,0.37292,0.33423,41.313,3.60608,-5.42101e-20,-0.0048096,-0.00470203,-2.83846e-07,0.000107851,0.000107567,-0.00470667,9,352,0,5,0
2013-08-15,347,45,14,21,Banks,0.414769,0.387911,41.281,3.58267,2.1684e-19,-0.0142559,-0.0141215,1.27141e-05,0.000121744,0.000134458,-0.0141676,9,352,0,5,0
2013-08-16,347,45,14,21,Banks,0.381605,0.411443,41.5658,3.59995,1.0842e-19,-0.00332565,-0.00322151,-1.95096e-06,0.000106087,0.000104137,-0.00324486,9,352,0,5,0
2013-08-19,347,45,14,21,Banks,0.451771,0.408841,41.7929,3.61311,-2.1684e-19,-0.00587609,-0.00577955,2.72099e-05,6.9328e-05,9.65379e-05,-0.00580508,9,352,0,5,0
2013-08-20,347,45,14,21,Banks,0.382579,0.350215,41.9576,3.59453,1.49078e-19,0.00335329,0.00330279,-4.58683e-05,-4.63794e-06,-5.05063e-05,0.00338415,9,352,0,5,0
2013-08-21,347,45,14,21,Banks,0.17166,0.169967,41.7041,3.58012,-2.71051e-20,-0.00546174,-0.00538251,-4.20396e-06,8.34295e-05,7.92255e-05,-0.00531085,9,352,0,5,0
2013-08-22,347,45,14,21,Banks,0.211941,0.160847,41.7955,3.59516,-2.1684e-19,0.00805271,0.00817331,-3.23364e-05,0.000152932,0.000120596,0.00815372,9,352,0,5,0
2013-08-23,347,45,14,21,Banks,0.298492,0.272962,41.6722,3.52509,-2.1684e-19,0.00454818,0.00462689,8.38174e-06,7.03251e-05,7.87068e-05,0.00462622,9,352,0,5,0
2013-08-26,347,45,14,21,Banks,0.238851,0.25525,41.6018,3.50246,-4.40457e-20,-0.00427179,-0.00434618,-1.73482e-05,-5.70431e-05,-7.43913e-05,-0.00431515,9,352,0,5,0
2013-08-27,347,45,14,21,Banks,0.622973,0.597249,41.4654,3.47489,4.33681e-19,-0.0155744,-0.0156525,4.56822e-05,-0.000123742,-7.80602e-05,-0.0156805,9,352,0,5,0
2013-08-28,347,45,14,21,Banks,0.498808,0.427787,41.4798,3.47954,5.42101e-20,0.00265875,0.00268983,-1.21786e-05,4.32546e-05,3.10759e-05,0.00276522,9,352,0,5,0
2013-08-29,347,45,14,21,Oil,0.455394,0.39866,41.5212,3.46278,-3.79471e-19,0.00208985,0.00207584,-1.76805e-05,3.67584e-06,-1.40047e-05,0.00208288,9,352,0,5,0
2013-08-30,347,45,14,21,Banks,0.205181,0.228007,41.4516,3.45673,0,-0.00244027,-0.00254272,6.41279e-06,-0.000108861,-0.000102449,-0.00255583,9,352,0,5,0
2013-09-03,347,45,14,21,Banks,0.479326,0.48234,41.4973,3.47156,-2.1684e-19,0.00344699,0.00324002,-2.91063e-05,-0.000177862,-0.000206968,0.00330358,9,352,0,5,0
2013-09-04,347,45,14,21,Banks,0.314261,0.289464,41.2853,3.44802,1.6263e-19,0.00791753,0.0079734,-2.28709e-05,7.87384e-05,5.58676e-05,0.00801065,9,352,0,5,0
2013-09-05,347,45,14,21,Banks,0.337153,0.34703,41.2306,3.4425,-1.0842e-19,0.00106562,0.000943684,-9.32222e-06,-0.000112615,-0.000121937,0.00091171,9,352,0,5,0
2013-09-06,347,45,14,21,Banks,0.289953,0.268362,41.2606,3.4337,1.0842e-19,0.000148339,0.000140906,4.09383e-06,-1.15266e-05,-7.43279e-06,0.000100176,9,352,0,5,0
2013-09-09,347,45,14,21,Banks,0.288402,0.317027,41.0399,3.40745,0,0.0100875,0.0101365,-2.14747e-05,7.03914e-05,4.89167e-05,0.0100899,9,352,0,5,0
2013-09-10,347,45,14,21,Banks,0.320512,0.282057,40.9811,3.43411,0,0.00828861,0.0081248,-1.00642e-05,-0.000153743,-0.000163808,0.00808001,9,352,0,5,0
2013-09-11,348,45,14,21,Banks,0.364495,0.231841,41.2505,3.50261,0,0.00280833,0.00250203,1.26444e-06,-0.000307572,-0.000306307,0.00252244,9,353,0,5,0
2013-09-12,348,45,14,21,Banks,0.303257,0.294394,41.0716,3.4985,-5.42101e-20,-0.00332362,-0.00331534,2.02023e-05,-1.1931e-05,8.27127e-06,-0.0033666,9,353,0,5,0
2013-09-13,348,45,14,21,Banks,0.170234,0.14681,41.0432,3.49384,-3.38813e-20,0.00320578,0.00313696,-1.34803e-05,-5.53469e-05,-6.88272e-05,0.00317039,9,353,0,5,0
2013-09-16,348,45,14,21,Banks,0.395702,0.313111,41.0558,3.50016,5.42101e-20,0.0058063,0.00568062,-1.02239e-05,-0.000115459,-0.000125683,0.00564524,9,353,0,5,0
2013-09-17,348,45,14,21,Banks,0.274866,0.256756,41.088,3.51533,2.1684e-19,0.00417419,0.00416225,-1.19612e-07,-1.1823e-05,-1.19426e-05,0.00411704,9,353,0,5,0
2013-09-18,348,45,14,21,Banks,0.356979,0.394864,41.094,3.5243,-3.25261e-19,0.0125481,0.0125157,-1.32709e-05,-1.91231e-05,-3.2394e-05,0.0125234,9,353,0,5,0
2013-09-19,348,45,14,21,Banks,0.251752,0.238749,40.96,3.47684,-5.42101e-20,-0.00170501,-0.00160403,6.39687e-06,9.45762e-05,0.000100973,-0.00150996,9,353,0,5,0
2013-09-20,348,45,14,21,Banks,0.285076,0.277738,41.1604,3.53105,1.0842e-19,-0.00751821,-0.00754647,3.51568e-06,-3.17711e-05,-2.82554e-05,-0.0075264,9,353,0,5,0
2013-09-23,349,45,13,19,Banks,0.505337,0.416444,41.425,3.50192,0,-0.00441514,-0.00410308,2.11269e-05,0.000290933,0.00031206,-0.00413739,10,354,0,5,0
2013-09-24,349,45,13,19,Oil,0.29393,0.249298,41.6769,3.53967,-1.0842e-19,-0.00241122,-0.00247043,-1.75072e-05,-4.17029e-05,-5.92102e-05,-0.00243257,10,354,0,5,0
2013-09-25,349,45,13,19,Oil,0.315282,0.29516,41.6317,3.53949,8.13152e-20,-0.00254473,-0.00268775,-1.40681e-05,-0.000128959,-0.000143028,-0.00267984,10,354,0,5,0
2013-09-26,349,45,13,19,Oil,0.277398,0.227594,41.5908,3.54153,1.0842e-19,0.00339385,0.0034583,-5.09753e-06,6.95538e-05,6.44562e-05,0.00349773,10,354,0,5,0
2013-09-27,349,45,13,19,Oil,0.295231,0.208085,41.3901,3.53142,0,-0.00439291,-0.00433373,5.21948e-06,5.39536e-05,5.91731e-05,-0.00430185,10,354,0,5,0
2013-09-30,349,45,13,19,Oil,0.295392,0.300812,41.3632,3.53175,-5.42101e-20,-0.00620837,-0.00617723,-7.1743e-06,3.83184e-05,3.11441e-05,-0.0061756,10,354,0,5,0
2013-10-01,349,45,13,19,Oil,0.310268,0.28029,41.3529,3.51809,0,0.00746391,0.00744149,-1.35165e-05,-8.90228e-06,-2.24188e-05,0.00743803,10,354,0,5,0
2013-10-02,349,45,13,19,Oil,0.323085,0.340874,41.1784,3.50559,-1.0842e-19,-0.000347041,-0.000347248,-6.88569e-06,6.67884e-06,-2.06851e-07,-0.00030169,10,354,0,5,0
2013-10-03,349,45,13,19,Oil,0.217366,0.252436,41.3795,3.52262,9.48677e-20,-0.00887403,-0.0088428,7.92646e-06,2.3305e-05,3.12315e-05,-0.0088102,10,354,0,5,0
2013-10-04,349,45,13,19,Oil,0.41759,0.381514,41.5932,3.50002,-5.42101e-20,0.00686724,0.0068101,-1.46037e-05,-4.25413e-05,-5.71449e-05,0.00679174,10,354,0,5,0
2013-10-07,349,45,13,19,Oil,0.502011,0.471225,41.7441,3.48138,-1.6263e-19,-0.00865362,-0.0085813,8.9944e-06,6.33192e-05,7.23136e-05,-0.00863078,10,354,0,5,0
2013-10-08,349,45,13,19,Oil,0.551536,0.560455,41.7041,3.47188,0,-0.0111452,-0.0110789,3.01615e-05,3.61483e-05,6.63098e-05,-0.0111702,10,354,0,5,0
2013-10-09,349,45,13,19,Oil,0.222521,0.165722,41.9122,3.48507,0,0.00108946,0.0010341,-1.14316e-06,-5.42172e-05,-5.53604e-05,0.00105154,10,354,0,5,0
2013-10-10,349,45,13,19,Oil,0.46798,0.447085,41.8569,3.45259,0,0.0221979,0.0220712,-1.60638e-05,-0.000110644,-0.000126708,0.0221085,10,354,0,5,0
2013-10-11,349,45,13,19,Banks,0.250613,0.231928,41.5098,3.43007,-1.6263e-19,0.00636604,0.00632737,-4.24902e-07,-3.82434e-05,-3.86683e-05,0.00632687,10,354,0,5,0
2013-10-14,349,45,13,19,Oil,0.345279,0.339632,41.4562,3.45848,1.0842e-19,0.00385326,0.00389848,-4.82883e-06,5.00517e-05,4.52229e-05,0.00392214,10,354,0,5,0
2013-10-15,349,45,13,19,Oil,0.17807,0.175365,41.5358,3.45867,0,-0.00727705,-0.00720799,1.50179e-05,5.40374e-05,6.90553e-05,-0.00724192,10,354,0,5,0
2013-10-16,349,45,13,19,Oil,0.375003,0.359516,41.7048,3.47167,-3.25261e-19,0.0137279,0.0136566,-1.02861e-05,-6.10801e-05,-7.13662e-05,0.0137071,10,354,0,5,0
2013-10-17,349,45,13,19,Banks,0.251338,0.20715,41.5266,3.4468,-2.71051e-19,0.00667231,0.00679653,-2.20059e-05,0.000146225,0.000124219,0.00683414,10,354,0,5,0
2013-10-18,349,45,13,19,Banks,0.262576,0.228717,41.4894,3.41668,5.42101e-19,0.00428366,0.00437062,-2.01649e-05,0.000107131,8.69664e-05,0.00442894,10,354,0,5,0
2013-10-21,349,45,13,19,Banks,0.338863,0.288907,41.6019,3.42121,0,0.000249498,0.000351367,4.63274e-06,9.72359e-05,0.000101869,0.000394508,10,354,0,5,0
2013-10-22,349,45,13,19,Banks,0.352045,0.323457,41.4909,3.42561,-3.25261e-19,0.00591864,0.00588367,-7.20554e-06,-2.77666e-05,-3.49721e-05,0.00591262,10,354,0,5,0
2013-10-23,349,45,13,19,Banks,0.353891,0.303218,41.291,3.42653,-4.33681e-19,-0.00529239,-0.00510416,1.81331e-05,0.0001701,0.000188233,-0.00513328,10,354,0,5,0
2013-10-24,349,45,13,19,Banks,0.156397,0.148541,41.456,3.43638,8.13152e-20,0.00333456,0.00334711,8.84806e-07,1.16598e-05,1.25446e-05,0.00326606,10,354,0,5,0
2013-10-25,349,45,13,19,Oil,0.15437,0.141047,41.5236,3.46922,-1.6263e-19,0.00483372,0.0047674,6.88374e-06,-7.31975e-05,-6.63137e-05,0.00473671,10,354,0,5,0
2013-10-28,349,45,13,19,Banks,0.24456,0.205914,41.3977,3.46993,2.1684e-19,0.00135802,0.00135422,-3.01266e-06,-7.90383e-07,-3.80304e-06,0.00131983,10,354,0,5,0
2013-10-29,349,45,13,19,Banks,0.226208,0.232019,41.5567,3.445,5.42101e-20,0.00553093,0.00527521,-2.37343e-06,-0.000253341,-0.000255715,0.00532053,10,354,0,5,0
2013-10-30,350,45,13,19,Oil,0.174197,0.142916,41.3318,3.44766,2.1684e-19,-0.00414671,-0.00408926,1.67508e-05,4.07062e-05,5.7457e-05,-0.00399652,10,355,0,5,0
2013-10-31,350,45,13,19,Oil,0.258494,0.203282,41.7804,3.47011,-5.42101e-20,-0.00383472,-0.00373432,1.53211e-05,8.50783e-05,0.000100399,-0.00373561,10,355,0,5,0
2013-11-01,350,45,13,19,Oil,0.160094,0.112236,41.9496,3.47899,1.0842e-19,0.00291399,0.00282221,2.57132e-06,-9.43509e-05,-9.17796e-05,0.00276001,10,355,0,5,0
2013-11-04,350,45,13,19,Oil,0.335977,0.351096,42.0356,3.46626,1.0842e-19,0.0036889,0.00386429,-9.28548e-06,0.000184677,0.000175392,0.00386669,10,355,0,5,0
2013-11-05,350,45,13,19,Oil,0.267222,0.238921,42.2319,3.46347,1.6263e-19,-0.00215301,-0.00208305,1.38738e-05,5.60875e-05,6.99613e-05,-0.002084,10,355,0,5,0
2013-11-06,350,45,13,19,Oil,0.428125,0.335146,42.2307,3.44671,2.98156e-19,0.00572726,0.00574164,4.18899e-05,-2.75075e-05,1.43825e-05,0.0057342,10,355,0,5,0
2013-11-07,350,45,13,19,Oil,0.303054,0.304507,42.2933,3.44395,8.13152e-20,-0.0122701,-0.0123787,1.23413e-05,-0.000120973,-0.000108632,-0.0124009,10,355,0,5,0
2013-11-08,350,45,13,19,Oil,0.464371,0.426557,42.2194,3.44741,-5.42101e-20,0.0131555,0.0132005,-1.36921e-05,5.8731e-05,4.50389e-05,0.0132587,10,355,0,5,0
2013-11-11,350,45,13,19,Oil,0.193227,0.194952,42.2336,3.44561,-1.0842e-19,0.00123672,0.00117697,-5.6268e-06,-5.41272e-05,-5.9754e-05,0.00118695,10,355,0,5,0
2013-11-12,350,45,13,19,Oil,0.301552,0.291725,42.2332,3.4635,2.1684e-19,-0.00223293,-0.00224643,-1.97604e-06,-1.15182e-05,-1.34942e-05,-0.00219672,10,355,0,5,0
2013-11-13,350,45,13,19,Oil,0.289039,0.283641,42.4031,3.47844,-2.71051e-20,0.00811175,0.00792236,-1.3154e-05,-0.000176227,-0.000189381,0.00792995,10,355,0,5,0
2013-11-14,350,45,13,19,Oil,0.185272,0.0994637,42.1799,3.50939,-1.0842e-19,0.00508195,0.00534147,-8.11021e-06,0.000267628,0.000259518,0.00539592,10,355,0,5,0
2013-11-15,351,45,13,19,Oil,0.141385,0.136519,42.1355,3.47903,-1.0842e-19,0.00427337,0.00430661,1.40817e-06,3.18304e-05,3.32386e-05,0.0043014,10,355,0,4,0
2013-11-18,351,45,13,19,Oil,0.357342,0.296424,42.2508,3.475,5.42101e-20,-0.00329992,-0.00333088,2.03854e-05,-5.13463e-05,-3.09609e-05,-0.00334327,10,355,0,4,0
2013-11-19,351,45,13,19,Oil,0.227917,0.209817,42.4047,3.50217,-2.1684e-19,-0.00142686,-0.00148626,1.18945e-05,-7.13006e-05,-5.9406e-05,-0.00150181,10,355,0,4,0
2013-11-20,351,45,13,19,Oil,0.263739,0.248076,42.5406,3.51339,2.1684e-19,-0.00383744,-0.0037974,-1.5573e-06,4.15973e-05,4.004e-05,-0.00380563,10,355,0,4,0
2013-11-21,351,45,13,19,Oil,0.392804,0.32777,42.7161,3.54757,1.0842e-19,0.00757333,0.00758603,-1.61907e-05,2.88909e-05,1.27002e-05,0.00760712,10,355,0,4,0
2013-11-22,351,45,13,19,Oil,0.244492,0.217208,42.4978,3.5417,3.25261e-19,0.00491828,0.00489866,-1.03799e-05,-9.24201e-06,-1.96219e-05,0.00491789,10,355,0,4,0
2013-11-25,351,45,13,19,Oil,0.279628,0.230616,42.1759,3.46424,1.89735e-19,-0.000977885,-0.000767579,-3.61676e-06,0.000213922,0.000210306,-0.000768567,10,355,0,4,0
2013-11-26,351,45,13,19,Banks,0.378939,0.374979,42.0231,3.47555,1.6263e-19,-0.000490385,-0.000480004,-2.71574e-06,1.3097e-05,1.03813e-05,-0.00046531,10,355,0,4,0
2013-11-27,351,45,13,19,Banks,0.344198,0.275712,41.7224,3.47137,-2.1684e-19,0.00310395,0.00310901,-5.92011e-06,1.09818e-05,5.06167e-06,0.00317615,10,355,0,4,0
2013-11-29,351,45,13,19,Banks,0.298228,0.201902,41.6173,3.45413,0,-0.000724901,-0.000627764,4.05995e-06,9.30768e-05,9.71367e-05,-0.000638918,10,355,0,4,0
2013-12-02,351,45,13,19,Banks,0.251406,0.248197,41.6071,3.40664,-1.0842e-19,-0.00267679,-0.00263715,-1.27575e-05,5.24051e-05,3.96476e-05,-0.00256172,10,355,0,4,0
2013-12-03,351,45,13,19,Banks,0.412425,0.312636,41.4854,3.40205,0,-0.00373822,-0.00347231,1.10102e-05,0.000254896,0.000265906,-0.00351814,10,355,0,4,0
2013-12-04,351,45,13,19,Banks,0.201282,0.193208,41.5298,3.40312,1.0842e-19,-0.00113718,-0.00112149,6.08891e-06,9.59831e-06,1.56872e-05,-0.00114782,10,355,0,4,0
2013-12-05,351,45,13,19,Banks,0.231809,0.192743,41.4825,3.41078,-1.0842e-19,-0.00491447,-0.00487699,-7.41426e-06,4.48909e-05,3.74767e-05,-0.0048442,10,355,0,4,0
2013-12-06,351,45,13,19,Banks,0.245959,0.232794,41.2035,3.36758,1.6263e-19,0.0118725,0.011775,1.07271e-06,-9.85242e-05,-9.74515e-05,0.0117813,10,355,0,4,0
2013-12-09,351,45,13,19,Banks,0.178435,0.158626,41.1046,3.35632,5.42101e-20,0.00169056,0.00186122,3.95794e-06,0.000166704,0.000170662,0.00188535,10,355,0,4,0
2013-12-10,351,45,13,19,Banks,0.263413,0.245287,40.9894,3.34329,-1.6263e-19,-0.00386363,-0.00385547,-1.36558e-05,2.18181e-05,8.16232e-06,-0.00380696,10,355,0,4,0
2013-12-11,351,45,13,19,Banks,0.410797,0.386304,41.0172,3.35196,-1.0842e-19,-0.0112108,-0.0112746,1.99536e-05,-8.37662e-05,-6.38126e-05,-0.0112947,10,355,0,4,0
2013-12-12,351,45,13,19,Banks,0.381653,0.327602,41.1984,3.3634,0,-0.00393735,-0.00378844,-1.56342e-05,0.000164544,0.00014891,-0.00371608,10,355,0,4,0
2013-12-13,351,45,13,19,Banks,0.167395,0.171998,41.1746,3.34997,1.6263e-19,0.000246932,0.000147519,-1.10755e-05,-8.83372e-05,-9.94127e-05,0.000173884,10,355,0,4,0
2013-12-16,351,45,13,19,Banks,0.362189,0.31868,41.1462,3.36588,1.6263e-19,0.00618328,0.00616887,-9.1235e-06,-5.27977e-06,-1.44033e-05,0.00619996,10,355,0,4,0
2013-12-17,351,45,13,19,Banks,0.255467,0.222075,41.1358,3.35413,1.0842e-19,-0.00326506,-0.00333527,-1.08167e-05,-5.93937e-05,-7.02104e-05,-0.00330239,10,355,0,4,0
2013-12-18,351,45,13,19,Banks,0.367582,0.302404,41.014,3.33604,0,0.0172533,0.0171741,-5.53209e-06,-7.3681e-05,-7.92131e-05,0.017162,10,355,0,4,0
2013-12-19,351,45,13,19,Banks,0.210603,0.185261,40.4146,3.35125,1.89735e-19,-0.0003385,-0.000557452,4.37513e-06,-0.000223328,-0.000218953,-0.000628741,10,355,0,4,0
2013-12-20,351,45,13,19,Banks,0.208677,0.219833,40.4236,3.3245,-1.0842e-19,0.00465457,0.00465929,-3.00952e-05,3.48215e-05,4.72631e-06,0.00466631,10,355,0,4,0
2013-12-23,352,45,13,19,Banks,0.290608,0.220198,40.4846,3.31102,0,0.00489138,0.00501942,-6.08715e-06,0.000134126,0.000128038,0.00497961,10,355,0,3,0
2013-12-24,351,46,14,20,Banks,0.417469,0.350341,40.8431,3.33707,-1.0842e-19,0.00308078,0.00306764,3.99181e-06,-1.71248e-05,-1.3133e-05,0.003077,10,354,0,3,0
2013-12-26,351,46,14,20,Banks,0.329505,0.266927,40.7675,3.34337,0,0.00504859,0.00502651,6.00558e-06,-2.80774e-05,-2.20718e-05,0.00501539,10,354,0,3,0
2013-12-27,351,46,14,20,Banks,0.428633,0.43048,40.7533,3.35502,-1.0842e-19,6.09488e-05,-3.62455e-05,5.47845e-06,-0.000102673,-9.71943e-05,-5.78651e-05,10,354,0,3,0
2013-12-30,351,46,14,20,Banks,0.451029,0.35679,40.8155,3.36844,1.0842e-19,0.000112058,1.97864e-05,-4.01486e-06,-8.82568e-05,-9.22716e-05,1.85866e-05,10,354,0,3,0
2013-12-31,351,46,14,20,Banks,0.326698,0.281048,40.7883,3.36404,1.0842e-19,0.00374669,0.00372993,-2.87632e-06,-1.38872e-05,-1.67635e-05,0.00377902,10,354,0,3,0
2014-01-02,351,46,14,20,Banks,0.364892,0.35542,40.764,3.36297,5.42101e-20,-0.00853721,-0.0085822,5.99009e-06,-5.09707e-05,-4.49806e-05,-0.0085974,10,355,0,4,0
2014-01-03,351,46,14,20,Banks,0.292112,0.271124,40.747,3.39466,1.0842e-19,0.000196369,3.06944e-05,-5.36454e-06,-0.00016031,-0.000165674,6.06748e-05,10,355,0,4,0
2014-01-06,351,46,14,20,Banks,0.33999,0.281688,40.6552,3.39422,-1.15196e-19,-0.0024712,-0.00240492,1.24785e-05,5.38009e-05,6.62794e-05,-0.00256927,10,355,0,4,0
2014-01-07,351,46,14,20,Banks,0.200321,0.214062,40.6909,3.38174,-2.1684e-19,0.00583702,0.00577268,1.50481e-05,-7.93792e-05,-6.43311e-05,0.00568213,10,355,0,4,0
2014-01-08,351,46,14,20,Banks,0.374533,0.333968,40.8128,3.40655,-1.0842e-19,-0.000227987,-0.000219727,-2.36998e-05,3.19605e-05,8.26064e-06,-0.00025284,10,355,0,4,0
2014-01-09,351,46,14,20,Banks,0.268148,0.229788,40.7421,3.38242,-1.0842e-19,0.000841234,0.000688839,3.04428e-06,-0.000155439,-0.000152395,0.000839692,10,355,0,4,0
2014-01-10,351,46,14,20,Banks,0.351692,0.30591,40.7168,3.38557,8.13152e-20,0.00232364,0.00232762,-4.67302e-05,5.07158e-05,3.98567e-06,0.00228052,10,355,0,4,0
2014-01-13,352,46,14,20,Banks,0.306513,0.257025,40.6509,3.3808,0,-0.0122604,-0.0122402,5.59797e-05,-3.57803e-05,2.01994e-05,-0.0123273,10,355,0,3,0
2014-01-14,352,46,14,20,Banks,0.31285,0.232036,40.682,3.38121,0,0.0100834,0.010124,-6.41309e-05,0.000104749,4.0618e-05,0.0101443,10,355,0,3,0
2014-01-15,352,46,14,20,Banks,0.398934,0.315116,40.6872,3.38708,0,0.00582548,0.00587423,1.73863e-05,3.13609e-05,4.87472e-05,0.00572725,10,355,0,3,0
2014-01-16,352,46,14,20,Banks,0.162674,0.148361,40.6866,3.38666,-3.25261e-19,-0.00153948,-0.00162949,-1.1633e-06,-8.88435e-05,-9.00068e-05,-0.001601,10,355,0,3,0
2014-01-17,352,46,14,20,Banks,0.161755,0.118539,40.6781,3.40404,-1.0842e-19,-0.00354359,-0.00375893,-1.74269e-05,-0.000197915,-0.000215341,-0.00372572,10,355,0,3,0
2014-01-21,352,46,14,20,Banks,0.272171,0.273629,40.6538,3.39484,0,0.00233625,0.00233424,-4.05417e-05,3.8534e-05,-2.00777e-06,0.00234384,10,355,0,3,0
2014-01-22,353,46,14,20,Banks,0.283327,0.271383,40.7554,3.38933,-1.35525e-19,0.000296475,0.000317707,-9.69273e-06,3.09251e-05,2.12324e-05,0.000221586,10,355,0,2,0
2014-01-23,353,46,14,20,Banks,0.375726,0.364414,40.6402,3.36146,2.71051e-20,-0.00853884,-0.0084757,2.51059e-05,3.80294e-05,6.31353e-05,-0.00842156,10,355,0,2,0
2014-01-24,353,46,14,20,Banks,0.428582,0.40596,40.7576,3.39304,5.42101e-20,-0.0206469,-0.0206372,3.61533e-05,-2.64662e-05,9.6871e-06,-0.0206961,10,355,0,2,0
2014-01-27,354,46,14,20,Banks,0.348384,0.254836,41.1091,3.41047,-1.35525e-20,-0.00448897,-0.00434366,2.40679e-05,0.000121234,0.000145302,-0.00439567,10,356,0,2,0
2014-01-28,354,46,14,20,Banks,0.374491,0.191642,41.0286,3.42759,6.50521e-19,0.00571166,0.00526366,-3.37151e-05,-0.000414284,-0.000447999,0.00532454,10,356,0,2,0
2014-01-29,354,46,14,20,Banks,0.322941,0.262234,40.8119,3.49958,0,-0.00960626,-0.00960146,-1.91573e-05,2.39613e-05,4.80392e-06,-0.00956617,10,356,0,2,0
2014-01-30,354,46,14,20,Banks,0.244012,0.198221,40.825,3.47301,2.03288e-19,0.0103024,0.0100287,-1.87501e-05,-0.000255011,-0.000273761,0.00999522,10,356,0,2,0
2014-01-31,354,46,14,20,Banks,0.376847,0.394955,41.0469,3.46325,1.35525e-19,-0.00825528,-0.00819506,3.07165e-05,2.94981e-05,6.02146e-05,-0.00804205,10,356,0,2,0
2014-02-03,354,46,14,20,Banks,0.449574,0.408649,41.02,3.45589,-1.6263e-19,-0.0224465,-0.022461,2.66166e-05,-4.11356e-05,-1.4519e-05,-0.0225286,10,357,0,3,0
2014-02-04,354,46,14,20,Banks,0.212075,0.194601,41.1147,3.47006,-2.1684e-19,0.00691179,0.00705348,-1.90492e-05,0.000160742,0.000141693,0.00703967,10,357,0,3,0
2014-02-05,354,46,14,20,Banks,0.24228,0.209949,41.0069,3.47545,-1.42302e-19,-0.00183792,-0.00178116,6.44659e-06,5.03137e-05,5.67603e-05,-0.00181354,10,357,0,3,0
2014-02-06,354,46,14,20,Banks,0.24894,0.238365,41.0178,3.48339,0,0.0129385,0.0129146,-1.12538e-05,-1.26063e-05,-2.38601e-05,0.0129243,10,357,0,3,0
2014-02-07,354,46,14,20,Banks,0.283802,0.237407,40.9603,3.42799,2.71051e-19,0.0124626,0.0124401,-5.43093e-06,-1.70623e-05,-2.24933e-05,0.0124949,10,357,0,3,0
2014-02-10,354,45,13,19,Banks,0.404818,0.377978,40.9245,3.3695,2.1684e-19,0.0014927,0.00155964,1.24888e-06,6.56842e-05,6.69331e-05,0.00154893,9,357,0,3,0
2014-02-11,354,45,13,19,Banks,0.197251,0.215061,40.9823,3.38852,0,0.0111485,0.011192,-8.0582e-06,5.15972e-05,4.3539e-05,0.0111007,9,357,0,3,0
2014-02-12,354,45,13,19,Drugs,0.249387,0.179199,41.1742,3.42023,-4.06576e-20,-1.22742e-05,2.47421e-05,-6.10712e-06,4.31233e-05,3.70162e-05,0.000137202,9,357,0,3,0
2014-02-13,354,45,13,19,Banks,0.192038,0.191468,40.9999,3.40055,0,0.00517064,0.00530665,-9.53541e-06,0.000145542,0.000136006,0.00527837,9,357,0,3,0
2014-02-14,354,45,13,19,Drugs,0.250201,0.194996,41.0809,3.41578,0,0.00527869,0.00529,1.33948e-05,-2.09271e-06,1.13021e-05,0.00534184,9,357,0,3,0
2014-02-18,354,45,13,19,Drugs,0.352436,0.302745,41.0655,3.41942,0,5.50379e-05,7.74489e-05,-1.12829e-05,3.36939e-05,2.24111e-05,0.000148461,9,357,0,3,0
2014-02-19,354,45,13,19,Drugs,0.219156,0.195202,40.8886,3.4007,0,-0.00686119,-0.00687456,-1.14274e-05,-1.9387e-06,-1.33661e-05,-0.00685903,9,357,0,3,0
2014-02-20,354,45,13,19,Drugs,0.276703,0.269105,40.831,3.37201,5.42101e-20,0.00575664,0.00568782,-6.61151e-06,-6.22123e-05,-6.88238e-05,0.00571481,9,357,0,3,0
2014-02-21,354,45,13,19,Drugs,0.307878,0.263414,40.7718,3.3953,5.42101e-20,-0.00156481,-0.0015469,-8.08118e-06,2.59931e-05,1.79119e-05,-0.00164973,8,357,0,3,0
2014-02-24,354,45,13,19,Drugs,0.329731,0.307971,40.8935,3.40833,-1.0842e-19,0.0059933,0.00596098,-5.79055e-06,-2.6524e-05,-3.23145e-05,0.00593802,8,357,0,3,0
2014-02-25,354,45,13,19,Drugs,0.332027,0.306822,40.7816,3.38084,-1.55854e-19,-0.00155051,-0.00160343,3.99537e-06,-5.69196e-05,-5.29243e-05,-0.00153461,8,357,0,3,0
2014-02-26,354,45,13,19,Drugs,0.282866,0.272602,40.6159,3.38229,2.1684e-19,0.000818824,0.000718145,6.3611e-06,-0.00010704,-0.000100679,0.000691065,8,357,0,3,0
2014-02-27,354,45,13,19,Drugs,0.186243,0.172839,40.6444,3.38983,-1.35525e-20,0.00552305,0.00556245,-9.01427e-06,4.84105e-05,3.93963e-05,0.00545468,8,357,0,3,0
2014-02-28,354,45,13,19,Drugs,0.253655,0.250445,40.6183,3.37322,1.0842e-19,0.00293376,0.00295998,1.03367e-05,1.58864e-05,2.62231e-05,0.00294646,8,357,0,3,0
2014-03-03,354,45,13,19,Drugs,0.299626,0.25373,40.6489,3.38359,-1.35525e-19,-0.00759083,-0.00753951,-3.49759e-06,5.48154e-05,5.13178e-05,-0.0075575,8,357,0,3,0
2014-03-04,354,45,13,19,Drugs,0.429626,0.408474,40.7456,3.3915,-1.89735e-19,0.0151126,0.0151448,-4.20678e-06,3.63735e-05,3.21667e-05,0.0152108,8,357,0,3,0
2014-03-05,354,45,13,19,Drugs,0.342153,0.234693,40.8775,3.37827,-1.6263e-19,0.000173448,3.06785e-05,1.62785e-05,-0.000159048,-0.00014277,6.61198e-05,8,357,0,3,0
2014-03-06,354,45,13,19,Drugs,0.38663,0.396304,40.8348,3.36048,0,0.00199594,0.00203833,8.23784e-06,3.41497e-05,4.23876e-05,0.00211144,8,357,0,3,0
2014-03-07,354,45,13,19,Drugs,0.343218,0.316312,40.9993,3.35318,-2.71051e-19,0.000733851,0.000854057,1.06284e-06,0.000119143,0.000120206,0.000772927,8,357,0,3,0
2014-03-10,354,45,13,19,Banks,0.258186,0.263938,41.0382,3.3459,1.0842e-19,-0.000890953,-0.000857215,2.78409e-06,3.09536e-05,3.37377e-05,-0.000811435,8,357,0,3,0
2014-03-11,354,45,13,19,Banks,0.357852,0.257035,41.1599,3.35536,-5.42101e-20,-0.00445249,-0.00441541,7.29113e-08,3.70121e-05,3.7085e-05,-0.00434742,8,357,0,3,0
2014-03-12,354,45,13,19,Drugs,0.242848,0.255497,41.2139,3.36485,5.42101e-20,0.000263573,0.000293658,-4.48922e-06,3.45747e-05,3.00855e-05,0.000295982,8,357,0,3,0
2014-03-13,354,45,13,19,Drugs,0.527876,0.54179,41.2504,3.3551,1.35525e-20,-0.0115538,-0.0114704,9.60634e-06,7.38073e-05,8.34137e-05,-0.0114826,8,357,0,3,0
2014-03-14,354,45,13,19,Banks,0.305695,0.267963,41.3629,3.35699,8.13152e-20,-0.00276046,-0.00279392,-1.92842e-05,-1.41709e-05,-3.34551e-05,-0.00274984,8,357,0,3,0
2014-03-17,354,45,13,19,Drugs,0.256184,0.217623,41.4996,3.35514,-1.0842e-19,0.00987829,0.00979349,-1.1442e-05,-7.33538e-05,-8.47958e-05,0.00980733,8,357,0,3,0
2014-03-18,354,45,13,19,Drugs,0.364331,0.315405,41.5177,3.36207,-1.0842e-19,0.00701071,0.0070208,-4.88103e-06,1.4975e-05,1.0094e-05,0.00711151,8,357,0,3,0
2014-03-19,354,45,13,19,Drugs,0.282215,0.271246,41.415,3.38358,0,-0.00573082,-0.00578382,-3.73221e-06,-4.92618e-05,-5.29941e-05,-0.00578049,8,357,0,3,0
2014-03-20,354,45,13,19,Banks,0.400963,0.340801,41.5248,3.40538,2.1684e-19,0.00672344,0.00676593,-1.24547e-05,5.49502e-05,4.24955e-05,0.00676959,8,357,0,3,0
2014-03-21,354,45,13,19,Banks,0.393094,0.354051,41.5567,3.41396,1.0842e-19,-0.00264262,-0.00240841,2.00926e-05,0.000214115,0.000234207,-0.00245905,8,357,0,3,0
2014-03-24,354,45,13,19,Banks,0.393408,0.330275,41.6029,3.36809,1.0842e-19,-0.00322963,-0.00311962,3.05397e-06,0.000106955,0.000110009,-0.00334437,8,357,0,3,0
2014-03-25,354,45,13,19,Banks,0.403255,0.359777,41.7074,3.39194,-1.0842e-19,0.00467673,0.00454054,4.30997e-06,-0.000140497,-0.000136187,0.00456822,8,357,0,3,0
2014-03-26,354,45,13,19,Banks,0.357406,0.389301,41.7838,3.44358,8.13152e-20,-0.00588702,-0.005973,2.42188e-05,-0.000110201,-8.59827e-05,-0.00597688,8,357,0,3,0
2014-03-27,354,45,13,19,Banks,0.281072,0.28362,41.8043,3.46128,2.1684e-19,-0.00200628,-0.00191491,1.76729e-06,8.96054e-05,9.13727e-05,-0.00188957,8,357,0,3,0
2014-03-28,354,45,13,19,Banks,0.391704,0.326023,41.9945,3.4944,2.1684e-19,0.00481435,0.00482055,-5.69044e-07,6.76933e-06,6.20029e-06,0.00467913,8,357,0,3,0
2014-03-31,354,45,13,19,Banks,0.297292,0.256222,42.0223,3.49012,-1.0842e-19,0.00839692,0.00836813,-1.74228e-05,-1.13645e-05,-2.87873e-05,0.00834714,8,357,0,3,0
2014-04-01,354,45,13,19,Banks,0.363187,0.325143,41.844,3.48784,5.42101e-20,0.00613441,0.00609265,-1.11247e-05,-3.06391e-05,-4.17637e-05,0.00622565,8,357,0,3,0
2014-04-02,354,45,13,19,Banks,0.258575,0.263891,41.7542,3.51646,5.42101e-20,0.00296006,0.00297915,-1.05726e-05,2.96589e-05,1.90863e-05,0.00307045,8,357,0,3,0
2014-04-03,354,45,14,21,Banks,0.430593,0.415013,41.9509,3.47939,0,-0.00152342,-0.00153395,1.29176e-05,-2.34393e-05,-1.05218e-05,-0.00144701,8,357,0,3,0
2014-04-04,354,45,14,21,Banks,0.518954,0.45441,42.1584,3.47761,8.13152e-20,-0.0110946,-0.0111438,2.28504e-05,-7.20425e-05,-4.9192e-05,-0.0112242,8,357,0,3,0
2014-04-07,354,45,14,21,Banks,0.374171,0.3691,42.2638,3.48307,1.6263e-19,-0.0102025,-0.0103116,6.24432e-06,-0.00011542,-0.000109176,-0.0104587,8,357,0,3,0
2014-04-08,354,45,14,21,Banks,0.428231,0.365448,42.2777,3.4657,0,0.00380916,0.00379046,8.0604e-06,-2.67577e-05,-1.86973e-05,0.00357437,8,357,0,3,0
2014-04-09,354,45,14,21,Banks,0.4577,0.424389,42.1866,3.45017,1.0842e-19,0.0100324,0.00998214,-1.45892e-05,-3.56552e-05,-5.02443e-05,0.0100834,8,357,0,3,0
2014-04-10,354,45,14,21,Banks,0.645535,0.62526,42.053,3.443,-2.1684e-19,-0.0197124,-0.0197222,4.1422e-05,-5.11688e-05,-9.74684e-06,-0.0199623,8,357,0,3,0
2014-04-11,354,45,14,21,Banks,0.360438,0.363981,41.9741,3.45282,-2.71051e-20,-0.0092979,-0.00919852,5.05259e-05,4.88616e-05,9.93875e-05,-0.00917763,8,357,0,3,0
2014-04-14,354,45,14,21,Oil,0.174393,0.148528,42.1286,3.45051,-1.0842e-19,0.00829055,0.00811516,-8.20974e-06,-0.000167178,-0.000175387,0.00813555,8,357,0,3,0
2014-04-15,354,45,14,21,Oil,0.349732,0.318359,42.1572,3.4831,-2.1684e-19,0.006611,0.00654981,6.08893e-09,-6.11935e-05,-6.11874e-05,0.00663297,8,357,0,3,0
2014-04-16,354,45,14,21,Oil,0.388376,0.362698,42.1159,3.45913,0,0.00984259,0.00984205,-3.85455e-05,3.80049e-05,-5.4053e-07,0.00987603,8,357,0,3,0
2014-04-17,354,45,14,21,Oil,0.291766,0.289051,42.1467,3.50443,-5.42101e-20,0.00181713,0.00192565,-4.43628e-06,0.000112953,0.000108517,0.00192315,8,357,0,3,0
2014-04-21,354,45,14,21,Oil,0.459596,0.441561,41.9742,3.50634,0,0.00374868,0.0037194,-2.74169e-06,-2.653e-05,-2.92717e-05,0.00385755,8,357,0,3,0
2014-04-22,354,45,14,21,Oil,0.395064,0.364981,41.9211,3.51354,2.1684e-19,0.00327081,0.0032739,-2.63437e-05,2.94247e-05,3.08106e-06,0.00334151,8,357,0,3,0
2014-04-23,354,45,14,21,Oil,0.281031,0.284809,41.8816,3.43515,-5.42101e-20,-0.00130663,-0.0013607,1.21717e-05,-6.62457e-05,-5.4074e-05,-0.00133754,8,357,0,3,0
2014-04-24,354,45,14,21,Oil,0.230068,0.134825,41.647,3.39204,0,0.00187345,0.00234856,4.24334e-05,0.000432675,0.000475109,0.00226672,8,357,0,3,0
2014-04-25,354,45,14,21,Oil,0.420927,0.38746,41.5411,3.47003,5.42101e-20,-0.00784256,-0.00757561,4.32108e-05,0.000223741,0.000266952,-0.00751147,8,357,0,3,0
2014-04-28,354,45,14,21,Oil,0.401652,0.351287,41.7055,3.484,1.0842e-19,0.00330785,0.00365067,5.40529e-05,0.000288763,0.000342816,0.00387235,8,357,0,3,0
2014-04-29,354,45,14,21,Oil,0.276338,0.278524,41.7423,3.54216,3.25261e-19,0.00409758,0.00390295,-4.34748e-05,-0.000151149,-0.000194624,0.0039109,8,357,0,3,0
2014-04-30,354,45,14,21,Oil,0.177089,0.159646,41.8091,3.49258,-1.0842e-19,0.00284494,0.00294151,-2.90612e-05,0.000125633,9.65718e-05,0.00295869,8,357,0,3,0
2014-05-01,354,45,14,21,Oil,0.346538,0.374449,41.9718,3.5467,-2.1684e-19,-0.000873722,-0.000901497,5.31357e-06,-3.30884e-05,-2.77748e-05,-0.00089413,8,357,0,3,0
2014-05-02,353,45,14,21,Oil,0.453542,0.449552,42.0474,3.57681,-2.1684e-19,-0.00135405,-0.00130898,-3.72449e-06,4.87957e-05,4.50712e-05,-0.0013515,8,356,0,3,0
2014-05-05,353,45,14,21,Oil,0.304267,0.255507,42.4137,3.58471,2.1684e-19,0.0017409,0.00179673,-1.89444e-05,7.47759e-05,5.58315e-05,0.00181032,8,356,0,3,0
2014-05-06,353,45,14,21,Oil,0.38924,0.374193,42.4086,3.55956,0,-0.00852501,-0.00852422,2.85512e-05,-2.77622e-05,7.88998e-07,-0.00846394,8,356,0,3,0
2014-05-07,353,45,14,21,Oil,0.462696,0.422072,42.3433,3.51144,-1.0842e-19,0.00651591,0.00652655,3.92568e-05,-2.86204e-05,1.06364e-05,0.00668924,8,356,0,3,0
2014-05-08,353,45,14,21,Oil,0.334489,0.30036,41.8524,3.4885,1.0842e-19,-0.00096239,-0.000880177,1.60222e-05,6.61909e-05,8.22131e-05,-0.000992871,8,356,0,3,0
2014-05-09,354,45,14,21,Oil,0.423454,0.438815,42.1339,3.49119,5.42101e-20,0.00144956,0.00133723,-2.85885e-06,-0.000109466,-0.000112325,0.00129885,8,357,0,3,0
2014-05-12,354,45,14,21,Oil,0.661485,0.653384,42.1796,3.53125,-2.71051e-19,0.00924509,0.00920399,-6.78531e-05,2.67516e-05,-4.11014e-05,0.00919717,8,357,0,3,0
2014-05-13,354,45,14,21,Oil,0.260654,0.228508,42.0731,3.48704,0,0.000759817,0.00067013,3.03382e-05,-0.000120026,-8.96874e-05,0.000670077,8,357,0,3,0
2014-05-14,354,45,14,21,Oil,0.401693,0.378442,41.9144,3.46743,5.42101e-20,-0.00417808,-0.0041619,7.49977e-06,8.67969e-06,1.61795e-05,-0.00407842,8,357,0,3,0
2014-05-15,354,45,14,21,Oil,0.218006,0.244013,41.9844,3.46211,9.48677e-20,-0.00920763,-0.00936726,3.06019e-05,-0.000190232,-0.00015963,-0.00933979,8,357,0,3,0
2014-05-16,355,45,14,21,Oil,0.234246,0.198534,41.9638,3.44164,0,0.00369267,0.00378055,1.38939e-05,7.3992e-05,8.7886e-05,0.00378587,8,357,0,2,0
2014-05-19,355,45,14,21,Oil,0.532096,0.531079,42.0202,3.48127,-1.0842e-19,0.00321927,0.00322302,-1.11958e-05,1.49523e-05,3.75651e-06,0.00332469,8,357,0,2,0
2014-05-20,355,45,14,21,Oil,0.275995,0.288529,42.0652,3.47215,-1.89735e-19,-0.00669519,-0.00664001,2.26578e-05,3.25278e-05,5.51855e-05,-0.0066621,8,357,0,2,0
2014-05-21,355,45,14,21,Oil,0.212534,0.215169,42.0324,3.47817,2.1684e-19,0.0078719,0.00788252,-1.64684e-05,2.70885e-05,1.062e-05,0.00780356,8,357,0,2,0
2014-05-22,355,45,14,21,Oil,0.262183,0.25366,42.1528,3.48024,2.1684e-19,0.0020407,0.00202488,-2.76394e-05,1.18122e-05,-1.58272e-05,0.00204703,8,357,0,2,0
2014-05-23,355,45,14,21,Oil,0.394715,0.387196,42.1476,3.47929,1.0842e-19,0.00411292,0.00406769,-1.4562e-05,-3.06672e-05,-4.52291e-05,0.00408132,8,357,0,2,0
2014-05-27,355,45,14,21,Oil,0.288638,0.250398,42.0852,3.53378,0,0.00545499,0.00551715,-1.21635e-05,7.43203e-05,6.21569e-05,0.00548944,8,357,0,2,0
2014-05-28,355,45,14,21,Oil,0.269816,0.273527,42.0369,3.53309,2.1684e-19,-0.000643914,-0.00068422,9.72947e-06,-5.00356e-05,-4.03062e-05,-0.000678405,8,357,0,2,0
2014-05-29,355,45,14,21,Oil,0.289428,0.268676,42.0742,3.56605,0,0.00558758,0.00555542,-5.74532e-06,-2.64214e-05,-3.21667e-05,0.0055213,8,357,0,2,0
2014-05-30,355,45,14,21,Oil,0.346665,0.326523,42.0536,3.56296,0,0.00201076,0.00201479,1.69349e-05,-1.29061e-05,4.0288e-06,0.00203242,8,357,0,2,0
2014-06-02,355,45,14,21,Oil,0.33656,0.343141,42.1291,3.56635,2.71051e-20,0.000847914,0.00079164,-8.45802e-06,-4.78163e-05,-5.62743e-05,0.000774461,8,357,0,2,0
2014-06-03,355,45,14,21,Oil,0.231563,0.207781,42.1561,3.5504,1.0842e-19,7.97196e-05,0.000214718,1.3926e-05,0.000121072,0.000134998,0.000247717,8,357,0,2,0
2014-06-04,355,45,14,21,Oil,0.302587,0.314086,42.2677,3.54593,-2.03288e-19,0.00178296,0.00187037,-2.19854e-07,8.76296e-05,8.74098e-05,0.00188395,8,357,0,2,0
2014-06-05,355,45,14,21,Oil,0.249499,0.234465,41.7332,3.5607,-8.13152e-20,0.00619272,0.00622413,-1.34619e-05,4.48766e-05,3.14147e-05,0.00626601,8,357,0,2,0
2014-06-06,355,45,14,21,Oil,0.43556,0.411264,41.7574,3.56299,1.0842e-19,0.00495259,0.00492242,-2.61513e-05,-4.02112e-06,-3.01724e-05,0.00487173,8,357,0,2,0
2014-06-09,355,45,14,21,Oil,0.332441,0.328414,41.5253,3.52529,0,0.000782135,0.00100295,-7.31189e-07,0.000221551,0.00022082,0.000872676,8,357,0,2,0
2014-06-10,355,45,14,21,Oil,0.2433,0.228685,41.5026,3.51326,1.0842e-19,-0.000457834,-0.000400888,2.71038e-06,5.42362e-05,5.69466e-05,-0.000368356,8,357,0,2,0
2014-06-11,355,45,14,21,Oil,0.32376,0.30574,41.4642,3.50095,2.1684e-19,-0.0040373,-0.00406157,-4.34602e-06,-1.99206e-05,-2.42666e-05,-0.00401912,8,357,0,2,0
2014-06-12,355,45,14,21,Oil,0.489657,0.460971,41.5314,3.53595,0,-0.00665457,-0.00678829,2.85371e-06,-0.000136581,-0.000133728,-0.00680698,8,357,0,2,0
2014-06-13,355,45,14,21,Oil,0.254175,0.256286,41.5642,3.54122,0,0.00352267,0.0033285,-8.24928e-06,-0.00018592,-0.00019417,0.00336342,8,357,0,2,0
2014-06-16,355,45,14,21,Oil,0.17999,0.174015,41.5987,3.5572,-8.13152e-20,0.00067143,0.000748419,1.94308e-05,5.75581e-05,7.69888e-05,0.000726725,8,357,0,2,0
2014-06-17,355,45,14,21,Oil,0.274882,0.258124,41.6174,3.48102,-2.71051e-20,0.00243682,0.00235673,-8.6968e-06,-7.13965e-05,-8.00933e-05,0.00239513,8,357,0,2,0
2014-06-18,355,45,14,21,Oil,0.262871,0.270786,41.5823,3.49394,2.1684e-19,0.00748925,0.00733741,-7.94672e-06,-0.000143887,-0.000151834,0.00731852,8,357,0,2,0
2014-06-19,355,45,14,21,Oil,0.41916,0.394763,41.5542,3.5051,1.0842e-19,0.00146247,0.00142528,1.22156e-05,-4.94075e-05,-3.71919e-05,0.00136456,8,357,0,2,0
2014-06-20,355,45,14,21,Oil,0.241266,0.165215,41.4786,3.50315,-1.6263e-19,0.00155084,0.00162059,-6.32884e-06,7.60768e-05,6.9748e-05,0.00151358,8,357,0,2,0
2014-06-23,355,45,14,21,Oil,0.311051,0.224306,41.4564,3.44284,1.0842e-19,-0.000127517,-0.000184369,-9.36762e-07,-5.5915e-05,-5.68518e-05,-0.000130211,8,357,0,2,0
2014-06-24,355,45,14,21,Oil,0.141806,0.148946,41.5397,3.46046,-2.1684e-19,-0.00636755,-0.00620981,-2.04525e-05,0.00017819,0.000157738,-0.00619387,8,357,0,2,0
2014-06-25,355,45,14,21,Oil,0.136376,0.133339,41.555,3.48283,-1.0842e-19,0.00354324,0.00342379,-9.97097e-07,-0.000118451,-0.000119448,0.00354909,8,357,0,2,0
2014-06-26,355,45,14,21,Oil,0.168953,0.142306,41.6008,3.48943,5.42101e-20,-0.00121023,-0.00123363,2.29124e-07,-2.36298e-05,-2.34007e-05,-0.00107128,8,357,0,2,0
2014-06-27,355,45,14,21,Oil,0.179764,0.119538,41.5742,3.47618,2.1684e-19,0.00201817,0.0020717,-4.73167e-06,5.82659e-05,5.35343e-05,0.00209122,8,357,0,2,0
2014-06-30,355,45,14,21,Oil,0.236789,0.205201,41.5753,3.48956,-1.0842e-19,-0.000205333,-0.000181399,1.15146e-06,2.27834e-05,2.39349e-05,-0.000220398,8,357,0,2,0
2014-07-01,355,45,14,21,Oil,0.517406,0.489983,41.5,3.47722,1.6263e-19,0.00688884,0.00685574,-1.1365e-05,-2.17402e-05,-3.31052e-05,0.0068574,8,357,0,2,0
2014-07-02,356,45,14,21,Oil,0.461538,0.46452,41.4942,3.48572,-9.48677e-20,0.000841135,0.000720845,-6.51176e-06,-0.000113778,-0.00012029,0.000834873,8,358,0,2,0
2014-07-03,357,45,13,19,Oil,0.476847,0.497504,41.6743,3.50092,0,0.00534693,0.00537226,-1.10482e-05,3.63777e-05,2.53295e-05,0.00535107,8,359,0,2,0
2014-07-07,357,45,13,19,Oil,0.45557,0.430137,41.5704,3.50063,0,-0.00350238,-0.00324453,2.77281e-05,0.000230128,0.000257856,-0.00331762,8,359,0,2,0
2014-07-08,357,45,13,19,Oil,0.465517,0.447786,41.6031,3.51667,-8.80914e-20,-0.00572584,-0.00567597,2.03467e-05,2.9517e-05,4.98637e-05,-0.00581601,8,359,0,2,0
2014-07-09,357,45,13,19,Oil,0.286599,0.26126,41.5608,3.54012,8.13152e-20,0.0041724,0.00410302,-8.79202e-06,-6.05901e-05,-6.93821e-05,0.00400324,8,359,0,2,0
2014-07-10,357,45,13,19,Oil,0.45423,0.473032,41.3782,3.53318,-1.0842e-19,-0.00404349,-0.00412219,9.03971e-06,-8.77347e-05,-7.86949e-05,-0.00401127,8,359,0,2,0
2014-07-11,357,45,13,19,Oil,0.308638,0.230046,41.4564,3.53959,-8.13152e-20,0.00156713,0.00147691,-1.70409e-05,-7.3182e-05,-9.02228e-05,0.00141905,8,359,0,2,0
2014-07-14,357,45,13,19,Oil,0.369008,0.364736,41.4573,3.55224,0,0.00471282,0.00467248,-7.30509e-06,-3.30329e-05,-4.0338e-05,0.00464113,8,359,0,2,0
2014-07-15,357,45,13,19,Oil,0.407545,0.367401,41.4553,3.56582,0,-0.000862592,-0.000993815,5.5597e-06,-0.000136783,-0.000131224,-0.00114438,8,359,0,2,0
2014-07-16,357,45,13,19,Oil,0.23922,0.231023,41.4967,3.57971,4.33681e-19,0.00502679,0.00483616,1.6973e-06,-0.00019233,-0.000190633,0.00483386,8,359,0,2,0
2014-07-17,357,45,13,19,Oil,0.257326,0.214227,41.6307,3.54369,0,-0.011075,-0.0111282,6.16394e-06,-5.93961e-05,-5.32321e-05,-0.0110818,8,359,0,2,0
2014-07-18,357,45,13,19,Oil,0.317579,0.284166,41.633,3.55598,0,0.00924087,0.00929653,-1.08846e-05,6.6547e-05,5.56625e-05,0.00939571,8,359,0,2,0
2014-07-21,357,45,13,19,Oil,0.288522,0.255246,41.6127,3.56439,-1.0842e-19,-0.00241206,-0.00241793,-5.61239e-07,-5.31138e-06,-5.87261e-06,-0.00249059,8,359,0,2,0
2014-07-22,357,45,13,19,Oil,0.30403,0.289845,41.6315,3.56242,-3.25261e-19,0.00518862,0.00508926,-4.83841e-06,-9.45153e-05,-9.93537e-05,0.00506112,8,359,0,2,0
2014-07-23,357,45,13,19,Oil,0.194726,0.190243,41.5895,3.57973,-1.0842e-19,0.00173165,0.00197732,-1.55642e-05,0.00026123,0.000245665,0.0020076,8,359,0,2,0
2014-07-24,357,45,13,19,Oil,0.287269,0.229065,41.6004,3.4975,1.0842e-19,0.000160906,0.00018555,-1.22087e-07,2.47656e-05,2.46435e-05,0.000144682,8,359,0,2,0
2014-07-25,357,45,13,19,Oil,0.302514,0.245232,41.5439,3.56851,2.1684e-19,-0.00485068,-0.00482964,2.04201e-05,6.2032e-07,2.10404e-05,-0.00489263,8,359,0,2,0
2014-07-28,357,45,13,19,Oil,0.385236,0.408997,41.6723,3.55709,2.1684e-19,0.000145315,0.000296358,5.64986e-06,0.000145393,0.000151042,0.000353755,8,359,0,2,0
2014-07-29,357,45,13,19,Oil,0.328311,0.277612,41.7982,3.57325,-2.71051e-19,-0.00462385,-0.00472612,-6.61441e-06,-9.56593e-05,-0.000102274,-0.00472131,8,359,0,2,0
2014-07-30,357,45,13,19,Oil,0.320166,0.289844,41.9264,3.54789,2.1684e-19,-0.000203296,-0.000273949,-1.83319e-05,-5.23205e-05,-7.06524e-05,-0.000235199,8,359,0,2,0
2014-07-31,357,45,13,19,Oil,0.172533,0.166628,41.7003,3.54543,-5.42101e-20,-0.0193971,-0.0196352,1.08595e-05,-0.00024899,-0.000238131,-0.0196584,8,359,0,2,0
2014-08-01,357,45,13,19,Oil,0.34804,0.276352,41.0982,3.53902,1.6263e-19,-0.00347662,-0.00327882,9.11755e-06,0.000188677,0.000197794,-0.00324778,8,359,0,2,0
2014-08-04,357,45,13,19,Oil,0.28423,0.244645,40.9015,3.53207,0,0.00664508,0.00644103,-7.66927e-06,-0.000196385,-0.000204055,0.00650107,8,359,0,2,0
2014-08-05,357,45,13,19,Oil,0.318604,0.29714,40.7987,3.5743,-2.71051e-19,-0.00918082,-0.00913874,-4.62722e-06,4.67038e-05,4.20766e-05,-0.00916437,8,359,0,2,0
2014-08-06,357,45,13,19,Oil,0.321899,0.275214,40.6651,3.52429,-1.0842e-19,0.000961682,0.00106466,8.71643e-06,9.42623e-05,0.000102979,0.000981317,8,359,0,2,0
2014-08-07,357,45,13,19,Oil,0.336939,0.315347,40.7491,3.44767,-2.5411e-20,-0.00552741,-0.00542092,7.9499e-06,9.8535e-05,0.000106485,-0.00536134,8,359,0,2,0
2014-08-08,357,45,13,19,Oil,0.373205,0.35195,40.6939,3.46335,-1.0842e-19,0.0114249,0.0113654,-5.89887e-06,-5.35808e-05,-5.94797e-05,0.011349,8,359,0,2,0
2014-08-11,357,45,13,19,Oil,0.221328,0.194642,40.7351,3.47561,5.42101e-20,0.00272267,0.00272964,-8.14728e-06,1.51181e-05,6.97087e-06,0.00277294,8,359,0,2,0
2014-08-12,357,45,13,19,Oil,0.293368,0.307006,40.7644,3.47558,0,-0.00133382,-0.00125682,4.34013e-06,7.26557e-05,7.69958e-05,-0.0013033,8,359,0,2,0
2014-08-13,357,45,13,19,Oil,0.345587,0.336643,40.8695,3.46379,8.13152e-20,0.00659429,0.00669522,2.71728e-06,9.8206e-05,0.000100923,0.00674525,8,359,0,2,0
2014-08-14,357,45,13,19,Oil,0.352533,0.295552,40.9418,3.44056,-2.1684e-19,0.00424941,0.00433776,-9.11534e-06,9.74705e-05,8.83552e-05,0.00437748,8,359,0,2,0
2014-08-15,357,45,13,19,Oil,0.778546,0.821184,40.8686,3.45717,-2.1684e-19,-3.62341e-05,-3.09877e-05,9.74239e-08,5.14899e-06,5.24642e-06,-4.07565e-05,8,359,0,2,0
2014-08-18,357,45,13,19,Oil,0.379068,0.387877,40.9263,3.44301,-8.13152e-20,0.00868881,0.00874999,-1.11617e-05,7.23379e-05,6.11762e-05,0.00874407,8,359,0,2,0
2014-08-19,357,45,13,19,Oil,0.259027,0.227924,40.9427,3.46736,-2.1684e-19,0.00506371,0.00505775,2.93992e-06,-8.90396e-06,-5.96404e-06,0.00514515,8,359,0,2,0
2014-08-20,357,45,13,19,Oil,0.346283,0.320841,41.0232,3.44516,0,0.00292192,0.0029064,-6.24772e-06,-9.26758e-06,-1.55153e-05,0.00287136,8,359,0,2,0
2014-08-21,357,45,13,19,Oil,0.326141,0.324076,41.0611,3.44334,1.0842e-19,0.00361896,0.00344343,8.19162e-06,-0.000183721,-0.00017553,0.00341278,8,359,0,2,0
2014-08-22,357,45,13,19,Oil,0.29541,0.30333,40.9976,3.47032,0,-0.00199802,-0.00196561,-1.07973e-05,4.32086e-05,3.24112e-05,-0.00192744,8,359,0,2,0
2014-08-25,357,45,13,19,Oil,0.399717,0.351274,40.9937,3.45932,0,0.00501183,0.00494828,-9.47511e-06,-5.40743e-05,-6.35494e-05,0.00498405,8,359,0,2,0
2014-08-26,357,45,13,19,Oil,0.306405,0.278084,41.0445,3.45761,5.42101e-20,0.00114483,0.00102997,-7.89372e-06,-0.000106968,-0.000114861,0.00101798,8,359,0,2,0
2014-08-27,357,45,13,19,Oil,0.342815,0.327817,41.1523,3.47454,2.1684e-19,0.000785606,0.000837161,4.66792e-06,4.68866e-05,5.15545e-05,0.000833066,8,359,0,2,0
2014-08-28,357,45,13,19,Oil,0.399757,0.38579,41.0772,3.46301,2.71051e-20,-0.00165314,-0.00156635,9.61905e-06,7.71696e-05,8.67887e-05,-0.0015662,8,359,0,2,0
2014-08-29,357,45,13,19,Oil,0.285889,0.262272,41.0687,3.41697,-1.0842e-19,0.00317798,0.00318352,2.29008e-06,3.24583e-06,5.53591e-06,0.00313226,8,359,0,2,0
2014-09-02,357,45,13,19,Oil,0.408065,0.391823,41.0983,3.37589,2.1684e-19,-0.00104821,-0.000953137,-6.92631e-06,0.000101994,9.5068e-05,-0.000966904,8,359,0,2,0
2014-09-03,357,45,13,19,Oil,0.320243,0.210405,41.0162,3.37227,-5.42101e-20,-0.000435095,-0.000748097,1.16293e-05,-0.000324631,-0.000313002,-0.000688715,8,359,0,2,0
2014-09-04,357,45,13,19,Oil,0.425684,0.399461,40.9821,3.424,1.6263e-19,-0.00143074,-0.00137335,5.07495e-07,5.68879e-05,5.73954e-05,-0.00136892,8,359,0,2,0
2014-09-05,357,45,13,19,Oil,0.236188,0.211911,40.855,3.41266,6.77626e-20,0.00473933,0.00486966,1.34299e-05,0.000116902,0.000130332,0.00489459,8,359,0,2,0
2014-09-08,357,45,13,19,Oil,0.382089,0.334079,40.8791,3.39425,-2.1684e-19,-0.00318768,-0.00321215,-3.64236e-06,-2.08281e-05,-2.44705e-05,-0.00322018,8,359,0,2,0
2014-09-09,357,45,13,19,Drugs,0.291289,0.243404,40.8629,3.3728,-5.42101e-20,-0.0063928,-0.00632463,1.18674e-05,5.63106e-05,6.8178e-05,-0.00614231,8,359,0,2,0
2014-09-10,357,45,13,19,Drugs,0.342234,0.269378,40.8458,3.3912,2.1684e-19,0.00351016,0.00366405,-1.35647e-05,0.000167455,0.000153891,0.00366493,8,359,0,2,0
2014-09-11,357,45,13,19,Drugs,0.305446,0.278651,40.8487,3.40516,0,0.00100766,0.00108559,-8.54616e-07,7.87908e-05,7.79362e-05,0.00114697,8,359,0,2,0
2014-09-12,357,45,13,19,Drugs,0.384687,0.37159,40.8026,3.41558,0,-0.00577234,-0.00572854,-1.0351e-05,5.41528e-05,4.38018e-05,-0.00568747,8,359,0,2,0
2014-09-15,357,45,13,19,Drugs,0.434031,0.409007,40.8441,3.41454,1.0842e-19,-0.000274005,-0.000262817,1.79455e-05,-6.75684e-06,1.11886e-05,-0.000252809,8,359,0,2,0
2014-09-16,357,45,13,19,Drugs,0.357773,0.338417,40.862,3.43353,-2.71051e-19,0.00737566,0.00719425,-4.33727e-06,-0.000177067,-0.000181405,0.00721917,8,359,0,2,0
2014-09-17,357,45,13,19,Drugs,0.337798,0.358278,40.8906,3.46201,1.0842e-19,0.000981084,0.00105486,3.42573e-06,7.03522e-05,7.3778e-05,0.00115744,8,359,0,2,0
2014-09-18,357,45,13,19,Drugs,0.460994,0.458751,40.9447,3.43358,-1.0842e-19,0.00532039,0.0052637,-1.60026e-05,-4.06791e-05,-5.66817e-05,0.00520933,8,359,0,2,0
2014-09-19,357,45,13,19,Drugs,0.253621,0.245701,40.9551,3.4529,1.0842e-19,-0.000633551,-0.000521529,1.10681e-05,0.000100954,0.000112022,-0.000541536,8,359,0,2,0
2014-09-22,357,45,13,19,Drugs,0.424911,0.37614,40.8023,3.42949,-1.0842e-19,-0.0076086,-0.00750123,1.13207e-05,9.60524e-05,0.000107373,-0.00750742,8,359,0,2,0
2014-09-23,358,45,13,19,Drugs,0.225025,0.164183,40.9384,3.42757,0,-0.00607884,-0.00595031,-1.08845e-05,0.000139416,0.000128531,-0.00604979,8,360,0,2,0
2014-09-24,358,45,13,19,Drugs,0.427558,0.411672,40.8916,3.43205,1.6263e-19,0.00770325,0.00749385,-3.10863e-06,-0.000206286,-0.000209394,0.00761774,8,360,0,2,0
2014-09-25,358,45,13,19,Drugs,0.474338,0.425605,40.9926,3.42834,-1.0842e-19,-0.0158377,-0.0159548,1.78208e-05,-0.000134943,-0.000117123,-0.0159561,8,360,0,2,0
2014-09-26,358,45,13,19,Drugs,0.339879,0.160105,40.821,3.43231,2.1684e-19,0.00863031,0.00871347,-1.09834e-05,9.4142e-05,8.31586e-05,0.00878554,8,360,0,2,0
2014-09-29,358,45,13,19,Drugs,0.30139,0.282233,40.8436,3.39395,-5.42101e-20,-0.00281709,-0.00286854,1.24856e-05,-6.39319e-05,-5.14463e-05,-0.00291177,8,360,0,2,0
2014-09-30,358,45,13,19,Drugs,0.351009,0.290242,40.7262,3.42232,2.1684e-19,-0.00238083,-0.00237468,4.32814e-06,1.81933e-06,6.14747e-06,-0.00243119,8,360,0,2,0
2014-10-01,358,45,13,19,Drugs,0.593516,0.572854,40.7991,3.45154,-5.42101e-20,-0.0129379,-0.0129003,1.66075e-05,2.09082e-05,3.75157e-05,-0.0128787,8,360,0,2,0
2014-10-02,358,45,13,19,Drugs,0.322603,0.317084,40.8041,3.44022,-5.42101e-20,0.000176346,0.000248626,-1.11376e-05,8.34172e-05,7.22795e-05,0.000202953,8,360,0,2,0
2014-10-03,358,45,13,19,Drugs,0.428725,0.445731,40.8233,3.48382,-2.1684e-19,0.0112623,0.0111351,-5.22148e-07,-0.000126671,-0.000127194,0.0112935,8,360,0,2,0
2014-10-06,358,45,13,19,Drugs,0.285799,0.280687,40.6408,3.4471,-1.0842e-19,-0.00132738,-0.00128306,1.64405e-05,2.78816e-05,4.43221e-05,-0.00136587,8,360,0,2,0
2014-10-07,358,45,13,19,Drugs,0.466571,0.436035,40.6969,3.49486,0,-0.0150792,-0.0149875,3.1576e-05,6.00758e-05,9.16518e-05,-0.0150309,8,360,0,2,0
2014-10-08,358,45,13,19,Drugs,0.256595,0.237165,40.8067,3.50221,1.0842e-19,0.0179215,0.0179855,1.13475e-05,5.27017e-05,6.40492e-05,0.0180628,8,360,0,2,0
2014-10-09,358,45,13,19,Drugs,0.490974,0.468006,40.8955,3.52534,1.0842e-19,-0.0203247,-0.0201138,5.29296e-05,0.000157908,0.000210837,-0.020153,8,360,0,2,0
2014-10-10,358,45,13,19,Drugs,0.596178,0.554962,41.0248,3.51359,1.0842e-19,-0.0106669,-0.0104862,4.597e-05,0.000134732,0.000180702,-0.0105629,8,360,0,2,0
2014-10-13,358,45,13,19,Drugs,0.449231,0.435697,41.1508,3.51277,2.1684e-19,-0.0162264,-0.0160045,3.59797e-05,0.000185954,0.000221934,-0.0160729,8,360,0,2,0
2014-10-14,358,45,13,19,Drugs,0.418818,0.376441,41.2792,3.49003,1.0842e-19,0.000982078,0.000996872,4.63083e-06,1.01638e-05,1.47946e-05,0.00105596,8,360,0,2,0
2014-10-15,358,45,13,19,Drugs,0.41032,0.373501,41.2341,3.4661,0,-0.00838116,-0.0083883,-3.09835e-05,2.3851e-05,-7.13246e-06,-0.00829462,8,360,0,2,0
2014-10-16,358,45,13,19,Drugs,0.412872,0.438689,41.2103,3.47575,2.1684e-19,0.000180736,3.96724e-05,-1.81296e-05,-0.000122934,-0.000141063,-0.000157966,8,360,0,2,0
2014-10-17,358,45,13,19,Drugs,0.339137,0.327721,41.1261,3.52431,-8.13152e-20,0.0137422,0.0137,-1.15905e-05,-3.06125e-05,-4.2203e-05,0.0136656,8,360,0,2,0
2014-10-20,358,45,13,19,Drugs,0.41986,0.38928,40.6558,3.5481,2.1684e-19,0.00846283,0.00874454,-5.77705e-06,0.000287488,0.000281711,0.00879768,8,360,0,2,0
2014-10-21,358,45,13,19,Drugs,0.576408,0.524338,40.6873,3.51893,0,0.0193156,0.0193618,-4.57176e-05,9.18578e-05,4.61402e-05,0.0194507,8,360,0,2,0
2014-10-22,358,45,13,19,Drugs,0.452539,0.435641,40.6182,3.43702,0,-0.0075994,-0.00733964,3.20462e-05,0.000227707,0.000259754,-0.00722923,8,360,0,2,0
2014-10-23,358,45,13,19,Drugs,0.364466,0.338409,40.7839,3.43641,2.71051e-19,0.0113679,0.0114131,-3.64269e-05,8.15935e-05,4.51666e-05,0.0116168,8,360,0,2,0
2014-10-24,358,45,13,19,Drugs,0.29825,0.211856,40.7438,3.43103,5.42101e-20,0.00728377,0.00741625,2.41084e-05,0.000108376,0.000132485,0.00745759,8,360,0,2,0
2014-10-27,358,45,13,19,Drugs,0.509025,0.520685,40.7361,3.41314,-2.1684e-19,-0.00158181,-0.00149935,2.70591e-05,5.54011e-05,8.24602e-05,-0.00146749,8,360,0,2,0
2014-10-28,358,45,13,19,Drugs,0.393698,0.397724,40.6702,3.41855,-2.1684e-19,0.0118423,0.0118933,-4.84449e-05,9.93852e-05,5.09403e-05,0.0118641,8,360,0,2,0
2014-10-29,358,45,13,19,Drugs,0.241434,0.282023,40.7598,3.43987,-1.0842e-19,-0.00073805,-0.000713974,-5.63211e-07,2.46387e-05,2.40755e-05,-0.000819824,8,360,0,2,0
2014-10-30,358,45,13,19,Drugs,0.336162,0.262185,40.9262,3.42911,-1.0842e-19,0.00728783,0.00705915,-7.39812e-06,-0.000221279,-0.000228678,0.00715422,8,360,0,2,0
2014-10-31,358,45,13,19,Drugs,0.469931,0.500028,41.1008,3.36943,1.0842e-19,0.0116837,0.0117459,-2.676e-05,8.89597e-05,6.21998e-05,0.0118875,8,360,0,2,0
2014-11-03,358,45,13,19,Drugs,0.382289,0.306637,42.5691,3.3366,0,-0.000291511,-0.000169628,1.07243e-05,0.000111159,0.000121883,-0.000169449,8,360,0,2,0
2014-11-04,358,45,13,19,Drugs,0.405691,0.405413,42.4933,3.33779,-2.1684e-19,-0.00268449,-0.00256211,6.1236e-05,6.11391e-05,0.000122375,-0.00255769,8,360,0,2,0
2014-11-05,358,45,13,19,Drugs,0.339162,0.285592,42.7321,3.38069,0,0.00661665,0.00661294,-6.97553e-07,-3.01988e-06,-3.71743e-06,0.00655359,8,360,0,2,0
2014-11-06,357,45,13,19,Drugs,0.222965,0.164668,43.4643,3.36592,-1.6263e-19,0.00378535,0.00381342,-9.46123e-06,3.75301e-05,2.80689e-05,0.00381575,8,359,0,2,0
2014-11-07,357,45,13,19,Drugs,0.446938,0.436863,43.0253,3.37839,-1.0842e-19,0.000684285,0.000656392,-2.53651e-06,-2.53567e-05,-2.78932e-05,0.000545236,8,359,0,2,0
2014-11-10,357,45,13,19,Drugs,0.355702,0.355993,42.905,3.39507,0,0.00336161,0.00330535,1.55295e-05,-7.17864e-05,-5.62569e-05,0.00351075,8,359,0,2,0
2014-11-11,357,45,13,19,Drugs,0.275721,0.245154,43.9399,3.40305,5.42101e-20,0.0008584,0.000859749,-1.49594e-05,1.63086e-05,1.3492e-06,0.000972548,8,359,0,2,0
2014-11-12,357,45,13,19,Drugs,0.426659,0.407928,43.7126,3.41048,1.89735e-19,-0.000617687,-0.000490153,-2.3155e-06,0.000129849,0.000127533,-0.00052977,8,359,0,2,0
2014-11-13,357,45,13,19,Drugs,0.48781,0.42711,43.5258,3.38471,2.98156e-19,0.00103748,0.00115558,2.27825e-05,9.53152e-05,0.000118098,0.0011525,8,359,0,2,0
2014-11-14,357,45,13,19,Drugs,0.472763,0.437291,43.5719,3.38717,-2.1684e-19,0.000162207,0.000151238,-1.63301e-05,5.36073e-06,-1.09694e-05,0.00018428,8,359,0,2,0
2014-11-17,357,45,13,19,Drugs,0.339405,0.370367,43.2317,3.4085,5.42101e-20,0.000822996,0.000810747,3.89595e-05,-5.12081e-05,-1.22486e-05,0.000947363,8,359,0,2,0
2014-11-18,357,45,13,19,Drugs,0.411464,0.37893,43.1375,3.43475,5.42101e-20,0.00502157,0.00504701,-2.16006e-05,4.70403e-05,2.54397e-05,0.00511211,8,360,0,3,0
2014-11-19,357,45,13,19,Drugs,0.279506,0.219029,42.6785,3.43171,1.0842e-19,-0.00126701,-0.0012767,7.26937e-06,-1.69614e-05,-9.692e-06,-0.00134549,8,360,0,3,0
2014-11-20,357,45,13,19,Drugs,0.31693,0.331622,42.9862,3.45066,2.98156e-19,0.00191647,0.00203518,-8.01455e-06,0.000126725,0.000118711,0.00197974,8,360,0,3,0
2014-11-21,357,45,13,19,Drugs,0.238288,0.181178,42.8209,3.45733,1.0842e-19,0.00545879,0.00535072,-8.13478e-06,-9.99281e-05,-0.000108063,0.00554801,8,360,0,3,0
2014-11-24,357,45,13,19,Drugs,0.430371,0.382542,42.805,3.4844,2.1684e-19,0.00238597,0.00237853,-1.81484e-05,1.0708e-05,-7.44042e-06,0.00242124,8,360,0,3,0
2014-11-25,357,45,13,19,Drugs,0.315843,0.278148,42.9809,3.48232,1.0842e-19,-0.00148958,-0.00162945,3.93042e-06,-0.000143797,-0.000139867,-0.00161102,8,360,0,3,0
2014-11-26,357,45,13,19,Drugs,0.442435,0.415068,42.8268,3.47638,0,0.00330396,0.0033166,2.60514e-05,-1.34077e-05,1.26437e-05,0.00337314,8,360,0,3,0
2014-11-28,357,45,13,19,Drugs,0.664029,0.639916,42.808,3.46985,1.73472e-18,-0.00196702,-0.00187747,7.36186e-05,1.59329e-05,8.95515e-05,-0.00179876,8,360,0,3,0
2014-12-01,357,45,13,19,Drugs,0.501665,0.491764,43.3204,3.34408,0,-0.00620102,-0.00646609,7.03603e-05,-0.000335427,-0.000265066,-0.00643771,8,360,0,3,0
2014-12-02,357,45,13,19,Drugs,0.325162,0.222674,43.2975,3.3623,-1.0842e-19,0.00697952,0.00679329,-2.10779e-05,-0.000165149,-0.000186227,0.00676617,8,360,0,3,0
2014-12-03,357,45,13,19,Drugs,0.43141,0.413804,43.7994,3.37443,0,0.00410696,0.0041246,-3.3238e-05,5.08782e-05,1.76402e-05,0.00401856,8,360,0,3,0
2014-12-04,357,45,13,19,Drugs,0.207389,0.199182,43.5235,3.36827,8.13152e-20,-0.00119772,-0.0012577,2.69525e-06,-6.26818e-05,-5.99866e-05,-0.00116876,8,360,0,3,0
2014-12-05,357,45,13,19,Drugs,0.490502,0.451113,43.697,3.35296,4.33681e-19,0.00210681,0.00200707,-2.3617e-05,-7.61199e-05,-9.97369e-05,0.00201928,8,360,0,3,0
2014-12-08,358,45,13,19,Drugs,0.62631,0.639078,43.9515,3.37254,-2.1684e-19,-0.00733566,-0.00742333,6.08071e-05,-0.000148484,-8.76766e-05,-0.0073882,8,361,0,3,0
2014-12-09,358,45,13,19,Drugs,0.429807,0.407009,43.6836,3.37287,5.42101e-20,-0.000841224,-0.000801602,-2.20561e-05,6.16782e-05,3.96221e-05,-0.000830909,8,361,0,3,0
2014-12-10,358,45,13,19,Drugs,0.500811,0.522777,43.3132,3.36536,-5.42101e-20,-0.0162136,-0.0163053,5.60295e-05,-0.000147738,-9.17087e-05,-0.0163589,8,361,0,3,0
2014-12-11,358,45,13,19,Drugs,0.284939,0.291723,43.5823,3.36426,2.71051e-20,0.0045128,0.00445529,4.78698e-06,-6.22994e-05,-5.75124e-05,0.00436494,8,361,0,3,0
2014-12-12,358,45,13,19,Drugs,0.385229,0.391477,43.4041,3.35857,-1.28749e-19,-0.0164493,-0.0164336,3.68541e-05,-2.11437e-05,1.57105e-05,-0.0165096,8,361,0,3,0
2014-12-15,358,45,13,19,Drugs,0.36992,0.363186,43.1337,3.33,-1.0842e-19,-0.00630347,-0.00626377,1.28771e-05,2.68228e-05,3.96999e-05,-0.00617671,8,361,0,3,0
2014-12-16,358,45,13,19,Drugs,0.41291,0.404957,43.7485,3.34056,-1.0842e-19,-0.00812416,-0.00819294,2.76271e-05,-9.64107e-05,-6.87837e-05,-0.00819238,8,361,0,3,0
2014-12-17,358,45,13,19,Drugs,0.427049,0.412516,43.4854,3.34851,1.0842e-19,0.0204112,0.0204421,-5.18462e-05,8.27543e-05,3.09081e-05,0.0204198,8,361,0,3,0
2014-12-18,358,45,13,19,Drugs,0.39665,0.359683,43.3084,3.35207,1.0842e-19,0.0248014,0.0247244,-3.05321e-05,-4.6479e-05,-7.70111e-05,0.0247234,8,361,0,3,0
2014-12-19,358,45,13,19,Drugs,0.493339,0.460009,42.4904,3.32931,2.1684e-19,0.00410202,0.00396793,-3.90227e-05,-9.5066e-05,-0.000134089,0.00392487,8,361,0,3,0
2014-12-22,358,45,13,19,Drugs,0.433423,0.448393,42.7083,3.33708,2.71051e-19,0.00384497,0.00397371,3.14081e-05,9.73381e-05,0.000128746,0.0038671,8,361,0,3,0
2014-12-23,358,45,13,19,Drugs,0.642868,0.485271,43.0616,3.33706,0,0.00226618,0.00228942,-2.5331e-06,2.57732e-05,2.32401e-05,0.00199704,8,361,0,3,0
2014-12-24,358,45,13,19,Drugs,0.562043,0.583412,43.0766,3.33621,-4.33681e-19,-0.000221175,-0.000343145,-1.06542e-06,-0.000120904,-0.000121969,-0.000128771,8,361,0,3,0
2014-12-26,358,45,13,19,Drugs,0.445642,0.31311,42.8516,3.33653,0,0.00308567,0.00311614,-1.31457e-05,4.36132e-05,3.04674e-05,0.00317742,8,361,0,3,0
2014-12-29,358,45,13,19,Drugs,0.453221,0.412591,42.6352,3.34089,5.42101e-20,0.00091155,0.000912715,-1.30072e-05,1.41719e-05,1.16473e-06,0.000916561,8,361,0,3,0
2014-12-30,358,45,13,19,Drugs,0.514935,0.528872,42.8444,3.35296,1.0842e-19,-0.00457408,-0.00461106,8.12931e-06,-4.51106e-05,-3.69813e-05,-0.00467754,8,361,0,3,0
2014-12-31,358,45,13,19,Drugs,0.435036,0.447317,42.8924,3.33426,8.13152e-20,-0.0104065,-0.0104795,-8.02569e-06,-6.49455e-05,-7.29712e-05,-0.0104894,8,361,0,3,0
2015-01-02,358,45,13,19,Drugs,0.380996,0.361138,42.7422,3.33381,1.6263e-19,-8.99408e-05,-0.00015229,2.92207e-06,-6.52714e-05,-6.23493e-05,-9.95824e-05,8,361,0,3,0
2015-01-05,358,45,13,19,Drugs,0.59654,0.565928,42.5908,3.29832,-5.42101e-20,-0.0177348,-0.017786,4.75424e-05,-9.87969e-05,-5.12545e-05,-0.0177715,8,361,0,3,0
2015-01-06,358,45,13,19,Drugs,0.50583,0.49847,42.3161,3.301,0,-0.00869677,-0.00854932,4.661e-05,0.000100837,0.000147447,-0.00852491,8,361,0,3,0
2015-01-07,358,45,13,19,Drugs,0.421356,0.39622,42.2808,3.3046,5.42101e-20,0.0121216,0.0121828,6.38338e-06,5.47507e-05,6.11341e-05,0.0123819,8,361,0,3,0
2015-01-08,358,45,13,19,Drugs,0.325063,0.330257,42.4853,3.30577,0,0.0182022,0.0184183,-2.55196e-05,0.000241644,0.000216124,0.0183583,8,361,0,3,0
2015-01-09,358,45,13,19,Drugs,0.417438,0.388227,42.7289,3.30323,3.25261e-19,-0.00845635,-0.00845759,9.64849e-06,-1.08855e-05,-1.23704e-06,-0.00857125,8,361,0,3,0
2015-01-12,358,45,13,19,Drugs,0.518627,0.495763,42.4091,3.31779,0,-0.00792457,-0.0080095,4.42158e-05,-0.00012914,-8.49242e-05,-0.00797619,8,361,0,3,0
2015-01-13,358,45,13,19,Drugs,0.285665,0.274897,42.471,3.34412,-2.91379e-19,-0.00279256,-0.00264626,3.94907e-06,0.000142345,0.000146294,-0.00283377,8,361,0,3,0
2015-01-14,358,45,13,19,Drugs,0.390522,0.325086,42.6032,3.3461,5.42101e-20,-0.00649125,-0.00649059,9.62648e-06,-8.96746e-06,6.59022e-07,-0.00639756,8,361,0,3,0
2015-01-15,358,45,13,19,Drugs,0.508877,0.509459,42.5981,3.33268,-4.33681e-19,-0.00923046,-0.00919441,3.80378e-05,-1.97913e-06,3.60586e-05,-0.00921383,8,361,0,3,0
2015-01-16,358,45,13,19,Drugs,0.498735,0.498279,42.6781,3.38864,5.42101e-20,0.0134571,0.0131854,-3.48676e-05,-0.000236874,-0.000271742,0.0132864,8,361,0,3,0
2015-01-20,358,45,13,19,Drugs,0.283805,0.265883,42.3485,3.37339,2.71051e-20,0.00191722,0.00195915,7.91758e-06,3.40122e-05,4.19298e-05,0.00180942,8,361,0,3,0
2015-01-21,358,45,13,19,Drugs,0.440136,0.474874,41.6472,3.36277,1.0842e-19,0.00447287,0.00456615,-3.97412e-05,0.000133023,9.32813e-05,0.00447525,8,361,0,3,0
2015-01-22,358,45,13,19,Drugs,0.350904,0.332488,41.1179,3.34802,4.33681e-19,0.0154997,0.015635,4.72951e-06,0.000130616,0.000135346,0.0155539,8,361,0,3,0
2015-01-23,358,45,13,19,Drugs,0.330292,0.304911,41.4023,3.34672,5.42101e-20,-0.00587413,-0.00592703,-2.08642e-06,-5.0816e-05,-5.29024e-05,-0.005946,8,361,0,3,0
2015-01-26,358,45,13,19,Drugs,0.363197,0.368466,41.2866,3.3086,1.0842e-19,0.00210914,0.00234753,-1.25977e-05,0.000250987,0.000238389,0.00236457,8,361,0,3,0
2015-01-27,358,45,13,19,Drugs,0.49366,0.376581,41.1375,3.27837,5.42101e-20,-0.0134699,-0.0136705,4.25427e-06,-0.000204842,-0.000200588,-0.0135482,8,361,0,3,0
2015-01-28,359,45,13,19,Drugs,0.507271,0.451176,40.77,3.27711,4.33681e-19,-0.0135532,-0.0130102,3.17381e-05,0.000511269,0.000543007,-0.0130342,8,362,0,3,0
2015-01-29,359,45,13,19,Drugs,0.226233,0.223654,40.8707,3.30956,-3.25261e-19,0.0100338,0.0101003,1.84232e-07,6.62633e-05,6.64475e-05,0.0101587,8,362,0,3,0
2015-01-30,359,45,13,19,Drugs,0.338697,0.35855,40.788,3.3008,-5.42101e-19,-0.0137707,-0.0138717,-9.51664e-06,-9.14673e-05,-0.000100984,-0.0140644,8,362,0,3,0
2015-02-02,359,45,13,19,Drugs,0.469453,0.475998,39.944,3.23273,2.1684e-19,0.0136637,0.0136705,-2.43564e-05,3.1095e-05,6.73858e-06,0.0136219,8,362,0,3,0
2015-02-03,359,45,13,19,Drugs,0.44779,0.445367,40.2705,3.24636,0,0.0149407,0.0147868,-2.90516e-05,-0.000124852,-0.000153904,0.0147739,8,362,0,3,0
2015-02-04,360,45,13,19,Drugs,0.376898,0.318813,40.7977,3.2333,4.33681e-19,-0.00350804,-0.0033784,1.56602e-06,0.000128076,0.000129642,-0.00337039,8,362,0,2,0
2015-02-05,360,45,13,19,Drugs,0.281415,0.291667,40.6191,3.25047,-1.35525e-19,0.0107232,0.0107532,1.52986e-06,2.85349e-05,3.00648e-05,0.0107412,8,362,0,2,0
2015-02-06,360,45,13,19,Drugs,0.529187,0.478896,40.7746,3.26862,-1.6263e-19,-0.00339674,-0.00332518,-5.59661e-07,7.21203e-05,7.15606e-05,-0.00330805,8,362,0,2,0
2015-02-09,360,45,13,19,Drugs,0.346715,0.32825,41.0829,3.24831,0,-0.00433203,-0.0042251,-6.72671e-07,0.000107602,0.000106929,-0.00424658,8,362,0,2,0
2015-02-10,360,45,13,19,Drugs,0.383466,0.350067,40.9779,3.25363,2.1684e-19,0.0109901,0.0109428,1.07103e-06,-4.83726e-05,-4.73016e-05,0.010957,8,362,0,2,0
2015-02-11,360,45,13,19,Drugs,0.420305,0.384505,41.019,3.27797,-1.35525e-20,-1.93683e-05,0.000157794,1.28215e-06,0.00017588,0.000177162,0.000214823,8,362,0,2,0
2015-02-12,360,45,13,19,Drugs,0.216812,0.19157,41.1499,3.26161,1.0842e-19,0.0100476,0.00996008,1.2959e-06,-8.88138e-05,-8.75178e-05,0.00994927,8,362,0,2,0
2015-02-13,360,45,13,19,Drugs,0.528102,0.516624,40.9912,3.26208,5.42101e-20,0.00378458,0.00378251,-9.50447e-07,-1.11948e-06,-2.06993e-06,0.00377093,8,362,0,2,0
2015-02-17,360,45,13,19,Drugs,0.236661,0.211454,41.0335,3.25549,-1.0842e-19,0.00205661,0.00208724,1.73967e-06,2.88906e-05,3.06303e-05,0.00210588,8,362,0,2,0
2015-02-18,360,45,13,19,Drugs,0.366703,0.298709,41.0891,3.28277,2.03288e-19,-0.000181483,-0.000274609,-3.01013e-06,-9.01151e-05,-9.31252e-05,-0.000300023,8,362,0,2,0
2015-02-19,360,45,13,19,Drugs,0.327529,0.289101,40.7189,3.30638,-2.1684e-19,-0.00150772,-0.00168141,-3.24681e-06,-0.000170452,-0.000173699,-0.0016751,8,362,0,2,0
2015-02-20,360,45,13,19,Drugs,0.329043,0.345809,40.5986,3.32843,0,0.00642162,0.00637947,7.73003e-07,-4.29226e-05,-4.21496e-05,0.00637253,7,362,0,2,0
2015-02-23,360,45,13,19,Drugs,0.351226,0.274752,40.0735,3.30409,-1.6263e-19,0.000135734,0.000374993,2.16146e-06,0.000237098,0.000239259,0.000372194,7,362,0,2,0
2015-02-24,360,45,13,19,Drugs,0.292433,0.273481,39.9039,3.26826,1.0842e-19,0.00273171,0.0026728,3.83187e-06,-6.27433e-05,-5.89115e-05,0.00266298,7,362,0,2,0
2015-02-25,360,45,13,19,Drugs,0.400722,0.326225,39.9895,3.29273,2.1684e-19,-0.00119428,-0.00121461,-1.04529e-06,-1.92887e-05,-2.0334e-05,-0.00120183,7,362,0,2,0
2015-02-26,360,45,13,19,Drugs,0.22703,0.234922,39.8374,3.30778,0,-0.00127956,-0.00116819,1.16873e-06,0.0001102,0.000111369,-0.00114007,7,362,0,2,0
2015-02-27,360,45,13,19,Drugs,0.472874,0.460172,39.5601,3.27357,-5.42101e-20,-0.00299119,-0.00311987,-5.22654e-06,-0.000123453,-0.000128679,-0.0031339,7,362,0,2,0
2015-03-02,360,45,13,19,Drugs,0.549992,0.520531,39.8194,3.23457,5.42101e-20,0.00611466,0.00607886,1.65158e-06,-3.7449e-05,-3.57974e-05,0.00611219,7,362,0,2,0
2015-03-03,360,45,13,19,Drugs,0.368547,0.3907,40.0555,3.25734,-1.6263e-19,-0.00502233,-0.00487664,-7.06283e-08,0.000145764,0.000145693,-0.00489336,7,362,0,2,0
2015-03-04,360,45,13,19,Drugs,0.253578,0.269543,40.1313,3.26569,1.6263e-19,-0.00440306,-0.00454052,2.12738e-06,-0.000139585,-0.000137458,-0.00454229,7,362,0,2,0
2015-03-05,360,45,13,19,Drugs,0.247673,0.213382,40.14,3.27822,5.42101e-20,0.00149985,0.0013492,-4.77745e-06,-0.000145872,-0.00015065,0.00135192,7,362,0,2,0
2015-03-06,361,45,13,19,Drugs,0.460401,0.471745,40.0966,3.28312,4.33681e-19,-0.0145793,-0.0143596,1.39491e-06,0.00021831,0.000219705,-0.0143585,7,362,0,1,0
2015-03-09,361,45,13,19,Drugs,0.338085,0.365318,40.4099,3.25353,8.13152e-20,0.00441434,0.00433452,-6.75291e-07,-7.91482e-05,-7.98235e-05,0.00433626,7,362,0,1,0
2015-03-10,361,45,13,19,Drugs,0.421329,0.375517,40.8263,3.26311,5.42101e-20,-0.017027,-0.016954,-1.82115e-06,7.48521e-05,7.30309e-05,-0.0169504,7,362,0,1,0
2015-03-11,361,45,13,19,Drugs,0.369757,0.344967,40.7323,3.26388,-2.1684e-19,-0.00159305,-0.00172164,-1.40761e-06,-0.000127186,-0.000128594,-0.00171922,7,362,0,1,0
2015-03-12,361,45,13,19,Drugs,0.495475,0.477512,40.4439,3.24541,0,0.01314,0.0132497,-1.1156e-07,0.000109808,0.000109696,0.0132412,7,362,0,1,0
2015-03-13,362,45,13,19,Drugs,0.316262,0.251109,40.489,3.23574,1.0842e-19,-0.00572425,-0.0057318,-8.89016e-07,-6.65968e-06,-7.5487e-06,-0.00573063,7,363,0,1,0
2015-03-16,362,45,13,19,Drugs,0.40537,0.409076,40.5465,3.22425,-2.1684e-19,0.0139088,0.0138743,5.47556e-08,-3.46106e-05,-3.45558e-05,0.0138729,7,363,0,1,0
2015-03-17,362,45,13,19,Drugs,0.210244,0.184525,40.5889,3.23678,2.1684e-19,-0.00345862,-0.00324366,-9.1801e-07,0.000215875,0.000214957,-0.00324491,7,363,0,1,0
2015-03-18,362,45,13,19,Drugs,0.437188,0.463072,40.6245,3.25125,-4.33681e-19,0.0118347,0.011909,-2.50664e-07,7.4552e-05,7.43013e-05,0.0119095,7,363,0,1,0
2015-03-19,363,45,13,19,Drugs,0.521339,0.498506,40.5662,3.24625,2.1684e-19,-0.00514973,-0.00534356,-7.70578e-07,-0.000193066,-0.000193837,-0.00534068,7,364,0,1,0
2015-03-20,363,45,13,19,Drugs,0.172848,0.155515,40.3507,3.24215,1.35525e-19,0.00914344,0.00886668,-5.48035e-07,-0.00027621,-0.000276758,0.00887022,7,364,0,1,0
2015-03-23,363,45,13,19,Drugs,0.377277,0.380369,40.2448,3.23979,2.1684e-19,-0.00135364,-0.00119461,-9.98434e-07,0.000160035,0.000159037,-0.0012554,7,364,0,1,0
2015-03-24,365,45,13,19,Drugs,0.249028,0.241087,40.3736,3.24328,-5.42101e-20,-0.00660285,-0.00654682,3.06191e-07,5.57231e-05,5.60293e-05,-0.00654448,8,366,0,1,0
2015-03-25,365,45,13,19,Drugs,0.675364,0.631203,40.426,3.25347,-2.1684e-19,-0.0153458,-0.0153998,4.41165e-07,-5.44314e-05,-5.39902e-05,-0.0153978,8,366,0,1,0
2015-03-26,365,45,13,19,Drugs,0.177879,0.186786,40.47,3.25277,-8.13152e-20,-0.00225344,-0.00211151,9.15129e-07,0.000141014,0.000141929,-0.00210955,8,366,0,1,0
2015-03-27,365,45,13,19,Drugs,0.397786,0.381609,40.5739,3.24245,1.6263e-19,0.00237581,0.00224666,-1.03136e-06,-0.000128117,-0.000129149,0.00225017,8,366,0,1,0
2015-03-30,365,45,13,19,Drugs,0.222657,0.180719,40.4604,3.25746,1.6263e-19,0.0125389,0.0127003,7.94945e-08,0.000161275,0.000161355,0.0126997,8,366,0,1,0
2015-03-31,365,45,13,19,Drugs,0.389815,0.396667,40.7061,3.24999,5.42101e-20,-0.00822354,-0.00825566,-5.58069e-07,-3.15615e-05,-3.21196e-05,-0.00825701,8,366,0,1,0
2015-04-01,365,45,13,19,Drugs,0.344651,0.302254,40.7373,3.23256,0,-0.0043669,-0.00438348,-4.44192e-07,-1.61369e-05,-1.65811e-05,-0.00438242,8,366,0,1,0
2015-04-02,365,45,13,19,Drugs,0.230313,0.234698,40.5428,3.24935,0,0.00320732,0.00335721,-1.95465e-07,0.000150081,0.000149885,0.0033582,8,366,0,1,0
2015-04-06,365,45,13,19,Drugs,0.424235,0.409246,40.6703,3.26419,-2.1684e-19,0.00654173,0.00668641,1.51953e-06,0.000143153,0.000144672,0.00668515,8,366,0,1,0
2015-04-07,365,45,13,19,Drugs,0.376058,0.339311,40.6541,3.28613,-1.0842e-19,-0.00185816,-0.00199653,4.66463e-08,-0.000138413,-0.000138366,-0.00199361,8,366,0,1,0
2015-04-08,366,45,13,19,Drugs,0.311282,0.293973,40.8774,3.31104,2.1684e-19,0.00340113,0.00322598,1.28497e-06,-0.000176429,-0.000175144,0.00322552,8,367,0,1,0
2015-04-09,366,45,13,19,Drugs,0.382707,0.373228,40.9505,3.26818,0,0.00440046,0.00440008,1.21426e-06,-1.59975e-06,-3.85498e-07,0.00439699,8,367,0,1,0
2015-04-10,366,45,13,19,Drugs,0.453555,0.213623,40.9982,3.30121,-2.1684e-19,0.00566427,0.00557784,-2.33094e-07,-8.61978e-05,-8.64309e-05,0.00557464,8,367,0,1,0
2015-04-13,366,45,13,19,Drugs,0.366187,0.357534,40.8482,3.28654,-2.30393e-19,-0.00481105,-0.00480338,5.2188e-07,7.14272e-06,7.6646e-06,-0.00480729,8,367,0,1,0
2015-04-14,366,45,13,19,Drugs,0.429955,0.423321,40.7066,3.28941,1.0842e-19,0.00184944,0.00180257,9.9733e-07,-4.78739e-05,-4.68766e-05,0.0018001,8,367,0,1,0
2015-04-15,366,45,13,19,Drugs,0.552423,0.576837,40.7154,3.29065,0,0.00523478,0.00523105,8.83607e-07,-4.61644e-06,-3.73284e-06,0.00523226,8,367,0,1,0
2015-04-16,366,45,13,19,Drugs,0.419053,0.433123,40.396,3.29835,0,-0.000104664,-0.00028382,2.02994e-06,-0.000181187,-0.000179157,-0.000285651,8,367,0,1,0
2015-04-17,366,45,13,19,Drugs,0.275647,0.29596,40.2783,3.27751,2.71051e-19,-0.0110015,-0.0109492,1.01626e-06,5.12771e-05,5.22934e-05,-0.0109549,8,367,0,1,0
2015-04-20,366,45,13,19,Drugs,0.329075,0.330895,40.1769,3.27514,-3.25261e-19,0.00900867,0.00905417,2.48035e-06,4.30199e-05,4.55002e-05,0.00906166,8,368,0,2,0
2015-04-21,366,45,13,19,Drugs,0.314238,0.271237,40.2064,3.27263,-3.25261e-19,-0.000864933,-0.000980353,-6.81301e-06,-0.000108606,-0.000115419,-0.000975603,8,368,0,2,0
2015-04-22,366,45,13,19,Drugs,0.202704,0.168985,40.0829,3.26946,2.1684e-19,0.0050744,0.00512647,3.87463e-06,4.8196e-05,5.20707e-05,0.00512727,8,368,0,2,0
2015-04-23,366,45,13,19,Drugs,0.29783,0.249608,40.4463,3.26992,-2.71051e-19,0.00253715,0.00259481,-2.71053e-06,6.03657e-05,5.76552e-05,0.00258602,8,368,0,2,0
2015-04-24,366,45,13,19,Drugs,0.284156,0.228434,40.1994,3.2514,2.1684e-19,0.00242667,0.00266616,9.92859e-06,0.00022956,0.000239489,0.00266587,8,368,0,2,0
2015-04-27,366,45,13,19,Drugs,0.452366,0.397687,39.736,3.21556,4.33681e-19,-0.00393593,-0.00366856,5.5033e-06,0.000261862,0.000267365,-0.00367808,8,368,0,2,0
2015-04-28,366,45,13,19,Drugs,0.315995,0.275378,39.7097,3.2174,-5.42101e-20,0.00325531,0.00309228,-3.64982e-06,-0.00015938,-0.000163029,0.00309219,8,368,0,2,0
2015-04-29,366,45,13,19,Drugs,0.293288,0.277446,39.7167,3.21873,0,-0.00347418,-0.0036995,1.60474e-06,-0.000226919,-0.000225314,-0.00370254,8,368,0,2,0
2015-04-30,366,45,13,19,Drugs,0.287029,0.267619,39.769,3.21876,8.13152e-20,-0.00968885,-0.00973165,-3.78994e-06,-3.90145e-05,-4.28044e-05,-0.00972417,8,368,0,2,0
2015-05-01,366,45,13,19,Drugs,0.35938,0.321654,39.9083,3.23655,-2.1684e-19,0.0110826,0.011119,2.91915e-06,3.35188e-05,3.6438e-05,0.0111164,8,368,0,2,0
2015-05-04,366,45,13,19,Drugs,0.304094,0.28338,39.643,3.25119,0,0.00286125,0.00288325,-3.56152e-06,2.5562e-05,2.20005e-05,0.00288316,8,368,0,2,0
2015-05-05,366,45,13,19,Drugs,0.357128,0.327541,39.8042,3.2428,-1.0842e-19,-0.0112161,-0.0112872,-5.84945e-07,-7.05839e-05,-7.11689e-05,-0.0112837,8,368,0,2,0
2015-05-06,366,45,13,19,Drugs,0.293715,0.267291,39.8389,3.25526,-5.42101e-20,-0.00376284,-0.00389255,2.57612e-07,-0.000129971,-0.000129713,-0.00389061,8,368,0,2,0
2015-05-07,366,45,13,19,Drugs,0.377081,0.381937,39.7808,3.25556,5.42101e-20,0.00383978,0.00388963,5.50611e-07,4.92964e-05,4.9847e-05,0.00389244,8,368,0,2,0
2015-05-08,366,45,13,19,Drugs,0.381831,0.360301,39.6867,3.2421,1.35525e-20,0.0136815,0.0137676,1.1759e-06,8.49019e-05,8.60778e-05,0.0137671,8,368,0,2,0
2015-05-11,366,45,13,19,Drugs,0.362999,0.366333,39.7495,3.24042,2.1684e-19,-0.00465811,-0.00480103,-5.08464e-09,-0.000142911,-0.000142916,-0.00479354,8,368,0,2,0
2015-05-12,366,45,13,19,Drugs,0.308021,0.307039,39.7158,3.25082,0,-0.0025405,-0.00251886,4.84561e-07,2.11593e-05,2.16439e-05,-0.00252135,8,368,0,2,0
2015-05-13,366,45,13,19,Drugs,0.332331,0.354877,39.6819,3.25393,1.35525e-20,0.000364631,0.000250326,1.28409e-07,-0.000114433,-0.000114305,0.000242016,8,368,0,2,0
2015-05-14,366,45,13,19,Drugs,0.306594,0.309658,39.8157,3.27488,3.25261e-19,0.0106739,0.0108153,4.51977e-07,0.000140956,0.000141408,0.010808,8,368,0,2,0
2015-05-15,366,45,13,19,Drugs,0.349435,0.346338,39.8224,3.30979,2.71051e-20,0.0010503,0.000996332,-4.9083e-07,-5.34819e-05,-5.39727e-05,0.000979246,8,368,0,2,0
2015-05-18,366,45,13,19,Drugs,0.35162,0.336768,39.8268,3.32074,-2.1684e-19,0.00310966,0.00316699,-2.08609e-07,5.75384e-05,5.73298e-05,0.00316265,8,368,0,2,0
2015-05-19,366,45,13,19,Drugs,0.399636,0.354218,39.8773,3.31922,1.0842e-19,-0.000682358,-0.00070669,1.98e-06,-2.63123e-05,-2.43323e-05,-0.000700596,8,368,0,2,0
2015-05-20,366,45,13,19,Drugs,0.333718,0.353205,39.7533,3.30127,0,-0.00134982,-0.00125964,-8.09385e-07,9.09948e-05,9.01854e-05,-0.00125959,8,368,0,2,0
2015-05-21,366,45,13,19,Drugs,0.309835,0.300408,39.8119,3.30227,-2.71051e-20,0.00211223,0.00212315,3.99547e-06,6.92641e-06,1.09219e-05,0.00212321,8,368,0,2,0
2015-05-22,366,45,13,19,Drugs,0.220815,0.207523,39.7964,3.30357,8.13152e-20,-0.00225033,-0.0023125,-9.97136e-07,-6.11706e-05,-6.21677e-05,-0.00231425,8,368,0,2,0
2015-05-26,366,45,13,19,Drugs,0.354328,0.368078,39.8068,3.32705,0,-0.0103022,-0.0103832,-2.45573e-07,-8.0736e-05,-8.09816e-05,-0.0103817,8,368,0,2,0
2015-05-27,366,45,13,19,Drugs,0.423569,0.392336,39.8302,3.31591,-1.0842e-19,0.00909313,0.00908332,1.74993e-06,-1.15625e-05,-9.81254e-06,0.0090871,8,368,0,2,0
2015-05-28,366,45,13,19,Drugs,0.198853,0.17447,39.7494,3.34352,-2.1684e-19,-0.000836956,-0.000902442,-2.49923e-06,-6.29868e-05,-6.5486e-05,-0.000902897,8,368,0,2,0
2015-05-29,366,45,13,19,Drugs,0.18497,0.176526,39.8362,3.39306,4.33681e-19,-0.00548505,-0.00563633,-2.66623e-06,-0.000148618,-0.000151284,-0.0056293,8,368,0,2,0
2015-06-01,366,45,13,19,Drugs,0.275241,0.316588,39.8887,3.36843,5.42101e-20,0.00223193,0.00219854,1.69498e-06,-3.50873e-05,-3.33923e-05,0.00219606,8,368,0,2,0
2015-06-02,366,45,13,19,Drugs,0.452693,0.444446,39.8197,3.37341,-2.71051e-19,-0.00123377,-0.00124834,1.99592e-06,-1.65619e-05,-1.4566e-05,-0.00124433,8,368,0,2,0
2015-06-03,366,45,13,19,Drugs,0.544513,0.52026,39.8401,3.37436,0,0.00234765,0.00233943,-1.57795e-06,-6.64506e-06,-8.22301e-06,0.00234518,8,368,0,2,0
2015-06-04,366,45,13,19,Drugs,0.26379,0.284216,39.7265,3.37349,-1.0842e-19,-0.00848208,-0.00841887,1.4635e-06,6.17476e-05,6.32111e-05,-0.00842662,8,368,0,2,0
2015-06-05,366,45,13,19,Drugs,0.547699,0.517753,39.6754,3.34536,-1.0842e-19,-0.00140473,-0.00153247,1.76751e-07,-0.000127917,-0.000127741,-0.00153009,8,368,0,2,0
2015-06-08,366,45,13,19,Drugs,0.436323,0.439523,39.6578,3.34346,-2.71051e-20,-0.00622345,-0.00612736,-1.66947e-06,9.77527e-05,9.60833e-05,-0.00612599,8,368,0,2,0
2015-06-09,366,45,13,19,Drugs,0.257763,0.268689,39.56,3.34537,1.0842e-19,0.000764981,0.000686916,9.67531e-07,-7.90325e-05,-7.8065e-05,0.000679836,8,368,0,2,0
2015-06-10,366,45,13,19,Drugs,0.388938,0.396932,39.9277,3.34526,-2.1684e-19,0.0122365,0.0120964,3.03749e-06,-0.000143096,-0.000140059,0.0121025,8,368,0,2,0
2015-06-11,366,45,13,19,Drugs,0.29077,0.306858,40.3476,3.33291,-5.42101e-20,0.00234227,0.00230964,-2.42287e-06,-3.02008e-05,-3.26236e-05,0.00231101,8,368,0,2,0
2015-06-12,366,45,13,19,Drugs,0.362156,0.345072,40.3035,3.34073,0,-0.00703337,-0.00704171,-4.27946e-07,-7.91911e-06,-8.34706e-06,-0.00704091,8,368,0,2,0
2015-06-15,366,45,13,19,Drugs,0.225788,0.190743,40.3488,3.32947,-2.43945e-19,-0.00429562,-0.00439094,1.22342e-06,-9.65497e-05,-9.53263e-05,-0.00439686,8,368,0,2,0
2015-06-16,366,45,13,19,Drugs,0.292987,0.270697,40.0639,3.31608,-2.1684e-19,0.00581476,0.0058735,-9.00668e-07,5.96404e-05,5.87397e-05,0.00586842,8,368,0,2,0
2015-06-17,366,45,13,19,Drugs,0.247647,0.125468,40.0817,3.30826,-2.1684e-19,0.00187917,0.00184804,-7.17704e-07,-3.04113e-05,-3.1129e-05,0.00183789,8,368,0,2,0
2015-06-18,366,45,13,19,Drugs,0.285821,0.294356,39.8908,3.32098,-2.1684e-19,0.00947795,0.00956321,-3.01012e-07,8.55618e-05,8.52608e-05,0.00956517,8,368,0,2,0
2015-06-19,366,45,13,19,Drugs,0.244076,0.238717,39.738,3.29095,8.13152e-20,-0.00567173,-0.00571417,-1.33958e-06,-4.11035e-05,-4.24431e-05,-0.00570937,8,368,0,2,0
2015-06-22,366,45,13,19,Drugs,0.113302,0.101133,39.6945,3.28861,0,0.00601453,0.0059169,6.19162e-06,-0.000103818,-9.7626e-05,0.00591759,8,368,0,2,0
2015-06-23,366,45,13,19,Drugs,0.442055,0.443015,39.9596,3.30917,0,0.000359422,0.000242099,2.97537e-07,-0.000117621,-0.000117323,0.000242847,8,368,0,2,0
2015-06-24,366,45,13,19,Drugs,0.190706,0.15388,39.8577,3.30011,-1.6263e-19,-0.00732705,-0.00710402,4.40071e-06,0.000218628,0.000223028,-0.00710481,8,368,0,2,0
2015-06-25,366,45,13,19,Drugs,0.36059,0.357568,39.8949,3.33809,2.71051e-19,-0.00285964,-0.00292572,-3.52358e-06,-6.25572e-05,-6.60808e-05,-0.00293176,8,368,0,2,0
2015-06-26,366,45,13,19,Drugs,0.301448,0.26346,39.9112,3.34186,-1.0842e-19,9.18749e-06,6.70028e-05,-5.8388e-06,6.36541e-05,5.78153e-05,6.36229e-05,8,368,0,2,0
2015-06-29,366,45,13,19,Drugs,0.489594,0.466766,39.9606,3.36469,-5.42101e-20,-0.0205135,-0.0204866,-2.11287e-06,2.89483e-05,2.68354e-05,-0.0204882,8,368,0,2,0
2015-06-30,366,45,13,19,Drugs,0.303732,0.278075,39.7976,3.34579,-1.0842e-19,0.00253807,0.0026196,2.53604e-06,7.89908e-05,8.15268e-05,0.00262137,8,368,0,2,0
2015-07-01,366,45,13,19,Drugs,0.361869,0.349336,39.8866,3.34694,0,0.00681368,0.0068742,-3.26673e-06,6.37874e-05,6.05207e-05,0.0068765,8,368,0,2,0
2015-07-02,367,45,13,19,Drugs,0.308769,0.269959,40.1053,3.35898,2.71051e-20,-0.000514058,-0.000519501,-5.30465e-07,-4.91271e-06,-5.44318e-06,-0.000517942,8,369,0,2,0
2015-07-06,366,45,14,21,Drugs,0.386012,0.406988,39.9418,3.36849,1.0842e-19,-0.00383573,-0.003802,-9.72118e-07,3.47029e-05,3.37307e-05,-0.00379634,8,368,0,2,0
2015-07-07,366,45,14,21,Drugs,0.5373,0.485175,39.9015,3.38185,2.1684e-19,0.00588641,0.00585687,-5.27025e-06,-2.42634e-05,-2.95336e-05,0.00586141,8,368,0,2,0
2015-07-08,366,45,14,21,Drugs,0.58009,0.571137,40.541,3.38802,-5.42101e-20,-0.0160906,-0.0161765,-3.93338e-06,-8.18908e-05,-8.58242e-05,-0.016184,8,368,0,2,0
2015-07-09,367,45,14,21,Drugs,0.416821,0.371494,40.5933,3.39462,0,0.00210349,0.00186257,-2.21784e-06,-0.000238706,-0.000240924,0.00186436,8,369,0,2,0
2015-07-10,367,45,14,21,Drugs,0.366447,0.356109,40.6425,3.40858,-5.42101e-20,0.0121086,0.0121536,2.7789e-06,4.22845e-05,4.50634e-05,0.0121464,8,369,0,2,0
2015-07-13,367,45,14,21,Drugs,0.308083,0.282022,40.8194,3.41659,-2.71051e-20,0.0104225,0.0105187,2.56249e-06,9.36709e-05,9.62334e-05,0.0105143,8,369,0,2,0
2015-07-14,367,45,14,21,Drugs,0.261094,0.215476,40.9017,3.42025,-5.42101e-20,0.00469554,0.004617,1.01725e-06,-7.95662e-05,-7.85489e-05,0.00457013,8,369,0,2,0
2015-07-15,367,45,14,21,Drugs,0.46709,0.48935,41.1401,3.41875,0,-0.00111509,-0.00101211,5.12922e-06,9.7853e-05,0.000102982,-0.0010117,8,369,0,2,0
2015-07-16,367,45,14,21,Drugs,0.303508,0.301465,41.2464,3.42341,1.0842e-19,0.00748686,0.00749665,3.95906e-06,5.82728e-06,9.78634e-06,0.00749587,8,369,0,2,0
2015-07-17,367,45,14,21,Drugs,0.280006,0.26634,41.5286,3.44135,-5.42101e-20,-0.0022368,-0.00226681,7.97213e-06,-3.79792e-05,-3.00071e-05,-0.00225993,8,369,0,2,0
2015-07-20,367,45,14,21,Drugs,0.521109,0.548248,41.4536,3.30002,0,-1.7108e-05,0.000105679,7.22786e-08,0.000122715,0.000122787,9.69731e-05,8,369,0,2,0
2015-07-21,367,45,14,21,Drugs,0.36844,0.349606,43.3414,3.3097,1.0842e-19,-0.00432532,-0.00424834,3.46135e-06,7.35179e-05,7.69792e-05,-0.00424589,8,369,0,2,0
2015-07-22,367,45,14,21,Drugs,0.340167,0.263075,42.812,3.29355,2.71051e-20,-0.00197312,-0.00243457,-6.71529e-06,-0.000454733,-0.000461448,-0.00243998,8,369,0,2,0
2015-07-23,367,45,14,21,Drugs,0.240901,0.236626,42.6724,3.30864,1.0842e-19,-0.00558415,-0.00556316,-2.65187e-06,2.36364e-05,2.09846e-05,-0.00555528,8,369,0,2,0
2015-07-24,367,45,14,21,Drugs,0.233359,0.204277,42.6085,3.35794,0,-0.010421,-0.0101947,-2.22272e-06,0.000228479,0.000226256,-0.0101891,8,369,0,2,0
2015-07-27,367,45,14,21,Drugs,0.285228,0.330021,42.4518,3.28523,0,-0.00678013,-0.00681238,2.1165e-06,-3.43601e-05,-3.22436e-05,-0.00682055,8,369,0,2,0
2015-07-28,367,45,14,21,Drugs,0.401122,0.366415,42.6874,3.24268,-1.6263e-19,0.0119641,0.0118017,5.36676e-06,-0.000167781,-0.000162415,0.0118027,8,369,0,2,0
2015-07-29,367,45,14,21,Drugs,0.301002,0.289689,42.5747,3.23836,0,0.00786165,0.0078044,-2.15999e-06,-5.50979e-05,-5.72579e-05,0.00780497,8,369,0,2,0
2015-07-30,368,45,14,21,Drugs,0.215118,0.168256,42.7805,3.26069,-2.71051e-20,0.00120407,0.00114872,1.84438e-06,-5.71927e-05,-5.53483e-05,0.00113905,8,370,0,2,0
2015-07-31,368,45,14,21,Drugs,0.36259,0.31635,42.9621,3.2657,-2.1684e-19,-0.00164459,-0.00178014,-5.82867e-06,-0.000129726,-0.000135554,-0.00177473,8,370,0,2,0
2015-08-03,368,45,14,21,Drugs,0.35621,0.356877,42.9598,3.26483,5.42101e-20,-0.00296299,-0.00304224,2.49097e-06,-8.17449e-05,-7.92539e-05,-0.00304402,8,370,0,2,0
2015-08-04,368,45,14,21,Drugs,0.38988,0.288275,43.1952,3.28013,-2.1684e-19,-0.000686425,-0.000904125,-1.66441e-06,-0.000216036,-0.0002177,-0.000905641,8,370,0,2,0
2015-08-05,368,45,14,21,Drugs,0.293254,0.231824,43.1477,3.27554,-4.33681e-19,0.00365448,0.00369273,4.24305e-06,3.40009e-05,3.8244e-05,0.00369221,8,370,0,2,0
2015-08-06,368,45,14,21,Drugs,0.463257,0.395995,43.0199,3.25689,2.1684e-19,-0.00626194,-0.00611757,2.22934e-06,0.000142146,0.000144375,-0.00612204,8,370,0,2,0
2015-08-07,368,45,14,21,Drugs,0.339367,0.334263,42.9093,3.28877,0,-0.00330002,-0.0031959,-2.95546e-06,0.000107085,0.000104129,-0.0031859,8,370,0,2,0
2015-08-10,368,45,14,21,Drugs,0.615918,0.613199,43.0474,3.32585,0,0.0125882,0.0127673,-1.14373e-06,0.000180229,0.000179085,0.0127691,8,370,0,2,0
2015-08-11,368,45,14,21,Drugs,0.488626,0.471825,42.5988,3.35904,-2.71051e-19,-0.0100931,-0.0104235,-6.44253e-06,-0.000323938,-0.000330381,-0.010429,8,370,0,2,0
2015-08-12,368,45,14,21,Drugs,0.425107,0.418062,42.3691,3.39796,-5.42101e-20,0.000767051,0.000936403,-7.95403e-07,0.000170148,0.000169352,0.000933375,8,370,0,2,0
2015-08-13,368,45,14,21,Drugs,0.40929,0.414027,42.0364,3.40241,-2.71051e-20,-0.00031471,-0.000273544,1.17467e-06,3.99916e-05,4.11663e-05,-0.000283928,8,370,0,2,0
2015-08-14,368,45,14,21,Drugs,0.315674,0.303231,42.4349,3.43947,0,0.00401788,0.00398758,-1.19428e-06,-2.91115e-05,-3.03058e-05,0.00398588,8,370,0,2,0
2015-08-17,368,45,14,21,Drugs,0.298555,0.239663,42.7892,3.49816,-1.0842e-19,0.00553511,0.00558894,1.55166e-06,5.22775e-05,5.38292e-05,0.00559288,8,370,0,2,0
2015-08-18,368,45,14,21,Drugs,0.132863,0.131404,42.6455,3.5266,1.6263e-19,-0.00297865,-0.00295629,-1.90413e-06,2.42688e-05,2.23646e-05,-0.00295618,8,370,0,2,0
2015-08-19,368,45,14,21,Drugs,0.488272,0.474156,42.8678,3.4744,-2.1684e-19,-0.00873967,-0.0086813,-1.995e-06,6.03657e-05,5.83707e-05,-0.00868051,8,370,0,2,0
2015-08-20,368,45,14,21,Drugs,0.545373,0.488097,42.5587,3.47719,-1.0842e-19,-0.021695,-0.0216227,-3.07458e-06,7.54175e-05,7.23429e-05,-0.0216297,8,370,0,2,0
2015-08-21,368,45,14,21,Drugs,0.38362,0.279774,42.3263,3.47151,-1.0842e-19,-0.0318987,-0.0322501,-8.78727e-06,-0.000342676,-0.000351463,-0.0322447,8,370,0,2,0
2015-08-24,368,45,14,21,Drugs,0.378538,0.357058,41.9857,3.48333,0,-0.0403905,-0.0402634,1.87892e-06,0.000125259,0.000127138,-0.0402661,8,370,0,2,0
2015-08-25,368,45,14,21,Drugs,0.372366,0.294245,41.8786,3.40687,2.1684e-19,-0.0131649,-0.0129883,2.15768e-06,0.000174395,0.000176553,-0.0130152,8,370,0,2,0
2015-08-26,368,45,14,21,Drugs,0.497211,0.415204,42.1449,3.38138,2.1684e-19,0.0390706,0.0392248,5.51369e-06,0.000148673,0.000154186,0.0392239,8,370,0,2,0
2015-08-27,368,45,14,21,Drugs,0.471951,0.502605,43.5564,3.43631,-4.33681e-19,0.0251596,0.0252727,-3.01485e-06,0.000116191,0.000113177,0.0252767,8,370,0,2,0
2015-08-28,368,45,14,21,Drugs,0.42898,0.394566,42.8931,3.39289,1.0842e-19,0.000665999,0.000562155,6.18311e-07,-0.000104462,-0.000103844,0.000561496,8,370,0,2,0
2015-08-31,368,45,14,21,Drugs,0.580565,0.571609,42.6096,3.39722,4.33681e-19,-0.00777608,-0.00787234,2.54793e-06,-9.88087e-05,-9.62607e-05,-0.00787724,8,370,0,2,0
2015-09-01,368,45,14,21,Drugs,0.519861,0.406296,42.5176,3.38869,-1.0842e-19,-0.0307321,-0.0309616,2.0473e-06,-0.000231532,-0.000229485,-0.0309578,8,370,0,2,0
2015-09-02,368,45,14,21,Drugs,0.478558,0.475856,42.3322,3.37189,0,0.0177209,0.0179503,2.50887e-06,0.00022695,0.000229459,0.0179205,8,370,0,2,0
2015-09-03,369,45,14,21,Drugs,0.498993,0.345456,43.1446,3.43386,1.0842e-19,0.00105731,0.000918363,-4.9711e-06,-0.000133974,-0.000138945,0.000920449,8,371,0,2,0
2015-09-04,369,45,14,21,Drugs,0.259206,0.249727,43.0942,3.44584,-2.1684e-19,-0.0158989,-0.0158376,2.26155e-06,5.90582e-05,6.13198e-05,-0.0158388,8,371,0,2,0
2015-09-08,369,45,14,21,Drugs,0.361514,0.315773,43.0871,3.41788,-2.1684e-19,0.024811,0.0247691,-3.25985e-06,-3.87084e-05,-4.19682e-05,0.0247718,8,371,0,2,0
2015-09-09,369,45,14,21,Drugs,0.380986,0.268212,43.1043,3.38447,0,-0.0131463,-0.0132079,-1.26012e-06,-6.0363e-05,-6.16231e-05,-0.0132003,8,371,0,2,0
2015-09-10,369,45,14,21,Drugs,0.26145,0.195079,43.1315,3.37611,2.30393e-19,0.00509192,0.00518133,8.90526e-08,8.9326e-05,8.9415e-05,0.00518703,8,371,0,2,0
2015-09-11,369,45,14,21,Drugs,0.379328,0.411791,43.1786,3.38965,-5.42101e-20,0.0045846,0.0047605,1.09457e-06,0.0001748,0.000175895,0.00475465,8,371,0,2,0
2015-09-14,369,45,14,21,Drugs,0.277964,0.222964,42.7427,3.40094,0,-0.00460688,-0.00436887,1.70312e-06,0.000236305,0.000238008,-0.00436495,8,371,0,2,0
2015-09-15,369,45,14,21,Drugs,0.29069,0.279032,42.914,3.41291,-1.0842e-19,0.013327,0.0131952,-4.43241e-07,-0.000131441,-0.000131884,0.0131902,8,371,0,2,0
2015-09-16,369,45,14,21,Drugs,0.417782,0.434845,43.0463,3.42561,-2.1684e-19,0.00985029,0.00975024,-3.33003e-07,-9.97116e-05,-0.000100045,0.00975142,8,371,0,2,0
2015-09-17,369,45,14,21,Drugs,0.505172,0.490745,42.5101,3.43668,4.33681e-19,-0.00296133,-0.00303465,-1.1202e-06,-7.21981e-05,-7.33183e-05,-0.00303356,8,371,0,2,0
2015-09-18,369,45,14,21,Drugs,0.371307,0.413144,42.1526,3.41512,5.42101e-20,-0.0162516,-0.0160598,1.31233e-06,0.000190496,0.000191809,-0.0160519,8,371,0,2,0
2015-09-21,369,45,14,21,Drugs,0.572809,0.445711,41.9298,3.39651,6.50521e-19,0.00403202,0.00415141,1.87924e-06,0.000117512,0.000119391,0.00415205,8,371,0,2,0
2015-09-22,369,45,14,21,Drugs,0.340937,0.319606,42.1406,3.38795,0,-0.0120456,-0.0120513,2.56862e-06,-8.25795e-06,-5.68933e-06,-0.0120575,8,371,0,2,0
2015-09-23,369,45,14,21,Drugs,0.529529,0.554173,42.6013,3.41943,-5.42101e-20,-0.00225858,-0.00212467,-2.7673e-07,0.000134185,0.000133909,-0.00212011,8,371,0,2,0
2015-09-24,369,45,14,21,Drugs,0.403713,0.365509,42.6913,3.47351,0,-0.00267112,-0.00243404,-9.81466e-08,0.000237179,0.000237081,-0.00243421,8,371,0,2,0
2015-09-25,369,45,14,21,Drugs,0.571228,0.454158,42.3808,3.51231,3.25261e-19,0.00076222,0.000732409,-1.99887e-06,-2.7812e-05,-2.98109e-05,0.000727011,8,371,0,2,0
2015-09-28,369,45,14,21,Drugs,0.555069,0.556757,42.781,3.48659,-1.0842e-19,-0.025093,-0.0246995,-1.68669e-06,0.000395184,0.000393497,-0.0247046,8,371,0,2,0
2015-09-29,369,45,14,21,Drugs,0.344301,0.242776,42.7973,3.47739,3.25261e-19,0.00201607,0.0018092,-2.54217e-06,-0.000204334,-0.000206876,0.00178686,8,371,0,2,0
2015-09-30,369,45,14,21,Drugs,0.342383,0.283691,42.7761,3.49402,4.33681e-19,0.0190855,0.0187496,8.55912e-07,-0.000336854,-0.000335998,0.0187377,8,371,0,2,0
2015-10-01,369,45,14,21,Drugs,0.471057,0.458104,42.6828,3.49286,-2.1684e-19,0.00195675,0.0018423,4.48308e-06,-0.000118931,-0.000114448,0.00183988,8,371,0,2,0
2015-10-02,369,45,14,21,Drugs,0.510678,0.497143,42.7874,3.5095,4.33681e-19,0.0135253,0.0134556,-2.21701e-06,-6.75573e-05,-6.97743e-05,0.0134458,8,371,0,2,0
2015-10-05,369,45,14,21,Drugs,0.461742,0.463137,42.3417,3.49412,0,0.0195067,0.019271,-2.17246e-06,-0.000233507,-0.000235679,0.0192754,8,371,0,2,0
2015-10-06,369,45,14,21,Drugs,0.640873,0.596345,41.9324,3.51979,-4.33681e-19,-0.00389329,-0.00394956,-8.06255e-07,-5.54588e-05,-5.6265e-05,-0.00394566,8,371,0,2,0
2015-10-07,369,45,14,21,Drugs,0.263488,0.255726,41.7441,3.55346,-2.1684e-19,0.00863516,0.00857081,-5.57592e-06,-5.87659e-05,-6.43418e-05,0.00857363,8,371,0,2,0
2015-10-08,370,45,14,21,Drugs,0.40392,0.396151,41.4986,3.54835,-4.33681e-19,0.00939019,0.00925245,-3.38543e-06,-0.000134356,-0.000137741,0.00924991,8,372,0,2,0
2015-10-09,370,45,14,21,Drugs,0.301462,0.265289,41.7548,3.56988,0,0.00043071,0.000485607,8.35844e-07,5.4061e-05,5.48969e-05,0.000481563,8,372,0,2,0
2015-10-12,370,45,14,21,Drugs,0.380612,0.472233,41.6584,3.58549,1.35525e-19,0.00133743,0.00128463,3.2342e-06,-5.60404e-05,-5.28062e-05,0.00127871,8,372,0,2,0
2015-10-13,370,45,14,21,Drugs,0.416326,0.365707,41.7645,3.57075,2.1684e-19,-0.00717512,-0.00717986,3.14817e-06,-7.88216e-06,-4.73399e-06,-0.00717721,8,372,0,2,0
2015-10-14,370,45,14,21,Drugs,0.4572,0.305597,41.7886,3.57696,-1.0842e-19,-0.00578789,-0.00590147,-1.02361e-07,-0.000113486,-0.000113588,-0.00590026,8,372,0,2,0
2015-10-15,370,45,14,21,Drugs,0.360431,0.257064,41.311,3.53818,-2.1684e-19,0.0123292,0.0123467,2.81991e-06,1.46904e-05,1.75103e-05,0.0123543,8,372,0,2,0
2015-10-16,370,45,14,21,Drugs,0.349416,0.357444,41.2986,3.54725,2.71051e-19,0.00416766,0.00416766,3.14141e-06,-3.13713e-06,4.27062e-09,0.00417027,8,372,0,2,0
2015-10-19,370,45,14,21,Drugs,0.455661,0.456938,41.276,3.57575,-8.13152e-20,0.000148698,0.000144091,1.99399e-06,-6.6005e-06,-4.60651e-06,0.000142154,8,372,0,2,0
2015-10-20,370,45,14,21,Drugs,0.336606,0.310701,41.5144,3.60792,-2.1684e-19,-0.00103038,-0.000663851,-2.45484e-06,0.000368982,0.000366527,-0.000641801,8,372,0,2,0
2015-10-21,370,45,14,21,Drugs,0.229911,0.223112,41.47,3.64469,2.71051e-19,-0.00487632,-0.00484092,6.41181e-06,2.89882e-05,3.54e-05,-0.00483653,8,372,0,2,0
2015-10-22,370,45,14,21,Drugs,0.327443,0.354558,41.6521,3.7003,0,0.0173538,0.0172861,4.68638e-06,-7.239e-05,-6.77036e-05,0.0172927,8,372,0,2,0
2015-10-23,370,45,14,21,Drugs,0.401049,0.365353,41.1133,3.6808,0,0.00975236,0.0102118,3.2373e-06,0.000456182,0.000459419,0.010217,8,372,0,2,0
2015-10-26,370,45,14,21,Drugs,0.502326,0.472515,40.799,3.70577,-1.0842e-19,-0.00248682,-0.00256837,-1.32072e-06,-8.02326e-05,-8.15534e-05,-0.00256571,8,372,0,2,0
2015-10-27,370,45,14,21,Drugs,0.443086,0.405588,41.1512,3.74434,0,-0.00302806,-0.00303052,2.08471e-06,-4.54777e-06,-2.46306e-06,-0.00302793,8,372,0,2,0
2015-10-28,370,45,14,21,Drugs,0.399781,0.402956,41.1236,3.77452,-2.1684e-19,0.0121591,0.012253,-2.00235e-06,9.58685e-05,9.38661e-05,0.0122577,8,372,0,2,0
2015-10-29,370,45,14,21,Drugs,0.289239,0.282197,41.0725,3.79575,0,-0.0011113,-0.000921815,2.59808e-06,0.000186884,0.000189482,-0.000938357,8,372,0,2,0
2015-10-30,370,45,14,21,Drugs,0.297372,0.319296,40.6855,3.78259,-1.0842e-19,-0.00455469,-0.00459001,-4.94881e-06,-3.03674e-05,-3.53162e-05,-0.00458402,8,372,0,2,0
2015-11-02,370,45,14,21,Drugs,0.364778,0.339183,40.7919,3.77626,-1.6263e-19,0.011795,0.0117965,-3.36724e-06,4.88694e-06,1.51971e-06,0.0118045,8,372,0,2,0
2015-11-03,370,45,14,21,Drugs,0.356933,0.299758,40.7972,3.75862,5.42101e-20,0.00323526,0.00322515,3.77335e-06,-1.38811e-05,-1.01078e-05,0.00321264,8,372,0,2,0
2015-11-04,370,45,14,21,Drugs,0.140199,0.119396,41.0449,3.71977,-8.13152e-20,-0.0033176,-0.00323538,-3.01774e-06,8.52403e-05,8.22225e-05,-0.00323667,8,372,0,2,0
2015-11-05,370,45,14,21,Drugs,0.262197,0.220421,41.1856,3.74653,-2.1684e-19,-0.0012124,-0.00105596,-2.24571e-06,0.000158686,0.000156441,-0.00106252,8,372,0,2,0
2015-11-06,370,45,14,21,Drugs,0.555602,0.509174,42.0697,3.75011,0,0.00105649,0.000889189,-2.83397e-06,-0.000164465,-0.000167299,0.000889917,8,372,0,2,0
2015-11-09,370,45,14,21,Drugs,0.140639,0.153754,42.0173,3.67792,0,-0.0096383,-0.00945253,6.44749e-07,0.000185123,0.000185768,-0.00945659,8,372,0,2,0
2015-11-10,370,45,14,21,Drugs,0.417301,0.385478,41.7834,3.70941,-1.0842e-19,0.00162006,0.00135754,-2.79702e-06,-0.000259723,-0.00026252,0.00134926,8,372,0,2,0
2015-11-11,370,45,14,21,Drugs,0.440533,0.470209,41.9661,3.72046,-5.42101e-20,-0.00389062,-0.00369644,9.93929e-07,0.000193185,0.000194178,-0.00368862,8,372,0,2,0
2015-11-12,370,45,14,21,Drugs,0.265628,0.253968,41.8183,3.78833,5.42101e-20,-0.0142208,-0.0140842,2.94603e-06,0.00013366,0.000136606,-0.0140828,8,372,0,2,0
2015-11-13,370,45,14,21,Drugs,0.357735,0.289229,41.8963,3.76936,0,-0.0105862,-0.0105373,8.42901e-06,4.0445e-05,4.8874e-05,-0.0105413,8,372,0,2,0
2015-11-16,370,45,14,21,Drugs,0.34281,0.284067,41.47,3.78715,0,0.0153539,0.0153765,9.40502e-07,2.16402e-05,2.25807e-05,0.0153715,8,372,0,2,0
2015-11-17,370,45,14,21,Drugs,0.347971,0.301615,41.5776,3.77955,2.1684e-19,-0.00087854,-0.00101824,6.20632e-07,-0.000140326,-0.000139705,-0.00102043,8,372,0,2,0
2015-11-18,370,45,14,21,Drugs,0.221485,0.183211,42.0172,3.7678,-1.0842e-19,0.0159608,0.0161384,-3.23127e-07,0.000177875,0.000177551,0.0161657,8,372,0,2,0
2015-11-19,369,45,14,21,Drugs,0.395239,0.372438,41.7514,3.78862,3.25261e-19,-0.000715505,-0.000584799,-3.26969e-06,0.000133977,0.000130707,-0.00060646,8,372,0,3,0
2015-11-20,370,45,14,21,Drugs,0.33485,0.271829,41.6444,3.83721,-3.25261e-19,0.00355017,0.00345994,-4.63418e-06,-8.55975e-05,-9.02316e-05,0.00343864,8,373,0,3,0
2015-11-23,370,45,14,21,Drugs,0.346877,0.292029,41.9299,3.89387,2.1684e-19,-0.00103638,-0.00108434,-1.12002e-05,-3.67581e-05,-4.79583e-05,-0.00107522,8,373,0,3,0
2015-11-24,370,45,14,21,Drugs,0.466444,0.491923,42.2215,3.93007,2.1684e-19,0.00129889,0.00137788,8.60173e-06,7.03934e-05,7.89951e-05,0.00136003,8,373,0,3,0
2015-11-25,370,45,14,21,Drugs,0.280759,0.248375,42.0182,3.92785,-5.42101e-20,-0.000902891,-0.00079535,-9.67277e-06,0.000117213,0.00010754,-0.000779505,8,373,0,3,0
2015-11-27,370,45,14,21,Drugs,0.406391,0.426745,42.0404,3.8909,-1.6263e-19,0.000947637,0.00091324,7.28088e-07,-3.51249e-05,-3.43968e-05,0.000907038,8,373,0,3,0
2015-11-30,370,45,14,21,Drugs,0.507279,0.470838,42.398,3.90202,0,-0.00447325,-0.00435596,4.32833e-06,0.000112968,0.000117297,-0.00431731,8,373,0,3,0
2015-12-01,370,45,14,21,Drugs,0.276011,0.231798,41.9806,3.91664,-4.06576e-20,0.0102224,0.00999128,-1.0853e-05,-0.000220278,-0.000231131,0.0100109,8,373,0,3,0
2015-12-02,370,45,14,21,Drugs,0.401327,0.377706,41.8695,3.89385,-1.0842e-19,-0.011066,-0.011058,-1.14314e-05,1.94413e-05,8.00989e-06,-0.0110682,8,373,0,3,0
2015-12-03,370,45,14,21,Drugs,0.237869,0.23476,41.9698,3.86045,2.1684e-19,-0.0137609,-0.0138168,-9.58576e-06,-4.63374e-05,-5.59231e-05,-0.0138364,8,373,0,3,0
2015-12-04,370,45,14,21,Drugs,0.452796,0.474613,41.6526,3.83765,0,0.0208252,0.0208625,-8.11363e-06,4.54829e-05,3.73693e-05,0.0208771,8,373,0,3,0
2015-12-07,370,45,14,21,Drugs,0.485539,0.448768,40.849,3.81653,-2.1684e-19,-0.00709273,-0.00703671,-2.19706e-05,7.79881e-05,5.60176e-05,-0.0070627,8,373,0,3,0
2015-12-08,370,45,14,21,Drugs,0.468575,0.425312,40.9905,3.829,5.42101e-20,-0.00698896,-0.00710157,-9.89551e-06,-0.000102718,-0.000112614,-0.00709242,8,373,0,3,0
2015-12-09,370,45,14,21,Drugs,0.4209,0.36886,41.1917,3.83959,-2.1684e-19,-0.00708155,-0.00711621,1.74951e-05,-5.21545e-05,-3.46594e-05,-0.00714287,8,373,0,3,0
2015-12-10,370,45,14,21,Drugs,0.364904,0.331559,41.02,3.83628,-1.0842e-19,0.0023387,0.002302,2.3596e-06,-3.90547e-05,-3.66951e-05,0.00233618,8,373,0,3,0
2015-12-11,370,45,14,21,Drugs,0.429897,0.424429,41.0284,3.82884,1.0842e-19,-0.0191498,-0.0191792,-2.23149e-05,-7.13994e-06,-2.94549e-05,-0.0191974,8,373,0,3,0
2015-12-14,370,45,14,21,Drugs,0.451623,0.408576,40.9913,3.85283,0,0.00488967,0.0048599,5.07778e-06,-3.48471e-05,-2.97693e-05,0.00483111,8,373,0,3,0
2015-12-15,370,45,14,21,Drugs,0.391698,0.312973,41.5623,3.88397,1.89735e-19,0.0111251,0.0109872,3.88247e-06,-0.000141865,-0.000137983,0.0109914,8,373,0,3,0
2015-12-16,370,45,14,21,Drugs,0.316068,0.254836,41.6354,3.88431,-3.25261e-19,0.0149568,0.0148598,1.05819e-07,-9.70911e-05,-9.69853e-05,0.0148656,8,373,0,3,0
2015-12-17,370,45,14,21,Drugs,0.408203,0.445093,41.4183,3.86486,5.42101e-20,-0.0152664,-0.0152528,-1.39799e-05,2.75524e-05,1.35725e-05,-0.0152568,8,373,0,3,0
2015-12-18,370,45,14,21,Drugs,0.327737,0.281757,42.1037,3.88505,1.0842e-19,-0.0178288,-0.0178537,-1.42821e-05,-1.06417e-05,-2.49238e-05,-0.0178583,8,373,0,3,0
2015-12-21,371,45,14,21,Drugs,0.276558,0.271728,41.967,3.88872,0,0.00794492,0.007942,4.25476e-06,-7.17533e-06,-2.92057e-06,0.00793615,8,373,0,2,0
2015-12-22,371,45,14,21,Drugs,0.269559,0.241418,42.1252,3.90094,-1.6263e-19,0.00866369,0.00863293,8.82931e-06,-3.95834e-05,-3.07541e-05,0.00864024,8,373,0,2,0
2015-12-23,371,45,14,21,Drugs,0.579297,0.601692,42.0327,3.90054,0,0.0123052,0.0124457,7.62147e-06,0.000132914,0.000140535,0.0124487,8,373,0,2,0
2015-12-24,371,45,14,21,Drugs,0.372081,0.344354,41.964,3.905,0,-0.00182299,-0.00187123,-2.81391e-06,-4.54342e-05,-4.82481e-05,-0.00185241,8,373,0,2,0
2015-12-28,371,45,14,21,Drugs,0.567541,0.590299,41.7706,3.9025,1.35525e-20,-0.0023641,-0.00229257,-2.48633e-06,7.40194e-05,7.15331e-05,-0.00233734,8,373,0,2,0
2015-12-29,371,45,14,21,Drugs,0.31003,0.198459,41.9879,3.88264,-5.42101e-20,0.0108076,0.0107954,1.50328e-06,-1.37653e-05,-1.2262e-05,0.0108035,8,373,0,2,0
2015-12-30,372,45,14,21,Drugs,0.396324,0.412118,42.0846,3.88283,0,-0.00709077,-0.00714824,-1.37202e-06,-5.61068e-05,-5.74788e-05,-0.00715214,8,374,0,2,0
2015-12-31,372,45,14,21,Drugs,0.427711,0.423339,42.0874,3.88277,5.42101e-20,-0.00956766,-0.0096068,2.69347e-07,-3.94139e-05,-3.91446e-05,-0.00958955,8,374,0,2,0
2016-01-04,372,45,14,21,Drugs,0.444085,0.412352,41.8349,3.86087,-1.0842e-19,-0.0152329,-0.0150861,-7.27515e-06,0.000154141,0.000146866,-0.0150762,8,375,0,3,0
2016-01-05,372,45,14,21,Drugs,0.342803,0.278152,41.4817,3.8806,8.13152e-20,0.00202085,0.00196648,-2.86877e-06,-5.15022e-05,-5.4371e-05,0.00194108,8,375,0,3,0
2016-01-06,371,45,14,21,Drugs,0.466834,0.520071,41.6365,3.84879,-1.6263e-19,-0.0128015,-0.0130081,-1.51962e-06,-0.000205042,-0.000206561,-0.0130254,8,374,0,3,0
2016-01-07,371,45,14,21,Drugs,0.512876,0.498152,41.5056,3.81024,4.06576e-20,-0.0239003,-0.0239692,-1.28271e-05,-5.6136e-05,-6.89631e-05,-0.0239628,8,374,0,3,0
2016-01-08,371,45,14,21,Drugs,0.293632,0.24928,41.1864,3.86179,1.0842e-19,-0.0112895,-0.0111188,6.41758e-06,0.000164286,0.000170704,-0.0111218,8,374,0,3,0
2016-01-11,371,45,14,21,Drugs,0.500145,0.482779,41.4968,3.84474,-2.1684e-19,0.00209535,0.00202776,1.54465e-05,-8.30309e-05,-6.75844e-05,0.0020081,8,374,0,3,0
2016-01-12,371,45,14,21,Drugs,0.34712,0.387236,42.1944,3.83365,2.1684e-19,0.00755604,0.00757958,7.56873e-06,1.59746e-05,2.35434e-05,0.00757913,8,374,0,3,0
2016-01-13,371,45,14,21,Drugs,0.446834,0.432191,42.1628,3.8177,4.33681e-19,-0.0243813,-0.0242417,1.24974e-05,0.000127143,0.000139641,-0.024317,8,374,0,3,0
2016-01-14,371,45,14,21,Drugs,0.404594,0.367344,41.8911,3.86557,-1.0842e-19,0.0163372,0.0165714,1.41878e-06,0.000232779,0.000234197,0.0165598,8,374,0,3,0
2016-01-15,371,45,14,21,Drugs,0.346832,0.289997,42.3395,3.91122,-8.13152e-20,-0.0217639,-0.0217411,-9.08646e-06,3.19108e-05,2.28243e-05,-0.0217606,8,374,0,3,0
2016-01-19,371,45,14,21,Drugs,0.462523,0.474384,41.9313,3.92353,5.42101e-20,0.000622808,0.000524941,9.18847e-06,-0.000107055,-9.78662e-05,0.00055806,8,374,0,3,0
2016-01-20,372,45,14,21,Drugs,0.364448,0.293327,42.8846,3.92197,2.1684e-19,-0.0125248,-0.0123266,-1.70141e-05,0.000215233,0.000198219,-0.0123105,8,375,0,3,0
2016-01-21,372,45,14,21,Drugs,0.398015,0.422011,42.6023,3.90621,-2.1684e-19,0.00492138,0.00498555,-2.35094e-06,6.6528e-05,6.4177e-05,0.00499364,8,375,0,3,0
2016-01-22,372,45,14,21,Drugs,0.365207,0.32295,42.5458,3.90928,-2.1684e-19,0.0192954,0.0198287,6.33855e-06,0.000526934,0.000533272,0.019896,8,375,0,3,0
2016-01-25,372,45,14,21,Drugs,0.561926,0.51624,42.6657,3.9224,-3.25261e-19,-0.0149151,-0.0148639,1.09057e-05,4.02629e-05,5.11686e-05,-0.0148848,8,375,0,3,0
2016-01-26,372,45,14,21,Drugs,0.373251,0.377626,42.2799,3.88454,2.1684e-19,0.0144972,0.0146424,-2.12773e-06,0.000147356,0.000145229,0.0146343,8,375,0,3,0
2016-01-27,372,45,14,21,Drugs,0.382733,0.327817,42.0035,3.85127,-2.37169e-19,-0.0103318,-0.010625,1.15522e-05,-0.000304815,-0.000293262,-0.0106397,8,375,0,3,0
2016-01-28,372,45,14,21,Drugs,0.338311,0.287396,41.7464,3.86818,-2.1684e-19,0.00290801,0.00321438,7.76395e-06,0.000298613,0.000306377,0.00316667,8,375,0,3,0
2016-01-29,372,45,14,21,Drugs,0.272296,0.243394,41.6902,3.86074,-3.79471e-19,0.024816,0.0247532,2.03058e-06,-6.48533e-05,-6.28227e-05,0.0247655,8,375,0,3,0
2016-02-01,372,45,14,21,Drugs,0.34804,0.344055,41.7835,3.8477,-2.1684e-19,-0.000858074,-0.00112631,-7.99869e-06,-0.000260236,-0.000268234,-0.00113328,8,375,0,3,0
2016-02-02,373,45,14,21,Drugs,0.437605,0.438025,41.7858,3.88154,-2.43945e-19,-0.019679,-0.0196026,1.3999e-05,6.23781e-05,7.63771e-05,-0.0196839,8,377,0,4,0
2016-02-03,373,45,14,21,Drugs,0.427811,0.413538,42.0015,3.88467,-4.33681e-19,0.00668316,0.00678019,-3.0209e-06,0.000100049,9.70279e-05,0.00672612,8,377,0,4,0
2016-02-04,373,45,14,21,Drugs,0.390751,0.410106,42.3242,3.90806,-5.42101e-20,0.00301307,0.00306221,1.14384e-06,4.80038e-05,4.91476e-05,0.00308394,8,377,0,4,0
2016-02-05,373,45,14,21,Drugs,0.510504,0.447119,42.2001,3.91614,2.1684e-19,-0.0173086,-0.0170585,2.72549e-05,0.00022282,0.000250075,-0.0171007,8,377,0,4,0
2016-02-08,373,45,14,21,Drugs,0.446497,0.424327,42.8081,3.9166,-4.20128e-19,-0.0137715,-0.0134802,4.09619e-05,0.000250387,0.000291349,-0.0135322,8,377,0,4,0
2016-02-09,373,45,14,21,Drugs,0.323689,0.34738,43.4723,3.94416,2.1684e-19,-0.000388456,-0.000274498,5.42913e-06,0.000108529,0.000113958,-0.000249501,8,377,0,4,0
2016-02-10,373,45,14,21,Drugs,0.27301,0.194095,43.5382,3.96922,5.42101e-20,-0.000697102,-0.000742636,-8.74527e-06,-3.67882e-05,-4.55334e-05,-0.000766855,8,377,0,4,0
2016-02-11,373,45,14,21,Drugs,0.282152,0.245643,43.2481,4.03665,0,-0.0134785,-0.0134276,2.39368e-06,4.84823e-05,5.0876e-05,-0.0134593,8,377,0,4,0
2016-02-12,373,45,14,21,Drugs,0.551983,0.492569,43.4238,3.99428,-1.6263e-19,0.0207438,0.0205199,-1.04913e-05,-0.000213498,-0.000223989,0.0205928,8,377,0,4,0
2016-02-16,373,45,14,21,Drugs,0.467995,0.464186,43.4689,4.15465,-2.1684e-19,0.0171582,0.0171913,-2.25835e-05,5.56795e-05,3.30959e-05,0.0172504,8,377,0,4,0
2016-02-17,373,45,14,21,Drugs,0.430955,0.38872,43.8424,4.1573,0,0.0163783,0.0160975,-2.10236e-05,-0.000259709,-0.000280732,0.0160838,8,377,0,4,0
2016-02-18,373,45,14,21,Drugs,0.366482,0.354266,43.4398,4.21014,1.6263e-19,-0.00363116,-0.00366242,8.40031e-06,-3.96657e-05,-3.12654e-05,-0.0036572,8,377,0,4,0
2016-02-19,373,45,14,21,Drugs,0.334173,0.406533,43.7287,4.26291,0,-1.54831e-05,-9.96523e-05,-3.18596e-06,-8.09832e-05,-8.41692e-05,-7.79159e-05,8,377,0,4,0
2016-02-22,373,45,14,21,Drugs,0.448729,0.469069,43.7365,4.27346,8.13152e-20,0.0144415,0.0143642,-2.14324e-05,-5.59104e-05,-7.73428e-05,0.0144087,8,377,0,4,0
2016-02-23,373,45,14,21,Drugs,0.552931,0.520784,43.7477,4.27693,1.0842e-19,-0.0122697,-0.0122498,7.86771e-06,1.19645e-05,1.98322e-05,-0.0122481,8,377,0,4,0
2016-02-24,373,45,14,21,Drugs,0.312985,0.28235,43.5617,4.21699,-1.0842e-19,0.00410896,0.00415555,-1.39698e-05,6.05658e-05,4.6596e-05,0.0041503,8,377,0,4,0
2016-02-25,373,45,14,21,Drugs,0.280726,0.286459,43.9037,4.25298,1.0842e-19,0.0116476,0.011545,-6.3017e-06,-9.62883e-05,-0.00010259,0.0115346,8,377,0,4,0
2016-02-26,373,45,14,21,Drugs,0.601948,0.591737,43.8217,4.24606,0,-0.0024838,-0.00244227,-1.83569e-05,5.98895e-05,4.15326e-05,-0.0024014,8,377,0,4,0
2016-02-29,373,45,14,21,Drugs,0.373008,0.328365,43.6155,4.31828,0,-0.00823167,-0.0082141,-1.1745e-06,1.87424e-05,1.75679e-05,-0.00824273,6,377,0,4,0
2016-03-01,373,45,14,21,Drugs,0.530375,0.434273,43.9748,4.32683,2.1684e-19,0.023759,0.0237903,-1.35762e-05,4.49505e-05,3.13742e-05,0.0238155,6,377,0,4,0
2016-03-02,373,45,14,21,Drugs,0.471699,0.503093,43.6422,4.2595,-1.0842e-19,0.0044153,0.00451086,-8.81507e-06,0.000104378,9.55629e-05,0.0045667,6,377,0,4,0
2016-03-03,373,45,14,21,Drugs,0.461344,0.512643,43.736,4.31482,-2.1684e-19,0.0041666,0.00412988,-1.64906e-05,-2.02287e-05,-3.67193e-05,0.00417315,6,377,0,4,0
2016-03-04,373,45,14,21,Drugs,0.269615,0.276324,43.6963,4.39667,1.0842e-19,0.00349416,0.00347422,-7.78479e-06,-1.21565e-05,-1.99412e-05,0.00348986,6,377,0,4,0
2016-03-07,374,45,14,21,Drugs,0.517664,0.48196,43.4922,4.35078,-1.0842e-19,0.00155409,0.00147457,1.81185e-06,-8.13306e-05,-7.95187e-05,0.00146182,6,378,0,4,0
2016-03-08,375,45,14,21,Drugs,0.709658,0.654946,43.5321,4.36168,-4.33681e-19,-0.0108209,-0.0107816,2.69638e-05,1.23906e-05,3.93544e-05,-0.0108391,6,379,0,4,0
2016-03-09,375,45,14,21,Drugs,0.21913,0.155224,44.1405,4.49457,1.0842e-19,0.00454379,0.00448237,-1.16426e-05,-4.97761e-05,-6.14187e-05,0.00447259,6,379,0,4,0
2016-03-10,375,45,14,21,Drugs,0.182071,0.157697,44.5096,4.64997,0,0.000398533,0.000289314,-8.08977e-06,-0.00010113,-0.000109219,0.000309693,6,379,0,4,0
2016-03-11,375,45,14,21,Drugs,0.560773,0.538564,44.4727,4.70074,1.0842e-19,0.0162544,0.016173,-1.6475e-05,-6.49327e-05,-8.14078e-05,0.0162301,6,379,0,4,0
2016-03-14,375,45,14,21,Drugs,0.268783,0.221757,44.1594,4.64815,-1.0842e-19,-0.00120618,-0.00110975,7.84098e-06,8.85952e-05,9.64362e-05,-0.00112521,6,379,0,4,0
2016-03-15,375,45,14,21,Drugs,0.548832,0.50424,44.2149,4.78507,-1.0842e-19,-0.00164524,-0.0014795,1.56083e-05,0.000150134,0.000165743,-0.00151224,6,379,0,4,0
2016-03-16,375,45,14,21,Drugs,0.46951,0.469062,44.4805,4.71774,0,0.00550548,0.00554965,-1.81055e-05,6.22704e-05,4.41649e-05,0.00551077,6,379,0,4,0
2016-03-17,375,45,14,21,Drugs,0.476779,0.415766,44.3455,4.66914,-6.50521e-19,0.00676128,0.00672664,1.23375e-05,-4.69797e-05,-3.46423e-05,0.00674457,6,379,0,4,0
2016-03-18,375,45,14,21,Drugs,0.429908,0.391162,44.159,4.5029,-2.1684e-19,0.00502733,0.00475209,-8.85191e-06,-0.000266395,-0.000275246,0.00479289,6,379,0,4,0
2016-03-21,375,45,14,21,Drugs,0.23913,0.203985,43.8188,4.53143,1.0842e-19,0.000785995,0.00077632,4.36455e-06,-1.40398e-05,-9.67524e-06,0.000788441,6,379,0,4,0
2016-03-22,375,45,14,21,Drugs,0.397878,0.340836,43.7358,4.55837,-2.1684e-19,-0.00094671,-0.000840297,-1.32474e-05,0.00011966,0.000106413,-0.000841104,6,379,0,4,0
2016-03-23,375,45,14,21,Drugs,0.682931,0.709873,43.4307,4.48505,-5.42101e-20,-0.00652738,-0.00637162,2.15492e-05,0.000134218,0.000155767,-0.00640082,6,379,0,4,0
2016-03-24,375,45,14,21,Drugs,0.2368,0.200541,43.7927,4.51136,2.1684e-19,0.000117678,3.08234e-05,2.32637e-06,-8.91813e-05,-8.68549e-05,2.80234e-05,6,379,0,4,0
2016-03-28,375,45,14,21,Drugs,0.377993,0.346352,43.8527,4.44823,-1.0842e-19,0.000476434,0.000452693,-3.46058e-06,-2.02805e-05,-2.37411e-05,0.000436283,6,379,0,4,0
2016-03-29,375,45,14,21,Drugs,0.401968,0.352768,43.7233,4.41618,-1.0842e-19,0.0086172,0.00879576,-8.84532e-06,0.000187408,0.000178562,0.00877978,6,379,0,4,0
2016-03-30,375,45,14,21,Drugs,0.28835,0.251227,43.5782,4.39375,1.35525e-20,0.00488436,0.00494487,7.2892e-06,5.3224e-05,6.05132e-05,0.00493462,6,379,0,4,0
2016-03-31,376,45,14,21,Drugs,0.288718,0.279608,43.5326,4.42425,1.6263e-19,-0.0018598,-0.00194305,-9.3998e-06,-7.38536e-05,-8.32534e-05,-0.00193975,6,380,0,4,0
2016-04-01,376,45,14,21,Drugs,0.394469,0.381204,43.5096,4.36534,0,0.00615914,0.00608916,4.11301e-06,-7.40867e-05,-6.99737e-05,0.00611688,6,380,0,4,0
2016-04-04,376,45,14,21,Drugs,0.366216,0.375829,43.4266,4.35099,2.1684e-19,-0.00258934,-0.00251912,2.52301e-06,6.76961e-05,7.02191e-05,-0.00252639,6,380,0,4,0
2016-04-05,376,45,14,21,Drugs,0.373729,0.294573,43.2508,4.28182,-3.52366e-19,-0.00915579,-0.00921763,7.12424e-06,-6.89576e-05,-6.18333e-05,-0.00924639,6,380,0,4,0
2016-04-06,376,45,14,21,Drugs,0.445352,0.391193,43.1819,4.23921,-3.25261e-19,0.0101997,0.0101623,-9.41623e-06,-2.80251e-05,-3.74414e-05,0.0101637,6,380,0,4,0
2016-04-07,376,45,14,21,Drugs,0.353086,0.313208,43.1675,4.15947,2.1684e-19,-0.0123207,-0.0123103,4.97286e-06,5.38391e-06,1.03568e-05,-0.0123443,6,380,0,4,0
2016-04-08,376,45,14,21,Drugs,0.52893,0.532636,43.511,4.28026,3.25261e-19,0.00341806,0.00337867,-1.6358e-06,-3.77592e-05,-3.9395e-05,0.00338363,6,380,0,4,0
2016-04-11,376,45,14,21,Drugs,0.354689,0.323368,43.2584,4.25673,5.42101e-20,-0.00217475,-0.00212236,-4.1933e-06,5.65802e-05,5.23869e-05,-0.00212222,6,380,0,4,0
2016-04-12,376,45,14,21,Drugs,0.490398,0.496974,43.3505,4.23956,-2.1684e-19,0.010071,0.010102,-5.03965e-06,3.61123e-05,3.10726e-05,0.0101074,6,380,0,4,0
2016-04-13,376,45,14,21,Drugs,0.659998,0.619736,43.1252,4.16665,3.25261e-19,0.0108014,0.0107804,-1.52774e-05,-5.67271e-06,-2.09501e-05,0.0108524,6,380,0,4,0
2016-04-14,376,45,14,21,Drugs,0.226306,0.217577,42.9563,4.23063,-2.57498e-19,0.000379811,0.000413913,1.36944e-05,2.0407e-05,3.41014e-05,0.000424376,6,380,0,4,0
2016-04-15,376,45,14,21,Drugs,0.411902,0.331724,43.0888,4.28461,0,-0.00108179,-0.00111142,5.40005e-06,-3.50344e-05,-2.96344e-05,-0.00113996,6,380,0,4,0
2016-04-18,376,45,14,21,Drugs,0.310266,0.22493,42.9378,4.19363,-2.1684e-19,0.00651,0.00633927,-2.42498e-06,-0.000168303,-0.000170727,0.00633859,6,380,0,4,0
2016-04-19,376,45,14,21,Drugs,0.341581,0.357318,42.933,4.13572,4.33681e-19,0.00287903,0.00306725,1.08452e-07,0.000188102,0.000188211,0.0030936,6,380,0,4,0
2016-04-20,376,45,14,21,Drugs,0.553999,0.51395,42.7965,4.12958,0,0.000575838,0.000434121,-7.52735e-06,-0.00013419,-0.000141717,0.000497734,6,380,0,4,0
2016-04-21,376,45,14,21,Drugs,0.346067,0.29631,42.7654,4.16477,2.1684e-19,-0.00601723,-0.00615942,-2.09036e-06,-0.000140096,-0.000142186,-0.00615274,6,380,0,4,0
2016-04-22,376,45,14,21,Drugs,0.425263,0.326778,42.8393,4.11216,-5.42101e-20,0.00133522,0.00110809,-1.34709e-05,-0.000213661,-0.000227132,0.00112365,6,380,0,4,0
2016-04-25,376,45,14,21,Drugs,0.334784,0.281797,42.7509,4.16256,0,-0.00173266,-0.00167205,1.52742e-05,4.53322e-05,6.06064e-05,-0.00168784,6,380,0,4,0
2016-04-26,376,45,14,21,Drugs,0.459025,0.391462,43.0397,4.09535,5.42101e-20,0.00239226,0.00229601,-1.99954e-05,-7.62511e-05,-9.62465e-05,0.00234742,6,380,0,4,0
2016-04-27,376,45,14,21,Drugs,0.341853,0.274,42.8626,4.09849,-1.0842e-19,0.00203264,0.00155558,-1.98397e-05,-0.000457222,-0.000477062,0.00154768,6,380,0,4,0
2016-04-28,376,45,14,21,Drugs,0.302814,0.262552,42.7666,4.16865,-1.0842e-19,-0.0103408,-0.0103674,1.83755e-05,-4.50423e-05,-2.66668e-05,-0.0103603,6,380,0,4,0
2016-04-29,376,45,14,21,Drugs,0.362159,0.349115,42.6424,4.19534,4.33681e-19,-0.00521304,-0.00498858,1.4723e-05,0.000209736,0.000224459,-0.00501018,6,380,0,4,0
2016-05-02,376,45,14,21,Drugs,0.375369,0.35352,42.9142,4.17596,-2.71051e-19,0.00798362,0.00806291,2.91871e-06,7.63724e-05,7.92911e-05,0.00808625,6,380,0,4,0
2016-05-03,376,45,14,21,Drugs,0.320107,0.267895,42.9407,4.18617,1.0842e-19,-0.00843763,-0.00818822,1.94902e-05,0.000229918,0.000249408,-0.00820435,6,380,0,4,0
2016-05-04,377,45,14,21,Drugs,0.519179,0.492978,43.2943,4.19069,0,-0.00630782,-0.00619805,1.30712e-05,9.66986e-05,0.00010977,-0.00624943,6,381,0,4,0
2016-05-05,377,45,14,21,Drugs,0.180052,0.175048,43.2976,4.28768,-1.6263e-19,-0.000491044,-0.000530882,1.11825e-06,-4.09559e-05,-3.98376e-05,-0.000525509,6,381,0,4,0
2016-05-06,377,45,14,21,Drugs,0.358424,0.301158,43.2551,4.23055,-1.0842e-19,0.00353162,0.00351015,-3.35419e-06,-1.81213e-05,-2.14755e-05,0.00350801,6,381,0,4,0
2016-05-09,377,45,14,21,Drugs,0.544253,0.527832,43.4118,4.23131,0,0.000479477,0.000544061,5.59157e-06,5.89925e-05,6.45841e-05,0.000524773,6,381,0,4,0
2016-05-10,377,45,14,21,Drugs,0.438911,0.460725,43.5108,4.2165,2.1684e-19,0.0121802,0.0121679,-1.00557e-05,-2.25658e-06,-1.23123e-05,0.0121907,6,381,0,4,0
2016-05-11,377,45,14,21,Drugs,0.460374,0.47319,43.4609,4.22332,0,-0.00913445,-0.00906978,4.09038e-06,6.0587e-05,6.46774e-05,-0.00909648,6,381,0,4,0
2016-05-12,377,45,14,21,Drugs,0.418175,0.385285,43.3414,4.16964,0,-1.61536e-05,-4.0322e-05,7.35606e-06,-3.15245e-05,-2.41684e-05,-9.44552e-05,6,381,0,4,0
2016-05-13,377,45,14,21,Drugs,0.289221,0.258465,43.3382,4.21638,-3.25261e-19,-0.00906115,-0.0090495,-3.00541e-06,1.46533e-05,1.16479e-05,-0.00905046,6,381,0,4,0
2016-05-16,378,45,14,21,Drugs,0.306907,0.237586,43.282,4.22719,-1.0842e-19,0.0105149,0.0106004,-5.16022e-06,9.06954e-05,8.55351e-05,0.0105835,6,382,0,4,0
2016-05-17,378,45,14,21,Drugs,0.549414,0.550859,43.3396,4.22694,-2.1684e-19,-0.00915206,-0.00910244,-1.00924e-05,5.97135e-05,4.96211e-05,-0.00905057,6,382,0,4,0
2016-05-18,378,45,14,21,Drugs,0.58006,0.537046,43.293,4.18795,-2.1684e-19,0.000303784,0.000348324,-9.50828e-06,5.40483e-05,4.45401e-05,0.000434217,6,382,0,4,0
2016-05-19,380,45,14,21,Drugs,0.350632,0.338736,43.4995,4.18103,-1.0842e-19,-0.00304946,-0.00304582,8.53063e-06,-4.88503e-06,3.6456e-06,-0.00305456,6,383,0,3,0
2016-05-20,380,45,14,21,Drugs,0.346214,0.314898,43.6773,4.18089,-5.42101e-20,0.00596729,0.00597699,-1.08054e-05,2.05116e-05,9.70623e-06,0.00597941,6,383,0,3,0
2016-05-23,380,45,14,21,Drugs,0.335552,0.323556,43.6578,4.1891,-1.35525e-20,-0.00205171,-0.00203818,-3.82568e-06,1.73499e-05,1.35242e-05,-0.00201613,6,383,0,3,0
2016-05-24,381,45,14,21,Drugs,0.373608,0.349814,43.6183,4.13561,-1.6263e-19,0.0132459,0.0132272,-1.0672e-05,-7.97782e-06,-1.86498e-05,0.0132297,6,384,0,3,0
2016-05-25,381,45,14,21,Drugs,0.434378,0.447244,44.0094,4.15784,1.35525e-19,0.00724417,0.00719625,-2.77089e-06,-4.51524e-05,-4.79233e-05,0.00720677,6,384,0,3,0
2016-05-26,381,45,14,21,Drugs,0.300498,0.249356,43.7115,4.099,2.1684e-19,-0.000142204,-0.000121632,-5.9615e-07,2.11689e-05,2.05728e-05,-0.000121571,6,384,0,3,0
2016-05-27,381,45,14,21,Drugs,0.257391,0.244571,43.6964,4.08235,0,0.00413,0.00415192,-1.14461e-05,3.33673e-05,2.19211e-05,0.00416225,6,384,0,3,0
2016-05-31,381,45,14,21,Drugs,0.438373,0.394596,43.7492,4.07992,-2.1684e-19,-0.000805589,-0.00075041,-8.09073e-06,6.32703e-05,5.51796e-05,-0.000741939,6,384,0,3,0
2016-06-01,382,45,14,21,Drugs,0.217502,0.175894,43.8484,4.08524,0,0.00102634,0.000887854,-4.28366e-06,-0.000134204,-0.000138488,0.000901663,6,385,0,3,0
2016-06-02,382,45,14,21,Drugs,0.312832,0.24608,43.6835,4.1002,1.6263e-19,0.00279926,0.00275479,-6.4524e-06,-3.80163e-05,-4.44687e-05,0.00276553,6,385,0,3,0
2016-06-03,382,45,14,21,Drugs,0.564881,0.535849,43.8442,4.14744,2.71051e-20,-0.00234075,-0.00239112,1.35717e-05,-6.39423e-05,-5.03707e-05,-0.00243711,6,385,0,3,0
2016-06-06,383,45,14,21,Drugs,0.437737,0.46688,43.6369,4.14878,2.1684e-19,0.0054906,0.00544763,-4.96514e-06,-3.80069e-05,-4.2972e-05,0.00546902,6,386,0,3,0
2016-06-07,383,45,14,21,Drugs,0.335731,0.316482,43.6051,4.11535,2.1684e-19,0.00137139,0.00142599,-7.55291e-06,6.21548e-05,5.46019e-05,0.00145803,6,386,0,3,0
2016-06-08,383,45,14,21,Drugs,0.310256,0.314196,43.6983,4.11018,-5.42101e-20,0.00318859,0.00314073,7.60676e-06,-5.54706e-05,-4.78638e-05,0.00315327,6,386,0,3,0
2016-06-09,383,45,14,21,Drugs,0.441308,0.386706,43.4547,4.14623,-8.13152e-20,-0.00190659,-0.00176499,9.2178e-06,0.000132385,0.000141603,-0.00180638,6,386,0,3,0
2016-06-10,383,45,14,21,Drugs,0.649377,0.618564,43.5495,4.12363,-2.71051e-20,-0.00862102,-0.00853856,2.67415e-05,5.57179e-05,8.24594e-05,-0.00857677,6,386,0,3,0
2016-06-13,383,45,14,21,Drugs,0.258651,0.244951,43.8394,4.12246,0,-0.00783313,-0.00787803,1.6327e-06,-4.65277e-05,-4.4895e-05,-0.0078901,6,386,0,3,0
2016-06-14,383,45,14,21,Drugs,0.519227,0.477241,43.9068,4.15538,2.1684e-19,-0.00197974,-0.00197219,5.47109e-06,2.07809e-06,7.54918e-06,-0.00219515,6,386,0,3,0
2016-06-15,383,45,14,21,Drugs,0.37778,0.382835,44.1534,4.16267,0,-0.0016553,-0.00161571,-9.4605e-06,4.90433e-05,3.95828e-05,-0.00160286,6,386,0,3,0
2016-06-16,383,45,14,21,Drugs,0.333553,0.360744,44.1468,4.1393,3.25261e-19,0.00399777,0.00405939,1.12767e-05,5.03432e-05,6.16199e-05,0.00400742,6,386,0,3,0
2016-06-17,383,45,14,21,Drugs,0.529465,0.518553,44.2972,4.1409,-4.33681e-19,-0.00229835,-0.0024771,-1.13794e-05,-0.000167367,-0.000178747,-0.00248024,6,386,0,3,0
2016-06-20,383,45,14,21,Drugs,0.409274,0.421722,44.4168,4.18875,-1.0842e-19,0.00583483,0.00580746,-1.14201e-05,-1.59438e-05,-2.73639e-05,0.005801,6,386,0,3,0
2016-06-21,383,45,14,21,Drugs,0.336822,0.333622,44.0899,4.16864,1.0842e-19,0.00267612,0.0027448,2.06138e-06,6.66227e-05,6.86841e-05,0.00276453,6,386,0,3,0
2016-06-22,383,45,14,21,Drugs,0.297017,0.284651,44.078,4.15652,1.35525e-19,-0.00179133,-0.00175838,5.88055e-06,2.70616e-05,3.29421e-05,-0.00178403,6,386,0,3,0
2016-06-23,383,45,14,21,Drugs,0.580448,0.553533,44.0213,4.1452,1.6263e-19,0.0135505,0.0134899,-1.8527e-05,-4.20339e-05,-6.05609e-05,0.0135296,6,386,0,3,0
2016-06-24,383,45,14,21,Drugs,0.71867,0.713898,43.7946,4.12103,-5.42101e-20,-0.0353932,-0.0352594,4.95133e-05,8.43361e-05,0.000133849,-0.0353386,6,386,0,3,0
2016-06-27,383,45,14,21,Drugs,0.772934,0.766739,44.5487,4.10121,-4.06576e-20,-0.0175948,-0.0175806,6.07122e-05,-4.65228e-05,1.41894e-05,-0.017694,6,386,0,3,0
2016-06-28,383,45,14,21,Drugs,0.501192,0.482413,45.4395,4.13281,-1.6263e-19,0.0174175,0.0174153,-2.33544e-05,2.11825e-05,-2.1719e-06,0.0174419,6,386,0,3,0
2016-06-29,383,45,14,21,Drugs,0.446444,0.412968,45.2862,4.12055,0,0.0176397,0.0175047,-1.9667e-05,-0.000115268,-0.000134935,0.0175464,6,386,0,3,0
2016-06-30,383,45,14,21,Drugs,0.367904,0.342516,45.0535,4.1179,5.42101e-20,0.0133841,0.0135704,-1.00384e-06,0.000187301,0.000186298,0.0135817,6,386,0,3,0
2016-07-01,383,45,14,21,Drugs,0.265136,0.246447,45.1256,4.07775,0,0.00199065,0.00194204,-9.23049e-06,-3.93799e-05,-4.86104e-05,0.00189715,6,386,0,3,0
2016-07-05,385,45,14,21,Drugs,0.369785,0.364418,45.4673,4.11423,2.1684e-19,-0.00465994,-0.00485069,6.57124e-05,-0.000256456,-0.000190743,-0.00483247,6,390,0,5,0
2016-07-06,385,45,14,21,Drugs,0.340916,0.340126,45.9994,3.83113,-4.33681e-19,0.00538451,0.00539378,-8.28067e-06,1.75554e-05,9.27472e-06,0.00541055,6,390,0,5,0
2016-07-07,385,45,14,21,Drugs,0.404969,0.37018,45.9062,3.83084,0,-0.000676896,-0.000756518,-1.64132e-05,-6.32088e-05,-7.9622e-05,-0.000685108,6,390,0,5,0
2016-07-08,385,45,14,21,Drugs,0.533678,0.508203,45.8673,3.83299,1.6263e-19,0.0151664,0.0150718,-9.94667e-06,-8.46564e-05,-9.46031e-05,0.0151058,6,390,0,5,0
2016-07-11,385,45,14,21,Drugs,0.28911,0.27915,45.4121,3.80575,5.42101e-20,0.0032251,0.00330091,-3.74489e-06,7.95574e-05,7.58125e-05,0.00336021,6,390,0,5,0
2016-07-12,385,45,14,21,Drugs,0.657402,0.643257,45.2813,3.80768,2.1684e-19,0.00705592,0.00694764,-2.73055e-05,-8.09713e-05,-0.000108277,0.00678685,6,390,0,5,0
2016-07-13,385,45,14,21,Drugs,0.317795,0.310559,45.2325,3.84676,-2.71051e-20,0.000712988,0.000680821,4.23923e-06,-3.64056e-05,-3.21664e-05,0.000800439,6,390,0,5,0
2016-07-14,385,45,14,21,Drugs,0.406105,0.377128,45.2994,3.87471,-5.42101e-20,0.00525674,0.00530223,2.9388e-06,4.25541e-05,4.54929e-05,0.00527513,6,390,0,5,0
2016-07-15,385,45,14,21,Drugs,0.243231,0.256405,45.373,3.89558,-5.42101e-20,-0.000759533,-0.000747088,-1.36301e-05,2.60755e-05,1.24454e-05,-0.000772854,6,391,0,6,0
2016-07-18,385,45,14,21,Drugs,0.452647,0.449646,45.2827,3.88963,0,0.0015598,0.00159748,7.17195e-06,3.05052e-05,3.76771e-05,0.00160473,6,391,0,6,0
2016-07-19,385,45,14,21,Drugs,0.367865,0.371917,45.1467,3.90747,1.0842e-19,-0.00174259,-0.00171917,7.34785e-07,2.26884e-05,2.34232e-05,-0.0016788,6,391,0,6,0
2016-07-20,385,45,14,21,Drugs,0.390349,0.347675,45.1697,3.89822,2.71051e-20,0.00446269,0.00451523,-7.08195e-06,5.96214e-05,5.25395e-05,0.00445522,6,391,0,6,0
2016-07-21,385,45,14,21,Drugs,0.198111,0.20413,44.9305,3.84494,-3.25261e-19,-0.0035223,-0.0034693,3.47463e-06,4.9528e-05,5.30026e-05,-0.00344175,6,391,0,6,0
2016-07-22,385,45,14,21,Drugs,0.325192,0.294222,44.7429,3.85544,5.42101e-20,0.00471406,0.00463692,-5.45696e-06,-7.16828e-05,-7.71397e-05,0.00444203,6,391,0,6,0
2016-07-25,385,45,14,21,Drugs,0.346858,0.323435,44.6164,3.85773,2.1684e-19,-0.00301438,-0.00311006,-8.72847e-06,-8.69451e-05,-9.56736e-05,-0.00303949,6,391,0,6,0
2016-07-26,385,45,14,21,Drugs,0.398904,0.399096,44.4552,3.81149,1.0842e-19,0.000324754,0.000261671,-1.5918e-05,-4.71647e-05,-6.30828e-05,0.000161813,6,391,0,6,0
2016-07-27,385,45,14,21,Drugs,0.281854,0.204839,44.645,3.91262,-4.33681e-19,-0.00157653,-0.00120244,1.88507e-05,0.000355247,0.000374097,-0.00130448,6,391,0,6,0
2016-07-28,385,45,14,21,Drugs,0.265041,0.261733,45.0032,4.06456,-1.0842e-19,0.00100128,0.0012056,4.88272e-06,0.000199435,0.000204318,0.0012064,6,391,0,6,0
2016-07-29,385,45,14,21,Drugs,0.255641,0.265364,44.9214,4.0082,1.0842e-19,0.00071095,0.000781526,-2.37316e-05,9.43071e-05,7.05755e-05,0.000808984,6,391,0,6,0
2016-08-01,385,45,14,21,Drugs,0.587898,0.554967,45.0313,3.97189,0,-0.00119744,-0.00119718,2.86249e-05,-2.83603e-05,2.6456e-07,-0.00121757,6,391,0,6,0
2016-08-02,385,45,14,21,Drugs,0.286949,0.300761,44.8429,3.90881,0,-0.00616183,-0.00625777,-6.47365e-06,-8.94632e-05,-9.59368e-05,-0.0063322,6,391,0,6,0
2016-08-03,385,45,14,21,Drugs,0.487757,0.473783,44.9007,3.93989,0,0.0031208,0.00310702,-8.40342e-06,-5.37572e-06,-1.37791e-05,0.00303509,6,391,0,6,0
2016-08-04,385,45,14,21,Drugs,0.193533,0.164434,44.8733,3.85485,-1.6263e-19,0.000392345,0.00047063,1.16316e-05,6.66541e-05,7.82857e-05,0.000556682,6,391,0,6,0
2016-08-05,385,45,14,21,Drugs,0.320913,0.411078,44.9218,3.85862,1.6263e-19,0.00847425,0.00847802,6.47497e-06,-2.70874e-06,3.76622e-06,0.00871166,6,391,0,6,0
2016-08-08,385,45,14,21,Drugs,0.423971,0.405727,44.5993,3.77559,0,-0.000880648,-0.00077549,5.55797e-06,9.95996e-05,0.000105158,-0.000797129,6,391,0,6,0
2016-08-09,385,45,14,21,Drugs,0.28228,0.332887,44.4133,3.7572,-5.42101e-20,0.000174994,0.000253995,1.50733e-06,7.74937e-05,7.9001e-05,0.000334223,6,391,0,6,0
2016-08-10,385,45,14,21,Drugs,0.346474,0.300727,44.272,3.74162,2.71051e-19,-0.00255122,-0.00257605,-7.83691e-06,-1.69958e-05,-2.48327e-05,-0.00259165,6,391,0,6,0
2016-08-11,385,45,14,21,Drugs,0.307326,0.298499,44.0291,3.68246,-2.71051e-20,0.00465042,0.00457136,-4.34559e-06,-7.47126e-05,-7.90582e-05,0.00455608,6,391,0,6,0
2016-08-12,385,45,14,21,Drugs,0.266344,0.253139,44.1342,3.70739,-2.71051e-20,-0.000968499,-0.000981199,1.36435e-05,-2.63426e-05,-1.26991e-05,-0.000954645,6,391,0,6,0
2016-08-15,385,45,14,21,Drugs,0.612458,0.605511,44.2132,3.70161,-1.35525e-20,0.00290536,0.00296765,-7.86982e-06,7.01575e-05,6.22877e-05,0.00290409,6,391,0,6,0
2016-08-16,385,45,14,21,Drugs,0.377166,0.309692,44.236,3.69293,-1.0842e-19,-0.00499488,-0.00505253,3.18508e-06,-6.08352e-05,-5.76502e-05,-0.00504411,6,391,0,6,0
2016-08-17,385,45,14,21,Drugs,0.24625,0.200957,44.2564,3.71996,-1.6263e-19,0.0018334,0.00192537,-3.50542e-06,9.54737e-05,9.19683e-05,0.00192763,6,391,0,6,0
2016-08-18,385,45,14,21,Drugs,0.316236,0.271689,44.497,3.77055,5.42101e-20,0.0025408,0.00248939,-3.23134e-05,-1.90976e-05,-5.1411e-05,0.00249648,6,391,0,6,0
2016-08-19,385,45,14,21,Drugs,0.32707,0.312958,44.5934,3.77053,2.71051e-20,-0.00152322,-0.00157329,1.73973e-05,-6.74601e-05,-5.00628e-05,-0.00153924,6,391,0,6,0
2016-08-22,385,45,14,21,Drugs,0.272007,0.309243,44.6876,3.79706,-5.42101e-20,-0.000467117,-0.000497788,5.04685e-06,-3.57179e-05,-3.0671e-05,-0.000494869,6,391,0,6,0
2016-08-23,385,45,14,21,Drugs,0.223438,0.218843,44.404,3.80185,-1.0842e-19,0.00178115,0.00178427,-4.42675e-06,7.5464e-06,3.11965e-06,0.00170758,6,391,0,6,0
2016-08-24,385,45,14,21,Drugs,0.470789,0.456447,44.213,3.81365,1.0842e-19,-0.00482168,-0.00478788,1.75806e-05,1.62127e-05,3.37933e-05,-0.00474885,6,391,0,6,0
2016-08-25,385,45,14,21,Drugs,0.201598,0.202348,44.0303,3.80257,-1.0842e-19,-0.00125818,-0.00120576,-6.03499e-06,5.8454e-05,5.2419e-05,-0.00118993,6,391,0,6,0
2016-08-26,385,45,14,21,Drugs,0.494508,0.457298,44.1638,3.85135,-1.6263e-19,-0.00166271,-0.00173944,-6.20314e-06,-7.0523e-05,-7.67261e-05,-0.00177204,6,391,0,6,0
2016-08-29,385,45,14,21,Drugs,0.29271,0.247135,44.0333,3.84806,-2.71051e-20,0.00529194,0.00534035,-1.27307e-05,6.11444e-05,4.84136e-05,0.00531098,6,391,0,6,0
2016-08-30,385,45,14,21,Drugs,0.39902,0.366847,44.0942,3.84629,5.42101e-20,-0.00172626,-0.00171374,5.9564e-06,6.55996e-06,1.25164e-05,-0.00175236,6,391,0,6,0
2016-08-31,386,45,14,21,Drugs,0.461217,0.448302,44.1014,3.8546,-5.42101e-20,-0.0020341,-0.00197736,9.7094e-06,4.7031e-05,5.67404e-05,-0.00183104,6,391,0,5,0
2016-09-01,386,45,14,21,Drugs,0.337068,0.322825,44.2621,3.87922,5.42101e-20,-0.000286928,-0.0002315,4.79939e-06,5.06289e-05,5.54283e-05,-0.00026358,6,391,0,5,0
2016-09-02,386,45,14,21,Drugs,0.31074,0.290511,44.1514,3.86608,-1.0842e-19,0.00395736,0.00402123,2.25649e-06,6.16138e-05,6.38703e-05,0.00402172,6,391,0,5,0
2016-09-06,386,45,14,21,Drugs,0.307182,0.309966,44.1112,3.87269,2.1684e-19,0.00225742,0.00227161,1.57888e-05,-1.60129e-06,1.41875e-05,0.00225405,6,391,0,5,0
2016-09-07,387,45,14,21,Drugs,0.32686,0.306113,44.2977,3.8588,2.71051e-20,-0.000430698,-0.000333364,1.009e-05,8.7244e-05,9.7334e-05,-0.000221382,6,392,0,5,0
2016-09-08,387,45,14,21,Drugs,0.41185,0.378016,44.2583,3.87186,3.25261e-19,-0.00243916,-0.002562,-8.75574e-06,-0.000114089,-0.000122845,-0.00265105,6,392,0,5,0
2016-09-09,388,45,14,21,Drugs,0.409715,0.380492,44.4433,3.84815,5.42101e-20,-0.0241365,-0.0242237,-8.27457e-06,-7.90064e-05,-8.7281e-05,-0.0243296,6,393,0,5,0
2016-09-12,388,45,14,21,Drugs,0.352739,0.297853,44.8965,3.81004,-1.6263e-19,0.0146468,0.0147027,-5.79345e-06,6.166e-05,5.58665e-05,0.014821,6,393,0,5,0
2016-09-13,388,45,14,21,Drugs,0.391068,0.362792,44.766,3.79473,-2.1684e-19,-0.0146923,-0.0144234,2.13296e-05,0.000247636,0.000268966,-0.0142271,6,393,0,5,0
2016-09-14,388,45,14,21,Drugs,0.309555,0.262264,44.8313,3.77072,-1.0842e-19,-0.00102839,-0.000784484,3.38414e-05,0.000210069,0.000243911,-0.000805622,6,393,0,5,0
2016-09-15,388,45,14,21,Drugs,0.323224,0.294891,44.8639,3.75228,-1.0842e-19,0.010228,0.0104305,3.31439e-06,0.000199146,0.000202461,0.0105085,6,393,0,5,0
2016-09-16,388,45,14,21,Drugs,0.294559,0.260788,44.7372,3.74848,-2.1684e-19,-0.00387685,-0.00384098,1.58072e-05,2.00613e-05,3.58685e-05,-0.00383311,6,393,0,5,0
2016-09-19,388,45,14,21,Drugs,0.386996,0.348503,44.6826,3.74588,-5.42101e-20,0.000505738,0.000365038,-1.49575e-05,-0.000125743,-0.0001407,0.000180612,6,393,0,5,0
2016-09-20,388,45,14,21,Drugs,0.305055,0.274492,44.3693,3.70064,-2.1684e-19,0.000682524,0.000623586,-2.83864e-06,-5.60991e-05,-5.89377e-05,0.000589552,6,393,0,5,0
2016-09-21,388,45,14,21,Drugs,0.442127,0.40467,44.3191,3.67528,-2.1684e-19,0.0108834,0.0107242,-2.51649e-05,-0.000134009,-0.000159174,0.0107327,6,393,0,5,0
2016-09-22,388,45,14,21,Drugs,0.256281,0.262736,44.3442,3.65962,1.0842e-19,0.006215,0.00634188,8.60904e-06,0.00011827,0.000126879,0.00636683,6,393,0,5,0
2016-09-23,389,45,14,21,Drugs,0.316581,0.318826,44.2315,3.63177,-1.0842e-19,-0.00555761,-0.00553809,4.95852e-06,1.45524e-05,1.95109e-05,-0.00552573,6,394,0,5,0
2016-09-26,389,45,14,21,Drugs,0.395538,0.330629,44.2814,3.64094,0,-0.00830374,-0.00826626,1.41111e-06,3.60729e-05,3.7484e-05,-0.00819508,6,394,0,5,0
2016-09-27,389,45,14,21,Drugs,0.477596,0.458965,44.4667,3.64586,0,0.00657284,0.00654323,7.60984e-07,-3.03719e-05,-2.96109e-05,0.00657914,6,394,0,5,0
2016-09-28,389,45,14,21,Drugs,0.585795,0.568809,44.4692,3.62653,4.33681e-19,0.00528952,0.00538998,5.34338e-06,9.51148e-05,0.000100458,0.00534585,6,394,0,5,0
2016-09-29,389,45,14,21,Drugs,0.253685,0.20583,44.4355,3.57369,-1.0842e-19,-0.00905077,-0.00923038,-4.75983e-06,-0.000174855,-0.000179614,-0.00926581,6,394,0,5,0
2016-09-30,389,45,14,21,Drugs,0.348222,0.360458,44.564,3.54249,0,0.00824711,0.00826581,2.61316e-06,1.60862e-05,1.86993e-05,0.00832787,6,394,0,5,0
2016-10-03,390,45,14,21,Drugs,0.353428,0.318585,44.567,3.51614,-2.1684e-19,-0.0034468,-0.00339977,5.86776e-07,4.64466e-05,4.70333e-05,-0.00344272,6,395,0,5,0
2016-10-04,390,45,14,21,Drugs,0.519864,0.493979,44.6189,3.5387,1.0842e-19,-0.00528441,-0.0052403,2.10964e-05,2.30081e-05,4.41045e-05,-0.00525063,6,395,0,5,0
2016-10-05,390,45,14,21,Drugs,0.467941,0.469457,44.6743,3.52338,2.1684e-19,0.00483271,0.0048685,6.24606e-06,2.95482e-05,3.57942e-05,0.00475901,6,395,0,5,0
2016-10-06,390,45,14,21,Drugs,0.164664,0.152543,44.7832,3.53779,0,0.000337308,0.00035377,2.76268e-05,-1.11648e-05,1.6462e-05,0.000350526,6,395,0,5,0
2016-10-07,390,45,14,21,Drugs,0.331553,0.297852,44.5757,3.50928,-1.0842e-19,-0.00342784,-0.00339268,1.77816e-05,1.73768e-05,3.51584e-05,-0.00337872,6,395,0,5,0
2016-10-10,390,45,14,21,Drugs,0.159835,0.150494,44.8372,3.49029,2.1684e-19,0.00378134,0.00393956,1.55349e-05,0.000142688,0.000158223,0.00397351,6,395,0,5,0
2016-10-11,390,45,14,21,Drugs,0.292453,0.262633,44.9506,3.46718,1.6263e-19,-0.0126069,-0.0124794,1.87141e-05,0.000108751,0.000127465,-0.0125117,6,395,0,5,0
2016-10-12,390,45,14,21,Drugs,0.339294,0.343234,45.0459,3.44888,-5.42101e-20,0.00125412,0.00135628,-3.57788e-06,0.00010574,0.000102162,0.00137061,6,395,0,5,0
2016-10-13,390,45,14,21,Drugs,0.344001,0.342532,45.1588,3.45322,-1.0842e-19,-0.00241244,-0.00242361,3.35353e-06,-1.45219e-05,-1.11684e-05,-0.00246033,6,395,0,5,0
2016-10-14,390,45,14,21,Drugs,0.324763,0.286178,45.3469,3.48003,1.0842e-19,0.000287857,0.000262022,2.13107e-05,-4.71456e-05,-2.58349e-05,0.000377232,6,395,0,5,0
2016-10-17,390,45,14,21,Drugs,0.35084,0.354687,45.3979,3.48272,-9.48677e-20,-0.00327984,-0.00318803,-7.29631e-07,9.25427e-05,9.18131e-05,-0.00313541,6,395,0,5,0
2016-10-18,390,45,14,21,Drugs,0.326288,0.338122,45.4375,3.50571,0,0.00598172,0.00584722,3.07397e-05,-0.000165235,-0.000134495,0.00584175,6,396,0,6,0
2016-10-19,390,45,14,21,Drugs,0.391163,0.366289,45.2513,3.49609,0,0.0019182,0.00188443,-2.34762e-05,-1.02922e-05,-3.37684e-05,0.00187313,6,396,0,6,0
2016-10-20,390,45,14,21,Drugs,0.240975,0.237204,44.924,3.5147,-2.1684e-19,-0.00135097,-0.00143655,-3.47525e-05,-5.08202e-05,-8.55727e-05,-0.00141102,6,396,0,6,0
2016-10-21,390,45,14,21,Drugs,0.259423,0.198825,44.8339,3.50121,-6.50521e-19,-0.000826705,-0.000731428,3.20723e-05,6.32047e-05,9.5277e-05,-0.000443331,6,396,0,6,0
2016-10-24,390,45,14,21,Drugs,0.369932,0.303434,44.6272,3.47952,0,0.00482409,0.00489191,2.43593e-05,4.34644e-05,6.78237e-05,0.00491766,6,396,0,6,0
2016-10-25,391,45,14,21,Drugs,0.383348,0.321227,44.5748,3.49874,0,-0.0030151,-0.0029044,4.34515e-05,6.72503e-05,0.000110702,-0.0029591,6,396,0,5,0
2016-10-26,391,45,14,21,Drugs,0.290509,0.287593,44.7427,3.55741,-2.1684e-19,-0.00122398,-0.00152829,-6.14994e-06,-0.000298153,-0.000304303,-0.00157618,6,396,0,5,0
2016-10-27,391,45,14,21,Drugs,0.226233,0.202349,44.8226,3.57125,0,-0.00296877,-0.00315756,-1.60887e-05,-0.000172701,-0.00018879,-0.00316441,6,396,0,5,0
2016-10-28,391,45,14,21,Drugs,0.333541,0.269412,45.3276,3.58272,4.33681e-19,-0.00365231,-0.00373197,-7.20116e-05,-7.65648e-06,-7.9668e-05,-0.0036596,6,396,0,5,0
2016-10-31,391,45,14,21,Drugs,0.290441,0.274223,45.513,3.53592,0,0.000505195,0.000566331,3.34572e-05,2.76779e-05,6.11352e-05,0.0006737,6,396,0,5,0
2016-11-01,391,45,14,21,Drugs,0.218028,0.191678,45.6858,3.5573,2.1684e-19,-0.00716955,-0.00709763,8.30307e-06,6.36131e-05,7.19162e-05,-0.00710814,6,396,0,5,0
2016-11-02,391,45,14,21,Drugs,0.275366,0.285568,45.6502,3.56958,2.71051e-20,-0.00514675,-0.00520093,-1.82153e-07,-5.39934e-05,-5.41755e-05,-0.00517502,6,396,0,5,0
2016-11-03,391,45,14,21,Drugs,0.26197,0.234834,45.6792,3.59876,1.0842e-19,-0.00309848,-0.00309007,-2.17044e-05,3.01141e-05,8.40979e-06,-0.00322227,6,396,0,5,0
2016-11-04,391,45,14,21,Drugs,0.336727,0.279046,45.5273,3.63854,5.42101e-20,-0.00179496,-0.00178218,-2.80071e-05,4.07854e-05,1.27783e-05,-0.00196657,6,396,0,5,0
2016-11-07,391,45,14,21,Drugs,0.289147,0.247677,45.2373,3.66057,-5.42101e-20,0.0228234,0.0226888,1.29403e-06,-0.000135945,-0.000134651,0.0226947,6,396,0,5,0
2016-11-08,391,45,14,21,Drugs,0.211638,0.206458,45.15,3.66145,-2.1684e-19,0.00388853,0.00392998,1.56893e-05,2.57568e-05,4.14462e-05,0.00409815,6,396,0,5,0
2016-11-09,391,45,14,21,Drugs,0.510107,0.421259,45.2982,3.67975,4.33681e-19,0.011885,0.0117099,-9.18787e-05,-8.32543e-05,-0.000175133,0.0112626,6,396,0,5,0
2016-11-10,391,45,14,21,Drugs,0.565143,0.505604,45.0981,3.60813,2.1684e-19,0.00322278,0.00296704,5.86645e-07,-0.000256329,-0.000255742,0.00258955,6,396,0,5,0
2016-11-11,391,45,14,21,Drugs,0.263482,0.239317,44.8238,3.6249,2.1684e-19,-0.000491918,-0.000565991,7.28356e-05,-0.000146909,-7.40731e-05,-0.000560467,6,396,0,5,0
2016-11-14,391,45,14,21,Drugs,0.579057,0.500712,44.8577,3.61116,-1.0842e-18,0.00065109,0.000631554,-2.8328e-05,8.79195e-06,-1.95361e-05,0.000451097,6,396,0,5,0
2016-11-15,391,45,14,21,Drugs,0.358484,0.319515,44.4802,3.63937,2.1684e-19,0.00683603,0.00702428,2.29983e-05,0.000165256,0.000188254,0.00705481,6,396,0,5,0
2016-11-16,391,45,14,21,Drugs,0.427375,0.360494,44.58,3.68511,0,-0.00152124,-0.00141441,1.30497e-05,9.37797e-05,0.000106829,-0.0012933,6,396,0,5,0
2016-11-17,391,45,14,21,Drugs,0.328273,0.289603,44.8813,3.66191,-1.0842e-19,0.00397619,0.00407726,3.8315e-05,6.27536e-05,0.000101069,0.00413554,6,396,0,5,0
2016-11-18,391,45,14,21,Drugs,0.252688,0.227036,44.5472,3.64542,-5.42101e-20,-0.0014946,-0.00152821,3.41357e-07,-3.39494e-05,-3.36081e-05,-0.00155019,6,396,0,5,0
2016-11-21,391,45,14,21,Banks,0.379381,0.369366,44.2799,3.66273,1.6263e-19,0.00671939,0.00691385,1.23534e-05,0.000182107,0.000194461,0.00693428,6,396,0,5,0
2016-11-22,391,45,14,21,Banks,0.432135,0.4042,44.4327,3.69052,3.79471e-19,0.00268626,0.00279872,2.78362e-05,8.4629e-05,0.000112465,0.0027591,6,396,0,5,0
2016-11-23,391,45,14,21,Banks,0.28097,0.275124,44.1099,3.73288,-1.0842e-19,0.000969035,0.00103755,-7.80215e-06,7.63143e-05,6.85122e-05,0.000939328,6,396,0,5,0
2016-11-25,391,45,14,21,Banks,0.376276,0.384387,44.2078,3.74609,-5.42101e-20,0.00449743,0.00447341,1.3695e-05,-3.77153e-05,-2.40204e-05,0.00445051,6,396,0,5,0
2016-11-28,391,45,14,21,Banks,0.571528,0.567715,44.3151,3.74597,-8.13152e-20,-0.00549014,-0.00549588,-7.45285e-06,1.71451e-06,-5.73834e-06,-0.00540853,6,396,0,5,0
2016-11-29,391,45,14,21,Banks,0.285456,0.304758,44.5787,3.75033,0,0.00135906,0.00131486,-5.84291e-07,-4.36193e-05,-4.42036e-05,0.00138392,6,396,0,5,0
2016-11-30,391,45,14,21,Banks,0.54602,0.544087,44.4587,3.72296,4.33681e-19,-0.00214841,-0.002373,-1.16857e-05,-0.000212906,-0.000224592,-0.00252841,6,396,0,5,0
2016-12-01,391,45,14,21,Banks,0.507913,0.446278,44.434,3.68536,1.0842e-19,-0.00271842,-0.00266904,2.89755e-05,2.03974e-05,4.93729e-05,-0.00285728,6,396,0,5,0
2016-12-02,391,45,14,21,Banks,0.404362,0.357538,44.2384,3.72366,0,0.000191201,0.000235826,-8.27271e-06,5.2898e-05,4.46253e-05,0.000344774,6,396,0,5,0
2016-12-05,391,45,14,20,Banks,0.323467,0.337031,44.0574,3.71985,-2.1684e-19,0.00539662,0.00543227,5.83959e-06,2.98115e-05,3.56511e-05,0.00540375,6,396,0,5,0
2016-12-06,391,45,14,20,Banks,0.25272,0.219538,43.9779,3.73269,-1.0842e-19,0.00377323,0.00388142,-6.23502e-06,0.000114425,0.00010819,0.00380061,6,396,0,5,0
2016-12-07,391,45,14,20,Banks,0.431378,0.375603,43.5726,3.73057,0,0.0137786,0.013693,1.85449e-05,-0.000104155,-8.56103e-05,0.0138659,6,396,0,5,0
2016-12-08,391,45,14,20,Banks,0.259624,0.240546,43.4817,3.7206,0,0.00205323,0.00211514,-1.91516e-06,6.38229e-05,6.19078e-05,0.00207048,6,396,0,5,0
2016-12-09,391,45,14,20,Banks,0.350937,0.320723,43.3763,3.73059,2.71051e-20,0.00564699,0.00569654,2.96882e-05,1.98591e-05,4.95473e-05,0.00571739,6,396,0,5,0
2016-12-12,391,45,14,20,Banks,0.439177,0.37037,43.5697,3.72498,0,-0.000188135,-0.000155228,-1.41169e-05,4.70237e-05,3.29068e-05,-0.00019999,6,396,0,5,0
2016-12-13,391,45,14,20,Banks,0.376751,0.352607,43.7317,3.75391,-1.42302e-19,0.00643234,0.0063993,5.7135e-06,-3.87536e-05,-3.30401e-05,0.00638439,6,396,0,5,0
2016-12-14,391,45,14,20,Banks,0.450073,0.462368,43.6637,3.79558,0,-0.00832446,-0.0083745,2.79854e-05,-7.80248e-05,-5.00394e-05,-0.00832766,6,396,0,5,0
2016-12-15,391,45,14,20,Banks,0.298997,0.292053,43.7946,3.77569,-1.0842e-19,0.00417006,0.00413383,-1.42418e-06,-3.4807e-05,-3.62312e-05,0.00415383,6,396,0,5,0
2016-12-16,391,45,14,20,Banks,0.384828,0.352069,43.8282,3.78594,1.0842e-19,-0.00168207,-0.00156783,-5.05033e-07,0.000114749,0.000114244,-0.00150996,6,396,0,5,0
2016-12-19,391,45,14,20,Banks,0.297286,0.225499,43.9214,3.81906,1.0842e-19,0.00214861,0.00226276,5.28021e-06,0.000108876,0.000114157,0.00228382,6,396,0,5,0
2016-12-20,391,45,14,20,Banks,0.350561,0.254611,43.9514,3.82905,0,0.00399113,0.00400166,9.3604e-06,1.16944e-06,1.05298e-05,0.00393823,6,396,0,5,0
2016-12-21,391,45,14,20,Banks,0.28791,0.249965,43.8629,3.84837,3.25261e-19,-0.00258375,-0.00250678,1.32398e-05,6.37241e-05,7.69639e-05,-0.0024047,6,396,0,5,0
2016-12-22,391,45,14,20,Banks,0.317534,0.325657,43.9174,3.83557,-1.0842e-19,-0.00158993,-0.00157217,1.57594e-05,2.00532e-06,1.77647e-05,-0.00154439,6,396,0,5,0
2016-12-23,391,45,14,20,Banks,0.405006,0.365057,43.9159,3.92647,1.0842e-19,0.0013796,0.00135242,-2.67014e-06,-2.4502e-05,-2.71721e-05,0.00135973,6,396,0,5,0
2016-12-27,391,45,14,20,Banks,0.3218,0.321678,43.9647,3.94597,0,0.00224238,0.00227979,4.63196e-06,3.27847e-05,3.74167e-05,0.00225305,6,396,0,5,0
2016-12-28,391,45,14,20,Banks,0.425558,0.384517,43.9601,3.94975,0,-0.00826317,-0.00819827,1.24151e-05,5.24858e-05,6.49009e-05,-0.00818857,6,396,0,5,0
2016-12-29,391,45,14,20,Banks,0.645322,0.630936,44.1824,3.95096,-5.42101e-20,-0.000196388,-0.000172018,-1.39316e-05,3.83018e-05,2.43702e-05,-9.84218e-05,6,396,0,5,0
2016-12-30,391,45,14,20,Banks,0.589095,0.580204,44.1816,3.93256,8.13152e-20,-0.0043402,-0.00433831,-1.58614e-05,1.77466e-05,1.88519e-06,-0.00439027,6,396,0,5,0
2017-01-03,391,45,14,20,Banks,0.267314,0.220301,44.0349,3.87143,-2.71051e-20,0.00819956,0.00805752,-2.70081e-06,-0.000139331,-0.000142032,0.00803598,6,396,0,5,0
2017-01-04,391,45,14,20,Banks,0.435256,0.419052,43.957,3.91251,-2.71051e-19,0.006085,0.00596097,-2.30103e-05,-0.000101024,-0.000124034,0.00594188,6,396,0,5,0
2017-01-05,391,45,14,20,Banks,0.230905,0.226163,43.8732,3.94277,-1.0842e-19,-0.00137165,-0.00134014,3.8943e-06,2.76187e-05,3.1513e-05,-0.00135865,6,396,0,5,0
2017-01-06,392,45,14,20,Banks,0.267421,0.268067,44.0851,4.00947,-2.1684e-19,0.00336294,0.0033407,3.25396e-05,-5.47857e-05,-2.2246e-05,0.00326831,6,397,0,5,0
2017-01-09,392,45,14,20,Banks,0.335668,0.300487,44.2299,4.01437,0,-0.00368736,-0.00369763,2.19353e-05,-3.22003e-05,-1.0265e-05,-0.0037285,6,397,0,5,0
2017-01-10,392,45,14,20,Banks,0.292649,0.275431,44.2279,4.01075,0,0.000123215,0.00022221,1.34778e-05,8.5517e-05,9.89948e-05,0.000238898,6,397,0,5,0
2017-01-11,392,45,14,20,Banks,0.420996,0.386843,44.2982,4.02202,0,0.00297019,0.00299941,7.7405e-06,2.14805e-05,2.9221e-05,0.00302489,6,397,0,5,0
2017-01-12,392,45,14,20,Banks,0.282735,0.268033,44.158,4.0295,0,-0.00218646,-0.00221567,-6.06438e-06,-2.31419e-05,-2.92063e-05,-0.00212128,6,397,0,5,0
2017-01-13,392,45,14,20,Banks,0.313336,0.301353,44.2392,3.98794,-8.13152e-20,0.00156265,0.00156883,-8.3864e-07,7.0179e-06,6.17926e-06,0.00155682,6,397,0,5,0
2017-01-17,392,45,14,20,Banks,0.669068,0.603185,44.0872,3.99728,0,-0.0029201,-0.002861,-9.42466e-06,6.85233e-05,5.90986e-05,-0.00281701,6,397,0,5,0
2017-01-18,392,45,14,20,Banks,0.255221,0.242981,44.4015,4.03818,0,0.00189161,0.00182457,-3.88813e-08,-6.69955e-05,-6.70344e-05,0.00186624,6,397,0,5,0
2017-01-19,392,45,14,20,Banks,0.180347,0.163233,44.4202,4.0397,0,-0.00328234,-0.00335846,1.20876e-05,-8.82067e-05,-7.61191e-05,-0.00338362,6,397,0,5,0
2017-01-20,392,45,14,20,Banks,0.205412,0.190261,44.3964,3.96929,-3.25261e-19,0.00356275,0.00363066,5.52202e-06,6.23894e-05,6.79114e-05,0.00372078,6,397,0,5,0
2017-01-23,392,45,14,20,Banks,0.172155,0.169659,44.356,3.95743,0,-0.00362383,-0.0034859,7.00172e-06,0.000130926,0.000137928,-0.00348634,6,397,0,5,0
2017-01-24,392,45,14,20,Banks,0.607376,0.583635,44.4045,3.95795,3.25261e-19,0.00681609,0.00659452,-2.51809e-06,-0.000219055,-0.000221573,0.00656033,6,397,0,5,0
2017-01-25,392,45,14,20,Banks,0.29286,0.280528,44.3576,3.95667,1.0842e-19,0.00769957,0.00772909,1.82306e-05,1.12885e-05,2.95192e-05,0.00764518,6,397,0,5,0
2017-01-26,392,45,14,20,Banks,0.312154,0.324936,44.2616,3.98626,1.6263e-19,-0.000622482,-0.000495851,2.83145e-05,9.83166e-05,0.000126631,-0.000507331,6,397,0,5,0
2017-01-27,392,45,14,20,Banks,0.34732,0.309048,44.1876,4.03866,2.1684e-19,-0.000552259,-0.000430707,2.03896e-05,0.000101162,0.000121552,-0.000515089,6,397,0,5,0
2017-01-30,392,45,14,20,Banks,0.35794,0.335304,44.2436,4.05642,-3.25261e-19,-0.00527534,-0.00533666,-7.62824e-06,-5.36882e-05,-6.13164e-05,-0.00536034,6,397,0,5,0
2017-01-31,392,45,14,20,Banks,0.505658,0.4518,44.4727,4.04399,-2.1684e-19,-0.0012133,-0.00121499,-3.1203e-05,2.95156e-05,-1.68743e-06,-0.00113764,6,397,0,5,0
2017-02-01,392,45,14,20,Banks,0.338968,0.219577,44.3823,3.99695,-2.1684e-19,-0.0001272,0.000359063,7.32846e-05,0.000412978,0.000486263,0.000252695,6,397,0,5,0
2017-02-02,392,45,14,20,Banks,0.223856,0.240497,44.267,4.02235,2.1684e-19,0.0005262,0.000551792,-1.25039e-05,3.8096e-05,2.55921e-05,0.00058537,6,397,0,5,0
2017-02-03,393,45,14,20,Banks,0.317136,0.264822,44.3397,4.02644,-2.71051e-20,0.00790729,0.00770791,-8.21781e-06,-0.000191164,-0.000199382,0.00774596,6,397,0,4,0
2017-02-06,393,45,14,20,Banks,0.398186,0.406125,44.0501,4.02619,2.1684e-19,-0.00248502,-0.00239662,6.13329e-06,8.22665e-05,8.83998e-05,-0.00239571,6,397,0,4,0
2017-02-07,393,45,14,20,Banks,0.313679,0.305035,44.1584,4.02954,-1.0842e-19,0.000629192,0.000571045,1.11621e-05,-6.93087e-05,-5.81465e-05,0.000604333,6,397,0,4,0
2017-02-08,393,45,14,20,Banks,0.214541,0.1948,44.1706,4.05668,-1.0842e-19,0.000495033,0.000551044,-1.54501e-05,7.14615e-05,5.60114e-05,0.000630266,6,397,0,4,0
2017-02-09,393,45,14,20,Banks,0.347232,0.304095,44.2661,4.0888,0,0.00574189,0.00581129,2.07367e-05,4.86632e-05,6.93999e-05,0.00581382,6,397,0,4,0
2017-02-10,393,45,14,20,Banks,0.34908,0.375115,44.0922,4.07008,0,0.00333088,0.00327412,-7.14135e-06,-4.96214e-05,-5.67627e-05,0.0032402,6,397,0,4,0
2017-02-13,393,45,14,20,Banks,0.384098,0.363878,43.3249,4.03849,-1.0842e-19,0.00573219,0.00577587,7.22183e-06,3.64546e-05,4.36765e-05,0.00579232,6,397,0,4,0
2017-02-14,393,45,14,20,Banks,0.352756,0.330602,43.1726,4.01716,0,0.00449293,0.00447897,-1.23256e-05,-1.6324e-06,-1.3958e-05,0.00444916,6,397,0,4,0
2017-02-15,393,45,14,20,Banks,0.253345,0.228455,42.9746,3.99928,0,0.00545393,0.00544732,1.69636e-05,-2.35707e-05,-6.6071e-06,0.00544669,6,397,0,4,0
2017-02-16,393,45,14,20,Banks,0.406402,0.300207,42.8974,4.0101,0,-0.000639564,-0.000708507,-2.17933e-06,-6.67635e-05,-6.89428e-05,-0.000942617,6,397,0,4,0
2017-02-17,393,45,14,20,Banks,0.305793,0.274987,43.0324,4.02315,0,0.00115951,0.00117715,-1.06458e-05,2.82917e-05,1.76459e-05,0.00177185,6,397,0,4,0
2017-02-21,393,45,14,20,Banks,0.257394,0.212047,42.8802,3.9827,0,0.00665726,0.00658122,1.1327e-06,-7.71721e-05,-7.60394e-05,0.00644859,6,397,0,4,0
2017-02-22,393,45,14,20,Banks,0.304152,0.27581,43.0861,3.97489,1.0842e-19,-0.00100394,-0.00106594,6.64688e-06,-6.86446e-05,-6.19977e-05,-0.00113569,6,397,0,4,0
2017-02-23,393,45,14,20,Banks,0.30146,0.241671,43.0825,3.95506,0,0.000918377,0.000837672,-7.29714e-07,-7.99756e-05,-8.07053e-05,0.000804002,6,397,0,4,0
2017-02-24,393,45,14,20,Banks,0.498132,0.4149,43.1452,3.98204,1.0842e-19,0.00218188,0.00209101,-3.11684e-05,-5.97094e-05,-9.08778e-05,0.00195656,6,397,0,4,0
2017-02-27,393,45,14,20,Banks,0.487265,0.435349,43.2821,4.00237,5.42101e-20,0.00100078,0.00103398,-1.80748e-05,5.12822e-05,3.32073e-05,0.00076758,6,397,0,4,0
2017-02-28,393,45,14,20,Banks,0.286281,0.324555,43.0857,3.98766,1.6263e-19,-0.00241697,-0.00238316,1.56812e-05,1.81327e-05,3.38138e-05,-0.00229214,6,397,0,4,0
2017-03-01,394,45,14,20,Banks,0.453926,0.458566,43.2018,4.05223,5.42101e-20,0.0136668,0.0137596,-3.13974e-06,9.59315e-05,9.27918e-05,0.0136952,6,398,0,4,0
2017-03-02,394,45,14,20,Banks,0.596515,0.575325,43.034,4.01996,0,-0.00544597,-0.00548799,1.29896e-05,-5.50039e-05,-4.20144e-05,-0.00541854,6,398,0,4,0
2017-03-03,395,45,14,20,Banks,0.352059,0.309036,42.9343,3.96025,-5.42101e-20,0.000391266,0.000462538,-5.61132e-06,7.68834e-05,7.12721e-05,0.000501783,6,399,0,4,0
2017-03-06,395,45,14,20,Banks,0.29564,0.270562,42.8939,4.00176,5.42101e-20,-0.00338574,-0.00345404,-9.87665e-06,-5.8423e-05,-6.82996e-05,-0.00344612,6,399,0,4,0
2017-03-07,395,45,14,20,Banks,0.423555,0.391306,43.059,4.03376,1.76183e-19,-0.00291309,-0.00291677,1.33878e-05,-1.70722e-05,-3.68432e-06,-0.00293314,6,399,0,4,0
2017-03-08,395,45,14,20,Banks,0.460984,0.437422,42.9892,4.06425,0,-0.00189991,-0.00183247,3.35117e-05,3.3921e-05,6.74327e-05,-0.00183904,6,399,0,4,0
2017-03-09,395,45,14,20,Banks,0.27391,0.228028,42.9185,4.06497,-2.71051e-20,0.000394192,0.000423918,-5.8449e-06,3.55706e-05,2.97257e-05,0.000450867,6,399,0,4,0
2017-03-10,395,45,14,20,Banks,0.265904,0.263682,43.0118,4.10165,5.42101e-20,0.0035523,0.00352732,-8.06704e-06,-1.69121e-05,-2.49792e-05,0.00348175,6,399,0,4,0
2017-03-13,395,45,14,20,Banks,0.226845,0.226604,42.9502,4.10447,1.0842e-19,0.000351779,0.000390526,-2.40946e-07,3.89876e-05,3.87466e-05,0.000340717,6,399,0,4,0
2017-03-14,395,45,14,20,Banks,0.417082,0.379429,43.0108,4.14432,-5.42101e-20,-0.00322114,-0.00322505,4.39323e-06,-8.30381e-06,-3.91059e-06,-0.00323778,6,399,0,4,0
2017-03-15,395,45,14,20,Banks,0.489124,0.488634,43.0842,4.16519,0,0.00841347,0.00856078,-8.90668e-06,0.000156215,0.000147308,0.00858619,6,399,0,4,0
2017-03-16,395,45,14,20,Banks,0.345872,0.326065,43.1554,4.17177,-2.1684e-19,-0.00154054,-0.00160521,1.51004e-05,-7.97753e-05,-6.46749e-05,-0.00153279,6,399,0,4,0
2017-03-17,396,45,14,20,Banks,0.419318,0.397915,43.1833,4.16917,2.1684e-19,-0.00158178,-0.00154329,-1.69527e-05,5.54484e-05,3.84957e-05,-0.00151284,6,400,0,4,0
2017-03-20,396,45,14,20,Banks,0.407384,0.339672,43.1956,4.19637,-1.0842e-19,-0.00212635,-0.00202314,-6.35379e-06,0.000109564,0.00010321,-0.00190713,6,400,0,4,0
2017-03-21,397,45,14,20,Banks,0.73236,0.690195,43.6431,4.23352,1.0842e-19,-0.0118993,-0.0119058,5.23238e-06,-1.17537e-05,-6.52134e-06,-0.0118896,6,401,0,4,0
2017-03-22,397,45,14,20,Banks,0.413918,0.283721,43.5509,4.22384,1.0842e-19,0.00183973,0.00193425,-1.71236e-05,0.000111646,9.4522e-05,0.00199307,6,401,0,4,0
2017-03-23,397,45,14,20,Banks,0.30948,0.303252,43.6597,4.23409,-1.0842e-19,-0.000927356,-0.000928522,-5.39599e-07,-6.26557e-07,-1.16616e-06,-0.000920563,6,401,0,4,0
2017-03-24,397,45,14,20,Banks,0.323005,0.307128,43.6093,4.21467,1.0842e-19,-0.00097036,-0.000977208,-6.28716e-06,-5.6067e-07,-6.84783e-06,-0.000989732,6,401,0,4,0
2017-03-27,397,45,14,20,Banks,0.298166,0.250849,43.7516,4.17476,5.42101e-20,-0.00124549,-0.00118157,-1.0866e-06,6.50097e-05,6.39231e-05,-0.00120802,6,401,0,4,0
2017-03-28,397,45,14,20,Banks,0.49206,0.449298,43.9905,4.18131,-1.0842e-19,0.00725992,0.00741631,-1.02828e-06,0.000157416,0.000156388,0.00736986,6,401,0,4,0
2017-03-29,397,45,14,20,Banks,0.239866,0.265455,43.9331,4.16901,1.0842e-19,0.000549406,0.000725162,-4.28665e-06,0.000180043,0.000175756,0.000784023,6,401,0,4,0
2017-03-30,397,45,14,20,Banks,0.353502,0.351701,43.8784,4.14655,3.25261e-19,0.00353496,0.00348292,2.29671e-06,-5.43364e-05,-5.20397e-05,0.00343109,6,401,0,4,0
2017-03-31,397,45,14,20,Banks,0.223696,0.177826,43.7274,4.11905,-1.0842e-19,-0.00232906,-0.00223408,2.9256e-05,6.57171e-05,9.49731e-05,-0.00225601,6,401,0,4,0
2017-04-03,397,45,14,20,Banks,0.37182,0.388871,43.6803,4.10642,1.0842e-19,-0.00189108,-0.00187537,1.29952e-05,2.71139e-06,1.57066e-05,-0.00188142,6,401,0,4,0
2017-04-04,397,45,14,20,Banks,0.22786,0.256081,44.0482,4.09529,5.42101e-20,0.000870396,0.000958434,-1.13269e-05,9.93651e-05,8.80382e-05,0.00102748,6,401,0,4,0
2017-04-05,398,45,14,20,Banks,0.273347,0.256946,44.4516,4.08944,-5.42101e-20,-0.00297787,-0.00294426,-1.2312e-06,3.48376e-05,3.36064e-05,-0.00287714,6,402,0,4,0
2017-04-06,399,45,14,20,Banks,0.295852,0.292732,44.6041,4.08637,-5.42101e-20,0.00220135,0.00219658,-3.75724e-05,3.28053e-05,-4.76707e-06,0.00215151,6,403,0,4,0
2017-04-07,399,45,14,20,Banks,0.241629,0.228393,44.4619,4.06989,2.71051e-20,-0.000655164,-0.000690054,-2.75201e-05,-7.36896e-06,-3.48891e-05,-0.000665097,6,403,0,4,0
2017-04-10,399,45,14,20,Banks,0.472704,0.467758,44.5174,4.08566,0,0.000460897,0.000503092,1.39748e-05,2.82206e-05,4.21953e-05,0.000513898,6,403,0,4,0
2017-04-11,399,45,14,20,Banks,0.194345,0.139288,44.4964,4.08412,0,-0.00105027,-0.00114484,-2.66738e-06,-9.19061e-05,-9.45734e-05,-0.00117547,6,403,0,4,0
2017-04-12,399,45,14,20,Banks,0.528767,0.478322,44.3286,4.08263,1.0842e-19,-0.00396317,-0.003944,-1.38176e-05,3.29849e-05,1.91673e-05,-0.00384699,6,403,0,4,0
2017-04-13,399,45,14,20,Drugs,0.45655,0.445671,44.4356,4.1017,-5.42101e-20,-0.00700993,-0.00708929,-2.239e-05,-5.69669e-05,-7.93569e-05,-0.00704194,6,403,0,4,0
2017-04-17,399,45,14,20,Drugs,0.279056,0.24353,44.5182,4.06564,-1.35525e-19,0.00841964,0.00848321,4.28877e-05,2.06851e-05,6.35728e-05,0.00844458,6,403,0,4,0
2017-04-18,399,45,14,20,Banks,0.360098,0.339157,44.3467,4.02792,-5.42101e-20,-0.00283164,-0.00288716,-3.18085e-05,-2.37169e-05,-5.55254e-05,-0.00278726,6,403,0,4,0
2017-04-19,399,45,14,20,Banks,0.310596,0.315002,44.2978,4.04214,-2.71051e-20,-0.00204671,-0.00196402,1.30475e-05,6.96481e-05,8.26955e-05,-0.00196749,6,403,0,4,0
2017-04-20,399,45,14,20,Banks,0.412708,0.383797,44.1616,4.07073,0,0.00755992,0.00759872,1.89312e-06,3.69027e-05,3.87958e-05,0.00756417,6,403,0,4,0
2017-04-21,399,45,14,20,Banks,0.418539,0.432935,44.1289,4.07523,-4.74338e-20,-0.00298534,-0.00294356,-2.47927e-05,6.65788e-05,4.17861e-05,-0.00295153,6,403,0,4,0
2017-04-24,399,45,14,20,Banks,0.471837,0.428921,43.9738,4.07725,-1.0842e-19,0.0103706,0.0104279,4.61896e-05,1.10461e-05,5.72357e-05,0.0104402,6,403,0,4,0
2017-04-25,399,45,14,20,Banks,0.280844,0.275391,43.9085,4.07309,-4.33681e-19,0.00580646,0.00571232,-1.34305e-06,-9.27923e-05,-9.41354e-05,0.00566664,6,403,0,4,0
2017-04-26,399,45,14,20,Banks,0.21244,0.186306,43.9408,4.08407,-1.0842e-19,-0.000480163,-0.000402184,6.73488e-06,7.12439e-05,7.79787e-05,-0.000495355,6,403,0,4,0
2017-04-27,399,45,14,20,Banks,0.230293,0.245166,43.8535,4.07932,-1.6263e-19,0.000632596,0.000510956,3.73683e-07,-0.000122014,-0.00012164,0.000682189,6,403,0,4,0
2017-04-28,399,45,14,20,Banks,0.241953,0.228161,43.3547,4.0583,-2.1684e-19,-0.00314629,-0.00325499,-2.43523e-05,-8.43492e-05,-0.000108701,-0.00321584,6,403,0,4,0
2017-05-01,399,45,14,20,Banks,0.392852,0.328256,43.4097,4.0276,5.42101e-20,0.00123931,0.00154351,1.64983e-05,0.000287703,0.000304201,0.00145824,6,403,0,4,0
2017-05-02,399,45,14,20,Banks,0.203959,0.213033,43.3011,4.00502,-1.0842e-19,0.000886548,0.00096562,4.09726e-06,7.49753e-05,7.90726e-05,0.00101898,6,403,0,4,0
2017-05-03,399,45,14,20,Banks,0.278562,0.266993,43.3442,4.01668,0,-0.000863937,-0.00100118,2.25523e-05,-0.000159793,-0.00013724,-0.000991197,6,403,0,4,0
2017-05-04,399,45,14,20,Banks,0.361346,0.337586,43.4121,3.98174,1.0842e-19,0.00100011,0.000838623,-5.64535e-07,-0.000160928,-0.000161492,0.000868337,6,403,0,4,0
2017-05-05,399,45,14,20,Banks,0.389277,0.396436,43.4212,3.98549,0,0.00421178,0.00436153,-8.11613e-07,0.000150559,0.000149747,0.00434814,6,403,0,4,0
2017-05-08,399,45,14,20,Banks,0.504707,0.454289,43.3135,4.01846,1.6263e-19,-0.000157433,0.000153524,3.94529e-05,0.000271503,0.000310956,0.000143397,6,403,0,4,0
2017-05-09,399,45,14,20,Banks,0.391197,0.380609,43.4327,4.02011,-2.71051e-20,-0.000662431,-0.000537124,1.28577e-05,0.000112449,0.000125307,-0.000565072,6,403,0,4,0
2017-05-10,399,45,14,20,Banks,0.298309,0.287922,43.4001,4.01261,5.42101e-20,0.00173847,0.00163254,-3.38353e-05,-7.20882e-05,-0.000105924,0.00168186,6,403,0,4,0
2017-05-11,399,45,14,20,Banks,0.263929,0.281313,43.3748,4.02011,5.42101e-20,-0.00183394,-0.00187493,2.36651e-06,-4.33549e-05,-4.09883e-05,-0.00187558,6,403,0,4,0
2017-05-12,399,45,14,20,Banks,0.400622,0.369743,43.7337,4.03112,-1.35525e-20,-0.00145062,-0.00133418,1.46137e-05,0.00010183,0.000116444,-0.00136197,6,403,0,4,0
2017-05-15,399,45,14,20,Banks,0.262502,0.254469,43.8381,4.04427,-2.71051e-20,0.00531854,0.00517192,-2.20978e-06,-0.000144408,-0.000146618,0.00518698,6,403,0,4,0
2017-05-16,399,45,14,20,Banks,0.381333,0.390398,43.9226,4.03126,-1.0842e-19,-0.000624154,-0.000534602,2.69511e-05,6.26015e-05,8.95526e-05,-0.00050346,6,403,0,4,0
2017-05-17,399,45,14,20,Banks,0.654376,0.61923,43.971,4.04121,1.0842e-19,-0.0174153,-0.0175424,-6.48197e-05,-6.22222e-05,-0.000127042,-0.0173898,6,403,0,4,0
2017-05-18,399,45,14,20,Drugs,0.255713,0.203657,43.7789,4.01184,-2.71051e-20,0.00342467,0.00377855,-7.05629e-06,0.000360927,0.000353871,0.00377766,6,403,0,4,0
2017-05-19,399,45,14,20,Rtail,0.256134,0.233107,43.7841,4.00866,0,0.00704924,0.00698644,1.69174e-05,-7.97145e-05,-6.27971e-05,0.00690315,6,403,0,4,0
2017-05-22,399,45,14,20,Rtail,0.319798,0.262312,43.6808,4.00566,5.42101e-20,0.00504811,0.00507338,-2.23102e-05,4.75768e-05,2.52666e-05,0.00512739,6,403,0,4,0
2017-05-23,399,45,14,20,Rtail,0.286908,0.312987,43.6182,4.0175,5.42101e-20,0.00222134,0.00220981,-8.31159e-06,-3.21751e-06,-1.15291e-05,0.00226539,6,403,0,4,0
2017-05-24,399,45,14,20,Banks,0.292609,0.288737,43.5916,4.06898,-2.1684e-19,0.00256067,0.00238122,-1.2896e-06,-0.000178165,-0.000179454,0.00247526,6,403,0,4,0
2017-05-25,399,45,14,20,Banks,0.356073,0.340583,43.5349,4.07693,-2.1684e-19,0.00460597,0.00462815,-1.19808e-05,3.41578e-05,2.2177e-05,0.00457396,6,403,0,4,0
2017-05-26,399,45,14,20,Rtail,0.21753,0.21777,43.4598,4.06356,1.0842e-19,0.000442414,0.000377677,1.54575e-05,-8.01954e-05,-6.4738e-05,0.000400397,6,403,0,4,0
2017-05-30,399,45,14,20,Rtail,0.351845,0.332918,43.4366,4.03585,1.0842e-19,-0.000839594,-0.000877407,-9.41444e-06,-2.83983e-05,-3.78127e-05,-0.000908679,6,403,0,4,0
2017-05-31,399,45,14,20,Rtail,0.384045,0.308252,43.438,4.04287,-3.79471e-19,5.09759e-05,-2.13168e-05,-3.20693e-05,-4.02234e-05,-7.22927e-05,3.51636e-05,6,403,0,4,0
2017-06-01,399,45,14,20,Rtail,0.329336,0.301666,43.2714,4.05936,0,0.00783961,0.00789542,-1.65851e-05,7.23963e-05,5.58112e-05,0.00774609,6,403,0,4,0
2017-06-02,399,45,14,20,Rtail,0.288852,0.294064,43.251,4.11291,-1.6263e-19,0.00358589,0.00371229,-2.33246e-07,0.000126631,0.000126398,0.00372915,6,403,0,4,0
2017-06-05,399,45,14,20,Rtail,0.201025,0.179691,43.2806,4.09001,1.6263e-19,-0.00147298,-0.00144626,4.23588e-05,-1.56374e-05,2.67213e-05,-0.0014493,6,403,0,4,0
2017-06-06,399,45,14,20,Rtail,0.398768,0.360829,43.3638,4.06145,2.1684e-19,-0.00277474,-0.002663,2.07347e-05,9.10064e-05,0.000111741,-0.00268894,6,403,0,4,0
2017-06-07,399,45,14,20,Drugs,0.348382,0.329665,43.6741,4.06911,0,0.0019901,0.0020189,1.66325e-05,1.2167e-05,2.87995e-05,0.00206727,6,403,0,4,0
2017-06-08,399,45,14,20,Rtail,0.451197,0.411965,43.5575,4.0851,2.1684e-19,-9.60935e-05,-0.000200084,3.88567e-05,-0.000142847,-0.000103991,-0.000241016,6,403,0,4,0
2017-06-09,399,45,14,20,Drugs,0.72496,0.687767,43.5363,4.10697,-3.93023e-19,0.00051853,0.000342712,-6.39407e-06,-0.000169424,-0.000175818,0.000159562,6,403,0,4,0
2017-06-12,399,45,14,20,Banks,0.382216,0.339863,43.2349,4.15611,0,-0.000824844,-0.00092654,-1.28292e-05,-8.88663e-05,-0.000101696,-0.000966459,6,403,0,4,0
2017-06-13,399,45,14,20,Banks,0.370432,0.305016,42.9916,4.15664,2.71051e-19,0.00436822,0.00440528,1.3564e-05,2.34946e-05,3.70586e-05,0.00437584,6,403,0,4,0
2017-06-14,399,45,14,20,Banks,0.531282,0.515638,43.1302,4.18775,-2.1684e-19,-0.000775251,-0.000920813,-2.19248e-05,-0.000123637,-0.000145562,-0.000940199,6,403,0,4,0
2017-06-15,399,45,14,20,Banks,0.287129,0.273981,42.9676,4.17299,8.13152e-20,-0.00193666,-0.00193907,-1.83347e-05,1.5918e-05,-2.41672e-06,-0.00189552,6,403,0,4,0
2017-06-16,399,45,14,20,Banks,0.368598,0.33934,43.0782,4.18141,2.1684e-19,7.00883e-05,0.000134606,3.15683e-05,3.29496e-05,6.45178e-05,-3.34356e-05,6,403,0,4,0
2017-06-19,399,45,14,20,Banks,0.478494,0.412383,43.1001,4.19881,-1.6263e-19,0.00794344,0.00795693,2.59539e-05,-1.24624e-05,1.34915e-05,0.00799328,6,403,0,4,0
2017-06-20,399,45,14,19,Banks,0.37916,0.346827,50.7033,4.20063,3.25261e-19,-0.00626626,-0.00649441,-2.26952e-05,-0.000205457,-0.000228153,-0.00648926,5,403,0,4,0
2017-06-21,399,45,14,19,Drugs,0.523877,0.506038,50.8601,4.21581,3.25261e-19,-0.00108355,-0.00114434,-2.02577e-05,-4.05304e-05,-6.07881e-05,-0.00107215,5,403,0,4,0
2017-06-22,399,45,14,19,Drugs,0.316913,0.261165,50.4206,4.17745,5.42101e-20,7.28664e-05,7.33578e-06,-3.12399e-07,-6.52183e-05,-6.55306e-05,1.49134e-05,5,403,0,4,0
2017-06-23,399,45,14,19,Drugs,0.317624,0.354596,50.3106,4.13061,0,0.000921697,0.00108824,-1.33208e-05,0.000179867,0.000166546,0.00110207,5,403,0,4,0
2017-06-26,399,45,14,19,Drugs,0.443623,0.395055,50.4196,4.17341,-2.1684e-19,0.000972955,0.000852026,2.45589e-06,-0.000123385,-0.000120929,0.000809116,5,403,0,4,0
2017-06-27,399,45,14,19,Drugs,0.446785,0.400118,50.4467,4.1706,-2.1684e-19,-0.00707649,-0.00715895,8.7666e-06,-9.12268e-05,-8.24602e-05,-0.00726979,5,403,0,4,0
2017-06-28,399,45,14,19,Drugs,0.491789,0.388358,50.3134,4.15555,-2.1684e-19,0.00858201,0.00855426,-1.35345e-06,-2.64017e-05,-2.77552e-05,0.0086161,5,403,0,4,0
2017-06-29,399,45,14,19,Drugs,0.533454,0.479489,50.6057,4.1465,3.25261e-19,-0.00829427,-0.00824635,2.04417e-05,2.74697e-05,4.79114e-05,-0.00837357,5,403,0,4,0
2017-06-30,399,45,14,19,Banks,0.411614,0.280186,50.2681,4.12943,5.42101e-20,0.0019324,0.00199832,-3.49703e-06,6.94109e-05,6.59139e-05,0.00197486,5,403,0,4,0
2017-07-03,399,45,14,19,Banks,0.63426,0.597204,50.2521,4.10988,-5.42101e-20,0.00273251,0.00281414,-1.75626e-05,9.91879e-05,8.16252e-05,0.00266132,5,403,0,4,0
2017-07-05,399,45,14,19,Banks,0.486495,0.464508,50.2757,4.11221,3.25261e-19,0.00124743,0.00123729,2.95374e-05,-3.96747e-05,-1.01373e-05,0.00131545,5,404,0,5,0
2017-07-06,399,45,14,19,Banks,0.332902,0.311751,50.2063,4.18239,1.0842e-19,-0.00861312,-0.00868606,2.08341e-05,-9.37732e-05,-7.29392e-05,-0.00876485,5,404,0,5,0
2017-07-07,399,45,14,19,Banks,0.460019,0.436473,50.0925,4.18502,-5.42101e-20,0.0060849,0.00612547,3.75685e-06,3.68165e-05,4.05733e-05,0.00614551,5,404,0,5,0
2017-07-10,400,45,14,19,Banks,0.411371,0.386474,50.1197,4.1024,-2.1684e-19,0.000390575,0.000392336,4.73658e-05,-4.56046e-05,1.76123e-06,0.000447385,5,405,0,5,0
2017-07-11,400,45,14,19,Banks,0.33068,0.301105,50.0399,4.11785,0,-0.00101231,-0.00106134,-1.29539e-05,-3.60832e-05,-4.90371e-05,-0.00100486,5,405,0,5,0
2017-07-12,400,45,14,19,Banks,0.176557,0.14334,50.0543,4.1009,0,0.00683491,0.00676124,-8.77226e-06,-6.48981e-05,-7.36704e-05,0.00687037,5,405,0,5,0
2017-07-13,400,45,14,19,Banks,0.305901,0.342765,50.112,4.13141,0,0.00177745,0.00191981,9.82063e-07,0.000141373,0.000142355,0.00200848,5,405,0,5,0
2017-07-14,400,45,14,19,Banks,0.318168,0.255246,50.3133,4.16017,1.0842e-19,0.00476011,0.0047712,-3.18938e-06,1.42803e-05,1.10909e-05,0.0047283,5,405,0,5,0
2017-07-17,400,45,14,19,Banks,0.175604,0.147311,50.9447,4.15266,-2.71051e-20,-0.00035779,-0.000180327,2.6548e-06,0.000174808,0.000177462,-0.000153906,5,405,0,5,0
2017-07-18,400,45,14,19,Banks,0.365391,0.326799,51.1236,4.14609,-1.0842e-19,0.000105843,0.000151856,9.87939e-06,3.61332e-05,4.60126e-05,0.000224558,5,405,0,5,0
2017-07-19,400,45,14,19,Banks,0.189158,0.219055,51.1378,4.1884,4.33681e-19,0.00503971,0.00515791,-2.44116e-05,0.000142614,0.000118202,0.00511078,5,405,0,5,0
2017-07-20,400,45,14,19,Drugs,0.241118,0.220498,51.4707,4.14538,-2.1684e-19,-0.000149844,-0.000157684,-8.74437e-07,-6.966e-06,-7.84043e-06,-8.19762e-05,5,405,0,5,0
2017-07-21,400,45,14,19,Drugs,0.269467,0.250812,51.3681,4.16013,1.0842e-19,-0.000626093,-0.000720505,-2.11984e-05,-7.32133e-05,-9.44116e-05,-0.00070993,5,405,0,5,0
2017-07-24,400,45,14,19,Drugs,0.346962,0.366937,51.7075,4.12475,1.35525e-20,-0.00157358,-0.00142667,-8.33057e-06,0.000155244,0.000146913,-0.00143257,5,405,0,5,0
2017-07-25,400,45,14,19,Drugs,0.407856,0.385199,51.6908,4.09874,0,0.00405284,0.00403884,9.75586e-06,-2.37499e-05,-1.3994e-05,0.00404475,5,405,0,5,0
2017-07-26,400,45,14,19,Banks,0.336226,0.259799,51.3235,4.07299,-8.13152e-20,0.000474032,0.000560143,4.60056e-06,8.15096e-05,8.61102e-05,0.000555144,5,405,0,5,0
2017-07-27,402,45,14,20,Banks,0.390119,0.309767,51.6645,3.9964,0,-0.00122364,-0.00121569,3.13361e-06,4.81098e-06,7.94459e-06,-0.00107801,5,407,0,5,0
2017-07-28,402,45,14,20,Banks,0.267751,0.220009,51.5716,3.9872,-1.0842e-19,-0.00200537,-0.00213724,-2.84364e-05,-0.000103431,-0.000131868,-0.00220626,5,407,0,5,0
2017-07-31,402,45,14,20,Banks,0.279274,0.234019,51.3693,3.93654,1.0842e-19,9.21371e-05,-0.000157909,-9.49061e-06,-0.000240555,-0.000250046,-0.000180216,5,407,0,5,0
2017-08-01,402,45,14,20,Banks,0.267207,0.226398,51.2358,3.97386,0,0.0024548,0.00242616,1.11602e-05,-3.98045e-05,-2.86442e-05,0.00243104,5,407,0,5,0
2017-08-02,402,45,14,20,Banks,0.245492,0.204837,51.2278,3.95731,4.33681e-19,0.000680629,0.00100488,1.68648e-05,0.000307386,0.00032425,0.000990746,5,407,0,5,0
2017-08-03,402,45,14,20,Banks,0.228207,0.194658,51.2081,3.91052,1.0842e-19,-0.00174509,-0.00184279,-8.73795e-07,-9.68267e-05,-9.77005e-05,-0.00190043,5,407,0,5,0
2017-08-04,404,45,14,20,Banks,0.200008,0.192881,51.2345,3.89285,8.13152e-20,0.00171805,0.00182076,1.45666e-07,0.000102567,0.000102713,0.00183382,5,407,0,3,0
2017-08-07,404,45,14,20,Banks,0.35452,0.31103,51.5414,3.90867,0,0.00161537,0.00169582,7.78276e-06,7.26753e-05,8.04581e-05,0.00169778,5,407,0,3,0
2017-08-08,404,45,14,20,Banks,0.1813,0.191906,51.4319,3.90052,1.0842e-19,-0.00216201,-0.00205972,3.67929e-06,9.86112e-05,0.00010229,-0.00205449,5,407,0,3,0
2017-08-09,403,45,14,20,Banks,0.246,0.180719,51.4462,3.91262,-5.42101e-20,-0.000348328,-0.000326188,-7.7079e-07,2.29107e-05,2.21399e-05,-0.000333147,5,406,0,3,0
2017-08-10,403,45,14,20,Banks,0.602163,0.543436,51.1837,3.92448,0,-0.0138176,-0.0138787,1.0608e-06,-6.22287e-05,-6.11679e-05,-0.0139074,5,406,0,3,0
2017-08-11,403,45,14,20,Banks,0.338845,0.300198,51.0714,3.93055,-5.42101e-20,0.000938185,0.00104388,-5.46399e-06,0.000111159,0.000105695,0.00104751,5,406,0,3,0
2017-08-14,403,45,14,20,Banks,0.497314,0.433208,51.04,3.92621,5.42101e-20,0.010138,0.010106,4.13556e-06,-3.6129e-05,-3.19935e-05,0.0101187,5,406,0,3,0
2017-08-15,403,45,14,20,Banks,0.302075,0.286148,50.7786,3.91949,8.13152e-20,-0.000107623,-4.78964e-05,6.10037e-06,5.36264e-05,5.97267e-05,-3.56954e-05,5,406,0,3,0
2017-08-16,404,45,14,20,Banks,0.305471,0.292609,50.6612,3.96545,-1.0842e-19,0.00185665,0.00171761,-6.11092e-06,-0.000132932,-0.000139042,0.00170064,5,406,0,2,0
2017-08-17,404,45,14,20,Banks,0.38807,0.366855,51.0605,3.9908,0,-0.0154633,-0.0153302,1.22625e-05,0.000120782,0.000133044,-0.0153324,5,406,0,2,0
2017-08-18,404,45,14,20,Banks,0.274392,0.223142,50.8517,3.95435,1.6263e-19,-0.00217997,-0.00212126,-4.82498e-06,6.35343e-05,5.87093e-05,-0.00212835,5,406,0,2,0
2017-08-21,404,45,14,20,Banks,0.363331,0.335367,51.0173,3.96427,-1.35525e-19,0.00145686,0.00138279,-2.3987e-06,-7.16717e-05,-7.40704e-05,0.00139755,5,406,0,2,0
2017-08-22,404,45,14,20,Drugs,0.359804,0.298138,51.113,3.98466,-1.0842e-19,0.00962395,0.00956715,-2.37041e-06,-5.44325e-05,-5.68029e-05,0.00958063,5,406,0,2,0
2017-08-23,404,45,14,20,Drugs,0.351054,0.325561,50.9251,4.00511,-2.71051e-19,-0.00350298,-0.00353973,5.36013e-06,-4.21125e-05,-3.67524e-05,-0.00354049,5,406,0,2,0
2017-08-24,404,45,14,20,Banks,0.278011,0.211488,50.8434,3.99501,-3.25261e-19,-0.00184699,-0.00200823,-1.77928e-06,-0.000159463,-0.000161242,-0.00198478,5,406,0,2,0
2017-08-25,404,45,14,20,Drugs,0.329939,0.28268,50.8018,4.0433,5.42101e-20,0.00210386,0.00214812,-7.23333e-06,5.14912e-05,4.42578e-05,0.00213875,5,406,0,2,0
2017-08-28,404,45,14,20,Banks,0.301118,0.290579,51.1698,4.08108,-8.13152e-20,0.000616696,0.000643724,1.26083e-06,2.5767e-05,2.70278e-05,0.000624494,5,406,0,2,0
2017-08-29,404,45,14,20,Drugs,0.263783,0.201758,51.3079,4.06531,-1.21973e-19,0.000631234,0.000705434,1.04921e-05,6.37079e-05,7.41999e-05,0.000714197,5,406,0,2,0
2017-08-30,404,45,14,20,Drugs,0.293607,0.326378,51.5082,4.05706,-8.13152e-20,0.00455329,0.00449731,-7.06339e-06,-4.89155e-05,-5.59789e-05,0.00449645,5,406,0,2,0
2017-08-31,404,45,14,20,Drugs,0.400679,0.339719,52.9747,4.04197,1.35525e-19,0.00530074,0.00527612,2.37839e-06,-2.69962e-05,-2.46178e-05,0.00527172,5,406,0,2,0
2017-09-01,402,45,14,20,Drugs,0.383448,0.38238,53.034,4.05285,6.77626e-20,0.00238749,0.00223295,1.9399e-05,-0.000173936,-0.000154537,0.00221554,5,406,0,2,2
2017-09-05,401,45,14,20,Drugs,0.450558,0.376531,52.8078,4.06239,0,-0.00684911,-0.00692486,3.08582e-06,-7.88367e-05,-7.57509e-05,-0.00693586,5,403,0,2,0
2017-09-06,401,45,14,20,Drugs,0.335424,0.342359,52.807,4.07447,0,0.00347223,0.0033656,3.54593e-06,-0.000110169,-0.000106623,0.00331932,5,403,0,2,0
2017-09-07,400,45,14,20,Drugs,0.457723,0.38126,52.9866,4.09115,-1.6263e-19,0.000254333,0.000210232,9.31547e-06,-5.34159e-05,-4.41004e-05,0.000166835,5,403,0,2,1
2017-09-08,400,45,14,20,Drugs,0.354698,0.332101,53.1756,4.06828,1.6263e-19,-0.00101993,-0.00119313,-1.15522e-05,-0.000161643,-0.000173195,-0.00118759,5,402,0,2,0
2017-09-11,400,45,14,20,Drugs,0.284723,0.256367,52.9656,4.06,-5.42101e-20,0.0110555,0.0110695,2.68517e-06,1.13901e-05,1.40753e-05,0.0110845,5,402,0,2,0
2017-09-12,400,45,14,20,Drugs,0.540322,0.530658,53.1874,4.06851,1.0842e-19,0.00357438,0.00342264,-8.15947e-06,-0.000143581,-0.000151741,0.00340176,5,402,0,2,0
2017-09-13,400,45,14,20,Drugs,0.286126,0.264638,52.931,4.07743,1.0842e-19,0.000446809,0.000511598,4.83989e-06,5.99489e-05,6.47888e-05,0.000537093,5,402,0,2,0
2017-09-14,400,45,14,20,Drugs,0.405051,0.329455,53.226,4.06842,-1.6263e-19,-6.1748e-07,-9.75934e-05,3.04678e-06,-0.000100023,-9.69759e-05,-6.21216e-05,5,402,0,2,0
2017-09-15,400,45,14,20,Drugs,0.229925,0.18686,53.0619,4.10274,-4.87891e-19,0.00159688,0.00174702,-1.3997e-06,0.000151542,0.000150142,0.0017508,5,402,0,2,0
2017-09-18,400,45,14,20,Drugs,0.440097,0.413637,53.3111,4.10148,-3.25261e-19,0.00202362,0.00185765,-3.5494e-06,-0.000162416,-0.000165965,0.00187835,5,402,0,2,0
2017-09-19,401,45,14,20,Drugs,0.369789,0.338118,53.2947,4.1134,5.42101e-20,0.000850686,0.000785321,-5.51164e-06,-5.98531e-05,-6.53648e-05,0.00077359,5,403,0,2,0
2017-09-20,401,45,14,20,Drugs,0.317262,0.280538,53.1292,4.12816,5.42101e-20,0.000482884,0.000306659,-1.25641e-06,-0.000174969,-0.000176225,0.000322633,5,403,0,2,0
2017-09-21,401,45,14,20,Drugs,0.286078,0.220591,53.0434,4.1321,4.74338e-20,-0.00288748,-0.00313364,-3.82032e-06,-0.000242335,-0.000246156,-0.00311202,5,403,0,2,0
2017-09-22,401,45,14,20,Drugs,0.301108,0.275852,52.8915,4.12418,0,0.000949987,0.000791823,-1.18547e-05,-0.000146309,-0.000158164,0.000842573,5,403,0,2,0
2017-09-25,401,45,14,20,Drugs,0.649559,0.587782,52.5194,4.10991,0,-0.00182418,-0.00182104,-8.81123e-06,1.19486e-05,3.13741e-06,-0.00176809,5,403,0,2,0
2017-09-26,401,45,14,20,Drugs,0.228942,0.193694,52.7584,4.14474,-1.0842e-19,0.000151573,0.000265597,-1.41027e-06,0.000115434,0.000114024,0.000282266,5,403,0,2,0
2017-09-27,401,45,14,20,Drugs,0.454675,0.417258,52.6437,4.17751,0,0.00331448,0.00334551,-7.39207e-06,3.84248e-05,3.10328e-05,0.00333802,5,403,0,2,0
2017-09-28,401,45,14,20,Drugs,0.246542,0.26262,52.4886,4.18015,-5.42101e-20,0.00166219,0.00159452,2.48924e-06,-7.01613e-05,-6.76721e-05,0.00155432,5,403,0,2,0
2017-09-29,401,45,14,20,Drugs,0.282261,0.26482,52.2192,4.18773,-5.42101e-20,0.0030052,0.00311142,-3.91116e-06,0.000110133,0.000106222,0.00313344,5,403,0,2,0
2017-10-02,401,45,14,20,Drugs,0.252953,0.175257,52.5537,4.1893,5.42101e-20,0.00430484,0.00417443,4.33968e-06,-0.000134742,-0.000130402,0.00420423,5,403,0,2,0
2017-10-03,401,45,14,20,Drugs,0.21126,0.234058,52.6415,4.20013,-5.42101e-20,0.00240893,0.00240609,8.5982e-07,-3.6965e-06,-2.83668e-06,0.00236776,5,403,0,2,0
2017-10-04,401,45,14,20,Drugs,0.214797,0.208235,52.5239,4.22493,5.42101e-20,0.00174921,0.00179468,-6.80975e-06,5.22779e-05,4.54681e-05,0.00180904,5,403,0,2,0
2017-10-05,401,45,14,20,Drugs,0.296158,0.217317,53.0919,4.1473,1.35525e-20,0.00555184,0.00564066,-1.64358e-06,9.04732e-05,8.88296e-05,0.00562165,5,403,0,2,0
2017-10-06,401,45,14,20,Drugs,0.244674,0.23701,53.7293,4.14732,1.35525e-19,-0.000817115,-0.000803522,-2.09019e-06,1.56836e-05,1.35934e-05,-0.000804784,5,403,0,2,0
2017-10-09,401,45,14,20,Drugs,0.458264,0.424786,53.6024,4.14638,-2.71051e-20,-0.00150166,-0.0014182,-7.37737e-07,8.41969e-05,8.34592e-05,-0.00140796,5,403,0,2,0
2017-10-10,401,45,14,20,Drugs,0.166441,0.168004,53.2923,4.13274,0,0.00308001,0.00306367,2.52924e-06,-1.8869e-05,-1.63398e-05,0.00307236,5,403,0,2,0
2017-10-11,401,45,14,20,Drugs,0.269917,0.264145,53.1317,4.11218,-8.13152e-20,0.00176114,0.00179766,3.24072e-06,3.32768e-05,3.65176e-05,0.00179799,5,403,0,2,0
2017-10-12,401,45,14,20,Drugs,0.383267,0.272322,53.2127,4.10397,4.87891e-19,-0.0015056,-0.00138731,-7.41866e-06,0.000125705,0.000118286,-0.00138867,5,403,0,2,0
2017-10-13,401,45,14,20,Drugs,0.172673,0.153404,53.1175,4.14121,-2.1684e-19,0.000833356,0.000772059,-9.92005e-07,-6.03056e-05,-6.12976e-05,0.000767945,5,403,0,2,0
2017-10-16,402,45,14,20,Drugs,0.27751,0.235469,53.5823,4.14179,1.6263e-19,0.00163716,0.00188969,5.82594e-06,0.000246705,0.000252531,0.00187525,5,404,0,2,0
2017-10-17,402,45,14,20,Drugs,0.255606,0.22775,53.5707,4.16409,0,0.000260772,0.000419572,1.16065e-05,0.000147194,0.0001588,0.000382487,5,404,0,2,0
2017-10-18,402,45,14,20,Drugs,0.163308,0.157775,53.8871,4.13873,-1.0842e-19,0.00148868,0.00105509,1.80455e-06,-0.000435389,-0.000433585,0.00106397,5,404,0,2,0
2017-10-19,402,45,14,20,Drugs,0.224551,0.203401,53.7921,4.1546,1.89735e-19,0.00132713,0.000824731,3.75611e-07,-0.000502778,-0.000502402,0.000724197,5,404,0,2,0
2017-10-20,402,45,14,20,Drugs,0.276798,0.222553,53.4147,4.11053,-5.42101e-20,0.00590229,0.00578303,-2.9769e-06,-0.000116281,-0.000119258,0.0058024,5,404,0,2,0
2017-10-23,402,45,14,20,Drugs,0.280908,0.215781,53.3561,4.11755,-1.0842e-19,-0.0030909,-0.00308729,-1.42717e-06,5.03643e-06,3.60926e-06,-0.00305531,5,404,0,2,0
2017-10-24,402,45,14,20,Drugs,0.323218,0.272224,53.0063,4.1047,-1.0842e-19,0.00197873,0.00192148,7.26041e-06,-6.45122e-05,-5.72518e-05,0.00194393,5,404,0,2,0
2017-10-25,402,45,14,20,Banks,0.215245,0.209654,52.7908,4.11602,-5.42101e-20,-0.00443686,-0.0045128,3.39624e-07,-7.62802e-05,-7.59406e-05,-0.00453919,5,404,0,2,0
2017-10-26,402,45,14,20,Banks,0.213918,0.159784,52.9715,4.181,-1.0842e-19,0.00241253,0.00240197,-2.41945e-06,-8.14097e-06,-1.05604e-05,0.00243095,5,404,0,2,0
2017-10-27,402,45,14,20,Banks,0.241295,0.178708,52.6321,4.11604,1.0842e-19,0.00632115,0.00748687,1.96502e-05,0.00114607,0.00116572,0.00748017,5,404,0,2,0
2017-10-30,402,45,14,20,Banks,0.213381,0.170025,52.649,4.18319,1.0842e-19,-0.0040162,-0.00371217,5.53315e-06,0.000298499,0.000304032,-0.00376195,5,404,0,2,0
2017-10-31,402,45,14,20,Banks,0.278133,0.265375,53.0538,4.17829,-1.0842e-19,0.000885526,0.000920471,6.89946e-06,2.80463e-05,3.49458e-05,0.000908121,5,404,0,2,0
2017-11-01,402,45,14,20,Banks,0.176588,0.174734,53.4412,4.18105,0,0.00119669,0.000999462,8.30943e-07,-0.000198063,-0.000197232,0.00097356,5,404,0,2,0
2017-11-02,402,45,14,20,Banks,0.453696,0.453748,53.6079,4.17431,-1.6263e-19,0.00145893,0.00158406,-3.35027e-06,0.000128486,0.000125136,0.00159081,5,404,0,2,0
2017-11-03,402,45,14,20,Banks,0.198196,0.176715,53.9665,4.14823,1.0842e-19,0.00357672,0.00378916,-2.12872e-06,0.000214564,0.000212436,0.00377099,5,404,0,2,0
2017-11-06,402,45,14,20,Banks,0.352778,0.361237,53.9055,4.15153,2.1684e-19,0.00108077,0.00130896,-2.46256e-06,0.000230656,0.000228194,0.00130544,5,404,0,2,0
2017-11-07,402,45,14,20,Banks,0.267303,0.195829,53.8197,4.13341,-5.42101e-20,-0.000735248,-0.000634387,5.99406e-06,9.48673e-05,0.000100861,-0.000628327,5,404,0,2,0
2017-11-08,402,45,14,20,Banks,0.296618,0.273733,54.0492,4.21375,0,0.0018976,0.00193533,-2.63986e-06,4.03755e-05,3.77356e-05,0.00191476,5,404,0,2,0
2017-11-09,402,45,14,20,Banks,0.351884,0.348499,53.3961,4.22872,-1.6263e-19,-0.00368017,-0.00359969,7.38998e-06,7.30898e-05,8.04797e-05,-0.00357365,5,404,0,2,0
2017-11-10,402,45,14,20,Drugs,0.364553,0.365398,53.4362,4.24173,0,-0.000270537,-0.000381657,4.91262e-06,-0.000116033,-0.00011112,-0.000382372,5,404,0,2,0
2017-11-13,402,45,14,20,Banks,0.448055,0.495717,53.5066,4.23037,-5.42101e-20,0.00109549,0.00115944,-4.4774e-07,6.43951e-05,6.39474e-05,0.00113233,5,404,0,2,0
2017-11-14,402,45,14,20,Banks,0.330638,0.255117,53.0305,4.26716,0,-0.0015583,-0.00160164,-4.25666e-06,-3.90821e-05,-4.33388e-05,-0.00161814,5,404,0,2,0
2017-11-15,402,45,14,20,Banks,0.282296,0.270099,53.1147,4.29075,8.13152e-20,-0.0055634,-0.00564529,6.26925e-07,-8.25192e-05,-8.18923e-05,-0.0056461,5,404,0,2,0
2017-11-16,403,45,14,20,Banks,0.271176,0.236741,53.5039,4.31624,0,0.00948294,0.00910644,-9.71963e-07,-0.000375519,-0.000376491,0.00910428,5,405,0,2,0
2017-11-17,404,45,14,20,Banks,0.285244,0.270042,53.2836,4.20988,1.6263e-19,-0.00276657,-0.00290997,-6.19321e-06,-0.000137203,-0.000143396,-0.00290961,5,405,0,1,0
2017-11-20,404,45,14,20,Banks,0.406103,0.353997,53.1612,4.19981,-3.25261e-19,0.00179318,0.00164997,-4.0158e-06,-0.000139195,-0.000143211,0.00165767,5,405,0,1,0
2017-11-21,404,45,14,20,Banks,0.238892,0.16656,53.2944,4.19674,-1.6263e-19,0.00589947,0.00599356,1.90575e-06,9.218e-05,9.40857e-05,0.00597967,5,405,0,1,0
2017-11-22,404,45,14,20,Banks,0.288015,0.262849,53.5348,4.19572,1.0842e-19,-0.00103751,-0.000815989,4.89956e-06,0.000216621,0.00022152,-0.000821554,5,405,0,1,0
2017-11-24,404,45,14,20,Banks,0.284019,0.257244,53.3852,4.19633,8.13152e-20,0.00210716,0.00214079,1.04662e-06,3.25774e-05,3.3624e-05,0.00214037,5,405,0,1,0
2017-11-27,404,45,14,20,Banks,0.287241,0.293319,53.5915,4.21305,-5.42101e-20,-0.000563615,-0.000458002,1.68272e-07,0.000105445,0.000105613,-0.000446516,5,405,0,1,0
2017-11-28,404,45,14,20,Banks,0.360349,0.350632,53.7017,4.20226,-1.0842e-19,0.0105662,0.0103667,-5.00829e-06,-0.000194476,-0.000199485,0.0103628,5,405,0,1,0
2017-11-29,404,45,14,20,Banks,0.603754,0.56298,54.2189,4.23869,-8.67362e-19,0.000759664,0.000730447,-8.31457e-06,-2.09024e-05,-2.92169e-05,0.000731759,5,405,0,1,0
2017-11-30,404,45,14,20,Banks,0.188241,0.163355,54.0326,4.2967,1.0842e-19,0.00878043,0.00876359,6.61107e-07,-1.7497e-05,-1.68359e-05,0.00877365,5,405,0,1,0
2017-12-01,404,45,14,20,Banks,0.347682,0.312458,53.8675,4.28578,-2.1684e-19,-0.00153025,-0.00162202,-2.01524e-06,-8.97625e-05,-9.17778e-05,-0.00162116,5,405,0,1,0
2017-12-04,404,45,14,20,Banks,0.557497,0.527727,54.0001,4.25148,-4.33681e-19,-0.000988919,-0.00110826,-1.26032e-05,-0.00010674,-0.000119343,-0.00111282,5,405,0,1,0
2017-12-05,404,45,14,20,Banks,0.277543,0.245056,53.6222,4.19606,0,-0.00388688,-0.00386383,5.51403e-06,1.75308e-05,2.30448e-05,-0.00388077,5,405,0,1,0
2017-12-06,404,45,14,20,Banks,0.448897,0.456819,53.5383,4.18709,-5.42101e-20,-0.000809109,-0.000798735,3.09817e-08,1.03436e-05,1.03746e-05,-0.000791916,5,405,0,1,0
2017-12-07,404,45,14,20,Banks,0.437684,0.427735,52.1315,4.18903,-1.69407e-19,0.00262403,0.00254177,-2.32156e-06,-7.99408e-05,-8.22624e-05,0.00254389,5,405,0,1,0
2017-12-08,404,45,14,20,Banks,0.261606,0.269761,53.0002,4.16943,1.35525e-19,0.00577808,0.00578286,-4.28302e-07,5.209e-06,4.7807e-06,0.00577712,5,405,0,1,0
2017-12-11,404,45,14,20,Banks,0.307207,0.235327,53.2452,4.15198,5.42101e-20,0.0032149,0.00335015,4.77268e-06,0.000130473,0.000135246,0.00333439,5,405,0,1,0
2017-12-12,404,45,14,20,Banks,0.439381,0.343533,53.2434,4.17649,1.0842e-19,0.00182565,0.00174928,4.24505e-06,-8.06154e-05,-7.63704e-05,0.00173881,5,405,0,1,0
2017-12-13,404,45,14,20,Banks,0.358065,0.365529,53.2339,4.19551,-1.0842e-19,-1.01268e-05,-2.06869e-05,3.23761e-06,-1.37978e-05,-1.05602e-05,-2.25224e-05,5,405,0,1,0
2017-12-14,404,45,14,20,Banks,0.340497,0.317656,53.3299,4.19823,-1.0842e-19,-0.00449971,-0.00447187,3.66237e-06,2.4182e-05,2.78444e-05,-0.00448348,5,405,0,1,0
2017-12-15,404,45,14,20,Banks,0.188636,0.207612,53.407,4.19385,1.0842e-19,0.00845805,0.00865982,7.73935e-08,0.000201695,0.000201772,0.00866053,5,405,0,1,0
2017-12-18,404,45,14,20,Banks,0.397168,0.362691,53.3774,4.21595,0,0.0051944,0.00526421,-8.81936e-07,7.07007e-05,6.98187e-05,0.00527431,5,405,0,1,0
2017-12-19,403,45,14,20,Banks,0.335315,0.338804,53.1452,4.18617,1.89735e-19,-0.00277734,-0.00287655,-2.94185e-06,-9.62662e-05,-9.92081e-05,-0.00287304,5,404,0,1,0
2017-12-20,403,45,14,20,Banks,0.43552,0.404897,53.0135,4.19187,8.13152e-20,-0.000525608,-0.000660981,-2.00213e-06,-0.000133371,-0.000135373,-0.000655794,5,404,0,1,0
2017-12-21,403,45,14,20,Banks,0.355193,0.324846,52.843,4.18834,4.33681e-19,0.00155287,0.00160058,-5.92108e-08,4.77612e-05,4.7702e-05,0.00159541,5,404,0,1,0
2017-12-22,403,45,14,20,Banks,0.270623,0.273951,53.6177,4.16452,-1.0842e-19,-0.000394025,-0.000367097,-2.71979e-08,2.6956e-05,2.69288e-05,-0.000372198,5,404,0,1,0
2017-12-26,403,45,14,20,Banks,0.451319,0.423319,53.9368,4.17885,-2.1684e-19,-0.000689747,-0.000860312,-4.09739e-07,-0.000170156,-0.000170565,-0.000856738,5,404,0,1,0
2017-12-27,403,45,14,20,Banks,0.399531,0.38119,54.0242,4.19565,5.42101e-20,0.00105786,0.00108222,-9.5925e-07,2.53241e-05,2.43648e-05,0.00107669,5,404,0,1,0
2017-12-28,403,45,14,20,Banks,0.328514,0.278996,53.8307,4.19419,2.71051e-20,0.00211041,0.00215806,-1.65639e-06,4.93019e-05,4.76455e-05,0.00215762,5,404,0,1,0
2017-12-29,403,45,14,20,Banks,0.441783,0.404153,53.7836,4.18227,2.71051e-20,-0.00518699,-0.00523508,-1.98293e-06,-4.6106e-05,-4.80889e-05,-0.00523122,5,404,0,1,0
2018-01-02,403,45,14,20,Banks,0.60257,0.570835,53.9036,4.20994,0,0.00744489,0.0074255,8.83061e-06,-2.82214e-05,-1.93907e-05,0.00741681,5,404,0,1,0
2018-01-03,403,45,14,20,Banks,0.211082,0.129672,53.6845,4.23175,2.1684e-19,0.00590829,0.00568454,3.75791e-06,-0.000227502,-0.000223744,0.00567833,5,404,0,1,0
2018-01-04,404,45,14,21,Banks,0.243091,0.245357,53.9276,4.27297,1.35525e-19,0.0047196,0.00452601,-1.54064e-08,-0.000193578,-0.000193594,0.00455091,5,405,0,1,0
2018-01-05,404,45,14,21,Banks,0.276603,0.241995,53.9786,4.29728,5.42101e-20,0.00688866,0.00684854,2.54426e-06,-4.26601e-05,-4.01158e-05,0.00682589,5,405,0,1,0
2018-01-08,404,45,14,21,Banks,0.242272,0.20537,54.0904,4.28748,2.1684e-19,0.00151222,0.00150564,-5.7537e-07,-5.9986e-06,-6.57397e-06,0.00150123,5,405,0,1,0
2018-01-09,404,45,14,21,Banks,0.284365,0.264259,54.5267,4.31038,1.76183e-19,0.00169299,0.00155951,-1.59177e-06,-0.000131884,-0.000133476,0.00156623,5,405,0,1,0
2018-01-10,404,45,14,21,Banks,0.324765,0.310675,54.2087,4.29092,-1.0842e-19,-0.00114812,-0.00133919,3.206e-09,-0.000191078,-0.000191075,-0.00135017,5,405,0,1,0
2018-01-11,404,45,14,21,Banks,0.398646,0.416789,54.4124,4.28593,5.42101e-20,0.00721256,0.00719446,-3.91459e-06,-1.4189e-05,-1.81036e-05,0.00719705,5,405,0,1,0
2018-01-12,404,45,14,21,Banks,0.313234,0.308187,54.5869,4.27007,-5.42101e-20,0.00745685,0.007422,-3.17579e-06,-3.16676e-05,-3.48434e-05,0.00742536,5,405,0,1,0
2018-01-16,404,45,14,21,Banks,0.284033,0.278092,54.6963,4.25945,-1.6263e-19,-0.00318121,-0.00332048,5.72732e-06,-0.000144995,-0.000139267,-0.00332437,5,405,0,1,0
2018-01-17,404,45,14,21,Banks,0.284598,0.182706,54.3527,4.19561,1.0842e-19,0.0100155,0.00994884,-1.77957e-06,-6.48984e-05,-6.6678e-05,0.00994902,5,405,0,1,0
2018-01-18,405,45,14,21,Banks,0.20082,0.174726,54.7711,4.23203,-5.42101e-20,-0.00163996,-0.00170139,1.49009e-06,-6.29279e-05,-6.14378e-05,-0.00170397,5,406,0,1,0
2018-01-19,405,45,14,21,Banks,0.369047,0.312156,54.7006,4.18175,1.0842e-19,0.0043159,0.0042276,-5.4487e-06,-8.28497e-05,-8.82984e-05,0.00422403,5,406,0,1,0
2018-01-22,405,45,14,21,Banks,0.261241,0.204129,54.7386,4.13344,0,0.00714339,0.00715364,2.34727e-06,7.90608e-06,1.02533e-05,0.0071392,5,406,0,1,0
2018-01-23,405,45,14,21,Banks,0.281078,0.216756,54.7132,4.15594,3.25261e-19,0.00162452,0.00159387,3.72286e-06,-3.43743e-05,-3.06514e-05,0.00160556,5,406,0,1,0
2018-01-24,405,45,14,21,Banks,0.289837,0.230355,54.0693,4.10637,0,-0.000180239,-0.000286491,-1.78025e-08,-0.000106234,-0.000106251,-0.000281499,5,406,0,1,0
2018-01-25,405,45,14,21,Banks,0.559016,0.557602,54.2413,4.10138,-3.25261e-19,0.000186301,0.000265986,1.55762e-06,7.81275e-05,7.96851e-05,0.000256803,5,406,0,1,0
2018-01-26,405,45,14,21,Banks,0.321529,0.265675,54.3322,4.12527,0,0.0123483,0.0121929,-3.54722e-06,-0.000151883,-0.00015543,0.0122062,5,406,0,1,0
2018-01-29,405,45,14,21,Banks,0.342024,0.303218,54.6081,3.95282,0,-0.006507,-0.00669164,1.52796e-06,-0.000186171,-0.000184643,-0.0066867,5,406,0,1,0
2018-01-30,405,45,14,21,Banks,0.373913,0.322711,54.4427,3.93019,1.0842e-19,-0.0116757,-0.0112509,-1.90645e-06,0.000426655,0.000424748,-0.011243,5,406,0,1,0
2018-01-31,405,45,14,21,Rtail,0.4438,0.362238,54.3549,3.88242,-2.1684e-19,0.000251496,0.000445819,6.03205e-06,0.000188291,0.000194323,0.000444996,5,406,0,1,0
2018-02-01,405,45,14,21,Banks,0.199537,0.169442,54.4558,3.89022,-5.42101e-20,-0.00163086,-0.00172051,-8.02539e-06,-8.16258e-05,-8.96512e-05,-0.00172605,5,406,0,1,0
2018-02-02,405,45,14,21,Banks,0.288926,0.306717,54.5501,3.86792,-2.1684e-19,-0.0197289,-0.0196376,-1.53239e-06,9.2878e-05,9.13456e-05,-0.0196171,5,406,0,1,0
2018-02-05,405,45,14,21,Banks,0.41683,0.376122,54.4334,3.83843,1.0842e-19,-0.0409745,-0.040766,-3.45445e-06,0.000212009,0.000208555,-0.0407762,5,406,0,1,0
2018-02-06,405,45,14,21,Rtail,0.449148,0.356096,54.7361,3.89255,-3.79471e-19,0.0169326,0.0170138,1.52047e-05,6.59801e-05,8.11849e-05,0.0170006,5,406,0,1,0
2018-02-07,405,45,14,21,Rtail,0.253254,0.232826,54.6617,3.88082,-2.1684e-19,-0.00356829,-0.00392786,-1.76086e-06,-0.000357812,-0.000359572,-0.00393027,5,406,0,1,0
2018-02-08,405,45,14,21,Rtail,0.384366,0.36641,54.1063,3.88826,3.25261e-19,-0.0372975,-0.0371555,-2.23588e-06,0.000144209,0.000141973,-0.0371537,5,406,0,1,0
2018-02-09,405,45,14,21,Rtail,0.357114,0.312733,53.984,3.79506,-2.1684e-19,0.014363,0.0143158,-3.66044e-06,-4.36322e-05,-4.72926e-05,0.0143561,5,406,0,1,0
2018-02-12,405,45,14,21,Banks,0.316194,0.333456,54.5041,3.80404,2.71051e-20,0.0138263,0.0141639,3.22112e-06,0.000334355,0.000337576,0.014178,5,406,0,1,0
2018-02-13,405,45,14,21,Banks,0.232306,0.21732,54.5573,3.79471,-1.0842e-19,0.00345968,0.00362333,3.36265e-06,0.000160282,0.000163645,0.00361592,5,406,0,1,0
2018-02-14,405,45,14,21,Banks,0.412609,0.386345,54.2771,3.81285,-2.71051e-20,0.0127406,0.0127564,-1.6548e-06,1.74787e-05,1.58239e-05,0.0127412,5,406,0,1,0
2018-02-15,405,45,14,21,Banks,0.310185,0.237641,53.9459,3.81613,-1.6263e-19,0.0122677,0.0122348,5.46436e-06,-3.84016e-05,-3.29372e-05,0.0122343,5,406,0,1,0
2018-02-16,405,45,14,21,Banks,0.26095,0.220076,54.017,3.84543,1.0842e-19,0.000765321,0.0007079,-3.52748e-06,-5.38933e-05,-5.74208e-05,0.000716306,5,406,0,1,0
2018-02-20,405,45,14,21,Banks,0.389796,0.367758,53.8149,3.85922,2.1684e-19,-0.00730201,-0.00711057,2.04849e-06,0.000189382,0.000191431,-0.00709853,5,406,0,1,0
2018-02-21,405,45,14,21,Banks,0.301745,0.27164,54.1177,3.77041,-1.0842e-19,-0.00622179,-0.00613091,-1.44108e-06,9.23274e-05,9.08863e-05,-0.00612065,5,406,0,1,0
2018-02-22,405,45,14,21,Banks,0.312966,0.260893,54.497,3.78035,5.42101e-20,0.00120338,0.00125586,4.49764e-06,4.79796e-05,5.24772e-05,0.00126651,5,406,0,1,0
2018-02-23,405,45,14,21,Banks,0.345392,0.328411,54.6075,3.77111,1.6263e-19,0.0157238,0.0156555,-1.04596e-06,-6.73152e-05,-6.83611e-05,0.015643,5,406,0,1,0
2018-02-26,405,45,14,21,Banks,0.377796,0.357501,54.4375,3.75678,2.1684e-19,0.0115504,0.0114344,2.27565e-06,-0.000118309,-0.000116033,0.0114332,5,406,0,1,0
2018-02-27,405,45,14,21,Banks,0.316325,0.276879,54.7818,3.77849,-2.1684e-19,-0.0123021,-0.0122351,3.01837e-06,6.40142e-05,6.70326e-05,-0.012223,5,406,0,1,0
2018-02-28,405,45,14,21,Banks,0.295682,0.2989,55.3277,3.77218,2.1684e-19,-0.0104328,-0.0103986,8.88855e-07,3.33168e-05,3.42057e-05,-0.0104012,5,406,0,1,0
2018-03-01,405,45,14,21,Banks,0.434733,0.368592,55.649,3.79418,1.6263e-19,-0.0126395,-0.0126671,-1.94424e-06,-2.56715e-05,-2.76157e-05,-0.012686,5,406,0,1,0
2018-03-02,405,45,14,21,Banks,0.320414,0.27381,55.6187,3.75977,-1.6263e-19,0.00457873,0.00465767,5.83846e-07,7.83584e-05,7.89422e-05,0.00463971,5,406,0,1,0
2018-03-05,405,45,14,21,Banks,0.244891,0.269996,55.9701,3.75968,0,0.0108244,0.010746,3.28162e-06,-8.16944e-05,-7.84128e-05,0.010737,5,406,0,1,0
2018-03-06,405,45,14,21,Banks,0.344648,0.298631,55.4278,3.73447,-1.0842e-19,0.00264335,0.0025652,-2.0313e-06,-7.61127e-05,-7.8144e-05,0.00257619,5,406,0,1,0
2018-03-07,405,45,14,21,Banks,0.326608,0.370943,55.5049,3.76038,0,-0.00138164,-0.00138008,1.65708e-06,-9.7042e-08,1.56004e-06,-0.00132734,5,406,0,1,0
2018-03-08,406,45,14,21,Banks,0.199701,0.196037,53.8747,3.75843,-1.0842e-19,0.004241,0.00443581,1.46405e-06,0.000193337,0.000194801,0.00443657,5,407,0,1,0
2018-03-09,406,45,14,21,Banks,0.464954,0.444852,54.8028,3.76782,0,0.016705,0.0167263,-4.39871e-06,2.57479e-05,2.13492e-05,0.0167361,5,407,0,1,0
2018-03-12,406,45,14,21,Banks,0.377009,0.358566,54.8522,3.76364,5.42101e-20,-0.00127777,-0.00116177,7.75238e-06,0.000108255,0.000116007,-0.00118862,5,407,0,1,0
2018-03-13,406,45,14,21,Banks,0.268769,0.204137,54.6939,3.75207,1.0842e-19,-0.00547892,-0.00554122,-2.31907e-06,-5.99779e-05,-6.22969e-05,-0.00554305,5,407,0,1,0
2018-03-14,406,45,14,21,Banks,0.308893,0.242504,55.0055,3.76499,1.0842e-19,-0.00626188,-0.00638478,2.02844e-06,-0.000124935,-0.000122906,-0.00638298,5,407,0,1,0
2018-03-15,406,45,14,21,Rtail,0.264386,0.264551,55.1164,3.77925,-4.06576e-20,-0.000389751,-0.000515063,9.90852e-07,-0.000126303,-0.000125312,-0.000506475,5,407,0,1,0
2018-03-16,406,45,14,21,Rtail,0.252652,0.241012,55.1011,3.7894,0,0.00220529,0.00220436,-5.2122e-06,4.28867e-06,-9.2354e-07,0.00220354,5,407,0,1,0
2018-03-19,406,45,14,21,Rtail,0.398905,0.38032,54.8852,3.78207,-1.6263e-19,-0.0128533,-0.0128036,-4.83511e-06,5.44638e-05,4.96287e-05,-0.0127814,5,407,0,1,0
2018-03-20,407,45,14,21,Banks,0.42441,0.399539,55.5671,3.77634,2.1684e-19,0.00184044,0.00194949,-6.08806e-07,0.000109661,0.000109052,0.00195315,5,408,0,1,0
2018-03-21,407,45,14,21,Rtail,0.516805,0.510263,55.4817,3.74023,3.25261e-19,-0.00226957,-0.00237848,-3.90804e-06,-0.000105005,-0.000108913,-0.00237238,5,408,0,1,0
2018-03-22,407,45,14,21,Rtail,0.536534,0.520295,55.6244,3.7655,5.42101e-20,-0.0251895,-0.0251242,4.50677e-06,6.07341e-05,6.52409e-05,-0.0251192,5,408,0,1,0
2018-03-23,407,45,14,21,Rtail,0.473345,0.456991,55.4031,3.66402,-1.0842e-19,-0.0211279,-0.0211488,-4.53261e-06,-1.63138e-05,-2.08464e-05,-0.0211327,5,408,0,1,0
2018-03-26,407,45,14,21,Rtail,0.526845,0.42098,54.8298,3.64603,1.0842e-19,0.0274582,0.0277973,3.2764e-06,0.000335794,0.000339071,0.0277964,5,408,0,1,0
2018-03-27,407,45,14,21,Rtail,0.749298,0.68045,55.5379,3.67081,2.1684e-19,-0.0163549,-0.0163948,-6.54628e-06,-3.34365e-05,-3.99828e-05,-0.0163951,5,408,0,1,0
2018-03-28,407,45,14,21,Rtail,0.568313,0.547982,55.7917,3.70868,0,-0.00294604,-0.00317307,-3.56305e-06,-0.00022346,-0.000227023,-0.00317159,5,408,0,1,0
2018-03-29,407,45,14,21,Rtail,0.455409,0.402532,55.5778,3.69862,-2.1684e-19,0.012864,0.0128275,-2.15123e-06,-3.42908e-05,-3.6442e-05,0.0128254,5,408,0,1,0
2018-04-02,407,45,14,21,Rtail,0.410323,0.376227,55.541,3.71035,1.0842e-19,-0.0224311,-0.0225448,-1.66135e-06,-0.00011205,-0.000113712,-0.0225506,5,408,0,1,0
2018-04-03,407,45,14,21,Rtail,0.290797,0.253518,55.3585,3.71139,1.35525e-19,0.0130494,0.0131327,1.09751e-06,8.21487e-05,8.32462e-05,0.0131303,5,408,0,1,0
2018-04-04,407,45,14,21,Banks,0.447147,0.411077,55.1442,3.69704,-4.33681e-19,0.0116735,0.0117484,7.90609e-07,7.40919e-05,7.48825e-05,0.0117352,5,408,0,1,0
2018-04-05,408,45,14,21,Rtail,0.369925,0.335416,55.1028,3.70143,0,0.00669296,0.00690808,3.81465e-06,0.000211297,0.000215111,0.00691238,5,409,0,1,0
2018-04-06,408,45,14,21,Rtail,0.364282,0.336764,55.0143,3.68929,-1.6263e-19,-0.0222409,-0.0223442,-2.80586e-07,-0.000102969,-0.00010325,-0.0223607,5,409,0,1,0
2018-04-09,408,45,14,21,Rtail,0.297304,0.259626,54.6642,3.63552,1.35525e-19,0.00327609,0.00332101,1.06052e-06,4.38638e-05,4.49243e-05,0.00330606,5,409,0,1,0
2018-04-10,408,45,14,21,Banks,0.577038,0.562311,54.9354,3.61913,3.25261e-19,0.0161093,0.0160014,2.28993e-06,-0.000110191,-0.000107901,0.01601,5,409,0,1,0
2018-04-11,408,45,14,21,Banks,0.366429,0.337595,54.9493,3.59225,1.0842e-19,-0.00578816,-0.0058084,-1.54608e-06,-1.86926e-05,-2.02387e-05,-0.00582395,5,409,0,1,0
2018-04-12,408,45,14,21,Rtail,0.588399,0.546916,54.7319,3.60044,-3.25261e-19,0.00878703,0.00865264,2.29836e-06,-0.000136693,-0.000134394,0.00864664,5,409,0,1,0
2018-04-13,408,45,14,21,Banks,0.525324,0.444057,54.7239,3.61399,-2.1684e-19,-0.00321241,-0.00321024,1.0566e-06,1.11978e-06,2.17639e-06,-0.00320715,5,409,0,1,0
2018-04-16,408,45,14,21,Rtail,0.266855,0.257272,54.5387,3.6058,-2.1684e-19,0.0079428,0.00798362,-4.26444e-06,4.50873e-05,4.08229e-05,0.00798288,5,409,0,1,0
2018-04-17,408,45,14,21,Rtail,0.488953,0.412529,54.4368,3.59643,-4.33681e-19,0.0101797,0.0101857,6.74777e-06,-8.24208e-07,5.92356e-06,0.0101974,5,409,0,1,0
2018-04-18,408,45,14,21,Rtail,0.359205,0.338587,54.5667,3.59638,-1.0842e-19,0.000767497,0.0010231,-2.71891e-06,0.000258321,0.000255602,0.00102849,5,409,0,1,0
2018-04-19,408,45,14,21,Rtail,0.593065,0.480039,54.3095,3.57855,4.33681e-19,-0.00628404,-0.00625811,-1.86429e-06,2.77971e-05,2.59328e-05,-0.00625636,5,409,0,1,0
2018-04-20,408,45,14,21,Rtail,0.29402,0.211453,54.383,3.47384,1.0842e-19,-0.00822095,-0.00855402,-4.11972e-06,-0.000328942,-0.000333062,-0.00854365,5,409,0,1,0
2018-04-23,408,45,14,21,Rtail,0.368639,0.362582,53.6964,3.50486,1.52466e-20,-0.0002508,-0.000184237,-1.27115e-06,6.78339e-05,6.65627e-05,-0.000191558,5,409,0,1,0
2018-04-24,408,45,14,21,Rtail,0.457775,0.400391,53.6066,3.5454,2.1684e-19,-0.0121206,-0.0122792,-2.95357e-06,-0.000155649,-0.000158603,-0.0123184,5,409,0,1,0
2018-04-25,408,45,14,21,Rtail,0.242585,0.201829,53.5673,3.53595,9.48677e-20,0.00178144,0.00179149,-2.33556e-06,1.23867e-05,1.00511e-05,0.00177459,5,409,0,1,0
2018-04-26,408,45,14,21,Rtail,0.296846,0.226555,53.0365,3.55717,5.96311e-19,0.00932222,0.00921747,1.06701e-05,-0.000115416,-0.000104746,0.00920718,5,409,0,1,0
2018-04-27,408,45,14,21,Rtail,0.283172,0.30729,52.9342,3.53462,1.0842e-19,0.00109914,0.00140512,4.20382e-06,0.000301769,0.000305972,0.00138697,5,409,0,1,0
2018-04-30,408,45,14,21,Rtail,0.294567,0.260494,53.1852,3.50929,0,-0.00761368,-0.00756697,4.25907e-06,4.24489e-05,4.6708e-05,-0.00757489,5,409,0,1,0
2018-05-01,408,45,14,21,Rtail,0.258,0.226419,53.3696,3.51389,-2.1684e-19,0.00153066,0.00188351,1.03576e-06,0.000351814,0.000352849,0.00191069,5,409,0,1,0
2018-05-02,408,45,14,21,Rtail,0.257636,0.222075,53.5048,3.52959,-3.25261e-19,-0.00755997,-0.00715613,4.405e-06,0.000399441,0.000403846,-0.00715633,5,409,0,1,0
2018-05-03,408,45,14,21,Rtail,0.336821,0.309941,54.0563,3.55281,-1.35525e-19,-0.00161235,-0.0015844,1.25084e-06,2.67016e-05,2.79524e-05,-0.00156554,5,409,0,1,0
2018-05-04,408,45,14,21,Rtail,0.281636,0.230269,54.2756,3.56607,-1.35525e-20,0.0121742,0.0123086,-3.7526e-07,0.000134788,0.000134413,0.0123065,5,409,0,1,0
2018-05-07,408,45,14,21,Rtail,0.305498,0.245775,53.9478,3.58268,-2.1684e-19,0.00313659,0.00320098,3.88634e-06,6.04987e-05,6.4385e-05,0.00320112,5,409,0,1,0
2018-05-08,408,45,14,21,Rtail,0.489814,0.462855,53.9374,3.61317,-5.42101e-19,-0.000344701,-0.000397486,-3.7558e-06,-4.90292e-05,-5.2785e-05,-0.000385059,5,409,0,1,0
2018-05-09,408,45,14,21,Rtail,0.447355,0.255542,54.0447,3.63808,-1.55854e-19,0.00829913,0.00816317,2.85665e-07,-0.000136244,-0.000135958,0.00816923,5,409,0,1,0
2018-05-10,408,45,14,21,Rtail,0.243311,0.240145,54.5597,3.62013,5.42101e-20,0.009117,0.00921098,-6.27185e-07,9.4607e-05,9.39798e-05,0.00920457,5,409,0,1,0
2018-05-11,408,45,14,21,Rtail,0.188776,0.146316,54.385,3.64044,0,0.00223373,0.00213855,-2.3227e-06,-9.28611e-05,-9.51838e-05,0.00213706,5,409,0,1,0
2018-05-14,408,45,14,21,Rtail,0.29182,0.28591,54.4356,3.67016,5.42101e-20,0.00103033,0.000896415,3.25368e-06,-0.000137171,-0.000133918,0.000906496,5,409,0,1,0
2018-05-15,408,45,14,21,Rtail,0.322399,0.306859,54.5211,3.68906,3.79471e-19,-0.00635158,-0.00640925,-3.2691e-06,-5.44106e-05,-5.76797e-05,-0.00640207,5,409,0,1,0
2018-05-16,408,45,14,21,Rtail,0.319495,0.306226,54.3219,3.69212,-4.06576e-20,0.0046898,0.00464513,3.38777e-06,-4.80544e-05,-4.46666e-05,0.00464795,5,409,0,1,0
2018-05-17,408,45,14,21,Rtail,0.364083,0.338432,54.4046,3.71679,2.1684e-19,-0.00113811,-0.00120353,-5.88863e-06,-5.95363e-05,-6.54249e-05,-0.00119261,5,409,0,1,0
2018-05-18,408,45,14,21,Rtail,0.305858,0.293131,54.3434,3.71945,0,-0.0022519,-0.00220763,-3.45686e-06,4.77219e-05,4.42651e-05,-0.00219622,5,409,0,1,0
2018-05-21,408,45,14,21,Rtail,0.313268,0.275716,54.5072,3.73239,0,0.00745518,0.00745115,3.91641e-06,-7.9471e-06,-4.03069e-06,0.00743694,5,409,0,1,0
2018-05-22,408,45,14,21,Rtail,0.349441,0.341298,54.5138,3.75313,5.42101e-20,-0.00307715,-0.0030558,3.3122e-06,1.80444e-05,2.13566e-05,-0.00307692,5,409,0,1,0
2018-05-23,408,45,14,21,Rtail,0.284934,0.239588,54.4096,3.76713,-1.6263e-19,0.00305567,0.00309349,4.35068e-06,3.34687e-05,3.78193e-05,0.00309061,5,409,0,1,0
2018-05-24,408,45,14,21,Rtail,0.328445,0.277105,54.5569,3.77177,-1.0842e-19,-0.00192192,-0.00206434,-3.87078e-07,-0.000142029,-0.000142416,-0.00206102,5,409,0,1,0
2018-05-25,408,45,14,21,Rtail,0.495307,0.464426,54.3174,3.79741,-1.0842e-19,-0.00220077,-0.00208046,6.86148e-06,0.000113451,0.000120312,-0.00208878,5,409,0,1,0
2018-05-29,408,45,14,21,Rtail,0.544049,0.490183,54.5295,3.80433,1.6263e-19,-0.0118896,-0.0117263,5.79428e-06,0.000157469,0.000163263,-0.0117366,5,409,0,1,0
2018-05-30,408,45,14,21,Rtail,0.35205,0.294047,54.3936,3.786,-8.13152e-20,0.0131291,0.0129534,-5.31817e-06,-0.000170362,-0.00017568,0.01294,5,409,0,1,0
2018-05-31,408,45,14,21,Rtail,0.226318,0.227501,54.5073,3.81214,0,-0.00823706,-0.00801391,1.20156e-06,0.000221944,0.000223146,-0.00802914,5,409,0,1,0
2018-06-01,408,45,14,21,Rtail,0.484502,0.457173,54.8381,3.85829,0,0.0102433,0.0102752,-3.19948e-06,3.51665e-05,3.1967e-05,0.0102814,5,409,0,1,0
2018-06-04,408,45,14,21,Rtail,0.172523,0.171238,54.7268,3.89636,2.71051e-20,0.00491774,0.00475608,2.79302e-06,-0.000164453,-0.00016166,0.00475744,5,409,0,1,0
2018-06-05,408,45,14,21,Rtail,0.346318,0.3651,54.6005,3.94411,1.0842e-19,0.000586168,0.000760035,-2.2413e-06,0.000176109,0.000173868,0.000756787,5,409,0,1,0
2018-06-06,408,45,14,21,Rtail,0.495677,0.456446,54.9339,4.00408,3.25261e-19,0.00928668,0.00918037,-7.1852e-07,-0.000105595,-0.000106313,0.00917988,5,409,0,1,0
2018-06-07,408,45,14,21,Rtail,0.405347,0.353055,54.9198,4.05619,5.42101e-20,-0.000456948,-0.000443034,-2.12254e-07,1.41261e-05,1.39138e-05,-0.000393101,5,409,0,1,0
2018-06-08,408,45,14,21,Rtail,0.4128,0.383265,54.7661,4.05069,0,0.0030515,0.0029534,-1.40567e-06,-9.66948e-05,-9.81004e-05,0.00295623,5,409,0,1,0
2018-06-11,407,45,14,21,Rtail,0.172475,0.172071,54.5416,4.00478,5.42101e-20,0.000709704,0.000545936,8.60382e-07,-0.000164628,-0.000163768,0.000547892,5,408,0,1,0
2018-06-12,407,45,14,21,Rtail,0.326689,0.324819,54.438,3.99469,-5.42101e-20,0.00124412,0.00133135,1.87814e-06,8.53491e-05,8.72273e-05,0.00132821,5,408,0,1,0
2018-06-13,407,45,14,21,Rtail,0.463763,0.524723,54.5078,3.98696,-1.0842e-19,-0.00443588,-0.00454113,2.15288e-08,-0.000105272,-0.00010525,-0.00453871,5,408,0,1,0
2018-06-14,407,45,14,21,Rtail,0.316046,0.293606,57.9693,3.99477,5.42101e-20,0.00145749,0.00163508,-6.39406e-08,0.00017765,0.000177586,0.00166634,5,408,0,1,0
2018-06-15,407,45,14,21,Rtail,0.490488,0.406195,58.2384,3.97214,-2.1684e-19,-0.000660226,-0.000850411,-6.12308e-07,-0.000189572,-0.000190185,-0.000834021,5,408,0,1,0
2018-06-18,407,45,14,21,Rtail,0.460333,0.388342,58.0899,3.92341,0,-0.00350419,-0.00335386,2.50151e-07,0.000150071,0.000150321,-0.0033551,5,408,0,1,0
2018-06-19,406,45,14,21,Rtail,0.499825,0.477625,58.3817,3.86146,1.6263e-19,-0.00396668,-0.00391838,8.83443e-07,4.74109e-05,4.82944e-05,-0.00393571,5,407,0,1,0
2018-06-20,406,45,14,21,Rtail,0.256981,0.225293,57.8544,3.83477,-2.71051e-20,0.000172862,0.000573048,2.35958e-06,0.000397826,0.000400186,0.000568701,5,407,0,1,0
2018-06-21,406,45,14,21,Rtail,0.291779,0.268511,57.9143,3.83031,0,-0.00592525,-0.0060199,1.40624e-06,-9.6058e-05,-9.46517e-05,-0.00602376,5,407,0,1,0
2018-06-22,406,45,14,21,Rtail,0.421885,0.339752,58.2844,3.84677,4.33681e-19,0.00176594,0.00183978,-2.23506e-06,7.60764e-05,7.38414e-05,0.00183295,5,407,0,1,0
2018-06-25,406,45,14,21,Rtail,0.635429,0.585658,58.6747,3.89988,2.1684e-19,-0.0131113,-0.0131349,-5.43096e-06,-1.82178e-05,-2.36487e-05,-0.0131216,5,407,0,1,0
2018-06-26,406,45,14,21,Rtail,0.377656,0.283641,58.1894,3.90249,1.0842e-19,0.00217711,0.00223906,8.6752e-06,5.32788e-05,6.1954e-05,0.00219519,5,407,0,1,0
2018-06-27,406,45,14,21,Rtail,0.51237,0.422154,58.4306,3.92096,-5.42101e-20,-0.00852256,-0.0085155,1.82523e-06,5.23838e-06,7.06361e-06,-0.00851176,5,407,0,1,0
2018-06-28,406,45,14,21,Rtail,0.34691,0.281867,58.3948,3.8988,1.0842e-19,0.00616149,0.00627665,4.92932e-06,0.00011023,0.00011516,0.00628566,5,407,0,1,0
2018-06-29,406,45,14,21,Rtail,0.238467,0.145957,58.5489,3.8738,-1.82959e-19,0.00124849,0.00124717,-4.6993e-06,3.37242e-06,-1.32688e-06,0.00126746,5,407,0,1,0
2018-07-02,406,45,14,21,Rtail,0.431263,0.37064,58.5741,3.82541,-1.0842e-19,0.00241402,0.00247708,1.59776e-06,6.14634e-05,6.30612e-05,0.00246938,5,407,0,1,0
2018-07-03,407,45,14,21,Rtail,0.579134,0.500559,58.4103,3.83506,4.33681e-19,-0.00422346,-0.00421607,-2.28734e-06,9.67615e-06,7.38882e-06,-0.00421447,5,408,0,1,0
2018-07-05,407,45,14,21,Rtail,0.383238,0.33073,58.3879,3.87262,8.13152e-20,0.00801348,0.00795793,1.75385e-06,-5.73002e-05,-5.55463e-05,0.00795765,5,408,0,1,0
2018-07-06,407,45,14,21,Rtail,0.232288,0.212003,58.301,3.84193,1.0842e-19,0.00800943,0.00799368,-6.08871e-08,-1.56901e-05,-1.5751e-05,0.00798461,5,408,0,1,0
2018-07-09,407,45,14,21,Rtail,0.72559,0.727365,58.5443,3.79294,1.0842e-19,0.00909008,0.00919243,-2.08542e-06,0.000104435,0.000102349,0.00919181,5,408,0,1,0
2018-07-10,407,45,14,21,Rtail,0.369712,0.314848,58.664,3.83073,2.71051e-19,0.00414813,0.00398957,1.47995e-06,-0.00016004,-0.00015856,0.00397059,5,408,0,1,0
2018-07-11,407,45,14,21,Rtail,0.511404,0.474802,58.6389,3.80973,-1.0842e-19,-0.00737808,-0.0073391,2.1202e-06,3.68582e-05,3.89784e-05,-0.00734338,5,408,0,1,0
2018-07-12,407,45,14,21,Rtail,0.234798,0.25298,58.2214,3.77681,5.42101e-20,0.00792759,0.00805988,5.10074e-07,0.000131778,0.000132288,0.00806133,5,408,0,1,0
2018-07-13,407,45,14,21,Rtail,0.326851,0.312944,58.258,3.76253,1.49078e-19,0.000689886,0.000943513,-3.7681e-06,0.000257395,0.000253627,0.000946606,5,408,0,1,0
2018-07-16,407,45,14,21,Rtail,0.557417,0.431173,58.3708,3.7837,-6.50521e-19,-0.000537628,-0.000588264,5.06991e-06,-5.57055e-05,-5.06356e-05,-0.00060003,5,408,0,1,0
2018-07-17,407,45,14,21,Rtail,0.348758,0.303876,58.2407,3.76903,2.1684e-19,0.0035339,0.00368023,-2.39371e-06,0.000148723,0.000146329,0.00369361,5,408,0,1,0
2018-07-18,407,45,14,21,Rtail,0.442837,0.435354,58.2631,3.76311,-1.0842e-19,0.00176014,0.00156738,-4.89395e-06,-0.000187872,-0.000192766,0.00156447,5,408,0,1,0
2018-07-19,407,45,14,21,Rtail,0.366843,0.355507,57.7498,3.73799,4.87891e-19,-0.00366973,-0.00371594,9.08041e-07,-4.71141e-05,-4.62061e-05,-0.00370977,5,408,0,1,0
2018-07-20,407,45,14,21,Rtail,0.304316,0.23741,57.8219,3.77556,0,-0.00115228,-0.000947852,2.1274e-06,0.000202303,0.00020443,-0.000946455,5,408,0,1,0
2018-07-23,407,45,14,21,Rtail,0.489537,0.498656,57.7948,3.77137,2.1684e-19,0.00112909,0.00117589,5.19707e-07,4.6281e-05,4.68007e-05,0.00115049,5,408,0,1,0
2018-07-24,407,45,14,21,Rtail,0.365139,0.299188,57.7458,3.8114,0,0.00352452,0.00363601,5.58889e-06,0.000105898,0.000111487,0.0036514,5,408,0,1,0
2018-07-25,407,45,14,21,Rtail,0.354039,0.306712,57.5953,3.80235,-1.0842e-19,0.00900418,0.00907282,1.46761e-06,6.71735e-05,6.86412e-05,0.00908757,5,408,0,1,0
2018-07-26,407,45,14,21,Rtail,0.36369,0.366776,57.7424,3.81979,-1.0842e-19,0.000936661,0.000642082,-5.56922e-06,-0.00028901,-0.000294579,0.000679203,5,408,0,1,0
2018-07-27,407,45,14,21,Rtail,0.269917,0.232762,57.4466,3.87107,3.79471e-19,-0.00590764,-0.00578126,4.99475e-06,0.000121381,0.000126376,-0.00579701,5,409,0,2,0
2018-07-30,407,45,14,21,Rtail,0.494397,0.402606,57.6461,3.805,4.33681e-19,-0.00548688,-0.00540027,1.15021e-07,8.64918e-05,8.66068e-05,-0.00538916,5,409,0,2,0
2018-07-31,407,45,14,21,Rtail,0.261718,0.217916,57.4928,3.81436,0,0.00510908,0.00509347,-9.06924e-07,-1.46978e-05,-1.56047e-05,0.00512597,5,409,0,2,0
2018-08-01,407,45,14,21,Rtail,0.385509,0.27769,57.4308,3.7244,4.33681e-19,-0.00120974,-0.000564468,1.16307e-05,0.000633644,0.000645275,-0.000582865,5,409,0,2,0
2018-08-02,407,45,14,21,Rtail,0.295959,0.135167,57.731,3.79193,-2.1684e-19,0.00463621,0.00498738,6.94825e-08,0.000351094,0.000351163,0.00497887,5,409,0,2,0
2018-08-03,407,45,14,21,Rtail,0.269399,0.223195,57.6472,3.79074,-1.35525e-19,0.00558888,0.0053733,-5.11551e-07,-0.000215066,-0.000215577,0.00537246,5,409,0,2,0
2018-08-06,408,45,14,21,Rtail,0.469328,0.490599,57.6127,3.75478,8.13152e-20,0.00230143,0.00234779,-3.05384e-07,4.66641e-05,4.63587e-05,0.00234934,5,409,0,1,0
2018-08-07,408,45,14,21,Rtail,0.240537,0.223885,57.5305,3.71936,0,0.0026663,0.00250919,-1.59232e-07,-0.000156954,-0.000157113,0.00250488,5,409,0,1,0
2018-08-08,408,45,14,21,Rtail,0.303516,0.277341,57.6566,3.72928,0,-0.000345189,-0.000332656,-5.14829e-07,1.30485e-05,1.25336e-05,-0.000332326,5,409,0,1,0
2018-08-09,408,45,14,21,Rtail,0.235188,0.225229,57.7266,3.76789,-5.42101e-20,-0.00193647,-0.00159828,-1.1969e-06,0.00033938,0.000338183,-0.00160297,5,409,0,1,0
2018-08-10,408,45,14,21,Rtail,0.37075,0.350827,57.8629,3.7959,-1.0842e-19,-0.00659511,-0.0066765,-8.9887e-08,-8.12965e-05,-8.13863e-05,-0.00668967,5,409,0,1,0
2018-08-13,408,45,14,21,Rtail,0.30826,0.264981,57.7318,3.78418,-2.71051e-20,-0.00414228,-0.003968,2.91929e-06,0.000171367,0.000174286,-0.0039683,5,409,0,1,0
2018-08-14,408,45,14,21,Rtail,0.298067,0.302586,57.7655,3.78867,2.1684e-19,0.00620106,0.00623317,-1.59656e-06,3.37084e-05,3.21119e-05,0.00623921,5,409,0,1,0
2018-08-15,408,45,14,21,Rtail,0.504063,0.438931,57.7935,3.84055,3.25261e-19,-0.00658832,-0.0065052,3.40196e-06,7.97233e-05,8.31253e-05,-0.00650628,5,409,0,1,0
2018-08-16,408,45,14,21,Rtail,0.32376,0.215831,57.5197,3.81371,2.1684e-19,0.0097863,0.00974994,-6.54764e-07,-3.57112e-05,-3.6366e-05,0.00975399,5,409,0,1,0
2018-08-17,408,45,14,21,Rtail,0.251437,0.19706,57.3761,3.75718,2.1684e-19,0.00337038,0.00358826,4.70672e-07,0.000217409,0.00021788,0.00358587,5,409,0,1,0
2018-08-20,408,45,14,21,Rtail,0.313965,0.306127,57.2,3.79323,5.42101e-20,0.00238094,0.00206497,-1.98968e-06,-0.000313984,-0.000315974,0.00206393,5,409,0,1,0
2018-08-21,408,45,14,21,Rtail,0.426035,0.407982,57.3382,3.81006,-1.6263e-19,0.00239532,0.00218421,-7.4207e-07,-0.000210373,-0.000211115,0.00218801,5,409,0,1,0
2018-08-22,408,45,14,21,Rtail,0.43414,0.383784,57.1771,3.80365,-2.71051e-20,-0.00053366,-0.000657787,-1.24081e-06,-0.000122886,-0.000124127,-0.000659678,5,409,0,1,0
2018-08-23,408,45,14,21,Rtail,0.321719,0.277954,57.7182,3.84886,1.35525e-19,-0.00137205,-0.00153518,4.61632e-07,-0.000163594,-0.000163132,-0.00153808,5,409,0,1,0
2018-08-24,408,45,14,21,Rtail,0.313289,0.24839,57.7851,3.8279,0,0.00598573,0.00574458,-9.36045e-07,-0.000240207,-0.000241143,0.00574414,5,409,0,1,0
2018-08-27,408,45,14,21,Rtail,0.508815,0.496806,57.4638,3.79609,-5.42101e-20,0.00705213,0.00715825,-5.68426e-07,0.000106687,0.000106119,0.00716021,5,409,0,1,0
2018-08-28,408,45,14,21,Rtail,0.261221,0.245121,57.4838,3.82765,1.76183e-19,0.0005594,0.000701702,4.39539e-07,0.000141863,0.000142302,0.000700543,5,409,0,1,0
2018-08-29,409,45,14,21,Rtail,0.289562,0.173435,57.9425,3.83073,-5.42101e-20,0.00538292,0.00570423,1.27164e-06,0.00032004,0.000321311,0.00570123,5,410,0,1,0
2018-08-30,409,45,14,21,Rtail,0.21953,0.213946,57.7636,3.80499,-1.6263e-19,-0.00439486,-0.00417576,2.18454e-06,0.000216915,0.0002191,-0.00417833,5,410,0,1,0
2018-08-31,409,45,14,21,Rtail,0.379451,0.348837,57.3261,3.85413,0,0.00108801,0.00112963,7.73943e-07,4.08492e-05,4.16232e-05,0.0011299,5,410,0,1,0
2018-09-04,409,45,14,21,Rtail,0.322997,0.298231,57.3656,3.87021,0,-0.000585898,-0.0005943,4.10876e-07,-8.81325e-06,-8.40237e-06,-0.000620561,5,410,0,1,0
2018-09-05,409,45,14,21,Rtail,0.526392,0.434434,57.5552,3.85152,2.1684e-19,-0.00291525,-0.0028656,3.3745e-06,4.62832e-05,4.96577e-05,-0.0027939,5,411,0,2,0
2018-09-06,409,45,14,21,Rtail,0.434779,0.409606,57.5756,3.84981,-3.25261e-19,-0.00257745,-0.00288857,-5.42902e-07,-0.000310577,-0.000311119,-0.00287997,5,411,0,2,0
2018-09-07,409,45,14,21,Rtail,0.188857,0.200911,57.2251,3.85025,2.71051e-20,-0.00219564,-0.00244972,4.53111e-07,-0.000254529,-0.000254076,-0.00243351,5,411,0,2,0
2018-09-10,409,45,14,21,Rtail,0.322568,0.268764,57.5894,3.84894,-9.48677e-20,0.00224857,0.00199647,-4.39121e-06,-0.000247709,-0.0002521,0.00197419,5,412,0,3,0
2018-09-11,409,45,14,21,Rtail,0.376096,0.250414,57.7626,3.84114,-1.0842e-19,0.00304583,0.00351427,3.99145e-06,0.000464454,0.000468445,0.00350631,5,412,0,3,0
2018-09-12,409,45,14,21,Rtail,0.39905,0.328247,58.1294,3.84067,-2.1684e-19,0.00139797,0.00117006,-6.51312e-06,-0.000221396,-0.000227909,0.00117756,5,412,0,3,0
2018-09-13,409,45,14,21,Rtail,0.351192,0.31706,58.1014,3.82644,-2.1684e-19,0.00547916,0.00568774,1.1428e-05,0.000197156,0.000208584,0.00570171,5,412,0,3,0
2018-09-14,409,45,14,21,Rtail,0.304517,0.261682,58.4535,3.79682,-1.0842e-19,0.000281201,9.32137e-05,5.63231e-06,-0.00019362,-0.000187988,0.000110924,5,412,0,3,0
2018-09-17,409,45,14,21,Rtail,0.482891,0.408754,58.4218,3.82159,1.35525e-19,-0.005229,-0.00555957,-5.96062e-06,-0.000324602,-0.000330563,-0.00547339,5,412,0,3,0
2018-09-18,409,45,14,21,Rtail,0.303475,0.29743,58.5402,3.78658,1.0842e-19,0.00562708,0.00556278,-3.24863e-06,-6.10571e-05,-6.43058e-05,0.0055477,5,412,0,3,0
2018-09-19,409,45,14,21,Rtail,0.575814,0.528907,58.303,3.78627,4.33681e-19,0.000465037,0.000448813,3.39596e-05,-5.01831e-05,-1.62235e-05,0.000408848,5,412,0,3,0
2018-09-20,409,45,14,21,Rtail,0.304175,0.271837,58.0704,3.75197,0,0.00757576,0.00766017,1.27823e-05,7.16321e-05,8.44143e-05,0.00766917,5,412,0,3,0
2018-09-21,409,45,14,21,Rtail,0.245883,0.150609,57.9373,3.75333,8.13152e-20,0.000550743,0.00038705,-2.90719e-06,-0.000160786,-0.000163693,0.000391199,5,412,0,3,0
2018-09-24,409,45,14,21,Rtail,0.556727,0.502176,57.6738,3.73109,0,-0.00422333,-0.00414421,-6.81087e-06,8.59348e-05,7.9124e-05,-0.00411384,5,412,0,3,0
2018-09-25,409,45,14,21,Rtail,0.377201,0.332334,57.9916,3.71871,0,-0.00182409,-0.00170565,-6.10532e-07,0.000119047,0.000118437,-0.00171955,5,412,0,3,0
2018-09-26,409,45,14,21,Rtail,0.424962,0.36879,57.924,3.70102,3.25261e-19,-0.00363694,-0.00387295,-4.05121e-06,-0.000231959,-0.00023601,-0.00386141,5,412,0,3,0
2018-09-27,409,45,14,21,Rtail,0.315404,0.293006,57.8472,3.69798,-3.25261e-19,0.00234042,0.00261744,2.47354e-06,0.000274542,0.000277016,0.00260484,5,412,0,3,0
2018-09-28,409,45,14,21,Rtail,0.338992,0.324715,57.837,3.707,0,0.000448156,0.000443237,-6.47976e-06,1.56037e-06,-4.91939e-06,0.000437384,5,412,0,3,0
2018-10-01,409,45,14,21,Rtail,0.366857,0.314458,58.179,3.72517,0,0.00439294,0.00413576,1.90436e-05,-0.000276221,-0.000257177,0.00410868,5,412,0,3,0
2018-10-02,410,45,14,21,Rtail,0.453865,0.442308,58.3205,3.74111,1.0842e-19,-0.000511421,-0.000323337,1.19767e-05,0.000176108,0.000188084,-0.000318895,5,412,0,2,0
2018-10-03,410,45,14,21,Rtail,0.426634,0.425001,58.2429,3.77297,1.0842e-19,-0.000244911,-0.00028723,9.44765e-07,-4.32638e-05,-4.2319e-05,-0.000279182,5,412,0,2,0
2018-10-04,410,45,14,21,Rtail,0.504608,0.443916,58.5548,3.77987,5.42101e-20,-0.00726296,-0.00744511,-3.38293e-07,-0.000181815,-0.000182153,-0.00742462,5,412,0,2,0
2018-10-05,410,45,14,21,Rtail,0.526153,0.508434,58.3679,3.75539,-2.1684e-19,-0.00562181,-0.00573972,-1.35087e-05,-0.000104408,-0.000117916,-0.00571142,5,412,0,2,0
2018-10-08,410,45,14,21,Rtail,0.604726,0.575769,57.8264,3.77183,0,-0.000575684,-0.000443339,-5.57454e-06,0.00013792,0.000132345,-0.000450564,5,412,0,2,0
2018-10-09,410,45,14,21,Rtail,0.491757,0.479818,57.1558,3.76633,0,-0.00118964,-0.000867757,-4.21313e-06,0.000326093,0.00032188,-0.000849296,5,412,0,2,0
2018-10-10,410,45,14,21,Rtail,0.6453,0.58807,56.8767,3.78922,0,-0.0319656,-0.0321475,-1.62971e-05,-0.000165633,-0.000181931,-0.0321121,5,412,0,2,0
2018-10-11,410,45,14,21,Rtail,0.321328,0.31139,56.6492,3.77818,-2.1684e-19,-0.0216919,-0.0216252,-3.19226e-06,6.98397e-05,6.66474e-05,-0.0216148,5,412,0,2,0
2018-10-12,411,45,14,21,Rtail,0.652792,0.58341,56.7959,3.72276,1.0842e-19,0.0144923,0.0143226,9.49141e-06,-0.000179135,-0.000169644,0.0142994,5,413,0,2,0
2018-10-15,411,45,14,21,Rtail,0.442355,0.382047,57.6644,3.76921,1.0842e-19,-0.00632443,-0.00615074,-1.49732e-05,0.000188664,0.000173691,-0.00615107,5,413,0,2,0
2018-10-16,411,45,14,21,Rtail,0.356384,0.301655,57.3999,3.73886,-2.1684e-19,0.0213378,0.0212306,2.08639e-06,-0.000109323,-0.000107236,0.0212438,5,413,0,2,0
2018-10-17,411,45,14,21,Rtail,0.312876,0.301239,57.1828,3.67051,-1.0842e-19,-0.000246841,1.75528e-05,5.34161e-06,0.000259052,0.000264394,8.06813e-06,5,413,0,2,0
2018-10-18,411,45,14,21,Rtail,0.43655,0.389324,57.3412,3.70812,-1.0842e-19,-0.0137701,-0.0140049,-1.59683e-05,-0.00021887,-0.000234838,-0.0139762,5,413,0,2,0
2018-10-19,411,45,14,21,Rtail,0.40728,0.351759,57.4242,3.72715,-4.33681e-19,-0.000327772,1.2095e-05,6.0734e-06,0.000333793,0.000339867,-5.92997e-06,5,413,0,2,0
2018-10-22,411,45,14,21,Rtail,0.451878,0.377361,57.6472,3.69763,1.0842e-19,-0.0040236,-0.00407748,-4.68742e-06,-4.91895e-05,-5.38769e-05,-0.00408014,5,413,0,2,0
2018-10-23,411,45,14,21,Rtail,0.353979,0.280062,57.6401,3.73614,5.69206e-19,-0.0055152,-0.00544937,-1.63736e-05,8.22096e-05,6.5836e-05,-0.00542748,5,413,0,2,0
2018-10-24,411,45,14,21,Rtail,0.675745,0.639013,57.3861,3.74581,6.50521e-19,-0.0296302,-0.0298282,-2.25428e-05,-0.000175473,-0.000198015,-0.0298444,5,413,0,2,0
2018-10-25,411,45,14,21,Rtail,0.319323,0.250857,57.0846,3.74954,4.33681e-19,0.0178874,0.0182843,2.44521e-05,0.000372476,0.000396928,0.0183259,5,413,0,2,0
2018-10-26,411,45,14,21,Rtail,0.353017,0.383238,57.5868,3.85258,4.87891e-19,-0.0174159,-0.017364,9.93178e-07,5.09089e-05,5.1902e-05,-0.0173575,5,413,0,2,0
2018-10-29,411,45,14,21,Rtail,0.606289,0.51781,57.6214,3.89354,-3.25261e-19,-0.00557813,-0.00589348,-8.89126e-06,-0.000306454,-0.000315345,-0.00586689,5,413,0,2,0
2018-10-30,411,45,14,21,Rtail,0.306625,0.251532,56.9431,3.87347,-5.96311e-19,0.0156699,0.0153365,-5.06478e-06,-0.00032834,-0.000333405,0.0153155,5,413,0,2,0
2018-10-31,411,45,14,21,Rtail,0.478634,0.403896,56.5991,3.86987,4.33681e-19,0.00961189,0.0098088,1.28824e-05,0.000184023,0.000196905,0.0098249,5,413,0,2,0
2018-11-01,411,45,14,21,Rtail,0.47567,0.455143,57.1617,3.92488,0,0.0104252,0.0106216,2.59873e-06,0.000193782,0.000196381,0.0106067,5,413,0,2,0
2018-11-02,411,45,14,21,Rtail,0.268623,0.239769,57.3045,3.93937,2.1684e-19,-0.00573931,-0.00635106,-3.30294e-06,-0.000608455,-0.000611758,-0.00634516,5,413,0,2,0
2018-11-05,411,45,14,21,Rtail,0.300907,0.308404,56.7064,3.94425,2.1684e-19,0.006187,0.00557886,-4.30231e-06,-0.000603838,-0.00060814,0.00559088,5,413,0,2,0
2018-11-06,411,45,14,21,Rtail,0.133877,0.126856,56.6039,3.87904,-1.6263e-19,0.00601511,0.00607665,-3.82846e-06,6.53618e-05,6.15333e-05,0.00608636,5,413,0,2,0
2018-11-07,412,45,14,21,Rtail,0.393482,0.297337,56.5285,3.84048,0,0.0214535,0.0214679,1.19798e-05,2.41681e-06,1.43966e-05,0.021439,5,414,0,2,0
2018-11-08,412,45,14,21,Rtail,0.3419,0.268094,56.7291,3.85802,0,-0.00147922,-0.00137244,-2.17325e-07,0.000107,0.000106782,-0.0013719,5,414,0,2,0
2018-11-09,412,45,14,21,Rtail,0.370072,0.336681,56.5526,3.91145,1.6263e-19,-0.00842316,-0.00840076,-9.12314e-06,3.15246e-05,2.24015e-05,-0.00840899,5,414,0,2,0
2018-11-12,412,45,14,21,Rtail,0.471071,0.393262,56.1516,3.92984,5.42101e-20,-0.0197831,-0.0197887,-1.38971e-05,8.27978e-06,-5.61732e-06,-0.0197497,5,414,0,2,0
2018-11-13,412,45,14,21,Rtail,0.39398,0.30447,56.2245,3.9229,-2.1684e-19,-0.00142336,-0.00164257,-1.6119e-06,-0.000217598,-0.00021921,-0.00167103,5,414,0,2,0
2018-11-14,412,45,14,21,Rtail,0.224626,0.184778,55.9963,3.89759,-1.0842e-19,-0.00830739,-0.00848763,-2.29497e-06,-0.000177939,-0.000180234,-0.00847915,5,414,0,2,0
2018-11-15,412,45,14,21,Rtail,0.296558,0.241299,55.8234,3.8915,-1.6263e-19,0.0106492,0.0106633,7.96556e-06,6.12911e-06,1.40947e-05,0.0106583,5,414,0,2,0
2018-11-16,412,45,14,21,Rtail,0.189194,0.143669,56.2395,3.91405,2.1684e-19,0.00241869,0.00285801,-3.70713e-06,0.000443024,0.000439317,0.00284988,5,414,0,2,0
2018-11-19,412,45,14,21,Rtail,0.724293,0.67958,56.113,3.95012,-3.25261e-19,-0.0163266,-0.0160402,-1.04024e-05,0.000296863,0.000286461,-0.0160178,5,414,0,2,0
2018-11-20,412,45,14,21,Rtail,0.324407,0.287839,56.184,3.93116,3.25261e-19,-0.0188723,-0.0189033,3.16475e-08,-3.10323e-05,-3.10006e-05,-0.0189016,5,414,0,2,0
2018-11-21,412,45,14,21,Rtail,0.488175,0.430858,55.8617,3.97648,-2.1684e-19,0.00215802,0.00215024,1.7684e-06,-9.54757e-06,-7.77917e-06,0.00214739,5,414,0,2,0
2018-11-23,412,45,14,21,Rtail,0.457579,0.388604,56.0091,3.99092,0,-0.00587947,-0.00586679,-9.36287e-06,2.2035e-05,1.26721e-05,-0.00582054,5,414,0,2,0
2018-11-26,412,45,14,21,Rtail,0.567105,0.541796,55.4989,4.01088,2.71051e-20,0.0149125,0.0150929,1.69597e-05,0.000163465,0.000180425,0.0151182,5,414,0,2,0
2018-11-27,412,45,14,21,Rtail,0.357062,0.348677,56.307,4.04435,1.6263e-19,0.00400327,0.00372173,2.27166e-06,-0.000283815,-0.000281543,0.00372102,5,414,0,2,0
2018-11-28,412,45,14,21,Rtail,0.580013,0.50078,56.3421,4.05453,-5.42101e-20,0.0236375,0.0235982,1.66942e-05,-5.60109e-05,-3.93166e-05,0.0235805,5,414,0,2,0
2018-11-29,412,45,14,21,Rtail,0.356611,0.328018,56.1717,4.01879,-3.25261e-19,-0.00259482,-0.00270895,-4.05521e-06,-0.000110074,-0.00011413,-0.00271051,5,414,0,2,0
2018-11-30,411,45,14,21,Rtail,0.374968,0.322693,55.9151,4.0254,2.1684e-19,0.00894575,0.00861313,8.62041e-06,-0.000341247,-0.000332627,0.00859783,5,413,0,2,0
2018-12-03,411,45,14,21,Rtail,0.50732,0.421947,57.0244,4.08025,2.1684e-19,0.0110582,0.0113593,1.24282e-05,0.000288599,0.000301027,0.0113162,5,413,0,2,0
2018-12-04,412,45,14,21,Rtail,0.681763,0.647354,56.6432,4.0613,2.1684e-19,-0.0318945,-0.0320074,-1.76562e-05,-9.51573e-05,-0.000112813,-0.0319781,5,414,0,2,0
2018-12-06,412,45,14,21,Rtail,0.319587,0.341248,55.9534,4.04961,-5.42101e-19,-0.00163713,-0.00176291,-2.08554e-06,-0.000123692,-0.000125777,-0.00179644,5,414,0,2,0
2018-12-07,412,45,14,21,Rtail,0.574638,0.530726,55.7887,4.02427,-2.1684e-19,-0.0239672,-0.0237838,-5.25073e-06,0.000188556,0.000183305,-0.0237823,5,414,0,2,0
2018-12-10,412,45,14,21,Rtail,0.600151,0.540733,55.5802,4.02566,2.71051e-19,0.00168404,0.00171677,1.44206e-06,3.12879e-05,3.27299e-05,0.00170777,5,414,0,2,0
2018-12-11,412,45,14,21,Rtail,0.332798,0.311967,55.3669,4.00247,5.42101e-20,-0.000840857,-0.000772042,-2.06868e-06,7.08838e-05,6.88151e-05,-0.000764216,5,414,0,2,0
2018-12-12,412,45,14,21,Rtail,0.43538,0.410525,55.4279,4.01324,0,0.00500653,0.00485062,5.36622e-06,-0.000161283,-0.000155916,0.00485489,5,414,0,2,0
2018-12-13,412,45,14,21,Rtail,0.457943,0.445648,55.3369,3.99909,0,0.000239458,0.000237081,6.45714e-06,-8.83437e-06,-2.37724e-06,0.000283387,5,414,0,2,0
2018-12-14,412,45,14,21,Rtail,0.351412,0.296641,55.6478,4.01532,1.0842e-19,-0.0193437,-0.0195581,-1.19909e-05,-0.000202446,-0.000214437,-0.0195325,5,414,0,2,0
2018-12-17,412,45,14,21,Rtail,0.341574,0.319488,55.0757,3.91476,-1.6263e-19,-0.0207836,-0.0208278,-2.66842e-06,-4.14938e-05,-4.41623e-05,-0.0208121,5,414,0,2,0
2018-12-18,412,45,14,21,Rtail,0.444179,0.354565,55.0615,3.86082,3.11708e-19,-0.000158806,-0.000108847,5.08915e-07,4.94503e-05,4.99592e-05,-0.000146335,5,414,0,2,0
2018-12-19,412,45,14,21,Rtail,0.474438,0.43034,55.3733,3.84506,0,-0.014662,-0.0148723,-1.13613e-05,-0.000198961,-0.000210322,-0.0148185,5,414,0,2,0
2018-12-20,412,45,14,21,Rtail,0.356906,0.29686,55.5817,3.83196,0,-0.0162657,-0.0163058,-1.06788e-06,-3.89753e-05,-4.00432e-05,-0.0163546,5,414,0,2,0
2018-12-21,412,45,14,21,Rtail,0.490184,0.335009,55.4899,3.84323,3.25261e-19,-0.0195996,-0.0197527,-5.9826e-06,-0.000147117,-0.000153099,-0.019759,5,414,0,2,0
2018-12-24,412,45,14,21,Rtail,0.490741,0.461676,55.3298,3.84031,-1.0842e-19,-0.0278262,-0.028122,-2.05846e-06,-0.000293752,-0.00029581,-0.0281206,5,413,0,1,0
2018-12-26,413,45,14,21,Rtail,0.7547,0.69364,55.0985,3.77828,5.42101e-20,0.0488772,0.0490015,-2.58216e-06,0.000126867,0.000124284,0.0490057,5,414,0,1,0
2018-12-27,413,45,14,21,Rtail,0.322236,0.306049,54.9615,3.78286,2.1684e-19,0.0090347,0.0086929,8.33458e-07,-0.000342631,-0.000341797,0.00869406,5,414,0,1,0
2018-12-28,413,45,14,21,Rtail,0.298326,0.218493,54.9611,3.73591,-1.0842e-19,-0.000833942,-0.000764183,6.14945e-07,6.91436e-05,6.97585e-05,-0.000767032,5,414,0,1,0
2018-12-31,413,45,14,21,Rtail,0.371615,0.304145,54.9288,3.75253,-1.0842e-19,0.0094583,0.00945824,1.67908e-07,-2.19761e-07,-5.18528e-08,0.00945248,5,414,0,1,0
2019-01-02,412,45,14,21,Rtail,0.650909,0.617932,55.1949,3.72317,-1.0842e-19,0.000271278,0.000199233,1.28371e-06,-7.33286e-05,-7.20449e-05,0.00020681,5,414,0,1,1
2019-01-03,412,45,14,21,Rtail,0.553886,0.546258,55.1386,3.70187,0,-0.0245924,-0.0248635,2.7488e-07,-0.0002713,-0.000271025,-0.0248612,5,413,0,1,0
2019-01-04,412,45,14,21,Rtail,0.670305,0.645941,55.3725,3.72888,-1.0842e-19,0.0337964,0.0337087,-1.56982e-06,-8.60824e-05,-8.76522e-05,0.0337116,5,413,0,1,0
2019-01-07,412,45,14,21,Rtail,0.378977,0.310365,55.3518,3.71728,0,0.00746879,0.00718813,-3.20362e-06,-0.000277449,-0.000280652,0.00718558,5,413,0,1,0
2019-01-08,412,45,14,21,Rtail,0.196557,0.174336,55.3912,3.78652,-1.6263e-19,0.00926239,0.00948574,-3.08653e-06,0.000226441,0.000223354,0.00948451,5,413,0,1,0
2019-01-09,412,45,14,21,Rtail,0.405539,0.391469,55.4491,3.79102,0,0.00437029,0.00449792,-2.19131e-06,0.000129818,0.000127626,0.00450098,5,413,0,1,0
2019-01-10,412,45,14,21,Rtail,0.314261,0.293724,55.3486,3.8488,1.0842e-19,0.00470152,0.00463826,1.25286e-06,-6.45044e-05,-6.32515e-05,0.0046381,5,413,0,1,0
2019-01-11,412,45,14,21,Rtail,0.273351,0.203626,55.3976,3.84062,-2.71051e-19,0.000713414,0.000446569,-7.4149e-08,-0.000266771,-0.000266845,0.000446639,5,413,0,1,0
2019-01-14,412,45,14,21,Rtail,0.226229,0.214547,55.2188,3.85748,-5.42101e-20,-0.00529566,-0.00547594,1.98628e-06,-0.000182262,-0.000180276,-0.00547338,5,413,0,1,0
2019-01-15,412,45,14,21,Rtail,0.382462,0.319519,55.1489,3.8696,1.0842e-19,0.00982436,0.0101181,1.91262e-06,0.000291818,0.000293731,0.0101186,5,413,0,1,0
2019-01-16,412,45,14,21,Rtail,0.45383,0.384799,55.5952,3.92158,-1.6263e-19,0.00236365,0.00240262,-3.3622e-07,3.93019e-05,3.89657e-05,0.00240679,5,413,0,1,0
2019-01-17,412,45,14,21,Rtail,0.243681,0.195291,55.565,3.98434,1.6263e-19,0.00746148,0.00752808,7.59847e-07,6.5845e-05,6.66049e-05,0.0075294,5,413,0,1,0
2019-01-18,412,45,14,21,Rtail,0.316772,0.244981,55.6379,4.03618,5.42101e-20,0.0128634,0.0126534,-5.97966e-08,-0.000209998,-0.000210058,0.0126358,5,413,0,1,0
2019-01-22,412,45,14,21,Rtail,0.539323,0.508209,55.6949,3.95995,2.43945e-19,-0.0133385,-0.013475,9.58691e-07,-0.000137437,-0.000136479,-0.0134771,5,413,0,1,0
2019-01-23,412,45,14,21,Rtail,0.270428,0.233269,55.7916,4.02433,-2.1684e-19,0.00247889,0.00241435,1.70974e-06,-6.62479e-05,-6.45381e-05,0.00241383,5,413,0,1,0
2019-01-24,412,45,14,21,Rtail,0.423414,0.366875,55.6564,4.04212,1.6263e-19,0.00109855,0.001027,-1.08213e-06,-7.04693e-05,-7.15515e-05,0.00103174,5,413,0,1,0
2019-01-25,412,45,14,21,Rtail,0.380585,0.369863,55.2919,4.05868,1.0842e-19,0.00762794,0.0075738,2.04047e-07,-5.43443e-05,-5.41402e-05,0.00757942,5,413,0,1,0
2019-01-28,412,45,14,21,Rtail,0.41477,0.393095,55.2622,4.01478,0,-0.00808393,-0.0078567,-1.15682e-06,0.000228387,0.000227231,-0.00785727,5,413,0,1,0
2019-01-29,412,45,14,21,Rtail,0.385579,0.294028,55.589,3.96067,-1.0842e-19,-0.000898335,-0.00106326,2.39399e-07,-0.000165167,-0.000164927,-0.00106743,5,413,0,1,0
2019-01-30,412,45,14,21,Rtail,0.333667,0.255005,55.5719,3.94128,5.42101e-20,0.014788,0.0153041,1.34952e-06,0.000514837,0.000516186,0.0153039,5,413,0,1,0
2019-01-31,412,45,14,21,Rtail,0.331725,0.301725,55.9923,3.94965,3.25261e-19,0.00807051,0.00791465,9.91477e-07,-0.000156848,-0.000155857,0.00791461,5,413,0,1,0
2019-02-01,412,45,14,21,Rtail,0.298691,0.20796,57.2932,3.87503,1.6263e-19,0.00105575,0.000567683,-2.17256e-06,-0.000485896,-0.000488068,0.000568055,5,413,0,1,0
2019-02-04,412,45,14,21,Rtail,0.371649,0.288561,57.231,3.92633,-9.48677e-20,0.00652039,0.006643,7.98203e-07,0.000121812,0.00012261,0.00663979,5,413,0,1,0
2019-02-05,412,45,14,21,Rtail,0.278129,0.222597,57.3306,3.97907,-5.42101e-20,0.00403685,0.00430171,-7.16648e-07,0.00026557,0.000264854,0.00430282,5,413,0,1,0
2019-02-06,412,45,14,21,Rtail,0.250159,0.230412,57.5255,3.93221,-1.0842e-19,-0.000591374,-0.000800259,-4.32107e-07,-0.000208453,-0.000208885,-0.000800846,5,413,0,1,0
2019-02-07,412,45,14,21,Rtail,0.388093,0.376849,57.2795,3.92948,-1.0842e-19,-0.00900914,-0.00872353,3.14713e-07,0.000285302,0.000285617,-0.00873019,5,413,0,1,0
2019-02-08,412,45,14,21,Rtail,0.267312,0.263389,57.0686,3.95211,2.71051e-19,0.00105066,0.000985016,-3.16954e-06,-6.24779e-05,-6.56474e-05,0.000981483,5,413,0,1,0
2019-02-11,412,45,14,21,Rtail,0.243745,0.210229,57.0721,3.91983,0,0.000698871,0.000602322,-1.66179e-06,-9.48874e-05,-9.65492e-05,0.000604635,5,413,0,1,0
2019-02-12,412,45,14,21,Rtail,0.325374,0.303112,56.9614,3.85946,0,0.012963,0.0128337,-5.9599e-07,-0.000128681,-0.000129277,0.0128595,5,413,0,1,0
2019-02-13,412,45,14,21,Rtail,0.28269,0.249408,57.1043,3.92782,-5.42101e-20,0.00333586,0.00326806,-7.07577e-07,-6.70902e-05,-6.77978e-05,0.00327123,5,413,0,1,0
2019-02-14,412,45,14,21,Rtail,0.276118,0.216796,57.1137,3.96394,-1.0842e-19,-0.00247032,-0.00257279,-4.3478e-07,-0.000102033,-0.000102468,-0.00257469,5,413,0,1,0
2019-02-15,412,45,14,21,Rtail,0.543232,0.634459,57.2537,3.96233,1.89735e-19,0.0117563,0.0115291,7.69179e-07,-0.000227904,-0.000227135,0.011532,5,413,0,1,0
2019-02-19,413,45,14,21,Rtail,0.30355,0.261177,57.6465,4.04692,-5.42101e-20,0.00153308,0.00155595,-1.94835e-07,2.30664e-05,2.28715e-05,0.00156007,5,414,0,1,0
2019-02-20,413,45,14,21,Rtail,0.265205,0.242883,57.5414,4.05855,-5.42101e-19,0.00194537,0.00211636,-1.03976e-06,0.000172036,0.000170996,0.00211906,5,414,0,1,0
2019-02-21,413,45,14,21,Rtail,0.362703,0.304052,57.7662,4.01296,-3.25261e-19,-0.00273074,-0.00247478,1.74758e-06,0.000254216,0.000255963,-0.0024752,5,414,0,1,0
2019-02-22,413,45,14,21,Rtail,0.34413,0.29743,57.289,4.07507,-2.71051e-19,0.0060989,0.00615876,-8.80282e-07,6.07338e-05,5.98536e-05,0.00615681,5,414,0,1,0
2019-02-25,413,45,14,21,Rtail,0.354643,0.320552,57.2412,4.03626,-5.42101e-20,0.000984271,0.000922264,-1.39201e-06,-6.06153e-05,-6.20073e-05,0.000923957,5,414,0,1,0
2019-02-26,413,45,14,21,Rtail,0.255015,0.231687,57.6685,4.05562,-8.13152e-20,-0.000807502,-0.000809832,5.35623e-07,-2.86596e-06,-2.33034e-06,-0.000814141,5,414,0,1,0
2019-02-27,413,45,14,21,Rtail,0.175439,0.141564,57.644,4.09423,-1.6263e-19,-0.000454402,-0.000395151,-7.26174e-07,5.99768e-05,5.92506e-05,-0.000398248,5,414,0,1,0
2019-02-28,413,45,13,19,Rtail,0.24616,0.253005,57.594,4.00076,-5.42101e-20,-0.00256084,-0.00220023,-6.97551e-07,0.00036131,0.000360612,-0.00221211,5,414,0,1,0
2019-03-01,413,45,13,19,Rtail,0.271968,0.232658,57.5179,3.95396,1.0842e-19,0.00634745,0.00642107,2.87372e-07,7.33294e-05,7.36168e-05,0.00642106,5,414,0,1,0
2019-03-04,413,45,13,19,Rtail,0.304307,0.27498,57.8615,3.97441,0,-0.00517898,-0.00468406,2.24049e-06,0.000492674,0.000494914,-0.00468048,5,414,0,1,0
2019-03-05,413,45,13,19,Rtail,0.220008,0.207183,58.0032,3.89759,5.42101e-20,-0.0019262,-0.0019571,4.81477e-07,-3.13816e-05,-3.09001e-05,-0.00195653,5,414,0,1,0
2019-03-06,413,45,13,19,Rtail,0.45105,0.409544,57.9799,3.85373,1.0842e-19,-0.00674255,-0.00673236,3.30288e-06,6.88131e-06,1.01842e-05,-0.00673463,5,414,0,1,0
2019-03-07,413,45,13,19,Rtail,0.377829,0.357027,58.1507,3.88572,-1.0842e-19,-0.00785244,-0.00792127,5.46513e-07,-6.93747e-05,-6.88282e-05,-0.00792668,5,414,0,1,0
2019-03-08,413,45,13,19,Rtail,0.346244,0.368105,57.6437,3.88995,-2.1684e-19,-0.00214505,-0.00213915,1.10302e-06,4.80551e-06,5.90853e-06,-0.00213821,5,414,0,1,0
2019-03-11,413,45,13,19,Rtail,0.360098,0.286284,57.1988,3.86168,-5.42101e-20,0.014069,0.014292,1.72294e-08,0.000222955,0.000222972,0.0142897,5,414,0,1,0
2019-03-12,413,45,13,19,Rtail,0.358935,0.273451,57.3161,3.89709,-2.1684e-19,0.00233506,0.0024415,-8.99673e-07,0.000107339,0.00010644,0.00244576,5,414,0,1,0
2019-03-13,413,45,13,19,Rtail,0.251147,0.257852,57.8042,3.85886,0,0.00732391,0.00712472,-1.24877e-06,-0.000197945,-0.000199194,0.007123,5,414,0,1,0
2019-03-14,413,45,13,19,Rtail,0.28785,0.250185,57.698,3.81578,0,2.7531e-05,5.74351e-05,1.7115e-06,2.81926e-05,2.99041e-05,5.83949e-05,5,414,0,1,0
2019-03-15,413,45,13,19,Rtail,0.287458,0.231814,57.6986,3.78903,1.0842e-19,0.00565474,0.00575101,2.11069e-06,9.41565e-05,9.62672e-05,0.00575417,5,414,0,1,0
2019-03-18,413,45,13,19,Rtail,0.356887,0.329214,57.6365,3.74102,-1.0842e-19,0.00444368,0.00456234,-5.21783e-07,0.000119181,0.00011866,0.00456687,5,414,0,1,0
2019-03-19,413,45,13,19,Rtail,0.456328,0.419565,57.7154,3.74646,5.42101e-20,-8.58478e-05,-0.000339357,-7.1489e-07,-0.000252794,-0.000253509,-0.000341764,5,414,0,1,0
2019-03-20,413,45,13,19,Rtail,0.524389,0.487979,57.7976,3.75405,-2.1684e-19,-0.00419487,-0.00394674,1.09096e-06,0.000247036,0.000248127,-0.00395738,5,414,0,1,0
2019-03-21,413,45,13,19,Rtail,0.250056,0.266158,57.9609,3.76485,-2.1684e-19,0.010774,0.010953,-1.32848e-06,0.000180373,0.000179044,0.0109514,5,414,0,1,0
2019-03-22,413,45,13,19,Rtail,0.728793,0.703574,57.7922,3.69324,5.42101e-20,-0.019119,-0.0189434,5.06055e-06,0.00017056,0.00017562,-0.0189537,5,414,0,1,0
2019-03-25,413,45,13,19,Rtail,0.409536,0.391212,57.338,3.70055,0,-0.000601612,-0.000564889,-9.15151e-07,3.76375e-05,3.67224e-05,-0.000568229,5,414,0,1,0
2019-03-26,413,45,13,19,Rtail,0.286122,0.244556,57.4955,3.66631,6.77626e-21,0.00744774,0.00732338,-1.30647e-06,-0.00012305,-0.000124357,0.00732787,5,414,0,1,0
2019-03-27,413,45,13,19,Rtail,0.334889,0.330753,57.4036,3.64524,1.0842e-19,-0.00466368,-0.00451268,7.39091e-07,0.000150264,0.000151003,-0.00451571,5,414,0,1,0
2019-03-28,413,45,13,19,Rtail,0.382855,0.356665,57.3909,3.67475,1.0842e-19,0.00398171,0.00395516,-2.12038e-06,-2.4433e-05,-2.65534e-05,0.00395592,5,414,0,1,0
2019-03-29,413,45,13,19,Rtail,0.322197,0.329595,57.7082,3.63935,0,0.00691529,0.00669925,5.04156e-08,-0.000216096,-0.000216046,0.00670193,5,414,0,1,0
2019-04-01,413,45,13,19,Rtail,0.619112,0.599412,57.9097,3.65787,-1.6263e-19,0.0112591,0.0110902,-3.27677e-06,-0.000165551,-0.000168828,0.0110987,5,414,0,1,0
2019-04-02,413,45,13,19,Rtail,0.280232,0.280483,57.8979,3.6653,-1.0842e-19,-0.000614675,-0.000463508,-6.41358e-07,0.000151808,0.000151166,-0.000463508,5,414,0,1,0
2019-04-03,413,45,13,19,Rtail,0.44423,0.407171,58.0596,3.68804,2.1684e-19,0.00230504,0.00216913,-1.13139e-18,-0.000135911,-0.000135911,0.00216913,5,413,0,0,0
2019-04-04,413,45,13,19,Rtail,0.502813,0.490945,58.2147,3.70769,-5.42101e-20,0.00151857,0.00154595,-3.39688e-18,2.73796e-05,2.73796e-05,0.00154595,5,413,0,0,0
2019-04-05,413,45,13,19,Rtail,0.367828,0.337076,58.091,3.79739,0,0.00479345,0.00490543,1.79946e-18,0.000111982,0.000111982,0.00490543,5,413,0,0,0
2019-04-08,413,45,13,19,Rtail,0.340283,0.238993,57.9855,3.78851,2.71051e-20,0.00108789,0.00119072,-1.49341e-19,0.000102825,0.000102825,0.00119072,5,413,0,0,0
2019-04-09,413,45,13,19,Rtail,0.477352,0.406661,57.9135,3.79923,0,-0.00628037,-0.0062256,-1.75299e-18,5.47647e-05,5.47647e-05,-0.0062256,5,413,0,0,0
2019-04-10,413,45,13,19,Rtail,0.295838,0.278956,58.0822,3.77012,2.1684e-19,0.00347615,0.00349882,-2.28828e-18,2.26656e-05,2.26656e-05,0.00349882,5,413,0,0,0
2019-04-11,413,45,13,19,Rtail,0.339701,0.300698,58.0176,3.77268,-1.0842e-19,-0.000244082,-0.00016667,-1.48217e-17,7.74121e-05,7.74121e-05,-0.00016667,5,413,0,0,0
2019-04-12,413,45,13,19,Rtail,0.25324,0.167897,58.0298,3.75509,0,0.00543819,0.00549691,-4.1033e-20,5.87165e-05,5.87165e-05,0.00549691,5,413,0,0,0
2019-04-15,413,45,13,19,Rtail,0.365944,0.335697,57.8241,3.80859,-5.42101e-20,-0.000506836,-0.000570888,1.23304e-18,-6.40518e-05,-6.40518e-05,-0.000570888,5,413,0,0,0
2019-04-16,413,45,13,19,Rtail,0.330642,0.336267,57.7263,3.81936,2.1684e-19,0.000369806,0.000287008,2.99551e-18,-8.27973e-05,-8.27973e-05,0.000287008,5,413,0,0,0
2019-04-17,413,45,13,19,Rtail,0.412137,0.396934,57.5912,3.82015,1.6263e-19,-0.00252316,-0.00225633,-1.4477e-17,0.000266823,0.000266823,-0.00225633,5,413,0,0,0
2019-04-18,413,45,13,19,Rtail,0.252491,0.214502,57.6032,3.79067,-2.1684e-19,0.00151588,0.00165667,1.53825e-18,0.000140792,0.000140792,0.00165667,5,413,0,0,0
2019-04-22,413,45,13,19,Rtail,0.400621,0.409942,57.5688,3.84297,-2.1684e-19,0.00041523,0.000531953,6.37353e-18,0.000116723,0.000116723,0.000531953,5,413,0,0,0
2019-04-23,413,45,13,19,Rtail,0.366503,0.350269,57.7279,3.83887,-5.42101e-20,0.00821257,0.00841903,1.01421e-18,0.000206461,0.000206461,0.00841903,5,413,0,0,0
2019-04-24,413,45,13,19,Rtail,0.327747,0.29031,58.2022,3.93541,-2.1684e-19,-0.00200182,-0.00211302,-4.89218e-19,-0.000111204,-0.000111204,-0.00211302,5,413,0,0,0
2019-04-25,413,45,13,19,Rtail,0.297689,0.287563,58.2049,3.91368,-1.0842e-19,-0.00176224,-0.00147521,4.97712e-18,0.000287024,0.000287024,-0.00147521,5,413,0,0,0
2019-04-26,413,45,13,19,Rtail,0.343062,0.31935,58.3859,3.86086,0,0.00427917,0.00456995,8.77553e-19,0.000290782,0.000290782,0.00456995,5,413,0,0,0
2019-04-29,413,45,13,19,Rtail,0.295877,0.278662,57.8412,3.88369,5.42101e-20,0.000210575,9.46256e-06,-5.6719e-18,-0.000201112,-0.000201112,9.46256e-06,5,413,0,0,0
2019-04-30,413,45,13,19,Rtail,0.32991,0.323742,57.6591,3.82457,0,0.00387045,0.00363177,2.39475e-18,-0.000238674,-0.000238674,0.00363177,5,413,0,0,0
2019-05-01,413,45,13,19,Rtail,0.274156,0.168435,57.5684,3.83664,-4.33681e-19,-0.00764925,-0.00727779,1.48466e-17,0.000371458,0.000371458,-0.00727779,5,413,0,0,0
2019-05-02,413,45,13,19,Rtail,0.33994,0.327108,57.7533,3.8284,2.1684e-19,-0.00157606,-0.00161153,-1.4124e-18,-3.54705e-05,-3.54705e-05,-0.00161153,5,413,0,0,0
2019-05-03,413,45,13,19,Rtail,0.277675,0.318947,57.3861,3.81954,2.1684e-19,0.00884792,0.00939896,-8.25739e-20,0.000551037,0.000551037,0.00939896,5,413,0,0,0
2019-05-06,413,45,13,19,Rtail,0.348609,0.288566,57.4067,3.79009,0,-0.00423724,-0.00429765,-1.69259e-18,-6.04115e-05,-6.04115e-05,-0.00429765,5,413,0,0,0
2019-05-07,413,45,13,19,Rtail,0.30285,0.282374,57.0932,3.84026,2.1684e-19,-0.0167728,-0.0167306,4.14821e-18,4.22136e-05,4.22136e-05,-0.0167306,5,413,0,0,0
2019-05-08,413,45,13,19,Rtail,0.216979,0.165952,56.7552,3.76974,0,-0.00172235,-0.00173491,5.53346e-19,-1.25579e-05,-1.25579e-05,-0.00173491,5,413,0,0,0
2019-05-09,413,45,13,19,Rtail,0.193553,0.171827,57.005,3.79702,-5.42101e-20,-0.00279552,-0.00275181,-9.66502e-19,4.37078e-05,4.37078e-05,-0.00275181,5,413,0,0,0
2019-05-10,413,45,13,19,Rtail,0.342998,0.310008,56.9626,3.83189,2.1684e-19,0.0045548,0.004372,-8.39054e-19,-0.000182795,-0.000182795,0.004372,5,413,0,0,0
2019-05-13,413,45,13,19,Rtail,0.732548,0.709248,56.6785,3.81623,-2.1684e-19,-0.0239758,-0.0239491,-5.93523e-19,2.66927e-05,2.66927e-05,-0.0239491,5,413,0,0,0
2019-05-14,413,45,13,19,Rtail,0.4932,0.477895,56.0188,3.84983,-1.0842e-19,0.0090799,0.0089872,-7.68774e-19,-9.27053e-05,-9.27053e-05,0.0089872,5,413,0,0,0
2019-05-15,413,45,13,19,Rtail,0.245169,0.223336,56.1794,3.86138,0,0.0045839,0.00479689,-1.90524e-18,0.000212991,0.000212991,0.00479689,5,413,0,0,0
2019-05-16,413,45,13,19,Rtail,0.366219,0.352069,56.1878,3.85528,2.71051e-20,0.00946168,0.00929824,5.32373e-18,-0.000163438,-0.000163438,0.00929824,5,413,0,0,0
2019-05-17,413,45,13,19,Rtail,0.488051,0.457768,56.2961,3.87878,-2.1684e-19,-0.00535936,-0.00550847,3.98282e-18,-0.00014911,-0.00014911,-0.00550847,5,413,0,0,0
2019-05-20,413,45,13,19,Rtail,0.384943,0.327659,56.5879,3.91167,1.0842e-19,-0.006093,-0.00627067,-8.67511e-20,-0.000177666,-0.000177666,-0.00627067,5,413,0,0,0
2019-05-21,413,45,13,19,Rtail,0.342664,0.266681,56.4102,3.87889,-5.42101e-20,0.00817711,0.00806004,5.18098e-18,-0.00011707,-0.00011707,0.00806004,5,413,0,0,0
2019-05-22,413,45,13,19,Rtail,0.338594,0.359743,56.3884,3.90537,0,-0.00291406,-0.00280418,5.13427e-18,0.000109887,0.000109887,-0.00280418,5,413,0,0,0
2019-05-23,413,45,13,19,Rtail,0.459177,0.390723,56.4657,3.89072,-3.25261e-19,-0.0117136,-0.0116343,-5.66767e-18,7.93497e-05,7.93497e-05,-0.0116343,5,413,0,0,0
2019-05-24,413,45,13,19,Rtail,0.232683,0.209986,55.986,3.87044,-5.42101e-20,0.00178443,0.00171548,5.79333e-19,-6.89452e-05,-6.89452e-05,0.00171548,5,413,0,0,0
2019-05-28,413,45,13,19,Rtail,0.403958,0.333235,56.2032,3.93321,0,-0.00922326,-0.00912924,-1.74315e-18,9.40204e-05,9.40204e-05,-0.00912924,5,413,0,0,0
2019-05-29,413,45,13,19,Rtail,0.232967,0.254159,56.4841,3.93394,-1.35525e-19,-0.00643781,-0.00646754,9.80298e-19,-2.97283e-05,-2.97283e-05,-0.00646754,5,413,0,0,0
2019-05-30,413,45,13,19,Rtail,0.403742,0.382864,56.7963,3.91023,-3.25261e-19,0.002311,0.00217185,-9.57075e-19,-0.00013915,-0.00013915,0.00217185,5,413,0,0,0
2019-05-31,413,45,13,19,Rtail,0.470703,0.460046,56.6967,3.8828,-4.60786e-19,-0.0128698,-0.0127497,5.24699e-18,0.000120145,0.000120145,-0.0127497,5,413,0,0,0
2019-06-03,413,45,13,19,Rtail,0.586914,0.467168,56.6917,3.94908,0,-0.000454939,-0.000617395,-1.81026e-17,-0.000162456,-0.000162456,-3.78009e-05,5,413,0,0,0
2019-06-04,413,45,13,19,Rtail,0.618279,0.623068,55.9991,3.8424,0,0.0217962,0.0214763,2.16407e-18,-0.000319872,-0.000319872,0.0214763,5,413,0,0,0
2019-06-05,413,45,13,19,Rtail,0.505035,0.458838,56.0415,3.82914,-3.25261e-19,0.00902625,0.0091413,-2.53437e-19,0.000115051,0.000115051,0.0091413,5,413,0,0,0
2019-06-06,413,45,13,19,Rtail,0.312867,0.303726,56.0587,3.86747,-1.0842e-19,0.00658229,0.00672275,9.57728e-18,0.000140452,0.000140452,0.00672275,5,413,0,0,0
2019-06-07,413,45,13,19,Rtail,0.453005,0.376868,56.3003,3.9431,2.1684e-19,0.0100319,0.0103237,2.80244e-18,0.000291803,0.000291803,0.0103242,5,413,0,0,0
2019-06-10,412,45,13,18,Rtail,0.349606,0.294299,56.6,3.91614,0,0.00436585,0.00464133,9.03073e-18,0.000275479,0.000275479,0.00464133,5,412,0,0,0
2019-06-11,411,45,13,18,Rtail,0.33681,0.309556,56.7487,3.95179,-1.0842e-19,-0.000717238,-0.000660774,-2.5998e-07,5.67237e-05,5.64638e-05,-0.000671719,5,412,0,0,1
2019-06-12,413,45,13,18,Rtail,0.523722,0.502521,56.5902,3.96282,-5.42101e-20,-0.00155502,-0.00144466,-8.12507e-18,0.000110353,0.000110353,-0.00144466,5,413,0,0,0
2019-06-13,413,45,13,18,Rtail,0.468504,0.475353,56.4304,4.06356,-2.1684e-19,0.00364445,0.00381341,-8.96375e-18,0.000168964,0.000168964,0.00381341,5,413,0,0,0
2019-06-14,413,45,13,18,Rtail,0.516949,0.507592,56.3223,4.01752,-1.35525e-19,-0.00189752,-0.00170443,9.90065e-19,0.000193094,0.000193094,-0.00170443,5,413,0,0,0
2019-06-17,413,45,13,18,Rtail,0.309908,0.293136,56.3976,3.97516,-3.25261e-19,-8.89788e-05,-1.03439e-05,3.64694e-18,7.86349e-05,7.86349e-05,-1.03439e-05,5,413,0,0,0
2019-06-18,413,45,13,18,Rtail,0.618714,0.595818,56.7739,4.01474,0,0.00982665,0.00984353,-1.77863e-18,1.68857e-05,1.68857e-05,0.00984353,5,413,0,0,0
2019-06-19,413,45,13,18,Rtail,0.345492,0.329949,56.8754,4.06785,-2.1684e-19,0.00324899,0.00310772,-6.32768e-18,-0.000141272,-0.000141272,0.00310772,5,413,0,0,0
2019-06-20,413,45,13,18,Rtail,0.372088,0.389764,56.8907,4.09922,4.33681e-19,0.0100727,0.00970146,-4.12447e-18,-0.000371229,-0.000371229,0.00970146,5,413,0,0,0
2019-06-21,413,45,13,18,Rtail,0.231141,0.225567,57.2572,4.06269,2.71051e-20,-0.00173792,-0.00176765,-2.09232e-18,-2.97344e-05,-2.97344e-05,-0.00176765,5,413,0,0,0
2019-06-24,413,45,13,18,Rtail,0.277063,0.259664,57.4292,4.08745,-1.0842e-19,-0.00191237,-0.00178102,3.2494e-20,0.000131355,0.000131355,-0.00178102,5,413,0,0,0
2019-06-25,413,45,13,18,Rtail,0.206661,0.210012,57.6685,4.1445,3.25261e-19,-0.00966682,-0.00967186,1.25591e-17,-5.04449e-06,-5.04449e-06,-0.00967186,5,413,0,0,0
2019-06-26,413,45,13,18,Rtail,0.665401,0.65117,57.3414,4.0754,1.0842e-19,-0.0011138,-0.00118604,1.16686e-17,-7.22309e-05,-7.22309e-05,-0.00118604,5,413,0,0,0
2019-06-27,413,45,13,18,Rtail,0.332536,0.299324,57.1272,4.11769,2.43945e-19,0.00352828,0.00349987,-2.49967e-18,-2.84036e-05,-2.84036e-05,0.00349987,5,413,0,0,0
2019-06-28,413,45,13,18,Rtail,0.332735,0.223427,56.8231,4.10927,-2.1684e-19,0.00541066,0.00530394,3.56852e-18,-0.000106729,-0.000106729,0.00530394,5,413,0,0,0
2019-07-01,413,45,13,18,Rtail,0.307592,0.294175,56.6931,4.11943,-2.71051e-19,0.00774981,0.00771808,1.18982e-18,-3.17282e-05,-3.17282e-05,0.00771808,5,413,0,0,0
2019-07-02,413,45,13,18,Rtail,0.600837,0.593402,56.8577,4.17243,-3.25261e-19,0.00267888,0.00271915,3.13066e-18,4.02769e-05,4.02769e-05,0.00271915,5,413,0,0,0
2019-07-03,413,45,13,18,Rtail,0.241927,0.205347,56.8756,4.11039,5.42101e-20,0.0079962,0.00791832,9.64444e-19,-7.78822e-05,-7.78822e-05,0.00791832,5,413,0,0,0
2019-07-05,413,45,13,18,Rtail,0.411492,0.380069,56.8463,4.04656,-5.42101e-20,-0.00203889,-0.00208455,9.16941e-19,-4.56536e-05,-4.56536e-05,-0.00208455,5,413,0,0,0
2019-07-08,413,45,13,18,Rtail,0.340421,0.291549,56.9727,4.02841,-1.0842e-19,-0.0044831,-0.00451919,-5.70232e-18,-3.60904e-05,-3.60904e-05,-0.00451919,5,413,0,0,0
2019-07-09,413,45,13,18,Rtail,0.442146,0.411481,56.8344,4.06155,0,0.00109336,0.00119651,-9.53429e-19,0.000103152,0.000103152,0.00119651,5,413,0,0,0
2019-07-10,413,45,13,18,Rtail,0.337388,0.294289,57.2039,4.01844,-2.1684e-19,0.00415861,0.00415259,-2.06782e-18,-6.02158e-06,-6.02158e-06,0.00415259,5,413,0,0,0
2019-07-11,413,45,13,18,Rtail,0.336313,0.282306,57.5833,4.03817,3.25261e-19,0.00305543,0.00253331,4.69069e-18,-0.000522123,-0.000522123,0.00253331,5,413,0,0,0
2019-07-12,413,45,13,18,Rtail,0.424013,0.384356,57.8159,4.07171,-2.1684e-19,0.00441914,0.00438395,-5.43681e-18,-3.51955e-05,-3.51955e-05,0.00438395,5,413,0,0,0
2019-07-15,413,45,13,18,Rtail,0.295058,0.266303,57.6844,4.02097,2.1684e-19,0.000213784,0.000241058,-2.53016e-18,2.72742e-05,2.72742e-05,0.000234895,5,413,0,0,0
2019-07-16,414,45,13,18,Rtail,0.300136,0.306058,57.894,4.01463,-8.13152e-20,-0.00379823,-0.00379509,1.34732e-18,3.14253e-06,3.14253e-06,-0.00379509,5,414,0,0,0
2019-07-17,414,45,13,18,Rtail,0.394981,0.378475,57.6108,4.03877,1.0842e-19,-0.00590865,-0.00609151,3.27259e-18,-0.000182855,-0.000182855,-0.00609151,5,414,0,0,0
2019-07-18,414,45,13,18,Rtail,0.366481,0.254743,57.7472,4.02553,0,0.00395393,0.00382471,-3.37162e-18,-0.000129227,-0.000129227,0.00382471,5,414,0,0,0
2019-07-19,414,45,13,18,Rtail,0.412181,0.403994,57.8454,4.0153,3.25261e-19,-0.0061348,-0.00605741,-4.15335e-19,7.73904e-05,7.73904e-05,-0.00605741,5,414,0,0,0
2019-07-22,414,45,13,18,Rtail,0.344301,0.257054,57.7987,4.00742,1.0842e-19,0.00247751,0.00269393,-2.12631e-18,0.000216422,0.000216422,0.00269393,5,414,0,0,0
2019-07-23,414,45,13,18,Rtail,0.435308,0.416857,57.9838,3.97842,-3.25261e-19,0.00658364,0.00680197,2.74047e-19,0.000218336,0.000218336,0.00680197,5,414,0,0,0
2019-07-24,414,45,13,18,Rtail,0.25609,0.211099,58.2691,4.00088,-1.6263e-19,0.00461107,0.0046536,-9.61839e-18,4.25229e-05,4.25229e-05,0.0046536,5,414,0,0,0
2019-07-25,414,45,13,18,Rtail,0.254768,0.249566,58.3471,3.98573,3.25261e-19,-0.00527331,-0.00531553,1.37798e-18,-4.22185e-05,-4.22185e-05,-0.00531553,5,414,0,0,0
2019-07-26,414,45,13,18,Rtail,0.40689,0.467285,58.5072,4.01824,0,0.00501994,0.00486557,2.26834e-18,-0.000154374,-0.000154374,0.00486557,5,414,0,0,0
2019-07-29,414,45,13,18,Rtail,0.212315,0.197591,58.6827,4.0232,-2.1684e-19,-0.00138234,-0.0012369,-7.24642e-19,0.000145443,0.000145443,-0.0012369,5,414,0,0,0
2019-07-30,414,45,13,18,Rtail,0.265069,0.239741,58.3207,4.02542,-1.0842e-19,-0.00267635,-0.00256998,4.13578e-19,0.000106368,0.000106368,-0.00256998,5,414,0,0,0
2019-07-31,414,45,13,18,Rtail,0.225419,0.174532,58.0722,3.90455,0,-0.0115918,-0.011267,-5.13659e-18,0.00032474,0.00032474,-0.011267,5,414,0,0,0
2019-08-01,414,45,13,18,Rtail,0.432446,0.42675,57.911,3.81904,4.33681e-19,-0.00869064,-0.00855686,5.7076e-19,0.000133785,0.000133785,-0.00855686,5,414,0,0,0
2019-08-02,414,45,13,18,Rtail,0.439709,0.423313,58.0578,3.84791,0,-0.00737265,-0.00724499,1.33703e-17,0.000127664,0.000127664,-0.00724499,5,414,0,0,0
2019-08-05,414,45,13,18,Rtail,0.441291,0.373748,57.4669,3.76981,-5.42101e-20,-0.0298509,-0.0298698,7.93473e-19,-1.89468e-05,-1.89468e-05,-0.0298698,5,414,0,0,0
2019-08-06,414,45,13,18,Rtail,0.305115,0.303995,57.3056,3.73089,0,0.0131803,0.0132051,7.37837e-18,2.47538e-05,2.47538e-05,0.0132051,5,414,0,0,0
2019-08-07,414,45,13,18,Rtail,0.416392,0.346402,57.2897,3.6866,5.42101e-20,0.000451274,0.000564109,-1.52617e-18,0.000112835,0.000112835,0.000564109,5,414,0,0,0
2019-08-08,414,45,13,18,Rtail,0.309292,0.298233,57.1776,3.70464,0,0.0186077,0.0185664,-4.65088e-19,-4.13712e-05,-4.13712e-05,0.0185664,5,414,0,0,0
2019-08-09,414,45,13,18,Rtail,0.271505,0.234711,57.2743,3.71392,1.6263e-19,-0.00603955,-0.00617672,8.28627e-18,-0.000137162,-0.000137162,-0.00617581,5,414,0,0,0
2019-08-12,416,45,13,18,Rtail,0.315842,0.338785,57.2914,3.69393,-2.43945e-19,-0.0121756,-0.011962,-1.13685e-18,0.000213648,0.000213648,-0.011962,5,416,0,0,0
2019-08-13,416,45,13,18,Rtail,0.439296,0.400067,57.1655,3.69304,5.42101e-20,0.0148671,0.0149435,-1.6638e-18,7.63923e-05,7.63923e-05,0.0149435,5,416,0,0,0
2019-08-14,416,45,13,18,Rtail,0.520914,0.475378,57.0161,3.70874,2.1684e-19,-0.028812,-0.0287326,4.0272e-19,7.94745e-05,7.94745e-05,-0.0287326,5,416,0,0,0
2019-08-15,416,45,13,18,Rtail,0.39744,0.377814,56.6722,3.69237,0,0.00262063,0.00276247,-4.80481e-18,0.000141835,0.000141835,0.00276247,5,416,0,0,0
2019-08-16,416,45,13,18,Rtail,0.480996,0.411575,56.6178,3.66782,0,0.0147615,0.0147749,3.05654e-19,1.33509e-05,1.33509e-05,0.0147749,5,416,0,0,0
2019-08-19,416,45,13,18,Rtail,0.372566,0.32817,56.7113,3.63777,5.42101e-20,0.0115136,0.0116075,-5.45268e-19,9.38415e-05,9.38415e-05,0.0116075,5,416,0,0,0
2019-08-20,416,45,13,18,Rtail,0.293896,0.308359,56.8305,3.6626,9.48677e-20,-0.00772825,-0.00777592,-1.06125e-18,-4.76671e-05,-4.76671e-05,-0.00777592,5,416,0,0,0
2019-08-21,416,45,13,18,Rtail,0.162469,0.170883,56.986,3.66212,2.1684e-19,0.00874311,0.00851437,7.20771e-19,-0.000228737,-0.000228737,0.00851437,5,416,0,0,0
2019-08-22,416,45,13,18,Rtail,0.196801,0.141194,57.1285,3.63823,1.0842e-19,-0.000533684,-0.00070161,-1.19325e-18,-0.000167926,-0.000167926,-0.00070161,5,416,0,0,0
2019-08-23,416,45,13,18,Rtail,0.559752,0.55048,56.8161,3.6107,-4.33681e-19,-0.0253636,-0.025742,-1.28382e-18,-0.000378467,-0.000378467,-0.025742,5,416,0,0,0
2019-08-26,416,45,13,18,Rtail,0.307275,0.259998,56.5798,3.62883,-8.13152e-20,0.0108591,0.0108671,-1.59643e-18,8.09381e-06,8.09381e-06,0.0108671,5,416,0,0,0
2019-08-27,416,45,13,18,Rtail,0.500478,0.434658,56.3835,3.60833,-1.0842e-19,-0.00329206,-0.00334633,-1.28337e-18,-5.42727e-05,-5.42727e-05,-0.00334633,5,416,0,0,0
2019-08-28,416,45,13,18,Rtail,0.39554,0.397459,56.5012,3.61462,1.0842e-19,0.00645784,0.00650903,-4.77586e-18,5.11823e-05,5.11823e-05,0.00650903,5,416,0,0,0
2019-08-29,416,45,13,18,Rtail,0.44608,0.435746,56.5014,3.62579,1.6263e-19,0.0125379,0.0124458,1.15175e-18,-9.20965e-05,-9.20965e-05,0.0124458,5,416,0,0,0
2019-08-30,416,45,13,18,Rtail,0.12017,0.10893,58.3051,3.67878,5.42101e-20,0.000934106,0.00091274,5.10581e-19,-2.13656e-05,-2.13656e-05,0.00091274,5,416,0,0,0
2019-09-03,416,45,13,18,Rtail,0.561512,0.571847,58.5051,3.71528,-1.21973e-19,-0.00612915,-0.00601447,2.25288e-18,0.000114675,0.000114675,-0.00601447,5,416,0,0,0
2019-09-04,416,45,13,18,Rtail,0.402542,0.393092,58.4442,3.71319,-1.0842e-19,0.0105781,0.010531,2.5964e-18,-4.71544e-05,-4.71544e-05,0.010531,5,416,0,0,0
2019-09-05,416,45,13,18,Rtail,0.714504,0.686605,58.7226,3.7814,1.0842e-19,0.0126256,0.012586,-3.97844e-18,-3.96056e-05,-3.96056e-05,0.012586,5,416,0,0,0
2019-09-06,416,45,13,18,Rtail,0.29987,0.234894,59.0535,3.78772,-1.21973e-19,0.00107113,0.00109443,-5.9027e-18,2.33003e-05,2.33003e-05,0.00109443,5,416,0,0,0
2019-09-09,416,45,13,18,Rtail,0.703824,0.720029,59.2059,3.77372,0,-0.00077755,-0.000686628,7.50177e-19,9.09217e-05,9.09217e-05,-0.000686628,5,416,0,0,0
2019-09-10,416,45,13,18,Rtail,0.639683,0.613501,59.2531,3.67811,0,-0.000293992,-0.000130935,-6.6929e-19,0.000163058,0.000163058,-0.000130935,5,416,0,0,0
2019-09-11,416,45,13,18,Rtail,0.305778,0.276231,59.2502,3.69471,2.71051e-20,0.00672608,0.00685377,-5.39662e-18,0.000127694,0.000127694,0.00685377,5,416,0,0,0
2019-09-12,416,45,13,18,Rtail,0.232268,0.178039,59.3039,3.7565,-4.06576e-20,0.00302993,0.00312695,-2.45647e-18,9.70262e-05,9.70262e-05,0.00312695,5,416,0,0,0
2019-09-13,416,45,13,18,Rtail,0.422305,0.392389,59.8894,3.73443,1.0842e-19,-0.000847055,-0.00102931,-6.20183e-19,-0.000182257,-0.000182257,-0.00102931,5,416,0,0,0
2019-09-16,416,45,13,18,Rtail,0.490678,0.502496,59.8526,3.8138,8.67362e-19,-0.00369208,-0.00347867,1.78905e-18,0.000213411,0.000213411,-0.00347867,5,416,0,0,0
2019-09-17,416,45,13,18,Rtail,0.565178,0.574518,59.9749,3.88632,1.0842e-19,0.00307283,0.00306682,-6.80981e-19,-6.0141e-06,-6.0141e-06,0.00306682,5,416,0,0,0
2019-09-18,416,45,13,18,Rtail,0.211897,0.204664,59.9274,3.82633,1.0842e-19,3.7122e-05,0.000232146,-8.1994e-19,0.000195024,0.000195024,0.000232146,5,416,0,0,0
2019-09-19,416,45,13,18,Rtail,0.3865,0.316497,60.0114,3.81383,-1.0842e-19,-1.15117e-05,2.04779e-05,-2.09365e-18,3.19896e-05,3.19896e-05,2.04779e-05,5,416,0,0,0
2019-09-20,416,45,13,18,Rtail,0.377941,0.286032,60.2296,3.85209,1.21973e-19,-0.00495239,-0.00500938,-1.53372e-18,-5.69815e-05,-5.69815e-05,-0.00500938,5,416,0,0,0
2019-09-23,416,45,13,18,Rtail,0.250928,0.229156,60.3569,3.80317,-1.0842e-19,6.40485e-05,6.81623e-05,5.82067e-19,4.11382e-06,4.11382e-06,5.71856e-05,5,416,0,0,0
2019-09-24,417,45,13,18,Rtail,0.513419,0.485423,60.2359,3.80246,-2.1684e-19,-0.00782667,-0.00782407,6.97796e-19,2.60593e-06,2.60593e-06,-0.00782407,5,417,0,0,0
2019-09-25,417,45,13,18,Rtail,0.433674,0.359221,60.1678,3.89136,-2.1684e-19,0.00545866,0.00561442,7.89844e-19,0.000155765,0.000155765,0.00561442,5,417,0,0,0
2019-09-26,417,45,13,18,Rtail,0.350142,0.332775,60.4995,3.87711,2.71051e-20,-0.0019036,-0.00215087,-1.42231e-18,-0.000247269,-0.000247269,-0.00214238,5,417,0,0,0
2019-09-27,417,45,13,18,Rtail,0.418579,0.401882,60.4602,3.89933,-2.1684e-19,-0.00499968,-0.00497676,5.54859e-18,2.29145e-05,2.29145e-05,-0.00497676,4,417,0,0,0
2019-09-30,417,45,13,18,Rtail,0.324043,0.291116,60.6179,3.88621,0,0.00527055,0.00540935,-7.40722e-19,0.000138801,0.000138801,0.00540935,4,417,0,0,0
2019-10-01,417,45,13,18,Rtail,0.442925,0.384223,60.423,3.84709,1.6263e-19,-0.0124552,-0.0122632,3.10161e-17,0.00019195,0.00019195,-0.0122632,4,417,0,0,0
2019-10-02,417,45,13,18,Rtail,0.258837,0.263072,60.4096,3.8128,5.42101e-20,-0.0181636,-0.0181444,2.43369e-18,1.92485e-05,1.92485e-05,-0.0181444,4,417,0,0,0
2019-10-03,417,45,13,18,Rtail,0.361889,0.314298,59.9758,3.82338,-5.42101e-20,0.00774436,0.00768289,-2.91285e-19,-6.14679e-05,-6.14679e-05,0.0076428,4,417,0,0,0
2019-10-04,417,45,13,18,Rtail,0.341652,0.363839,60.1506,3.7353,1.6263e-19,0.0144174,0.0144513,-3.89589e-20,3.39038e-05,3.39038e-05,0.0144513,4,417,0,0,0
2019-10-07,417,45,13,18,Rtail,0.205856,0.17983,60.446,3.67786,2.71051e-20,-0.00454009,-0.00464952,2.94933e-19,-0.000109423,-0.000109423,-0.00464952,4,417,0,0,0
2019-10-08,417,45,13,18,Rtail,0.512564,0.487422,60.2017,3.62686,3.25261e-19,-0.0157543,-0.0155606,-1.94009e-18,0.000193703,0.000193703,-0.0155606,4,417,0,0,0
2019-10-09,417,45,13,18,Rtail,0.397271,0.350199,60.2009,3.61494,0,0.00936478,0.00934879,-6.75962e-19,-1.59912e-05,-1.59912e-05,0.00934879,4,417,0,0,0
2019-10-10,417,45,13,18,Rtail,0.2688,0.278993,60.1569,3.61698,5.42101e-20,0.00645767,0.00650605,4.87497e-19,4.83803e-05,4.83803e-05,0.00650605,4,417,0,0,0
2019-10-11,417,45,13,18,Rtail,0.561228,0.578471,60.03,3.64344,-1.0842e-19,0.0108007,0.0107987,9.64848e-19,-1.99152e-06,-1.99152e-06,0.0107987,4,417,0,0,0
2019-10-14,417,45,13,18,Rtail,0.222204,0.203703,60.3486,3.59488,-4.06576e-20,-0.00144201,-0.00150757,-5.58758e-18,-6.55541e-05,-6.55541e-05,-0.00150757,4,417,0,0,0
2019-10-15,417,45,13,18,Rtail,0.410353,0.354223,60.2336,3.58941,8.13152e-20,0.00930281,0.0091396,-6.56643e-18,-0.000163218,-0.000163218,0.0091396,4,417,0,0,0
2019-10-16,417,45,13,18,Rtail,0.338228,0.326937,60.3227,3.55264,3.25261e-19,-0.00227798,-0.00210227,1.84081e-18,0.000175705,0.000175705,-0.00210227,4,417,0,0,0
2019-10-17,417,45,13,18,Rtail,0.21867,0.154553,60.1731,3.5345,-1.0842e-19,0.00265684,0.00273099,2.68357e-18,7.4152e-05,7.4152e-05,0.00273099,4,417,0,0,0
2019-10-18,417,45,13,18,Rtail,0.358977,0.320625,60.194,3.53538,3.79471e-19,-0.00375914,-0.00370608,-2.48721e-18,5.30609e-05,5.30609e-05,-0.00370958,4,417,0,0,0
2019-10-21,416,45,13,18,Rtail,0.402626,0.3422,60.381,3.54708,-2.1684e-19,0.00648503,0.00678411,2.75787e-18,0.000299081,0.000299081,0.00678411,4,416,0,0,0
2019-10-22,416,45,13,18,Rtail,0.418447,0.446687,60.1788,3.557,0,-0.00355387,-0.00344397,-4.44874e-18,0.000109905,0.000109905,-0.00344397,4,416,0,0,0
2019-10-23,416,45,13,18,Rtail,0.303695,0.24713,59.6558,3.48258,0,0.00181933,0.00209669,3.27044e-19,0.000277357,0.000277357,0.00209669,4,416,0,0,0
2019-10-24,416,45,13,18,Rtail,0.210249,0.144356,59.572,3.50695,5.42101e-20,0.00231872,0.0023147,-5.77889e-18,-4.02211e-06,-4.02211e-06,0.0023147,4,416,0,0,0
2019-10-25,416,45,13,18,Rtail,0.353576,0.335012,59.3879,3.49248,8.13152e-20,0.00437352,0.0040811,2.06664e-18,-0.000292421,-0.000292421,0.0040811,4,416,0,0,0
2019-10-28,416,45,13,18,Rtail,0.401132,0.368854,59.1319,3.41694,-1.0842e-19,0.00508001,0.00518575,5.53802e-18,0.000105741,0.000105741,0.00518575,4,416,0,0,0
2019-10-29,416,45,13,18,Rtail,0.267426,0.17863,59.4425,3.4563,1.0842e-19,-0.000390849,-0.000614111,1.22875e-17,-0.000223261,-0.000223261,-0.000614111,4,416,0,0,0
2019-10-30,416,45,13,18,Rtail,0.318938,0.272195,59.4383,3.41705,0,0.00392234,0.00378068,-6.75353e-18,-0.000141665,-0.000141665,0.00378068,4,416,0,0,0
2019-10-31,416,45,13,18,Rtail,0.186614,0.15844,59.5169,3.46076,1.35525e-19,-0.00368913,-0.00331611,4.21659e-19,0.000373019,0.000373019,-0.00331611,4,416,0,0,0
2019-11-01,416,45,13,18,Rtail,0.344252,0.328125,59.5227,3.4631,2.1684e-19,0.00878645,0.00915694,-3.66563e-18,0.000370486,0.000370486,0.00915694,4,416,0,0,0
2019-11-04,416,45,13,18,Rtail,0.693844,0.671336,59.8281,3.45927,0,0.00292849,0.00300868,-2.7278e-18,8.01914e-05,8.01914e-05,0.00300868,4,416,0,0,0
2019-11-05,416,45,13,18,Rtail,0.314629,0.296199,60.0044,3.47337,-4.33681e-19,-0.00161618,-0.00173138,1.02776e-18,-0.000115196,-0.000115196,-0.00173362,4,416,0,0,0
2019-11-06,414,45,13,18,Rtail,0.358825,0.332161,59.9517,3.48491,0,0.00144161,0.00109995,2.44417e-18,-0.00034166,-0.00034166,0.00109995,4,414,0,0,0
2019-11-07,414,45,13,18,Rtail,0.328827,0.19094,59.9469,3.59353,-4.33681e-19,0.00323358,0.00317062,8.35381e-19,-6.29668e-05,-6.29668e-05,0.00317062,4,414,0,0,0
2019-11-08,414,45,13,18,Rtail,0.262247,0.21146,59.9922,3.57492,-1.0842e-19,0.00262634,0.00268176,-5.80446e-19,5.54205e-05,5.54205e-05,0.00268176,4,414,0,0,0
2019-11-11,414,45,13,18,Rtail,0.310718,0.278267,60.5235,3.58248,0,-0.00180744,-0.00180569,2.53061e-18,1.75258e-06,1.75258e-06,-0.00180569,4,414,0,0,0
2019-11-12,414,45,13,18,Rtail,0.184711,0.154308,60.3447,3.53712,1.0842e-19,0.00122926,0.00116297,3.45163e-19,-6.62851e-05,-6.62851e-05,0.00116297,4,414,0,0,0
2019-11-13,414,45,13,18,Rtail,0.507787,0.497054,60.4066,3.58131,-1.0842e-19,0.00125966,0.00126413,-7.58603e-19,4.47077e-06,4.47077e-06,0.00126413,4,414,0,0,0
2019-11-14,414,45,13,18,Rtail,0.268259,0.192257,60.6983,3.5938,0,0.000561241,0.000572055,-5.58175e-19,1.08141e-05,1.08141e-05,0.000572055,4,414,0,0,0
2019-11-15,414,45,13,18,Rtail,0.292006,0.275754,60.3557,3.60476,1.0842e-19,0.0072949,0.00726306,1.98098e-18,-3.18394e-05,-3.18394e-05,0.00726306,4,414,0,0,0
2019-11-18,414,45,13,18,Rtail,0.350686,0.321914,60.2176,3.59043,-5.42101e-20,0.000877633,0.000894031,-4.55206e-18,1.63982e-05,1.63982e-05,0.000894031,4,414,0,0,0
2019-11-19,414,45,13,18,Rtail,0.308602,0.310539,60.1,3.58642,4.33681e-19,-0.00068846,-0.0006614,2.82796e-18,2.70601e-05,2.70601e-05,-0.0006614,4,414,0,0,0
2019-11-20,414,45,13,18,Rtail,0.294573,0.317841,60.082,3.57903,1.0842e-19,-0.00335053,-0.00347109,-4.75507e-19,-0.000120566,-0.000120566,-0.00347109,4,414,0,0,0
2019-11-21,414,45,13,18,Rtail,0.314992,0.281951,59.9386,3.50201,-1.0842e-19,-0.00168883,-0.00166498,8.48818e-19,2.38503e-05,2.38503e-05,-0.00169215,4,414,0,0,0
2019-11-22,415,45,13,18,Rtail,0.370403,0.396944,60.1083,3.54544,-2.1684e-19,0.00206082,0.00220596,-1.7826e-18,0.00014514,0.00014514,0.00220596,4,415,0,0,0
2019-11-25,415,45,13,18,Rtail,0.507334,0.46022,60.0326,3.53455,0,0.00728282,0.00745328,4.48388e-18,0.00017046,0.00017046,0.00745328,4,415,0,0,0
2019-11-26,415,45,13,18,Rtail,0.280709,0.262748,60.365,3.54738,1.0842e-19,0.00207134,0.00220681,-4.55088e-19,0.000135466,0.000135466,0.00220681,4,415,0,0,0
2019-11-27,415,45,13,18,Rtail,0.203345,0.153884,60.6311,3.58096,0,0.00387906,0.00404281,2.30646e-18,0.000163755,0.000163755,0.00404281,4,415,0,0,0
2019-11-29,415,45,13,18,Rtail,0.312366,0.316488,60.3332,3.53294,0,-0.00363384,-0.0037972,-2.31974e-19,-0.000163358,-0.000163358,-0.0037972,4,415,0,0,0
2019-12-02,415,45,13,18,Rtail,0.303418,0.202206,60.5444,3.53687,-5.42101e-20,-0.00898984,-0.00883572,1.50128e-18,0.000154117,0.000154117,-0.00883572,4,415,0,0,0
2019-12-03,415,45,13,18,Rtail,0.538072,0.543177,60.7329,3.53213,2.1684e-19,-0.00689965,-0.00696905,-7.83478e-19,-6.93995e-05,-6.93995e-05,-0.00696905,4,415,0,0,0
2019-12-04,415,45,13,18,Rtail,0.28442,0.284549,60.7601,3.48522,-2.1684e-19,0.00556507,0.00577572,-3.54327e-18,0.000210647,0.000210647,0.00577572,4,415,0,0,0
2019-12-05,415,45,13,18,Rtail,0.236302,0.183527,60.9564,3.45636,1.35525e-20,0.00153934,0.00157814,2.7788e-19,3.88041e-05,3.88041e-05,0.00158865,4,415,0,0,0
2019-12-06,416,45,13,18,Rtail,0.434829,0.413902,61.0431,3.437,1.0842e-19,0.0087519,0.00894666,2.15649e-18,0.000194763,0.000194763,0.00894666,4,416,0,0,0
2019-12-09,416,45,13,18,Rtail,0.214222,0.176112,61.5735,3.4521,5.42101e-20,-0.00338003,-0.00346998,-1.13551e-18,-8.99453e-05,-8.99453e-05,-0.00345949,4,416,0,0,0
2019-12-10,417,45,13,18,Rtail,0.238692,0.241064,61.865,3.44397,2.1684e-19,-0.0013506,-0.00133828,-1.60467e-18,1.23213e-05,1.23213e-05,-0.00133828,4,417,0,0,0
2019-12-11,417,45,13,18,Rtail,0.410414,0.404866,61.8366,3.43007,-5.42101e-20,0.00278807,0.00282451,2.67915e-18,3.64366e-05,3.64366e-05,0.00282451,4,417,0,0,0
2019-12-12,417,45,13,18,Rtail,0.625373,0.641798,61.9971,3.42011,2.1684e-19,0.00949614,0.00918696,-1.79849e-18,-0.000309181,-0.000309181,0.00918696,4,417,0,0,0
2019-12-13,417,45,13,18,Rtail,0.334705,0.347096,61.8224,3.42513,1.0842e-19,0.000622193,0.000680594,-4.2797e-18,5.84012e-05,5.84012e-05,0.000680594,4,417,0,0,0
2019-12-16,417,45,13,18,Rtail,0.266001,0.231786,61.8966,3.43872,-1.0842e-19,0.00656099,0.00648361,5.52961e-18,-7.73767e-05,-7.73767e-05,0.00648361,4,417,0,0,0
2019-12-17,417,45,13,18,Rtail,0.284805,0.268254,61.9898,3.42687,1.0842e-19,0.000504826,0.000517728,-1.99741e-18,1.29018e-05,1.29018e-05,0.000517728,4,417,0,0,0
2019-12-18,417,45,13,18,Rtail,0.236689,0.289467,62.0142,3.40377,-1.0842e-19,-0.000740227,-0.000794749,-8.82802e-19,-5.45223e-05,-5.45223e-05,-0.000794749,4,417,0,0,0
2019-12-19,417,45,13,18,Rtail,0.192284,0.173044,62.0499,3.40897,-2.71051e-20,0.00452557,0.00442306,-2.40952e-18,-0.000102511,-0.000102511,0.00442306,4,417,0,0,0
2019-12-20,417,45,13,18,Rtail,0.225689,0.212402,62.1406,3.41447,5.42101e-20,0.00504324,0.00506151,-7.25056e-19,1.82689e-05,1.82689e-05,0.00506151,4,417,0,0,0
2019-12-23,417,45,13,18,Rtail,0.411309,0.354148,62.0447,3.41948,2.71051e-20,0.000762544,0.000869608,-6.92399e-18,0.000107064,0.000107064,0.000873622,4,417,0,0,0
2019-12-24,417,45,12,16,Rtail,0.321574,0.313102,62.0572,3.43808,-6.09864e-20,-3.3923e-05,-1.62587e-05,-6.27733e-19,1.76643e-05,1.76643e-05,-1.62587e-05,4,417,0,0,0
2019-12-26,417,45,12,16,Rtail,0.379059,0.24418,62.0149,3.42879,0,0.00452175,0.00499683,7.8182e-19,0.000475082,0.000475082,0.00499683,4,417,0,0,0
2019-12-27,417,45,12,16,Rtail,0.410074,0.409322,61.9976,3.42424,5.42101e-20,0.000135895,0.000196652,-1.90488e-19,6.07565e-05,6.07565e-05,0.000196652,4,417,0,0,0
2019-12-30,417,45,12,16,Rtail,0.351786,0.314936,61.8998,3.40426,2.1684e-19,-0.00562213,-0.00537018,3.77944e-18,0.000251951,0.000251951,-0.00537018,4,417,0,0,0
2019-12-31,417,45,12,16,Rtail,0.338688,0.353238,61.79,3.39506,-1.49078e-19,0.00277363,0.00283668,-1.32705e-18,6.30495e-05,6.30495e-05,0.00283872,4,417,0,0,0
2020-01-02,416,45,12,16,Rtail,0.620509,0.580549,61.785,3.39628,-5.42101e-20,0.00825008,0.00830885,4.56211e-18,5.87653e-05,5.87653e-05,0.00830885,4,416,0,0,0
2020-01-03,416,45,12,16,Rtail,0.407503,0.366593,61.855,3.42319,-5.42101e-20,-0.00744981,-0.00742281,7.7559e-19,2.7002e-05,2.7002e-05,-0.00742281,4,416,0,0,0
2020-01-06,416,45,12,16,Rtail,0.303091,0.287053,61.707,3.41971,0,0.00239435,0.00244998,1.12432e-17,5.56325e-05,5.56325e-05,0.00244998,4,416,0,0,0
2020-01-07,416,45,12,16,Rtail,0.234787,0.210763,61.6077,3.41186,-8.13152e-20,-0.00282647,-0.00299814,1.27383e-18,-0.000171667,-0.000171667,-0.00299814,4,416,0,0,0
2020-01-08,416,45,12,16,Rtail,0.410374,0.350131,61.4464,3.39968,-2.71051e-19,0.0050132,0.00498406,-2.2809e-18,-2.91438e-05,-2.91438e-05,0.00498406,4,416,0,0,0
2020-01-09,416,45,12,16,Rtail,0.206412,0.164374,61.6421,3.40151,-8.13152e-20,0.00662401,0.00680021,-4.55449e-19,0.000176198,0.000176198,0.00680021,4,416,0,0,0
2020-01-10,416,45,12,16,Rtail,0.318031,0.299603,61.6265,3.40018,1.35525e-19,-0.00305856,-0.00309655,-6.89648e-19,-3.7988e-05,-3.7988e-05,-0.00309655,4,416,0,0,0
2020-01-13,416,45,12,16,Rtail,0.308336,0.250735,61.4169,3.39488,5.42101e-20,0.00659796,0.00669003,-5.95256e-19,9.20786e-05,9.20786e-05,0.00669003,4,416,0,0,0
2020-01-14,416,45,12,16,Rtail,0.269808,0.281521,61.3218,3.3718,2.1684e-19,-0.00126426,-0.00135685,-2.21292e-18,-9.25868e-05,-9.25868e-05,-0.00135685,4,416,0,0,0
2020-01-15,416,45,12,16,Rtail,0.422276,0.392352,61.1005,3.37389,-1.0842e-19,0.00140466,0.00144935,5.95798e-19,4.46857e-05,4.46857e-05,0.00144935,4,416,0,0,0
2020-01-16,416,45,12,16,Rtail,0.316977,0.307695,60.9441,3.3966,-1.0842e-19,0.0084953,0.00850061,-1.08363e-18,5.307e-06,5.307e-06,0.00850061,4,416,0,0,0
2020-01-17,416,45,12,16,Rtail,0.203929,0.192851,60.9107,3.40496,2.1684e-19,0.00322193,0.00326629,1.96422e-18,4.43577e-05,4.43577e-05,0.00326629,4,416,0,0,0
2020-01-21,416,45,12,16,Rtail,0.431079,0.454287,61.2635,3.4278,-3.79471e-19,-0.00267541,-0.00271771,-4.0903e-18,-4.23019e-05,-4.23019e-05,-0.00271771,4,416,0,0,0
2020-01-22,416,45,12,16,Rtail,0.299402,0.265413,61.1858,3.45911,1.0842e-19,0.000630825,0.000426873,6.71045e-19,-0.000203952,-0.000203952,0.000426873,4,416,0,0,0
2020-01-23,416,45,12,16,Rtail,0.297568,0.268413,61.2651,3.46169,-2.1684e-19,0.00159771,0.00157467,2.40776e-18,-2.30394e-05,-2.30394e-05,0.00157467,4,416,0,0,0
2020-01-24,416,45,12,16,Rtail,0.262333,0.268384,61.1014,3.45283,2.30393e-19,-0.00871652,-0.0086806,5.69523e-18,3.59221e-05,3.59221e-05,-0.0086806,4,416,0,0,0
2020-01-27,416,45,12,16,Rtail,0.662346,0.651507,61.2224,3.42937,1.0842e-19,-0.0154814,-0.0156051,-4.50656e-18,-0.000123715,-0.000123715,-0.0156051,4,416,0,0,0
2020-01-28,416,45,12,16,Rtail,0.377731,0.29935,61.1254,3.42878,1.0842e-19,0.0097031,0.0099514,2.39953e-18,0.000248294,0.000248294,0.0099514,4,416,0,0,0
2020-01-29,416,45,12,16,Rtail,0.258822,0.180016,61.4774,3.47181,1.0842e-19,-0.00230938,-0.00148358,-1.75692e-18,0.000825795,0.000825795,-0.00148358,4,416,0,0,0
2020-01-30,416,45,12,16,Rtail,0.274322,0.197685,61.5627,3.50226,-6.50521e-19,0.00490811,0.00496301,8.15823e-18,5.48937e-05,5.48937e-05,0.00496301,4,416,0,0,0
2020-01-31,416,45,12,16,Rtail,0.31592,0.226628,61.7602,3.47865,-2.1684e-19,-0.0175432,-0.0169955,-1.53532e-17,0.000547659,0.000547659,-0.0169955,4,416,0,0,0
2020-02-03,416,45,12,16,Rtail,0.360846,0.281578,61.6581,3.53189,-2.43945e-19,0.00668088,0.00649345,-2.37374e-18,-0.000187438,-0.000187438,0.00649345,4,416,0,0,0
2020-02-04,416,45,12,16,Rtail,0.452773,0.410947,62.4416,3.51297,5.42101e-20,0.0158431,0.0162504,3.88632e-20,0.000407323,0.000407323,0.0162504,4,416,0,0,0
2020-02-05,416,45,12,16,Rtail,0.377898,0.345879,62.8737,3.51334,0,0.0114691,0.0112919,8.95404e-19,-0.00017722,-0.00017722,0.0112919,4,416,0,0,0
2020-02-06,416,45,12,16,Rtail,0.201728,0.197455,62.4826,3.51749,-2.1684e-19,0.0027318,0.0029872,-3.23633e-19,0.000255407,0.000255407,0.0029872,4,416,0,0,0
2020-02-07,416,45,12,16,Rtail,0.261669,0.246441,62.2726,3.51303,1.0842e-19,-0.00583277,-0.00553165,-1.78014e-18,0.000301117,0.000301117,-0.00553165,4,416,0,0,0
2020-02-10,416,45,12,16,Rtail,0.252893,0.230993,62.8191,3.49826,-1.0842e-19,0.00724031,0.00740943,3.74894e-18,0.000169123,0.000169123,0.00740943,4,416,0,0,0
2020-02-11,416,45,12,16,Rtail,0.26987,0.238141,63.4607,3.51661,-1.35525e-19,0.00276953,0.00241114,1.30137e-17,-0.000358389,-0.000358389,0.00241114,4,416,0,0,0
2020-02-12,416,45,12,16,Rtail,0.409358,0.365522,63.0199,3.46185,0,0.00653179,0.00636413,1.95237e-18,-0.000167662,-0.000167662,0.00636413,4,416,0,0,0
2020-02-13,416,45,12,16,Rtail,0.277198,0.265005,62.9313,3.47367,-1.0842e-19,-0.00136557,-0.00153956,-3.02591e-19,-0.000173983,-0.000173983,-0.00153956,4,416,0,0,0
2020-02-14,416,45,12,16,Rtail,0.337293,0.354159,62.5813,3.47445,2.1684e-19,0.00187195,0.00177676,1.44499e-18,-9.51935e-05,-9.51935e-05,0.00177676,4,416,0,0,0
2020-02-18,416,45,12,16,Rtail,0.288142,0.249208,62.7448,3.4866,0,-0.00315893,-0.00319144,-1.12427e-18,-3.25096e-05,-3.25096e-05,-0.00319144,3,416,0,0,0
2020-02-19,416,45,12,16,Rtail,0.488935,0.428051,62.1604,3.46748,4.33681e-19,0.00471953,0.00477097,-2.30962e-18,5.14409e-05,5.14409e-05,0.00477097,3,416,0,0,0
2020-02-20,416,45,12,16,Rtail,0.322853,0.294413,62.1712,3.48012,-2.1684e-19,-0.00363052,-0.00375729,-5.29915e-18,-0.000126765,-0.000126765,-0.00375729,3,416,0,0,0
2020-02-21,416,45,12,16,Rtail,0.543815,0.500673,61.8272,3.51748,0,-0.0100673,-0.0103766,1.6043e-18,-0.000309269,-0.000309269,-0.0103766,3,416,0,0,0
2020-02-24,416,45,12,16,Rtail,0.565427,0.543416,61.7802,3.55609,1.0842e-19,-0.0331126,-0.0331599,-2.25742e-17,-4.7279e-05,-4.7279e-05,-0.0331599,3,416,0,0,0
2020-02-25,416,45,12,16,Rtail,0.418424,0.384393,61.251,3.5492,1.0842e-19,-0.030975,-0.0308567,-1.54434e-18,0.000118258,0.000118258,-0.0308567,3,416,0,0,0
2020-02-26,416,45,12,16,Rtail,0.350019,0.375689,61.4905,3.53494,2.1684e-19,-0.00403821,-0.00376284,1.12065e-17,0.000275372,0.000275372,-0.00372974,3,416,0,0,0
2020-02-27,415,45,12,16,Rtail,0.303129,0.280096,61.7255,3.54517,-2.71051e-19,-0.0431257,-0.0437879,-1.91385e-18,-0.000662193,-0.000662193,-0.0437879,2,415,0,0,0
2020-02-28,415,45,12,16,Rtail,0.477395,0.400015,60.8733,3.5162,-4.33681e-19,-0.00992,-0.00977185,-3.20578e-18,0.000148148,0.000148148,-0.00977185,2,415,0,0,0
2020-03-02,415,45,12,16,Rtail,0.45993,0.468284,61.1449,3.50129,-1.0842e-19,0.0467496,0.0471657,2.25211e-18,0.000416123,0.000416123,0.0471517,2,415,0,0,0
2020-03-03,416,45,12,16,Rtail,0.510923,0.482339,61.7632,3.47498,-4.06576e-19,-0.0275263,-0.0275379,-4.2026e-18,-1.16579e-05,-1.16579e-05,-0.0275379,2,416,0,0,0
2020-03-04,416,45,12,16,Rtail,0.352108,0.344239,61.7249,3.48723,-2.71051e-19,0.0435568,0.0429608,3.74845e-19,-0.000596028,-0.000596028,0.0429608,2,416,0,0,0
2020-03-05,416,45,12,16,Rtail,0.419935,0.419871,61.7893,3.40963,-5.42101e-20,-0.033295,-0.0331393,-7.4467e-18,0.00015571,0.00015571,-0.0331393,2,416,0,0,0
2020-03-06,416,45,12,16,Rtail,0.430542,0.425905,61.7357,3.43025,-1.30104e-18,-0.0164113,-0.0166599,1.52024e-17,-0.000248615,-0.000248615,-0.0166599,2,416,0,0,0
2020-03-09,416,45,12,16,Rtail,0.541982,0.582634,62.0778,3.3536,-4.33681e-19,-0.0751451,-0.0756023,-3.09929e-17,-0.000457213,-0.000457213,-0.0756023,2,416,0,0,0
2020-03-10,416,45,12,16,Rtail,0.485828,0.429362,60.9438,3.21978,1.0842e-19,0.0492173,0.0496138,5.14186e-19,0.000396484,0.000396484,0.0496138,2,416,0,0,0
2020-03-11,416,45,12,16,Rtail,0.330668,0.333875,61.5498,3.30435,3.25261e-19,-0.0484042,-0.0485795,9.08141e-15,-0.00017529,-0.00017529,-0.0485795,2,417,0,1,0
2020-03-12,416,45,12,16,Rtail,0.342852,0.358342,60.0148,3.4542,2.1684e-19,-0.0959776,-0.0957592,2.20516e-14,0.000218395,0.000218395,-0.0957592,2,418,0,2,0
2020-03-13,416,45,12,16,Rtail,0.491769,0.427529,60.9706,3.3604,2.1684e-19,0.0936124,0.093537,3.26583e-13,-7.53154e-05,-7.53154e-05,0.093537,2,418,0,2,0
2020-03-16,416,45,12,16,Rtail,0.377312,0.342396,60.4629,3.28477,-2.1684e-19,-0.120004,-0.119535,2.53308e-14,0.000468934,0.000468934,-0.119535,2,418,0,2,0
2020-03-17,416,45,12,16,Rtail,0.41541,0.41256,59.7765,3.24274,4.33681e-19,0.0619263,0.0612866,9.97044e-14,-0.000639738,-0.000639738,0.0612866,2,418,0,2,0
2020-03-18,416,45,12,16,Rtail,0.370278,0.312006,58.5421,3.17664,-4.33681e-19,-0.0512411,-0.0517892,4.51403e-14,-0.000548067,-0.000548067,-0.0517431,2,418,0,2,0
2020-03-19,416,45,12,16,Rtail,0.346208,0.344756,60.4591,3.14597,0,0.0022882,0.00302862,-1.08379e-05,0.000751249,0.000740411,0.00309249,2,419,0,3,0
2020-03-20,416,45,12,16,Rtail,0.271627,0.281239,60.8915,3.07233,0,-0.0442977,-0.0441811,-1.69597e-05,0.000133603,0.000116643,-0.0441588,2,419,0,3,0
2020-03-23,416,45,12,16,Rtail,0.464138,0.370994,61.9693,3.04929,1.30104e-18,-0.0291269,-0.0291284,-2.70771e-05,2.55419e-05,-1.53515e-06,-0.0291311,2,419,0,3,0
2020-03-24,416,45,12,16,Rtail,0.458425,0.416466,62.6802,3.07113,-6.50521e-19,0.0950336,0.0940281,-7.0841e-05,-0.000934642,-0.00100548,0.0940018,2,419,0,3,0
2020-03-25,416,45,12,16,Rtail,0.429166,0.337631,63.8635,3.131,-1.0842e-18,0.012563,0.0130826,-3.25834e-05,0.000552225,0.000519642,0.0131429,2,419,0,3,0
2020-03-26,416,45,12,16,Rtail,0.24334,0.264892,62.9868,3.18107,2.1684e-19,0.0643715,0.0635579,-2.30029e-06,-0.000811337,-0.000813637,0.0634558,2,419,0,3,0
2020-03-27,416,45,12,16,Rtail,0.505183,0.508542,61.4679,3.23082,-4.33681e-19,-0.0333318,-0.0333108,1.12911e-05,9.754e-06,2.10451e-05,-0.0333157,2,419,0,3,0
2020-03-30,416,45,12,16,Rtail,0.473377,0.49069,61.2443,3.25204,0,0.033679,0.0336898,1.93114e-05,-8.48541e-06,1.0826e-05,0.0336568,2,419,0,3,0
2020-03-31,416,45,12,16,Rtail,0.33735,0.319358,63.0706,3.32979,-1.0842e-19,-0.0182168,-0.0178759,2.07795e-06,0.000338799,0.000340877,-0.0178358,2,419,0,3,0
2020-04-01,416,45,12,16,Rtail,0.480701,0.471397,63.1806,3.34711,-1.6263e-19,-0.0433324,-0.043353,2.70204e-05,-4.76556e-05,-2.06353e-05,-0.0433569,2,419,0,3,0
2020-04-02,417,45,11,14,Rtail,0.444974,0.445408,63.5912,3.3547,4.33681e-19,0.0253213,0.0245164,1.25721e-05,-0.000817505,-0.000804933,0.0245291,2,420,0,3,0
2020-04-03,417,45,11,14,Rtail,0.317692,0.285059,64.2042,3.32251,0,-0.0157679,-0.0155609,4.17886e-06,0.00020282,0.000206999,-0.0155466,2,420,0,3,0
2020-04-06,417,45,11,14,Rtail,0.485131,0.476007,65.2149,3.40986,7.04731e-19,0.0704049,0.0707111,-2.5488e-05,0.000331719,0.000306231,0.0707262,2,420,0,3,0
2020-04-07,416,45,11,14,Rtail,0.483938,0.516985,64.857,3.45311,5.42101e-20,-0.00361475,-0.00272083,-1.30785e-05,0.000906991,0.000893913,-0.00265347,2,419,0,3,0
2020-04-08,416,45,11,14,Rtail,0.466926,0.461547,65.2087,3.69304,2.1684e-19,0.0346602,0.034336,-1.95703e-05,-0.000304554,-0.000324125,0.0343847,2,419,0,3,0
2020-04-09,416,45,11,14,Rtail,0.508162,0.426813,64.9006,3.67469,2.71051e-19,0.0145649,0.0148186,-1.08292e-05,0.000264572,0.000253743,0.0148624,2,419,0,3,0
2020-04-13,416,45,11,14,Rtail,0.538829,0.370389,64.7873,3.84579,-2.1684e-19,-0.00985212,-0.00943289,2.01063e-05,0.000399124,0.00041923,-0.00946674,2,419,0,3,0
2020-04-14,416,45,11,14,Rtail,0.582017,0.502627,65.4246,4.16654,1.0842e-19,0.0309061,0.0311485,-7.85561e-06,0.000250265,0.000242409,0.0311153,2,419,0,3,0
2020-04-15,416,45,11,14,Rtail,0.558705,0.553778,66.5902,4.15635,-2.1684e-19,-0.0221017,-0.0223046,1.85874e-05,-0.000221516,-0.000202928,-0.0223837,2,419,0,3,0
2020-04-16,416,45,11,14,Rtail,0.538464,0.514483,67.82,4.66495,1.0842e-19,0.00666752,0.00669296,1.29591e-05,1.24828e-05,2.54419e-05,0.00666488,2,419,0,3,0
2020-04-17,416,45,11,14,Rtail,0.679661,0.648099,67.3485,4.60709,2.1684e-19,0.0271003,0.0268449,-1.84808e-05,-0.000236898,-0.000255379,0.0268771,2,419,0,3,0
2020-04-20,416,45,11,14,Rtail,0.33417,0.32296,67.327,5.2175,-3.25261e-19,-0.0181583,-0.01829,8.98242e-06,-0.00014062,-0.000131637,-0.0183325,2,419,0,3,0
2020-04-21,416,45,11,14,Rtail,0.378437,0.312739,68.178,5.13024,-2.71051e-20,-0.0304685,-0.0302288,8.8217e-06,0.000230839,0.000239661,-0.0302185,2,419,0,3,0
2020-04-22,416,45,11,14,Rtail,0.410493,0.348205,67.679,5.24898,-3.25261e-19,0.0218229,0.0217599,-4.97158e-06,-5.80151e-05,-6.29867e-05,0.02177,2,419,0,3,0
2020-04-23,416,45,11,14,Rtail,0.356644,0.371782,68.2702,5.21897,-5.42101e-20,-0.00171765,-0.00116852,-1.82625e-06,0.000550954,0.000549128,-0.00114259,2,419,0,3,0
2020-04-24,416,45,11,14,Rtail,0.32422,0.281895,67.6836,4.88364,2.1684e-19,0.0140385,0.0139525,-7.88614e-06,-7.81744e-05,-8.60605e-05,0.0139561,2,419,0,3,0
2020-04-27,416,45,11,14,Rtail,0.501523,0.412758,66.9152,4.73392,-3.25261e-19,0.0156177,0.0154477,-7.86698e-06,-0.000162144,-0.000170011,0.0154751,2,419,0,3,0
2020-04-28,416,45,11,14,Rtail,0.557518,0.534012,66.8235,4.62699,0,-0.00492053,-0.00459587,-1.53747e-05,0.00034003,0.000324655,-0.00454297,2,419,0,3,0
2020-04-29,416,45,11,14,Rtail,0.627172,0.631652,65.6718,4.72165,0,0.0226171,0.023455,-2.01675e-05,0.000858134,0.000837966,0.0234804,2,419,0,3,0
2020-04-30,416,45,11,14,Rtail,0.465229,0.3773,65.4264,4.84174,-2.1684e-19,-0.0104002,-0.0100918,1.9756e-05,0.000288709,0.000308465,-0.0101049,2,419,0,3,0
2020-05-01,416,45,11,14,Rtail,0.517311,0.556269,65.6927,4.92232,-2.1684e-19,-0.0279348,-0.028594,3.87109e-06,-0.000663044,-0.000659173,-0.0286506,2,419,0,3,0
2020-05-04,416,45,11,14,Rtail,0.47618,0.399687,65.587,5.20673,-2.1684e-19,0.00462761,0.00464708,-9.11875e-06,2.85855e-05,1.94667e-05,0.00461211,2,419,0,3,0
2020-05-05,416,45,11,14,Rtail,0.420105,0.38457,65.5129,5.11839,-2.1684e-19,0.00916019,0.00917049,-6.77725e-06,1.70853e-05,1.03081e-05,0.00917073,2,419,0,3,0
2020-05-06,416,45,11,14,Rtail,0.497015,0.448406,66.3446,5.11866,5.42101e-20,-0.00725564,-0.00710596,6.47217e-06,0.000143204,0.000149676,-0.00714535,2,419,0,3,0
2020-05-07,416,45,11,14,Rtail,0.262605,0.242289,66.4508,4.81306,2.1684e-19,0.0120352,0.0118733,-1.16689e-05,-0.000150252,-0.000161921,0.0118905,2,419,0,3,0
2020-05-08,416,45,11,14,Rtail,0.523505,0.50815,66.6018,4.79002,0,0.0169793,0.0171973,-1.15305e-05,0.000229504,0.000217974,0.0172279,2,419,0,3,0
2020-05-11,416,45,11,14,Rtail,0.642877,0.597137,66.1962,4.57901,-4.87891e-19,0.000415197,6.01849e-06,2.59393e-06,-0.000411773,-0.000409179,-8.11746e-06,2,419,0,3,0
2020-05-12,416,45,11,14,Rtail,0.400676,0.379288,65.9461,4.47087,-1.0842e-19,-0.020294,-0.0206597,5.29665e-06,-0.000371047,-0.00036575,-0.0206296,2,419,0,3,0
2020-05-13,417,45,11,14,Rtail,0.625591,0.620669,66.7301,4.56635,5.42101e-20,-0.0163318,-0.0165388,9.52837e-06,-0.000216533,-0.000207004,-0.0165683,2,420,0,3,0
2020-05-14,417,45,11,14,Rtail,0.397397,0.353604,67.5525,4.51887,2.71051e-19,0.0121083,0.0120971,-4.78124e-06,-6.42677e-06,-1.1208e-05,0.0121233,2,420,0,3,0
2020-05-15,417,45,11,14,Rtail,0.294854,0.256359,67.2037,4.68083,2.1684e-19,0.00424454,0.00386279,-5.31024e-06,-0.000376441,-0.000381751,0.00386011,2,420,0,3,0
2020-05-18,417,45,11,14,Rtail,0.775478,0.743744,67.1148,4.66925,4.33681e-19,0.031409,0.0322045,-1.19485e-05,0.00080746,0.000795512,0.0322749,2,420,0,3,0
2020-05-19,417,45,11,14,Rtail,0.359335,0.336867,66.6218,4.63195,-2.71051e-19,-0.0107786,-0.0108411,-1.87269e-06,-6.05752e-05,-6.24479e-05,-0.0108639,2,420,0,3,0
2020-05-20,417,45,11,14,Rtail,0.39166,0.340258,66.7433,4.75537,0,0.0146822,0.0152273,-5.26749e-06,0.000550354,0.000545086,0.0152272,2,420,0,3,0
2020-05-21,417,45,11,14,Rtail,0.353668,0.349712,66.8911,4.81736,0,-0.00820018,-0.00840088,-7.08203e-07,-0.000199994,-0.000200702,-0.00840269,2,420,0,3,0
2020-05-22,417,45,11,14,Rtail,0.274491,0.245666,66.427,4.69089,0,0.00226657,0.00207997,-4.66176e-06,-0.000181934,-0.000186596,0.00208751,2,420,0,3,0
2020-05-26,417,45,11,15,Rtail,0.777648,0.760284,66.7127,4.64575,4.33681e-19,0.0114393,0.012241,-1.54597e-06,0.000803276,0.00080173,0.0123397,3,421,0,4,0
2020-05-27,417,45,11,15,Rtail,0.522392,0.480768,66.4525,4.68179,-4.33681e-19,0.01535,0.0153144,-3.82284e-06,-3.18465e-05,-3.56693e-05,0.0153208,3,421,0,4,0
2020-05-28,417,45,11,15,Rtail,0.623648,0.644043,66.0147,4.61603,0,-0.00109638,-0.00128004,6.25645e-06,-0.000189911,-0.000183655,-0.0012523,3,421,0,4,0
2020-05-29,417,45,11,15,Rtail,0.581238,0.592719,66.2066,4.5673,-5.42101e-20,0.0054092,0.00489233,-4.98888e-06,-0.00051188,-0.000516869,0.00488886,3,421,0,4,0
2020-06-01,417,45,11,15,Rtail,0.510951,0.565289,66.5659,4.4276,-2.1684e-19,0.00277488,0.00327588,-9.12958e-06,0.000510129,0.000500999,0.00325374,3,421,0,4,0
2020-06-02,417,45,11,15,Rtail,0.312408,0.304218,67.1563,4.5744,-1.89735e-19,0.00800677,0.00831894,-2.58371e-06,0.000314747,0.000312163,0.0084021,3,421,0,4,0
2020-06-03,417,45,11,15,Rtail,0.702731,0.686675,67.592,4.64918,4.33681e-19,0.01387,0.0144518,-1.59889e-05,0.000597751,0.000581762,0.0144683,3,421,0,4,0
2020-06-04,417,45,11,15,Rtail,0.5552,0.503955,67.1435,4.59075,0,-0.00320328,-0.00297925,1.90128e-05,0.000205011,0.000224024,-0.00288777,3,421,0,4,0
2020-06-05,417,45,11,15,Rtail,0.566791,0.560156,66.4173,4.5796,0,0.0254498,0.0256432,-2.2847e-06,0.000195672,0.000193388,0.0256391,3,421,0,4,0
2020-06-08,417,45,11,15,Rtail,0.61764,0.64297,66.7845,4.76487,-1.0842e-19,0.0119869,0.0122649,4.8286e-06,0.0002732,0.000278028,0.0122759,3,421,0,4,0
2020-06-09,417,45,11,15,Rtail,0.712955,0.677819,66.5456,4.7149,-2.1684e-19,-0.00797214,-0.00773837,2.78567e-05,0.000205914,0.00023377,-0.00779147,3,421,0,4,0
2020-06-10,418,45,11,15,Rtail,0.811875,0.775502,67.1171,4.70676,1.0842e-19,-0.00479198,-0.00456337,1.07651e-05,0.000217842,0.000228607,-0.00459165,3,422,0,4,0
2020-06-11,418,45,11,15,Rtail,0.770005,0.773615,67.3505,4.77055,0,-0.0591394,-0.0587915,1.95194e-05,0.000328457,0.000347977,-0.0588542,3,422,0,4,0
2020-06-12,418,45,11,15,Rtail,0.668701,0.676867,67.9932,4.84328,2.1684e-19,0.0134832,0.0130585,-1.40774e-05,-0.000410632,-0.00042471,0.0131078,3,422,0,4,0
2020-06-15,418,45,11,15,Rtail,0.300393,0.240564,67.8322,5.01351,0,0.00806016,0.00809124,-1.86435e-05,4.97189e-05,3.10755e-05,0.00807274,3,422,0,4,0
2020-06-16,418,45,11,15,Rtail,0.310752,0.370062,68.0158,4.88776,4.33681e-19,0.0192742,0.0193398,-1.01894e-05,7.58657e-05,6.56763e-05,0.0193397,3,422,0,4,0
2020-06-17,418,45,11,15,Rtail,0.590291,0.61313,68.1976,4.76335,1.6263e-19,-0.00401683,-0.00382708,5.82732e-06,0.000183919,0.000189747,-0.00386653,3,422,0,4,0
2020-06-18,418,45,11,15,Rtail,0.273525,0.227563,69.7652,4.56681,0,0.00104622,0.00110877,1.60446e-07,6.23956e-05,6.25561e-05,0.0011231,3,422,0,4,0
2020-06-19,418,45,11,15,Rtail,0.421146,0.394073,69.6922,4.66402,-2.1684e-19,-0.00563397,-0.00584557,6.54923e-06,-0.00021815,-0.000211601,-0.00584182,3,422,0,4,0
2020-06-22,418,45,11,15,Rtail,0.410709,0.279067,70.4049,4.63473,-2.1684e-19,0.00645018,0.0067978,4.49009e-06,0.000343131,0.000347621,0.00681312,3,422,0,4,0
2020-06-23,420,45,11,15,Rtail,0.399726,0.421484,71.4087,4.57366,2.1684e-19,0.00364691,0.00415437,6.03806e-06,0.000501421,0.000507459,0.00412855,3,424,0,4,0
2020-06-24,420,45,11,15,Rtail,0.688391,0.698469,70.8414,4.63969,-2.1684e-19,-0.0250814,-0.0252916,2.12365e-05,-0.000231363,-0.000210127,-0.0253686,3,424,0,4,0
2020-06-25,420,45,11,15,Rtail,0.412974,0.390367,71.1253,4.6386,4.33681e-19,0.0112836,0.01125,-4.91913e-06,-2.86541e-05,-3.35732e-05,0.0112792,3,424,0,4,0
2020-06-26,420,45,11,15,Rtail,0.553522,0.523966,72.1687,4.63572,-2.1684e-19,-0.0217458,-0.022019,-7.17628e-07,-0.000272509,-0.000273227,-0.021988,3,424,0,4,0
2020-06-29,420,45,11,15,Rtail,0.588029,0.569478,72.4793,4.62541,1.0842e-19,0.013915,0.0141407,-5.93941e-06,0.000231638,0.000225698,0.0141556,3,424,0,4,0
2020-06-30,420,45,11,15,Rtail,0.388215,0.384034,71.7388,4.62928,1.0842e-19,0.014865,0.0151717,-8.25935e-06,0.000314933,0.000306674,0.0151534,3,424,0,4,0
2020-07-01,420,45,11,15,Rtail,0.506224,0.527485,71.9097,4.54558,-2.1684e-19,0.00413199,0.00414251,2.43097e-05,-1.37885e-05,1.05212e-05,0.00414133,3,424,0,4,0
2020-07-02,420,45,11,15,Rtail,0.338565,0.325716,72.222,4.52189,1.6263e-19,0.0045041,0.00460997,2.44374e-07,0.000105624,0.000105869,0.00464256,3,424,0,4,0
2020-07-06,420,45,11,15,Rtail,0.310735,0.24077,72.1461,4.46302,-1.0842e-19,0.0149608,0.015734,1.47672e-05,0.000758473,0.00077324,0.0157257,3,424,0,4,0
2020-07-07,420,45,11,15,Rtail,0.574577,0.604237,71.8395,4.50212,0,-0.0103557,-0.0108087,1.1361e-05,-0.000464404,-0.000453043,-0.0108206,3,424,0,4,0
2020-07-08,420,45,11,15,Rtail,0.406215,0.366951,71.8171,4.43057,0,0.00788121,0.00808244,4.43624e-07,0.000200794,0.000201237,0.00798535,3,424,0,4,0
2020-07-09,420,45,11,15,Rtail,0.672423,0.671558,72.5254,4.40128,2.43945e-19,-0.00492529,-0.00511198,2.56576e-05,-0.00021235,-0.000186693,-0.00513254,3,424,0,4,0
2020-07-10,420,45,11,15,Rtail,0.674263,0.663232,74.5063,4.58834,-1.0842e-19,0.0100129,0.0101101,1.24306e-06,9.58958e-05,9.71389e-05,0.0101567,3,424,0,4,0
2020-07-13,420,45,11,15,Rtail,0.567069,0.493773,74.1511,4.68094,4.33681e-19,-0.00949031,-0.00904018,9.95839e-06,0.000440173,0.000450131,-0.00900071,3,424,0,4,0
2020-07-14,420,45,11,15,Rtail,0.463696,0.492325,73.6744,4.78294,-2.1684e-19,0.0136509,0.0134434,-7.38662e-06,-0.000200179,-0.000207565,0.0134592,3,424,0,4,0
2020-07-15,420,45,11,15,Rtail,0.636507,0.654514,74.5843,4.72579,5.42101e-20,0.00882213,0.009092,-2.76147e-05,0.000297488,0.000269873,0.00912563,3,424,0,4,0
2020-07-16,420,45,11,15,Rtail,0.456578,0.44583,72.2414,4.67057,-2.1684e-19,-0.0038679,-0.00392936,-6.25684e-06,-5.52043e-05,-6.14611e-05,-0.0039068,3,424,0,4,0
2020-07-17,420,45,11,15,Rtail,0.571695,0.541454,72.5523,4.54703,1.6263e-19,0.00344913,0.00294593,-1.56193e-05,-0.000487587,-0.000503206,0.00294778,3,424,0,4,0
2020-07-20,420,45,11,15,Rtail,0.653836,0.562741,72.4917,4.50459,6.50521e-19,0.00798255,0.00852849,1.9997e-05,0.000525942,0.000545939,0.00845064,3,424,0,4,0
2020-07-21,420,45,11,15,Rtail,0.633781,0.580111,73.9882,4.58136,2.1684e-19,0.00198575,0.00186626,-1.17285e-05,-0.000107762,-0.00011949,0.0019029,3,424,0,4,0
2020-07-22,420,45,11,15,Rtail,0.209356,0.192444,73.4442,4.53171,0,0.00610429,0.00598317,-5.66779e-06,-0.000115447,-0.000121115,0.00601796,3,424,0,4,0
2020-07-23,420,45,11,15,Rtail,0.473658,0.307616,73.6352,4.46093,-2.1684e-19,-0.0110945,-0.0119176,-1.42182e-05,-0.000808889,-0.000823107,-0.0119362,3,424,0,4,0
2020-07-24,420,45,11,15,Rtail,0.178105,0.166759,73.0471,4.4673,-2.1684e-19,-0.00620088,-0.00616979,6.7956e-06,2.42903e-05,3.10859e-05,-0.00616739,3,424,0,4,0
2020-07-27,420,45,11,15,Rtail,0.510671,0.485072,72.7857,4.60733,4.06576e-20,0.00711577,0.00722728,-9.22597e-06,0.000120734,0.000111508,0.00726198,3,424,0,4,0
2020-07-28,420,45,11,15,Rtail,0.43051,0.42713,72.7156,4.5631,-7.31836e-19,-0.00573882,-0.00598037,1.5672e-05,-0.00025722,-0.000241548,-0.0060267,3,424,0,4,0
2020-07-29,420,45,11,15,Rtail,0.221661,0.151643,72.1614,4.60117,5.42101e-20,0.011743,0.0119481,-2.27464e-05,0.000227812,0.000205066,0.0119682,3,424,0,4,0
2020-07-30,420,45,11,15,Rtail,0.280791,0.20108,72.3282,4.62874,-2.1684e-19,-0.00412545,-0.00407066,4.42089e-06,5.03678e-05,5.47887e-05,-0.00412429,3,424,0,4,0
2020-07-31,420,45,11,15,Rtail,0.477651,0.276617,72.3908,4.56722,2.1684e-19,0.00680619,0.00829006,1.55165e-05,0.00146836,0.00148388,0.00827883,3,424,0,4,0
2020-08-03,419,45,11,15,Rtail,0.415914,0.339675,73.6218,4.7146,1.0842e-19,0.00741396,0.00771213,2.74585e-06,0.000295432,0.000298178,0.00766669,3,423,0,4,0
2020-08-04,419,45,11,15,Rtail,0.327639,0.28168,74.4321,4.69017,0,0.00506921,0.00433731,7.30573e-06,-0.0007392,-0.000731894,0.00437,3,423,0,4,0
2020-08-05,419,45,11,15,Rtail,0.432195,0.417223,75.1527,4.73417,5.42101e-19,0.0065743,0.00684491,2.21401e-06,0.000268396,0.00027061,0.00684569,3,423,0,4,0
2020-08-06,419,45,11,15,Rtail,0.239658,0.212827,75.0017,4.76877,-1.0842e-19,0.00465254,0.00510962,1.06761e-05,0.000446397,0.000457073,0.0050101,3,423,0,4,0
2020-08-07,419,45,11,15,Rtail,0.468664,0.392118,74.6312,4.74416,-2.1684e-19,0.00022474,0.000413438,-1.2456e-05,0.000201154,0.000188698,0.000426336,3,423,0,4,0
2020-08-10,419,45,11,15,Rtail,0.625659,0.631039,73.6277,4.77892,0,0.00287398,0.00321307,-6.26273e-06,0.000345353,0.00033909,0.00327173,3,423,0,4,0
2020-08-11,419,45,11,15,Rtail,0.537973,0.446745,73.9551,4.85073,-1.0842e-19,-0.00784867,-0.00760524,-5.98541e-06,0.000249415,0.00024343,-0.00755939,3,423,0,4,0
2020-08-12,419,45,11,15,Rtail,0.630456,0.550805,73.4132,4.86709,2.1684e-19,0.0142827,0.014202,3.39654e-06,-8.41708e-05,-8.07743e-05,0.0141543,3,423,0,4,0
2020-08-13,419,45,11,15,Rtail,0.370424,0.414436,73.8524,4.84352,0,-0.00247093,-0.00209239,1.14388e-06,0.000377395,0.000378539,-0.00206421,3,423,0,4,0
2020-08-14,419,45,11,15,Rtail,0.383577,0.385707,73.9549,4.7741,-1.0842e-19,4.98319e-05,0.000163442,-1.23339e-06,0.000114843,0.00011361,0.000202818,3,423,0,4,0
2020-08-17,419,45,11,15,Rtail,0.561036,0.53535,73.4026,4.72607,0,0.00375463,0.00325742,-7.64451e-06,-0.000489573,-0.000497217,0.00323617,3,423,0,4,0
2020-08-18,419,45,11,15,Rtail,0.386518,0.32871,72.9696,4.60614,0,0.00156266,0.00198445,1.64573e-05,0.000405342,0.000421799,0.00200545,3,423,0,4,0
2020-08-19,419,45,11,15,Rtail,0.10503,0.11458,73.8532,4.72759,1.0842e-19,-0.004028,-0.00425652,-4.29466e-07,-0.000228092,-0.000228521,-0.00424512,3,423,0,4,0
2020-08-20,419,45,11,15,Rtail,0.498116,0.430179,73.7758,4.65562,0,0.00247531,0.00251775,1.21495e-05,3.02872e-05,4.24367e-05,0.00249245,3,423,0,4,0
2020-08-21,419,45,11,15,Rtail,0.391273,0.264215,74.2691,4.57377,0,0.00394241,0.00413249,1.0166e-05,0.000179912,0.000190078,0.00411087,3,423,0,4,0
2020-08-24,419,45,11,15,Rtail,0.683452,0.690305,73.4075,4.55667,-5.42101e-20,0.00944495,0.00986579,-7.74371e-06,0.00042858,0.000420836,0.0099198,3,423,0,4,0
2020-08-25,419,45,11,15,Rtail,0.333304,0.272034,73.506,4.61802,0,0.00272222,0.00257218,4.29447e-06,-0.000154337,-0.000150043,0.00255511,3,423,0,4,0
2020-08-26,419,45,11,15,Rtail,0.41033,0.39683,73.6186,4.62413,8.67362e-19,0.00912569,0.00828104,1.19273e-05,-0.000856581,-0.000844654,0.00830103,3,423,0,4,0
2020-08-27,419,45,11,15,Rtail,0.422679,0.428539,74.5559,4.59362,0,0.00260716,0.00312142,-3.33032e-06,0.00051759,0.00051426,0.00311159,3,423,0,4,0
2020-08-28,419,45,11,15,Rtail,0.446659,0.488686,73.507,4.45128,2.71051e-20,0.0075184,0.00730967,-5.56116e-06,-0.000203171,-0.000208733,0.00731706,3,423,0,4,0
2020-08-31,419,45,11,15,Rtail,0.656338,0.611235,73.6189,4.49044,2.1684e-19,-0.00182299,-0.00171517,9.49337e-06,9.83233e-05,0.000107817,-0.00176378,3,423,0,4,0
2020-09-01,419,45,11,15,Rtail,0.521327,0.503242,74.8191,4.5411,-2.1684e-19,0.00786424,0.00798153,-2.7862e-06,0.000120075,0.000117289,0.0080488,3,423,0,4,0
2020-09-02,419,45,11,15,Rtail,0.335728,0.264994,75.1155,4.58854,-1.89735e-19,0.0142878,0.0140179,-1.23278e-05,-0.000257606,-0.000269934,0.0140604,3,423,0,4,0
2020-09-03,419,45,11,15,Rtail,0.765597,0.704847,75.0491,4.5851,0,-0.034829,-0.0350829,6.30507e-06,-0.000260209,-0.000253904,-0.0350498,3,423,0,4,0
2020-09-04,419,45,11,15,Rtail,0.553542,0.52675,73.2755,4.50951,4.33681e-19,-0.00772961,-0.00704206,-5.75675e-06,0.000693309,0.000687553,-0.0070235,3,423,0,4,0
2020-09-08,419,45,11,15,Rtail,0.493094,0.411245,73.2709,4.5144,-2.71051e-20,-0.0268518,-0.027692,-1.23256e-06,-0.000838972,-0.000840204,-0.0276789,3,423,0,4,0
2020-09-09,419,45,11,15,Rtail,0.657175,0.583261,71.2081,4.43709,3.25261e-19,0.0210324,0.0211211,5.33718e-06,8.32971e-05,8.86343e-05,0.0211248,3,423,0,4,0
2020-09-10,419,45,11,15,Rtail,0.43899,0.468388,71.6965,4.45227,5.42101e-20,-0.0174095,-0.0178777,2.19382e-06,-0.000470345,-0.000468151,-0.0178418,3,423,0,4,0
2020-09-11,419,45,11,15,Rtail,0.430215,0.344132,71.5747,4.39097,-2.1684e-19,0.00100276,0.0009046,-7.01265e-06,-9.11432e-05,-9.81559e-05,0.00093206,3,423,0,4,0
2020-09-14,419,45,11,15,Rtail,0.261304,0.256733,71.1953,4.38774,1.6263e-19,0.0139085,0.0138469,-1.64768e-05,-4.51291e-05,-6.1606e-05,0.013821,3,423,0,4,0
2020-09-15,419,45,11,15,Rtail,0.37215,0.312207,71.9009,4.3861,3.25261e-19,0.00463595,0.00455078,-6.46048e-06,-7.87114e-05,-8.51719e-05,0.00458196,3,423,0,4,0
2020-09-16,419,45,11,15,Rtail,0.58229,0.542643,72.1042,4.38933,1.0842e-19,-0.00428462,-0.00422357,-1.20249e-05,7.30783e-05,6.10534e-05,-0.00425875,3,423,0,4,0
2020-09-17,419,45,11,15,Rtail,0.352057,0.315299,71.4238,4.30742,-1.0842e-19,-0.00767932,-0.00774356,2.3727e-06,-6.66137e-05,-6.4241e-05,-0.00768037,3,423,0,4,0
2020-09-18,419,45,11,15,Rtail,0.318704,0.292396,71.2854,4.39618,-2.71051e-20,-0.0106706,-0.0111949,2.49289e-06,-0.000526782,-0.000524289,-0.0112032,3,423,0,4,0
2020-09-21,419,45,11,15,Rtail,0.684879,0.662159,72.3603,4.40655,-2.1684e-19,-0.00975608,-0.0103466,2.18361e-05,-0.000612402,-0.000590566,-0.0103754,3,423,0,4,0
2020-09-22,418,44,10,14,Rtail,0.483771,0.445012,56.7084,4.3352,5.42101e-20,0.00955442,0.0103047,2.06957e-06,0.000748195,0.000750265,0.0102748,3,422,0,4,0
2020-09-23,418,44,10,14,Rtail,0.493044,0.31274,57.1718,4.43699,2.71051e-19,-0.0230637,-0.0235266,5.54076e-06,-0.000468423,-0.000462882,-0.0235239,3,422,0,4,0
2020-09-24,418,44,10,14,Rtail,0.224666,0.189551,56.8673,4.43717,2.1684e-19,0.00280156,0.00311793,5.24079e-06,0.000311124,0.000316365,0.00310641,3,422,0,4,0
2020-09-25,418,44,10,14,Rtail,0.37802,0.322238,57.0193,4.45632,0,0.0159925,0.0162056,-4.39788e-06,0.000217517,0.000213119,0.0161816,3,422,0,4,0
2020-09-28,418,44,10,14,Rtail,0.457542,0.452935,57.7116,4.46826,-2.1684e-19,0.016205,0.0163195,-1.20673e-05,0.000126554,0.000114487,0.0163431,3,422,0,4,0
2020-09-29,418,44,10,14,Rtail,0.426189,0.39978,57.672,4.4466,0,-0.00462116,-0.00528815,1.57604e-06,-0.000668565,-0.000666989,-0.00531342,3,422,0,4,0
2020-09-30,418,44,10,14,Rtail,0.277604,0.271688,57.9369,4.42694,-1.6263e-19,0.00891678,0.00864219,6.04185e-06,-0.000280635,-0.000274593,0.00864362,3,422,0,4,0
2020-10-01,418,44,10,14,Rtail,0.485468,0.485957,57.955,4.44038,2.71051e-19,0.00521471,0.00529111,-3.74385e-06,8.01382e-05,7.63944e-05,0.00524929,3,422,0,4,0
2020-10-02,418,44,10,14,Rtail,0.659258,0.578195,58.0141,4.45114,1.0842e-19,-0.00964908,-0.0095141,-1.58139e-05,0.000150791,0.000134977,-0.00944041,3,422,0,4,0
2020-10-05,418,44,10,14,Rtail,0.432653,0.392686,56.7146,4.38428,0,0.0179122,0.0181504,-7.32678e-06,0.000245519,0.000238192,0.0181681,3,422,0,4,0
2020-10-06,418,44,10,14,Rtail,0.390705,0.318372,56.3649,4.41805,-1.0842e-19,-0.0131888,-0.0136754,2.88096e-06,-0.000489482,-0.000486601,-0.0136654,3,422,0,4,0
2020-10-07,418,44,10,14,Rtail,0.440996,0.430435,56.2487,4.42017,-1.0842e-19,0.0186097,0.0184032,-5.59304e-06,-0.000200939,-0.000206533,0.0183831,3,422,0,4,0
2020-10-08,419,44,10,14,Rtail,0.405775,0.409941,55.9797,4.38202,0,0.0073665,0.00751502,-1.30756e-05,0.000161597,0.000148522,0.00757917,3,423,0,4,0
2020-10-09,419,44,10,14,Rtail,0.47619,0.450465,55.8879,4.4081,3.25261e-19,0.00881934,0.00922713,8.19582e-06,0.000399594,0.00040779,0.00923637,3,423,0,4,0
2020-10-12,419,44,10,14,Rtail,0.41829,0.216875,56.4487,4.41053,2.1684e-19,0.0146228,0.0157752,1.17227e-05,0.00114066,0.00115238,0.0157223,3,423,0,4,0
2020-10-13,419,44,10,14,Rtail,0.389188,0.369843,56.5048,4.3883,1.0842e-19,-0.00576509,-0.0064061,3.6563e-06,-0.000644669,-0.000641013,-0.00640773,3,423,0,4,0
2020-10-14,419,44,10,14,Rtail,0.425669,0.36218,56.594,4.32641,-1.6263e-19,-0.0071268,-0.00691571,-1.03478e-05,0.000221438,0.00021109,-0.00687126,3,423,0,4,0
2020-10-15,419,44,10,14,Rtail,0.258399,0.265645,56.2908,4.28388,8.67362e-19,-0.00147089,-0.00140692,-7.28004e-06,7.12538e-05,6.39738e-05,-0.00139411,3,423,0,4,0
2020-10-16,419,44,10,14,Rtail,0.352595,0.345122,56.0416,4.12887,0,0.000500031,-0.000301336,4.71725e-06,-0.000806085,-0.000801368,-0.000290222,3,423,0,4,0
2020-10-19,419,44,10,14,Rtail,0.265691,0.265939,55.297,4.16503,-5.42101e-20,-0.0157153,-0.0161909,-4.52811e-06,-0.000470978,-0.000475506,-0.016175,3,423,0,4,0
2020-10-20,420,44,10,14,Rtail,0.332391,0.329973,55.4939,4.13773,1.0842e-19,0.00365226,0.0040999,-4.47e-06,0.00045211,0.00044764,0.00409173,3,424,0,4,0
2020-10-21,420,44,10,14,Rtail,0.286315,0.306461,55.8862,4.14244,-2.1684e-19,-0.00463618,-0.00440484,8.29819e-06,0.000223044,0.000231342,-0.00442139,3,424,0,4,0
2020-10-22,420,44,10,14,Rtail,0.341713,0.31212,56.4036,4.20523,-2.43945e-19,0.00454539,0.00499277,-6.52114e-06,0.000453898,0.000447377,0.00499539,3,424,0,4,0
2020-10-23,420,44,10,14,Rtail,0.202106,0.171817,55.8884,4.16572,1.0842e-19,0.00197219,0.00213794,-1.43979e-05,0.000180144,0.000165746,0.00212615,3,424,0,4,0
2020-10-26,420,44,10,14,Rtail,0.602332,0.631344,55.6021,4.22739,0,-0.0182421,-0.0177255,1.56209e-05,0.000500961,0.000516582,-0.0177363,3,424,0,4,0
2020-10-27,420,44,10,14,Rtail,0.439857,0.361897,56.2332,4.21386,2.1684e-19,-0.00412766,-0.00377754,1.53797e-05,0.000334735,0.000350114,-0.00379587,3,424,0,4,0
2020-10-28,420,44,10,14,Rtail,0.257717,0.240187,56.7006,4.18692,0,-0.0339783,-0.034319,-1.04869e-05,-0.000330277,-0.000340764,-0.0342952,3,424,0,4,0
2020-10-29,420,44,10,14,Rtail,0.434658,0.433382,56.538,4.13131,-2.1684e-19,0.00998275,0.0106472,-1.06241e-05,0.000675039,0.000664415,0.0106733,3,424,0,4,0
2020-10-30,420,44,10,14,Rtail,0.489109,0.40803,56.9578,4.09066,1.76183e-19,-0.0123759,-0.0128331,-7.549e-06,-0.000449713,-0.000457262,-0.0128117,3,424,0,4,0
2020-11-02,420,44,10,14,Rtail,0.499661,0.471225,55.0815,4.08737,5.42101e-19,0.012381,0.0124793,-2.06202e-05,0.000118897,9.82766e-05,0.0125337,3,424,0,4,0
2020-11-03,420,44,10,14,Rtail,0.26667,0.227729,53.4391,4.01039,1.0842e-19,0.0181042,0.0180781,-1.55597e-05,-1.05183e-05,-2.60779e-05,0.0180457,3,424,0,4,0
2020-11-04,420,44,10,14,Rtail,0.436211,0.381643,53.3156,4.0145,8.67362e-19,0.0205114,0.0204907,1.65505e-05,-3.72223e-05,-2.06718e-05,0.0203608,3,424,0,4,0
2020-11-05,422,44,10,14,Rtail,0.428976,0.400211,53.1656,3.85787,4.33681e-19,0.0201211,0.0202139,-2.29588e-06,9.50384e-05,9.27425e-05,0.0202719,3,426,0,4,0
2020-11-06,422,44,10,14,Rtail,0.418967,0.46767,53.1762,3.85572,-1.35525e-19,0.000586879,0.000230671,3.85833e-06,-0.000360066,-0.000356207,0.000203339,3,426,0,4,0
2020-11-09,422,44,10,14,Rtail,0.705497,0.709471,53.0441,3.83103,-4.33681e-19,0.0112942,0.0122429,-1.58834e-05,0.000964611,0.000948728,0.0123476,3,426,0,4,0
2020-11-10,422,44,10,14,Rtail,0.511752,0.404015,53.002,3.74819,6.50521e-19,-0.00134187,-0.00138231,-2.32551e-06,-3.81159e-05,-4.04414e-05,-0.00129979,3,426,0,4,0
2020-11-11,422,44,10,14,Rtail,0.587176,0.530825,53.0856,3.82506,0,0.008309,0.0081638,1.45138e-05,-0.000159719,-0.000145205,0.00812103,3,426,0,4,0
2020-11-12,422,44,10,14,Rtail,0.443636,0.435125,53.748,3.84761,4.06576e-20,-0.00992429,-0.00996752,1.17057e-05,-5.49284e-05,-4.32226e-05,-0.0100139,3,426,0,4,0
2020-11-13,422,44,10,14,Rtail,0.585863,0.577046,53.5708,3.83415,-2.1684e-19,0.0136255,0.0135455,-1.76786e-05,-6.23546e-05,-8.00332e-05,0.0135649,3,426,0,4,0
2020-11-16,422,44,10,14,Rtail,0.649016,0.643365,53.0307,3.80989,4.33681e-19,0.0114482,0.0116385,-1.55444e-05,0.000205809,0.000190264,0.0117016,3,426,0,4,0
2020-11-17,422,44,10,14,Rtail,0.269419,0.298283,52.5486,3.85163,0,-0.00422355,-0.00449796,2.21836e-07,-0.000274629,-0.000274407,-0.00448343,3,426,0,4,0
2020-11-18,422,44,10,14,Rtail,0.252425,0.255782,52.1785,3.85426,1.0842e-19,-0.0111123,-0.0111652,3.87447e-07,-5.32005e-05,-5.28131e-05,-0.011125,3,426,0,4,0
2020-11-19,422,44,10,14,Rtail,0.215944,0.201597,52.2625,3.76554,-2.30393e-19,0.00428691,0.00413501,-9.38903e-06,-0.000142504,-0.000151893,0.00413314,3,426,0,4,0
2020-11-20,422,44,10,14,Rtail,0.221845,0.219538,52.4668,3.82579,1.0842e-19,-0.00650771,-0.00659789,-4.77425e-06,-8.54113e-05,-9.01856e-05,-0.00659252,3,426,0,4,0
2020-11-23,422,44,10,14,Rtail,0.637571,0.669291,52.1573,3.79768,0,0.00686771,0.00598729,-8.46402e-06,-0.000871955,-0.000880419,0.00602206,3,426,0,4,0
2020-11-24,422,44,10,14,Rtail,0.585027,0.588369,51.642,3.80739,0,0.0156073,0.0156419,4.18531e-07,3.41389e-05,3.45574e-05,0.0156803,3,426,0,4,0
2020-11-25,422,44,10,14,Rtail,0.401801,0.377619,51.6276,3.85956,2.1684e-19,-0.00115461,-0.00122163,1.67257e-05,-8.37471e-05,-6.70213e-05,-0.00126124,3,426,0,4,0
2020-11-27,422,44,10,14,Rtail,0.321978,0.345043,52.1544,3.90901,4.33681e-19,0.00238045,0.00208238,-1.66293e-06,-0.000296409,-0.000298072,0.00206394,3,426,0,4,0
2020-11-30,422,44,10,14,Rtail,0.653187,0.646454,52.2386,3.8865,-1.35525e-20,-0.00344405,-0.0036675,1.02807e-05,-0.000233732,-0.000223451,-0.00372374,3,426,0,4,0
2020-12-01,422,44,10,14,Rtail,0.242197,0.231084,52.8413,3.89974,-1.0842e-19,0.0100294,0.0106404,-2.39532e-06,0.000613403,0.000611007,0.0106282,3,426,0,4,0
2020-12-02,422,44,10,14,Rtail,0.516614,0.531543,52.7573,3.89289,1.0842e-19,0.00139065,0.00126116,9.37873e-06,-0.000138873,-0.000129494,0.00124844,3,426,0,4,0
2020-12-03,422,44,10,14,Rtail,0.539803,0.583984,52.613,3.80443,0,-0.000364463,-0.000401639,-8.91347e-06,-2.82622e-05,-3.71757e-05,-0.000391798,3,426,0,4,0
2020-12-04,422,44,10,14,Rtail,0.588088,0.610608,51.7353,3.81719,4.33681e-19,0.00976487,0.00944046,-1.53e-05,-0.000309109,-0.000324409,0.00946723,3,426,0,4,0
2020-12-07,422,44,10,14,Rtail,0.434115,0.425847,52.4012,3.84377,-1.0842e-19,-0.00201834,-0.00213374,4.82465e-06,-0.000120225,-0.0001154,-0.0021947,3,426,0,4,0
2020-12-08,422,44,10,14,Rtail,0.208278,0.212562,52.2481,3.85276,-5.42101e-20,0.00303127,0.00339842,-3.68998e-08,0.000367186,0.00036715,0.00343767,3,426,0,4,0
2020-12-09,422,44,10,14,Rtail,0.382909,0.310034,52.5431,3.87877,-2.1684e-19,-0.00724364,-0.00756054,-7.9431e-06,-0.000308956,-0.000316899,-0.00752414,3,426,0,4,0
2020-12-10,422,44,10,14,Rtail,0.426855,0.440973,51.5206,3.70588,-5.42101e-20,-0.00113223,-0.0012448,2.21377e-06,-0.000114789,-0.000112575,-0.00125482,3,426,0,4,0
2020-12-11,422,44,10,14,Rtail,0.442294,0.380982,51.497,3.69799,1.6263e-19,-0.00129492,-0.00100136,4.69839e-06,0.00028886,0.000293558,-0.00101933,3,426,0,4,0
2020-12-14,422,44,10,14,Rtail,0.442334,0.437756,51.656,3.72969,1.0842e-19,-0.00412759,-0.00422232,7.0601e-06,-0.000101782,-9.47223e-05,-0.00422696,3,426,0,4,0
2020-12-15,422,44,10,14,Rtail,0.358447,0.312011,52.1781,3.72456,3.25261e-19,0.0129395,0.0134726,-1.0946e-05,0.000544135,0.000533189,0.0134803,3,426,0,4,0
2020-12-16,422,44,10,14,Rtail,0.393991,0.336359,51.9225,3.66776,-3.25261e-19,0.00205002,0.00224169,3.82841e-06,0.000187846,0.000191674,0.00222485,3,426,0,4,0
2020-12-17,422,44,10,14,Rtail,0.370858,0.327663,51.8554,3.65615,-1.0842e-19,0.00660339,0.00632498,-3.42887e-06,-0.000274986,-0.000278415,0.00632534,3,426,0,4,0
2020-12-18,422,44,10,14,Rtail,0.412178,0.43481,51.6492,3.63309,-2.1684e-19,-0.00300038,-0.00343652,-9.08318e-06,-0.000427058,-0.000436141,-0.00338821,3,426,0,4,0
2020-12-21,422,44,10,14,Rtail,0.456657,0.370088,51.1769,3.57263,0,-0.00277746,-0.00243098,1.43026e-05,0.000332183,0.000346486,-0.00383548,3,426,0,4,0
2020-12-22,423,44,10,14,Rtail,0.37396,0.309073,51.3904,3.66711,-1.0842e-19,-0.00174779,-0.00127431,-6.08975e-06,0.000479574,0.000473484,-0.00129611,3,427,0,4,0
2020-12-23,423,44,10,14,Rtail,0.550441,0.553246,51.5506,3.71459,0,-5.20393e-06,2.17129e-05,-7.99542e-06,3.49123e-05,2.69168e-05,2.87768e-05,3,427,0,4,0
2020-12-24,423,44,10,14,Rtail,0.34617,0.338476,51.0223,3.70075,5.42101e-20,0.00384335,0.00385695,2.71181e-06,1.08853e-05,1.35971e-05,0.00385691,3,427,0,4,0
2020-12-28,423,44,10,14,Rtail,0.388899,0.303674,50.7773,3.65919,2.1684e-19,0.00730727,0.00820032,1.36811e-05,0.00087937,0.000893051,0.008139,3,427,0,4,0
2020-12-29,423,44,10,14,Rtail,0.327859,0.292468,51.2321,3.69978,-2.1684e-19,-0.00177922,-0.00191097,1.27112e-05,-0.000144453,-0.000131742,-0.00191583,3,427,0,4,0
2020-12-30,423,44,10,14,Rtail,0.55266,0.524004,51.2787,3.68944,-1.0842e-19,0.00259125,0.00225775,-1.02408e-05,-0.000323268,-0.000333508,0.00228892,3,427,0,4,0
2020-12-31,424,44,10,14,Rtail,0.325885,0.289483,51.2612,3.69288,-2.1684e-19,0.00672376,0.00621562,-4.43274e-06,-0.000503704,-0.000508137,0.00620878,3,428,0,4,0
2021-01-04,424,44,10,14,Rtail,0.420823,0.385619,51.3733,3.71178,-6.50521e-19,-0.0138285,-0.0145451,1.7941e-05,-0.000734591,-0.00071665,-0.0145565,3,428,0,4,0
2021-01-05,424,44,10,14,Rtail,0.576852,0.590574,51.6511,3.70986,-1.0842e-19,0.00692888,0.00700333,-4.78578e-06,7.92366e-05,7.44508e-05,0.00704328,3,428,0,4,0
2021-01-06,424,44,10,14,Rtail,0.580454,0.500921,51.3439,3.67333,0,0.00651801,0.00594948,-2.83364e-05,-0.000540193,-0.000568529,0.00605786,3,428,0,4,0
2021-01-07,424,44,10,14,Rtail,0.507698,0.405962,50.3523,3.59487,-1.0842e-19,0.0145777,0.0145845,2.84681e-06,3.94146e-06,6.78826e-06,0.0146,3,428,0,4,0
2021-01-08,425,44,10,14,Rtail,0.372892,0.23749,50.7282,3.68764,2.1684e-19,0.00643387,0.00620402,9.14343e-06,-0.000238996,-0.000229852,0.00621709,3,429,0,4,0
2021-01-11,425,44,10,14,Rtail,0.333527,0.229556,50.9412,3.70116,0,-0.00544147,-0.00592383,-1.42515e-05,-0.000468106,-0.000482358,-0.00588424,3,429,0,4,0
2021-01-12,425,44,10,14,Rtail,0.525302,0.498728,50.0301,3.63035,-4.33681e-19,0.0013107,0.00135302,-1.30029e-05,5.53272e-05,4.23242e-05,0.00142673,3,429,0,4,0
2021-01-13,425,44,10,14,Rtail,0.342361,0.357824,49.8802,3.62839,1.0842e-19,0.00201739,0.00231513,1.83145e-05,0.000279426,0.00029774,0.00227332,3,429,0,4,0
2021-01-14,425,44,10,14,Rtail,0.423448,0.415322,50.327,3.65578,-2.1684e-19,-0.00347919,-0.00378721,-1.74961e-05,-0.000290528,-0.000308024,-0.00378488,3,429,0,4,0
2021-01-15,425,44,10,14,Rtail,0.554307,0.56022,50.12,3.64327,0,-0.0080291,-0.00803281,-2.38149e-06,-1.32866e-06,-3.71015e-06,-0.00808104,3,429,0,4,0
2021-01-19,425,44,10,14,Rtail,0.361031,0.348703,50.1685,3.6112,0,0.00660259,0.00681245,-3.72129e-06,0.000213579,0.000209858,0.00679586,3,429,0,4,0
2021-01-20,425,44,10,14,Rtail,0.364916,0.276689,50.4897,3.66249,2.43945e-19,0.0121228,0.0129938,1.5515e-05,0.00085549,0.000871005,0.0129897,3,429,0,4,0
2021-01-21,425,44,10,14,Rtail,0.403331,0.34075,50.6643,3.67474,-2.1684e-19,-0.000179122,0.000322193,1.25922e-05,0.000488723,0.000501315,0.000238717,3,429,0,4,0
2021-01-22,426,44,10,14,Rtail,0.220839,0.177362,50.8459,3.61577,0,-0.00433543,-0.00349935,6.6315e-06,0.000829451,0.000836083,-0.00348239,3,430,0,4,0
2021-01-25,426,44,10,14,Rtail,0.412422,0.384698,51.3242,3.68196,0,0.00322909,0.00385083,1.93273e-05,0.00060241,0.000621737,0.00381636,3,430,0,4,0
2021-01-26,426,44,10,14,Rtail,0.343045,0.320736,51.7814,3.73856,-1.6263e-19,-0.00230368,-0.00203488,1.86436e-05,0.00025015,0.000268793,-0.00211041,3,430,0,4,0
2021-01-27,426,44,10,14,Rtail,0.323447,0.303167,51.6594,3.77341,4.33681e-19,-0.0257613,-0.0250109,1.09242e-05,0.000739408,0.000750332,-0.025005,3,430,0,4,0
2021-01-28,426,44,10,14,Rtail,0.353416,0.291079,52.0181,3.83122,0,0.0110431,0.0100038,-2.34876e-05,-0.00101577,-0.00103926,0.0100203,3,430,0,4,0
2021-01-29,426,44,10,14,Rtail,0.292039,0.290231,51.8125,3.86743,-2.1684e-19,-0.0193479,-0.0197681,-7.11679e-07,-0.00041956,-0.000420272,-0.0197937,3,430,0,4,0
2021-02-01,426,44,10,14,Rtail,0.365084,0.251723,51.9649,3.83254,-1.0842e-19,0.0149808,0.0156256,6.06827e-06,0.000638737,0.000644805,0.0156323,3,430,0,4,0
2021-02-02,426,44,10,14,Rtail,0.418216,0.379568,51.8682,3.87727,1.0842e-19,0.0150671,0.0142373,-8.41297e-06,-0.000821441,-0.000829854,0.0142698,3,430,0,4,0
2021-02-03,426,44,10,14,Rtail,0.460611,0.49094,51.856,3.88124,0,-0.00207297,-0.00206364,-9.67986e-06,1.9007e-05,9.32713e-06,-0.00203161,3,430,0,4,0
2021-02-04,426,44,10,14,Rtail,0.278787,0.272023,51.6371,3.89532,-2.1684e-19,0.0121723,0.0118362,-1.83796e-05,-0.000317693,-0.000336073,0.0118519,3,430,0,4,0
2021-02-05,426,44,10,14,Rtail,0.245727,0.212068,51.5289,3.82676,1.0842e-19,0.00304626,0.00301738,-5.2327e-06,-2.3644e-05,-2.88767e-05,0.00306207,3,430,0,4,0
2021-02-08,426,44,10,14,Rtail,0.459935,0.459923,50.336,3.73287,0,0.0083161,0.00769116,-9.82499e-06,-0.00061512,-0.000624945,0.00766794,3,430,0,4,0
2021-02-09,426,44,10,14,Rtail,0.170769,0.163143,50.4347,3.74607,-1.0842e-19,-0.00183066,-0.00161075,-2.79081e-06,0.000222696,0.000219905,-0.00162919,3,430,0,4,0
2021-02-10,426,44,10,14,Rtail,0.298299,0.243163,50.2131,3.76345,1.0842e-19,-0.00187433,-0.00171436,-1.06707e-05,0.000170636,0.000159965,-0.00169388,3,430,0,4,0
2021-02-11,426,44,10,14,Rtail,0.305935,0.251012,49.7088,3.76131,1.0842e-19,0.00266214,0.00224547,-4.75187e-06,-0.000411918,-0.00041667,0.00225209,3,430,0,4,0
2021-02-12,426,44,10,14,Rtail,0.319362,0.305877,49.5065,3.76563,1.0842e-19,0.00466078,0.00452485,-7.02108e-06,-0.000128912,-0.000135933,0.00454589,3,430,0,4,0
2021-02-16,426,44,10,14,Rtail,0.394519,0.377049,49.1491,3.7662,0,-0.000897154,-0.00136036,-4.5181e-06,-0.000458684,-0.000463202,-0.00132084,3,430,0,4,0
2021-02-17,426,44,10,14,Rtail,0.400856,0.325303,48.7593,3.72861,2.1684e-19,-0.000116342,-1.65379e-05,7.74241e-06,9.2062e-05,9.98044e-05,-2.87283e-05,3,430,0,4,0
2021-02-18,426,44,10,14,Rtail,0.316475,0.361531,48.8886,3.70849,5.42101e-20,-0.00444726,-0.00437828,3.63755e-06,6.53416e-05,6.89791e-05,-0.00440962,3,430,0,4,0
2021-02-19,426,44,11,16,Rtail,0.644798,0.615072,48.9208,3.71607,0,-0.00165739,-0.00161017,-2.87528e-05,7.59808e-05,4.7228e-05,-0.00150746,2,430,0,4,0
2021-02-22,426,44,11,16,Rtail,0.544028,0.49502,48.8094,3.72283,2.1684e-19,-0.00793793,-0.00825511,-2.30164e-05,-0.000294163,-0.000317179,-0.00815441,2,430,0,4,0
2021-02-23,426,44,11,16,Rtail,0.32736,0.301369,48.5508,3.66347,-1.0842e-19,0.000418589,0.000860247,-6.02721e-07,0.000442261,0.000441658,0.000843123,2,430,0,4,0
2021-02-24,426,44,11,16,Rtail,0.545244,0.480354,48.4318,3.69101,-2.1684e-19,0.0124176,0.0117776,-8.61507e-06,-0.000631422,-0.000640037,0.0117842,2,430,0,4,0
2021-02-25,426,44,11,16,Rtail,0.572005,0.461887,48.7025,3.76959,2.71051e-19,-0.0239965,-0.0240752,4.73584e-06,-8.33604e-05,-7.86246e-05,-0.0240604,2,430,0,4,0
2021-02-26,427,44,11,16,Rtail,0.481474,0.452228,48.7651,3.82771,0,-0.00544733,-0.00510311,-2.35231e-06,0.000346574,0.000344222,-0.00514185,2,431,0,4,0
2021-03-01,427,44,11,16,Rtail,0.401678,0.292724,48.837,3.83514,1.0842e-19,0.0236814,0.0237518,-3.53319e-06,7.39636e-05,7.04304e-05,0.0237733,2,431,0,4,0
2021-03-02,427,44,11,16,Rtail,0.419075,0.366594,48.9874,3.87174,-1.35525e-19,-0.00821646,-0.00829198,-2.36939e-06,-7.31593e-05,-7.55287e-05,-0.00825349,2,431,0,4,0
2021-03-03,427,44,11,16,Rtail,0.525935,0.465928,48.5065,3.84637,0,-0.013289,-0.0131321,-2.5873e-06,0.000159501,0.000156914,-0.0131198,2,431,0,4,0
2021-03-04,427,44,11,16,Rtail,0.534479,0.49884,48.3373,3.82483,-2.1684e-19,-0.0151572,-0.0144657,1.50033e-05,0.000676485,0.000691489,-0.0144899,2,431,0,4,0
2021-03-05,427,44,11,16,Rtail,0.322172,0.271427,48.3909,3.83048,-4.33681e-19,0.0183456,0.0184467,-2.25763e-05,0.000123729,0.000101152,0.0184658,2,431,0,4,0
2021-03-08,427,44,11,16,Rtail,0.559193,0.504899,47.8894,3.85632,0,-0.00369505,-0.00377017,-1.39709e-05,-6.11574e-05,-7.51283e-05,-0.00374567,2,431,0,4,0
2021-03-09,427,44,11,16,Rtail,0.593433,0.476931,47.3292,3.87851,-2.1684e-19,0.0153942,0.0148348,3.81812e-05,-0.000597588,-0.000559406,0.0147613,2,431,0,4,0
2021-03-10,427,44,11,16,Rtail,0.40446,0.333529,48.0518,3.94275,4.33681e-19,0.00642628,0.00619969,-5.5359e-06,-0.00022106,-0.000226596,0.00628379,2,431,0,4,0
2021-03-11,427,44,11,16,Rtail,0.549742,0.512443,47.6387,3.95521,-2.1684e-19,0.00934332,0.00916321,2.82003e-06,-0.000182938,-0.000180118,0.00914077,2,431,0,4,0
2021-03-12,427,44,11,16,Rtail,0.437274,0.376787,48.0425,3.97086,4.33681e-19,0.00258559,0.00252452,-1.42031e-06,-5.96521e-05,-6.10724e-05,0.00251923,2,431,0,4,0
2021-03-15,427,44,11,16,Rtail,0.303174,0.267702,47.8794,4.01084,2.71051e-19,0.00641506,0.00664745,-1.11717e-06,0.000233511,0.000232393,0.00659367,2,431,0,4,0
2021-03-16,427,44,11,16,Rtail,0.590016,0.537295,47.7281,3.99185,-1.0842e-19,-0.00244604,-0.00242917,1.94283e-05,-2.55874e-06,1.68695e-05,-0.00243187,2,431,0,4,0
2021-03-17,427,44,11,16,Rtail,0.398424,0.336989,47.9825,4.0097,-4.33681e-19,0.00243767,0.00262472,-2.94098e-06,0.00018999,0.000187049,0.00271123,2,431,0,4,0
2021-03-18,427,44,11,16,Rtail,0.595397,0.515787,47.8689,4.01689,2.1684e-19,-0.0145743,-0.0148224,-4.66532e-06,-0.000243409,-0.000248075,-0.0147503,2,431,0,4,0
2021-03-19,427,44,11,16,Rtail,0.371188,0.342236,47.6236,3.94132,-4.33681e-19,-0.00152635,-0.00163254,-1.28099e-05,-9.33778e-05,-0.000106188,-0.00166217,2,433,0,6,0
2021-03-22,427,44,11,16,Rtail,0.563059,0.544396,47.7048,3.95659,-1.0842e-19,0.00744056,0.00755843,6.06169e-06,0.000111808,0.00011787,0.00749935,2,433,0,6,0
2021-03-23,427,44,10,14,Rtail,0.572429,0.586809,47.7461,4.07763,2.1684e-19,-0.00741019,-0.0073818,2.16987e-05,6.69464e-06,2.83933e-05,-0.00747665,2,433,0,6,0
2021-03-24,427,44,10,14,Rtail,0.576527,0.526449,47.6255,4.17481,-4.33681e-19,-0.004885,-0.00484338,-1.61558e-05,5.77846e-05,4.16288e-05,-0.00478301,2,433,0,6,0
2021-03-25,427,44,10,14,Rtail,0.454716,0.389289,47.2483,4.27111,0,0.00605597,0.00571692,-2.83366e-05,-0.000310714,-0.00033905,0.00574898,2,433,0,6,0
2021-03-26,427,44,10,14,Rtail,0.476599,0.424752,46.7575,4.42941,6.50521e-19,0.0185892,0.0175669,-2.6166e-05,-0.000996062,-0.00102223,0.0175664,2,433,0,6,0
2021-03-29,427,44,10,14,Rtail,0.620352,0.6117,46.7634,4.3558,-2.1684e-19,-0.00185328,-0.00180359,2.73032e-05,2.23916e-05,4.96949e-05,-0.00175404,2,433,0,6,0
2021-03-30,427,44,10,14,Rtail,0.61655,0.572093,46.8963,4.32115,-2.1684e-19,-0.0030311,-0.00310058,-1.57096e-05,-5.37642e-05,-6.94739e-05,-0.00309041,2,433,0,6,0
2021-03-31,427,44,10,14,Rtail,0.574236,0.502845,46.9137,4.32322,-2.1684e-19,0.00362777,0.00370104,1.91728e-05,5.41019e-05,7.32746e-05,0.00363812,2,433,0,6,0
2021-04-01,427,44,10,14,Rtail,0.498278,0.44339,47.1818,4.30415,5.42101e-20,0.0105284,0.010749,1.00424e-06,0.000219535,0.000220539,0.0107223,2,433,0,6,0
2021-04-05,427,44,10,14,Rtail,0.511531,0.457298,47.3998,4.31028,1.0842e-19,0.0135358,0.0136464,1.547e-05,9.51715e-05,0.000110641,0.013604,2,433,0,6,0
2021-04-06,427,44,10,14,Rtail,0.240195,0.196495,47.6623,4.32777,1.76183e-19,-0.000899433,-0.000771529,-3.95778e-06,0.000131862,0.000127904,-0.00073875,2,433,0,6,0
2021-04-07,427,44,10,14,Rtail,0.401078,0.309065,47.677,4.39228,-1.35525e-19,0.000393299,0.000687834,2.68621e-05,0.000267673,0.000294535,0.000643194,2,433,0,6,0
2021-04-08,427,44,10,14,Rtail,0.484826,0.396667,47.7271,4.329,0,0.00502793,0.00492609,1.02487e-05,-0.000112093,-0.000101844,0.00488163,2,433,0,6,0
2021-04-09,427,44,10,14,Rtail,0.424992,0.421993,47.9521,4.30014,-2.71051e-19,0.00778568,0.00808048,1.88274e-06,0.000292911,0.000294794,0.0080706,2,433,0,6,0
2021-04-12,427,44,10,14,Rtail,0.260761,0.319902,48.2752,4.29196,-1.0842e-19,0.000282061,0.000411994,1.00713e-06,0.000128927,0.000129934,0.00041891,2,433,0,6,0
2021-04-13,428,44,10,14,Rtail,0.441196,0.293546,48.031,4.37008,0,0.00379464,0.00390333,3.27869e-05,7.58968e-05,0.000108684,0.00389035,2,433,0,5,0
2021-04-14,429,44,10,14,Rtail,0.523387,0.486417,47.9863,4.3418,-2.1684e-19,-0.00361477,-0.00392974,-2.88857e-05,-0.000286084,-0.000314969,-0.00389299,2,433,0,4,0
2021-04-15,429,44,10,14,Rtail,0.415856,0.397714,47.6673,4.28833,-2.1684e-19,0.0110428,0.0109027,2.09454e-05,-0.000161026,-0.00014008,0.0108865,2,433,0,4,0
2021-04-16,429,44,10,14,Rtail,0.277444,0.228992,48.0255,4.1668,0,0.00395749,0.00390055,-4.6987e-06,-5.22421e-05,-5.69408e-05,0.00388712,2,433,0,4,0
2021-04-19,429,44,10,14,Rtail,0.528659,0.45398,48.1474,4.13063,2.71051e-19,-0.00581277,-0.00545233,-3.01943e-06,0.000363463,0.000360444,-0.00542413,2,433,0,4,0
2021-04-20,429,44,10,14,Rtail,0.538688,0.565984,48.1418,4.04048,-2.1684e-19,-0.00704322,-0.00702218,2.05514e-06,1.89785e-05,2.10336e-05,-0.0070801,2,433,0,4,0
2021-04-21,431,44,10,14,Rtail,0.44396,0.422587,48.2688,4.07882,-1.0842e-19,0.00964638,0.00966256,-1.15276e-06,1.73318e-05,1.6179e-05,0.00968421,2,434,0,3,0
2021-04-22,431,44,10,14,Rtail,0.30692,0.241105,48.2216,4.03032,-5.42101e-20,-0.0091725,-0.00904731,-1.73915e-05,0.000142584,0.000125192,-0.00902369,2,434,0,3,0
2021-04-23,431,44,10,14,Rtail,0.424131,0.466388,48.0593,3.96409,-5.42101e-20,0.0101352,0.0102916,-2.3409e-06,0.000158688,0.000156347,0.0103124,2,434,0,3,0
2021-04-26,431,44,10,14,Rtail,0.520882,0.478932,48.355,3.99329,9.48677e-20,0.0013673,0.00151892,6.38437e-06,0.000145238,0.000151622,0.00157516,2,434,0,3,0
2021-04-27,431,44,10,14,Rtail,0.260625,0.19293,48.4764,3.99151,0,-0.000325366,-0.000185465,-7.09194e-06,0.000146993,0.000139901,-0.000120062,2,434,0,3,0
2021-04-28,431,44,10,14,Rtail,0.353072,0.353094,48.3081,4.0267,0,-0.00211064,-0.00238372,3.1994e-06,-0.000276275,-0.000273075,-0.00240056,2,434,0,3,0
2021-04-29,431,44,10,14,Rtail,0.376551,0.322167,48.1855,3.92498,0,0.00472871,0.00475627,-4.2727e-06,3.18298e-05,2.75571e-05,0.004749,2,434,0,3,0
2021-04-30,431,44,10,14,Rtail,0.426141,0.368446,48.0157,3.92885,1.0842e-19,-0.0061559,-0.00607759,4.97438e-06,7.33388e-05,7.83132e-05,-0.00609786,2,434,0,3,0
2021-05-03,431,44,10,14,Rtail,0.466722,0.394956,47.8832,3.90741,1.0842e-19,0.00316952,0.00316951,-1.92679e-05,1.92613e-05,-6.5896e-09,0.00318472,2,434,0,3,0
2021-05-04,431,44,10,14,Rtail,0.442402,0.362071,47.8368,3.96345,4.33681e-19,-0.00619453,-0.00651702,-1.15387e-05,-0.000310946,-0.000322485,-0.00649892,2,434,0,3,0
2021-05-05,431,44,10,14,Rtail,0.435884,0.391206,47.7008,3.86012,4.33681e-19,0.000923753,0.000779398,-1.09344e-05,-0.00013342,-0.000144355,0.000724399,2,434,0,3,0
2021-05-06,431,44,10,14,Rtail,0.210874,0.217022,47.5093,3.83572,-2.1684e-19,0.0080544,0.00800826,8.50245e-06,-5.46436e-05,-4.61411e-05,0.0080261,2,434,0,3,0
2021-05-07,431,44,10,14,Rtail,0.391082,0.361528,47.6957,3.81756,0,0.00756139,0.00760839,-1.49845e-05,6.19881e-05,4.70036e-05,0.00760931,2,434,0,3,0
2021-05-10,431,44,10,14,Rtail,0.674578,0.583552,47.8347,3.79477,-1.35525e-19,-0.00966361,-0.00968218,-2.41757e-05,5.60715e-06,-1.85686e-05,-0.00967641,2,434,0,3,0
2021-05-11,431,44,10,14,Rtail,0.401054,0.331501,47.6033,3.78624,-2.1684e-19,-0.00843021,-0.00843742,9.72431e-06,-1.69332e-05,-7.20892e-06,-0.00843979,2,434,0,3,0
2021-05-12,431,44,10,14,Rtail,0.601734,0.534339,47.641,3.78059,2.71051e-19,-0.0213204,-0.0212611,2.33228e-06,5.70276e-05,5.93599e-05,-0.0213089,2,434,0,3,0
2021-05-13,431,44,10,14,Rtail,0.464538,0.41132,47.7275,3.81357,0,0.0122075,0.0124571,-1.43815e-05,0.000263984,0.000249603,0.0124729,2,434,0,3,0
2021-05-14,431,44,10,14,Rtail,0.618508,0.558422,47.6437,3.90227,2.71051e-20,0.014394,0.0144224,-4.13481e-06,3.26039e-05,2.84691e-05,0.0144237,2,434,0,3,0
2021-05-17,432,44,10,14,Rtail,0.487504,0.448363,47.998,3.86947,0,-0.00290537,-0.00289767,-2.01418e-06,9.71476e-06,7.70058e-06,-0.00287505,2,435,0,3,0
2021-05-18,432,44,10,14,Rtail,0.382498,0.327089,47.9746,3.83506,0,-0.00786848,-0.00812236,5.13778e-06,-0.000259023,-0.000253886,-0.00812477,2,435,0,3,0
2021-05-19,432,44,10,14,Rtail,0.385466,0.347402,48.024,3.8411,3.25261e-19,-0.00333502,-0.00341579,1.1746e-06,-8.19463e-05,-8.07717e-05,-0.00344703,2,435,0,3,0
2021-05-20,432,44,10,14,Rtail,0.475019,0.411505,48.1278,3.76309,0,0.0105925,0.010388,4.72012e-06,-0.000209183,-0.000204463,0.010353,2,435,0,3,0
2021-05-21,432,44,10,14,Rtail,0.315498,0.277231,48.1094,3.81672,5.42101e-20,-0.00024814,-0.000537661,-6.32945e-06,-0.000283191,-0.00028952,-0.000520762,2,435,0,3,0
2021-05-24,432,44,10,14,Rtail,0.533685,0.403665,48.0649,3.78446,0,0.0091305,0.00911394,1.58384e-05,-3.2402e-05,-1.65637e-05,0.00911562,2,435,0,3,0
2021-05-25,432,44,10,14,Rtail,0.410231,0.394644,48.2994,3.83437,-5.42101e-20,-0.00229153,-0.00247553,6.8854e-06,-0.000190881,-0.000183996,-0.00247667,2,435,0,3,0
2021-05-26,432,44,10,14,Rtail,0.554738,0.523971,48.2929,3.86594,0,0.00163192,0.00163785,-7.59704e-06,1.35268e-05,5.92979e-06,0.0016377,2,435,0,3,0
2021-05-27,432,44,10,14,Rtail,0.5132,0.416171,48.2539,3.89006,-5.42101e-19,0.0011876,0.00109718,-1.26222e-05,-7.78064e-05,-9.04285e-05,0.00113014,2,435,0,3,0
2021-05-28,432,44,10,14,Rtail,0.204757,0.171736,48.0439,3.94998,3.25261e-19,0.00119121,0.00105523,5.01897e-06,-0.000141001,-0.000135982,0.00107024,2,435,0,3,0
2021-06-01,432,44,10,14,Rtail,0.501396,0.498282,48.0351,3.93842,2.1684e-19,-0.00142905,-0.00113099,-1.05894e-05,0.000308649,0.00029806,-0.0010919,2,435,0,3,0
2021-06-02,432,44,10,14,Rtail,0.481497,0.460884,47.9859,3.81698,0,0.00169839,0.00177766,6.7556e-06,7.25099e-05,7.92655e-05,0.00174229,2,435,0,3,0
2021-06-03,432,44,10,14,Rtail,0.397892,0.349673,48.1672,3.88266,1.0842e-19,-0.00338171,-0.00353724,-1.48735e-05,-0.000140649,-0.000155522,-0.00351591,2,435,0,3,0
2021-06-04,432,44,10,14,Rtail,0.532309,0.424554,48.0989,3.86325,3.25261e-19,0.00867333,0.00850413,7.4616e-06,-0.000176665,-0.000169203,0.00848974,2,435,0,3,0
2021-06-07,432,44,10,14,Rtail,0.212863,0.200587,48.3334,3.89785,-2.1684e-19,-0.00167781,-0.00124015,2.0792e-06,0.000435584,0.000437663,-0.00123573,2,435,0,3,0
2021-06-08,432,44,10,14,Rtail,0.334389,0.274005,48.4317,3.78155,5.42101e-20,0.000179189,0.000560609,-6.19334e-06,0.000387614,0.00038142,0.000581856,2,435,0,3,0
2021-06-09,432,44,10,14,Rtail,0.589039,0.551123,48.3675,3.8607,0,-0.00195154,-0.00178306,6.20954e-06,0.000162276,0.000168485,-0.00179199,2,435,0,3,0
2021-06-10,432,44,10,14,Rtail,0.504043,0.504918,48.6679,3.82748,-4.33681e-19,0.00502442,0.00473984,8.78226e-06,-0.000293362,-0.00028458,0.00469109,2,435,0,3,0
2021-06-11,432,44,10,14,Rtail,0.314646,0.302494,48.717,3.82631,1.0842e-19,0.00212109,0.00215222,-1.67609e-06,3.28031e-05,3.1127e-05,0.00215265,2,435,0,3,0
2021-06-14,432,44,10,14,Rtail,0.461449,0.386123,48.6781,3.84093,-1.0842e-19,0.00166515,0.00187174,1.22655e-05,0.000194318,0.000206584,0.00185919,2,435,0,3,0
2021-06-15,432,44,10,14,Rtail,0.437126,0.383306,49.2025,3.85316,1.0842e-19,-0.00227066,-0.00194813,-1.23289e-05,0.000334866,0.000322537,-0.00192357,2,435,0,3,0
2021-06-16,432,44,10,14,Rtail,0.246044,0.224336,49.0901,3.88354,2.1684e-19,-0.00562682,-0.00511619,5.1946e-06,0.000505438,0.000510633,-0.00510792,2,435,0,3,0
2021-06-17,432,44,10,14,Rtail,0.62096,0.569144,49.3338,3.90417,0,-0.00010686,-0.000292571,3.2052e-05,-0.000217763,-0.000185711,-0.000318153,2,435,0,3,0
2021-06-18,432,44,10,14,Rtail,0.386045,0.361676,49.6856,3.94446,-1.0842e-19,-0.0126204,-0.0126747,1.21101e-05,-6.63507e-05,-5.42406e-05,-0.0126924,2,435,0,3,0
2021-06-21,432,44,10,14,Rtail,0.602743,0.575228,49.6611,3.91668,-1.6263e-19,0.0139775,0.0140774,-1.81689e-05,0.00011809,9.99215e-05,0.0141066,2,435,0,3,0
2021-06-22,432,44,10,14,Rtail,0.387156,0.322357,49.4384,3.87338,-1.6263e-19,0.0051177,0.00515701,9.44129e-06,2.98603e-05,3.93016e-05,0.00513634,2,435,0,3,0
2021-06-23,432,44,10,14,Rtail,0.57356,0.443783,49.5127,3.8762,2.71051e-19,-0.00102882,-0.00103663,4.62952e-06,-1.24404e-05,-7.81091e-06,-0.00103575,2,435,0,3,0
2021-06-24,432,44,10,14,Rtail,0.275966,0.252131,49.4734,3.87604,1.6263e-19,0.00618424,0.00570736,-9.91798e-07,-0.000475886,-0.000476878,0.00571645,2,435,0,3,0
2021-06-25,433,45,11,15,Rtail,0.472731,0.194308,49.4224,3.83032,3.25261e-19,0.00398848,0.0037206,-6.67867e-06,-0.000261195,-0.000267874,0.00373751,2,435,0,2,0
2021-06-28,433,45,11,15,Rtail,0.52018,0.469569,49.3595,3.76344,-2.1684e-19,0.00163048,0.00152881,9.77286e-06,-0.000111449,-0.000101676,0.00154653,2,435,0,2,0
2021-06-29,433,45,11,15,Rtail,0.356933,0.353919,49.4791,3.80751,5.42101e-20,0.000708836,0.000844907,-1.28595e-06,0.000137357,0.000136071,0.000869557,2,435,0,2,0
2021-06-30,433,45,11,15,Rtail,0.307028,0.298168,49.5051,3.80732,1.0842e-19,0.00179294,0.00184363,2.68474e-06,4.80102e-05,5.06949e-05,0.0018327,2,435,0,2,0
2021-07-01,433,45,11,15,Rtail,0.356029,0.347526,49.5465,3.8324,-1.11808e-19,0.00480471,0.00499017,-4.5506e-06,0.000190018,0.000185468,0.00498658,2,435,0,2,0
2021-07-02,433,45,11,15,Rtail,0.441405,0.353552,49.4752,3.83304,-1.0842e-19,0.00729979,0.00772419,6.49392e-06,0.00041791,0.000424404,0.0077081,2,435,0,2,0
2021-07-06,433,45,11,15,Rtail,0.51142,0.503504,49.6179,3.85649,2.1684e-19,-0.00214886,-0.00171632,1.1286e-05,0.000421253,0.000432539,-0.00172639,2,435,0,2,0
2021-07-07,433,45,11,15,Rtail,0.580642,0.572081,49.7608,3.87558,2.1684e-19,0.00357671,0.00394365,-5.79392e-06,0.00037273,0.000366936,0.00397431,2,435,0,2,0
2021-07-08,433,45,11,15,Rtail,0.379057,0.314083,49.691,3.94337,2.1684e-19,-0.00749226,-0.0075617,6.97679e-06,-7.64121e-05,-6.94353e-05,-0.00757643,2,435,0,2,0
2021-07-09,433,45,11,15,Rtail,0.614084,0.620257,49.6448,3.94637,2.1684e-19,0.0109096,0.0110315,-8.46267e-06,0.000130367,0.000121904,0.0110213,2,435,0,2,0
2021-07-12,433,45,11,15,Rtail,0.532973,0.425968,49.4792,3.87985,2.1684e-19,0.00327477,0.003155,7.18531e-06,-0.000126957,-0.000119772,0.00317149,2,435,0,2,0
2021-07-13,433,45,11,15,Rtail,0.514996,0.393832,49.3825,3.83988,1.0842e-19,-0.00363162,-0.00358338,5.04761e-06,4.31939e-05,4.82416e-05,-0.00357834,2,435,0,2,0
2021-07-14,433,45,11,15,Rtail,0.527771,0.5359,49.4379,3.84964,-2.43945e-19,0.00138894,0.00159304,4.39744e-07,0.000203653,0.000204093,0.00159914,2,435,0,2,0
2021-07-15,433,45,11,15,Rtail,0.47858,0.456153,49.5,3.82958,-1.0842e-19,-0.00282722,-0.00291951,-4.49524e-06,-8.77932e-05,-9.22884e-05,-0.00289326,2,435,0,2,0
2021-07-16,433,45,11,15,Rtail,0.602983,0.594433,49.7598,3.86559,4.33681e-19,-0.00753236,-0.00769301,-7.91464e-06,-0.00015273,-0.000160645,-0.0076912,2,435,0,2,0
2021-07-19,433,45,11,15,Rtail,0.45774,0.423527,49.7293,3.87743,-3.25261e-19,-0.0149879,-0.0156763,1.65839e-06,-0.000690135,-0.000688476,-0.015672,2,435,0,2,0
2021-07-20,433,45,11,15,Rtail,0.522165,0.485004,49.764,3.68336,5.42101e-20,0.0149005,0.015092,-4.09961e-06,0.00019558,0.00019148,0.0151255,2,435,0,2,0
2021-07-21,433,45,11,15,Rtail,0.609034,0.628131,49.6471,3.57139,1.6263e-19,0.00782656,0.00752668,3.95225e-06,-0.000303832,-0.00029988,0.00766569,2,435,0,2,0
2021-07-22,434,45,11,15,Rtail,0.429675,0.362639,49.4981,3.71088,0,0.0021656,0.0021037,5.12302e-06,-6.70267e-05,-6.19037e-05,0.00211424,2,436,0,2,0
2021-07-23,434,45,11,15,Rtail,0.275907,0.257689,49.8034,3.72575,2.1684e-19,0.00793689,0.00804972,-5.98998e-06,0.000118823,0.000112833,0.00807278,2,436,0,2,0
2021-07-26,434,45,11,15,Rtail,0.476859,0.514517,49.9738,3.74416,0,0.00205896,0.00223395,5.66831e-06,0.000169325,0.000174993,0.00222559,2,436,0,2,0
2021-07-27,434,45,11,15,Rtail,0.491114,0.452234,49.4963,3.77784,2.1684e-19,-0.00382411,-0.00401327,-7.07542e-06,-0.000182083,-0.000189158,-0.00400291,2,436,0,2,0
2021-07-28,434,45,11,15,Rtail,0.486868,0.410864,49.4011,3.83581,0,-0.0011548,-0.00131062,-3.5712e-06,-0.000152249,-0.00015582,-0.0013208,2,436,0,2,0
2021-07-29,434,45,11,15,Rtail,0.290384,0.244777,49.3493,3.72395,2.1684e-19,0.00587738,0.00563344,-7.97036e-06,-0.000235974,-0.000243945,0.00569092,2,436,0,2,0
2021-07-30,434,45,11,15,Rtail,0.221735,0.216253,49.0766,3.69239,-2.1684e-19,-0.00458808,-0.00553479,-1.25777e-05,-0.000934132,-0.00094671,-0.00548051,2,436,0,2,0
2021-08-02,434,45,11,15,Rtail,0.306159,0.198977,48.9456,3.69767,1.0842e-19,-0.0017618,-0.00168416,-1.78598e-06,7.94268e-05,7.76409e-05,-0.001687,2,436,0,2,0
2021-08-03,435,45,11,15,Rtail,0.336513,0.277593,48.9471,3.72031,-1.0842e-19,0.00890784,0.00879489,-6.36069e-06,-0.000106587,-0.000112948,0.00885394,2,437,0,2,0
2021-08-04,435,45,11,15,Rtail,0.416612,0.377698,48.9582,3.70341,4.33681e-19,-0.00461087,-0.00512377,1.06587e-05,-0.000523551,-0.000512892,-0.00512013,2,437,0,2,0
2021-08-05,435,45,11,15,Rtail,0.277758,0.303419,49.3503,3.6688,-1.0842e-19,0.00563893,0.00567664,6.83319e-06,3.08746e-05,3.77078e-05,0.00564349,2,437,0,2,0
2021-08-06,435,45,11,15,Rtail,0.518969,0.480298,49.5497,3.69249,-1.0842e-19,0.00155652,0.00149524,-3.59932e-06,-5.76758e-05,-6.12751e-05,0.00148581,2,437,0,2,0
2021-08-09,435,45,11,15,Rtail,0.333559,0.293834,49.7538,3.64856,-2.1684e-19,-0.000761147,-0.000841798,3.69242e-06,-8.43425e-05,-8.06501e-05,-0.000848148,2,437,0,2,0
2021-08-10,435,45,11,15,Rtail,0.359245,0.348096,49.5374,3.68133,0,0.000807908,0.000858643,-5.16134e-06,5.58957e-05,5.07343e-05,0.000867371,2,437,0,2,0
2021-08-11,435,45,11,15,Rtail,0.394248,0.308661,49.3575,3.68549,0,0.00229763,0.00239746,-9.54458e-06,0.000109368,9.98236e-05,0.00240522,2,437,0,2,0
2021-08-12,435,45,11,15,Rtail,0.324624,0.238883,49.6685,3.75289,-1.0842e-19,0.00298256,0.00326403,3.53874e-06,0.000277924,0.000281463,0.00323063,2,437,0,2,0
2021-08-13,435,45,11,15,Rtail,0.46117,0.439237,50.0289,3.75529,-2.1684e-19,0.00182308,0.00179537,2.33554e-06,-3.00449e-05,-2.77094e-05,0.00180069,2,437,0,2,0
2021-08-16,435,45,11,15,Rtail,0.619379,0.515472,49.8891,3.72014,1.0842e-19,0.00204565,0.00235194,-4.8861e-06,0.000311183,0.000306297,0.00237215,2,437,0,2,0
2021-08-17,435,45,11,15,Rtail,0.561664,0.527262,49.9705,3.70645,-2.1684e-19,-0.00643578,-0.00632356,-4.03467e-07,0.000112615,0.000112212,-0.00635729,2,437,0,2,0
2021-08-18,435,45,11,15,Rtail,0.304762,0.258918,50.2422,3.67128,2.60886e-19,-0.0103419,-0.0107145,-2.08078e-06,-0.000370522,-0.000372603,-0.0106906,2,437,0,2,0
2021-08-19,435,45,11,15,Rtail,0.455157,0.445557,49.9654,3.68273,1.0842e-19,0.00132842,0.00124425,-4.8355e-06,-7.93319e-05,-8.41674e-05,0.00124242,2,437,0,2,0
2021-08-20,435,45,11,15,Softw,0.278594,0.235772,50.0537,3.70465,-5.42101e-20,0.00776983,0.00798348,2.85336e-06,0.000210797,0.00021365,0.00796446,2,437,0,2,0
2021-08-23,435,45,11,15,Softw,0.710371,0.685163,50.3839,3.68483,-5.42101e-20,0.00852874,0.0082463,1.24584e-05,-0.0002949,-0.000282441,0.00823739,2,437,0,2,0
2021-08-24,435,45,11,15,Softw,0.527577,0.552882,50.3713,3.65786,-2.1684e-19,0.00078453,0.00091782,8.12504e-07,0.000132478,0.00013329,0.000938879,2,437,0,2,0
2021-08-25,435,45,11,15,Softw,0.459859,0.374483,50.2995,3.71616,1.0842e-19,0.00202768,0.00181919,-7.20305e-06,-0.000201294,-0.000208497,0.0018515,2,437,0,2,0
2021-08-26,435,45,11,15,Softw,0.214326,0.239868,50.0909,3.69566,-1.21973e-19,-0.00570317,-0.0056637,4.29421e-07,3.90364e-05,3.94658e-05,-0.00565013,2,437,0,2,0
2021-08-27,435,45,11,15,Softw,0.606597,0.605899,49.9443,3.68816,2.43945e-19,0.00786224,0.00786381,1.36277e-06,2.06962e-07,1.56974e-06,0.00786951,2,437,0,2,0
2021-08-30,435,45,11,15,Softw,0.552217,0.53144,49.8525,3.68025,-3.25261e-19,0.00385691,0.00448759,6.91388e-06,0.000623765,0.000630679,0.00448291,2,437,0,2,0
2021-08-31,436,45,11,15,Softw,0.288181,0.298514,50.0676,3.66653,1.0842e-19,-0.0014435,-0.00134564,4.10213e-07,9.74482e-05,9.78585e-05,-0.00135448,2,438,0,2,0
2021-09-01,436,45,11,15,Rtail,0.380477,0.341861,50.061,3.65859,-1.0842e-19,-0.000201535,2.62863e-05,4.76083e-06,0.000223061,0.000227822,2.46623e-05,2,438,0,2,0
2021-09-02,436,45,11,15,Softw,0.331511,0.267338,50.1586,3.68633,2.1684e-19,0.00390904,0.00409293,-5.10727e-06,0.000188992,0.000183884,0.00409012,2,438,0,2,0
2021-09-03,436,45,11,15,Rtail,0.414255,0.373217,50.1077,3.66338,1.0842e-19,-1.68985e-05,-0.000241762,5.02599e-06,-0.00022989,-0.000224864,-0.000256362,2,438,0,2,0
2021-09-07,436,45,11,15,Rtail,0.460675,0.375056,50.2848,3.65174,5.42101e-20,-0.00385951,-0.00359865,2.12426e-05,0.00023961,0.000260853,-0.00364759,2,438,0,2,0
2021-09-08,436,45,11,15,Rtail,0.531667,0.538175,50.3831,3.67812,2.1684e-19,-0.000916304,-0.00078294,-6.1984e-06,0.000139562,0.000133364,-0.000754321,2,438,0,2,0
2021-09-09,436,45,11,15,Rtail,0.354448,0.353085,50.6273,3.68848,1.0842e-19,-0.00447059,-0.00498067,1.28902e-06,-0.000511372,-0.000510083,-0.00496957,2,438,0,2,0
2021-09-10,436,45,11,15,Rtail,0.355026,0.266841,50.2853,3.67687,0,-0.00721709,-0.00756438,-7.57575e-06,-0.000339716,-0.000347292,-0.00755215,2,438,0,2,0
2021-09-13,436,45,11,15,Rtail,0.603878,0.578656,50.1011,3.67632,0,0.00153873,0.00174413,3.18865e-06,0.000202215,0.000205403,0.00171552,2,438,0,2,0
2021-09-14,436,45,11,15,Rtail,0.353327,0.331011,49.9928,3.65799,-1.0842e-19,-0.00611787,-0.00592842,5.51241e-07,0.000188907,0.000189458,-0.00592757,2,438,0,2,0
2021-09-15,436,45,11,15,Rtail,0.423672,0.372285,50.3911,3.60865,1.35525e-20,0.00846293,0.00855255,-3.07217e-06,9.26842e-05,8.96121e-05,0.00855068,2,438,0,2,0
2021-09-16,436,45,11,15,Softw,0.389221,0.366396,50.5695,3.60252,-1.35525e-20,-0.000980192,-0.00116859,9.17779e-07,-0.000189314,-0.000188397,-0.0012086,2,438,0,2,0
2021-09-17,436,45,11,15,Softw,0.325311,0.241684,50.8598,3.63229,5.42101e-20,-0.00814071,-0.00832203,2.75697e-06,-0.000184077,-0.00018132,-0.00834205,2,438,0,2,0
2021-09-20,436,45,11,15,Rtail,0.52481,0.491841,50.8545,3.62802,-1.0842e-19,-0.0167097,-0.0168007,-9.35539e-06,-8.16402e-05,-9.09956e-05,-0.0168067,2,438,0,2,0
2021-09-21,436,45,11,15,Rtail,0.359255,0.3182,50.686,3.58792,-1.0842e-19,-0.000952651,-0.000888336,3.01808e-06,6.12962e-05,6.43143e-05,-0.000954501,2,438,0,2,0
2021-09-22,436,45,11,15,Rtail,0.450817,0.44552,50.9442,3.57625,2.71051e-19,0.0106821,0.0108111,1.80868e-07,0.000128801,0.000128982,0.0108371,2,438,0,2,0
2021-09-23,436,45,11,15,Softw,0.488874,0.520911,50.9508,3.61691,-1.0842e-19,0.0127981,0.0122187,-3.21464e-06,-0.00057616,-0.000579375,0.0122303,2,438,0,2,0
2021-09-24,436,45,11,15,Softw,0.382095,0.27836,50.8589,3.64878,2.1684e-19,0.000792996,0.000645336,9.64068e-07,-0.000148624,-0.00014766,0.000624026,2,438,0,2,0
2021-09-27,436,45,11,15,Softw,0.651083,0.66942,50.7918,3.65122,0,-0.00267829,-0.00295693,-4.31388e-06,-0.000274322,-0.000278636,-0.00297613,2,438,0,2,0
2021-09-28,436,45,11,15,Rtail,0.535751,0.4396,50.5704,3.59316,2.1684e-19,-0.0193738,-0.0192691,-4.09328e-06,0.000108774,0.000104681,-0.0192409,2,438,0,2,0
2021-09-29,436,45,11,15,Rtail,0.364669,0.359489,50.3442,3.63216,1.35525e-20,0.00232135,0.00248632,-1.72938e-06,0.000166696,0.000164966,0.00249807,2,438,0,2,0
2021-09-30,436,45,11,15,Rtail,0.364578,0.342832,50.6291,3.6075,1.0842e-19,-0.0122648,-0.0123058,6.00555e-06,-4.70416e-05,-4.1036e-05,-0.0123171,2,438,0,2,0
2021-10-01,436,45,11,15,Rtail,0.430756,0.424395,50.8679,3.59006,-8.13152e-20,0.0105406,0.0106144,1.80376e-06,7.19856e-05,7.37893e-05,0.0106101,2,438,0,2,0
2021-10-04,436,45,11,15,Softw,0.616026,0.574846,51.1094,3.60362,0,-0.0119183,-0.0119779,-9.48388e-06,-5.00442e-05,-5.95281e-05,-0.0119604,2,438,0,2,0
2021-10-05,436,45,11,15,Rtail,0.362654,0.303601,50.9381,3.60959,0,0.00995549,0.00998831,-1.71067e-07,3.2991e-05,3.282e-05,0.0099954,2,438,0,2,0
2021-10-06,436,45,11,15,Softw,0.398094,0.369277,51.2312,3.62632,-2.1684e-19,0.00345909,0.00399693,5.38528e-06,0.000532457,0.000537842,0.00397608,2,438,0,2,0
2021-10-07,436,45,11,15,Softw,0.400171,0.38802,51.445,3.65434,0,0.00894359,0.00877252,-8.64525e-07,-0.000170213,-0.000171077,0.0087892,2,438,0,2,0
2021-10-08,436,45,11,15,Softw,0.507886,0.398465,51.4028,3.63855,0,-0.00242777,-0.00242101,-1.19655e-07,6.88289e-06,6.76324e-06,-0.00247281,2,438,0,2,0
2021-10-11,436,45,11,15,Softw,0.314871,0.249224,51.2971,3.59589,1.0842e-19,-0.00665597,-0.0065569,-2.75145e-06,0.000101821,9.90699e-05,-0.00657047,2,438,0,2,0
2021-10-12,436,45,11,15,Softw,0.40726,0.33813,51.3158,3.6133,0,-0.00160063,-0.00149546,-4.08554e-06,0.000109257,0.000105172,-0.00151196,2,438,0,2,0
2021-10-13,436,45,11,15,Softw,0.364688,0.317386,51.2842,3.65931,0,0.00301783,0.00279255,-1.99825e-06,-0.000223275,-0.000225274,0.00278884,2,438,0,2,0
2021-10-14,436,45,11,15,Softw,0.346766,0.321703,51.3795,3.6253,1.0842e-19,0.0167998,0.0166677,-3.85027e-06,-0.000128189,-0.000132039,0.0167133,2,438,0,2,0
2021-10-15,436,45,11,15,Softw,0.337996,0.240324,51.1225,3.63388,3.25261e-19,0.00883674,0.00865264,1.31131e-05,-0.000197216,-0.000184103,0.00865129,2,438,0,2,0
2021-10-18,436,45,11,15,Softw,0.506533,0.437884,51.3051,3.63413,2.1684e-19,0.00264981,0.0028865,2.02416e-06,0.00023467,0.000236694,0.00288387,2,438,0,2,0
2021-10-19,436,45,11,15,Softw,0.362149,0.213295,51.3564,3.66609,5.42101e-20,0.0075791,0.00739714,3.14285e-07,-0.000182275,-0.000181961,0.00739295,2,438,0,2,0
2021-10-20,436,45,11,15,Softw,0.408411,0.321911,51.3062,3.62801,-2.1684e-19,0.00401217,0.00424216,-8.5433e-06,0.000238534,0.000229991,0.00424596,2,438,0,2,0
2021-10-21,436,45,11,15,Softw,0.332592,0.289675,51.4844,3.59888,-1.0842e-19,0.0029023,0.00309739,-2.92343e-06,0.000198014,0.000195091,0.00309614,2,438,0,2,0
2021-10-22,436,45,11,15,Softw,0.292849,0.25533,51.3331,3.61816,-1.6263e-19,0.00176065,0.00123629,-7.58074e-06,-0.00051678,-0.000524361,0.00124493,2,438,0,2,0
2021-10-25,436,45,11,15,Softw,0.504804,0.204448,51.5395,3.63409,-2.1684e-19,0.00584034,0.00537274,1.28163e-05,-0.000480422,-0.000467605,0.00531418,2,438,0,2,0
2021-10-26,436,45,11,15,Softw,0.375111,0.338292,51.845,3.74328,0,0.00236675,0.00241671,1.43992e-05,3.55663e-05,4.99655e-05,0.00237172,2,438,0,2,0
2021-10-27,436,45,11,15,Softw,0.264537,0.171643,51.3782,3.75707,2.71051e-19,-0.00776328,-0.00687823,1.34442e-05,0.000871611,0.000885055,-0.00688299,2,438,0,2,0
2021-10-28,436,45,11,15,Softw,0.288156,0.271798,50.9156,3.68478,1.0842e-19,0.0102902,0.0104914,-3.90149e-06,0.000205119,0.000201218,0.0105037,2,438,0,2,0
2021-10-29,436,45,11,15,Softw,0.357721,0.357382,50.8392,3.69413,2.1684e-19,0.00167497,0.00139605,1.53622e-06,-0.00028046,-0.000278924,0.00134545,2,438,0,2,0
2021-11-01,436,45,11,15,Softw,0.525382,0.460038,52.4303,3.65621,2.1684e-19,0.00294452,0.00298401,-1.8517e-06,4.13369e-05,3.94852e-05,0.00298319,2,438,0,2,0
2021-11-02,436,45,11,15,Softw,0.236691,0.197378,52.0283,3.76565,-3.25261e-19,0.00357075,0.00333432,-6.40816e-06,-0.000230019,-0.000236427,0.00333472,2,438,0,2,0
2021-11-03,436,45,11,15,Softw,0.319131,0.283338,52.4952,3.67434,4.33681e-19,0.00684019,0.00701207,4.82616e-06,0.000167052,0.000171878,0.00698087,2,438,0,2,0
2021-11-04,436,45,11,15,Softw,0.265102,0.158474,52.5645,3.69109,-1.0842e-19,0.00451695,0.00423688,4.15079e-06,-0.000284218,-0.000280068,0.0042654,2,438,0,2,0
2021-11-05,436,45,11,15,Softw,0.326912,0.332312,52.961,3.74777,0,0.00320204,0.00355106,-3.71007e-06,0.000352734,0.000349024,0.00353764,2,438,0,2,0
2021-11-08,436,45,11,15,Softw,0.355005,0.260381,52.8686,3.74872,-5.42101e-19,0.00111654,0.000472001,6.36443e-07,-0.000645177,-0.000644541,0.000489838,2,438,0,2,0
2021-11-09,436,45,11,15,Softw,0.45881,0.152352,52.7998,3.82575,-1.0842e-19,-0.00437241,-0.00402196,-1.71896e-05,0.000367643,0.000350453,-0.00396414,2,438,0,2,0
2021-11-10,436,45,11,15,Softw,0.547239,0.510912,52.8354,3.88463,3.25261e-19,-0.00671037,-0.00685024,2.18687e-06,-0.000142054,-0.000139867,-0.00684118,2,438,0,2,0
2021-11-11,436,45,11,15,Softw,0.400269,0.342907,52.3804,3.90312,-3.25261e-19,0.000394586,0.000286097,-2.41701e-06,-0.000106071,-0.000108488,0.000282856,2,438,0,2,0
2021-11-12,436,45,11,15,Softw,0.258729,0.179588,52.6257,3.90622,0,0.00582634,0.00582435,-2.08036e-06,9.84105e-08,-1.98195e-06,0.00587513,2,438,0,2,0
2021-11-15,436,45,11,15,Softw,0.214775,0.181566,52.4306,3.93759,-5.42101e-20,-0.000641831,-0.000377582,-4.44486e-06,0.000268694,0.000264249,-0.0004034,2,438,0,2,0
2021-11-16,436,45,11,15,Softw,0.385367,0.36925,52.6822,4.0023,1.35525e-19,0.00522468,0.00496494,5.70485e-07,-0.000260311,-0.000259741,0.00497091,2,438,0,2,0
2021-11-17,436,45,11,15,Softw,0.318783,0.250099,52.6503,4.02006,0,-0.00262564,-0.00213892,3.83359e-06,0.000482886,0.00048672,-0.00212532,2,438,0,2,0
2021-11-18,436,45,11,15,Softw,0.441571,0.270029,53.1023,4.07982,2.1684e-19,0.00288638,0.0038555,1.77486e-05,0.000951373,0.000969122,0.00387799,2,438,0,2,0
2021-11-19,436,45,11,15,Softw,0.402903,0.347317,53.3194,4.12892,2.1684e-19,-0.00151423,-0.00133468,6.90303e-06,0.000172645,0.000179548,-0.00132823,2,438,0,2,0
2021-11-22,436,45,11,15,Softw,0.452207,0.394163,53.3298,4.10648,-4.33681e-19,-0.00259284,-0.00252752,-4.77589e-06,7.00933e-05,6.53174e-05,-0.00256242,2,438,0,2,0
2021-11-23,436,45,11,15,Softw,0.43916,0.349981,52.8372,4.10808,-2.1684e-19,0.00187844,0.00179888,-4.17209e-07,-7.91479e-05,-7.95652e-05,0.00175435,2,438,0,2,0
2021-11-24,436,45,11,15,Softw,0.233016,0.210321,52.7265,4.13698,-2.1684e-19,0.00263592,0.00243444,7.50136e-06,-0.000208982,-0.00020148,0.00245554,2,438,0,2,0
2021-11-26,436,45,11,15,Softw,0.504153,0.48455,53.1408,4.13486,0,-0.0218627,-0.0224902,9.90527e-06,-0.000637444,-0.000627539,-0.0224611,2,438,0,2,0
2021-11-29,436,45,11,15,Softw,0.408877,0.328117,52.9984,4.02809,3.25261e-19,0.0134308,0.0131174,2.19831e-06,-0.000315562,-0.000313364,0.0131062,2,438,0,2,0
2021-11-30,436,45,11,15,Softw,0.383598,0.159953,53.5097,4.0582,0,-0.0182037,-0.0175901,1.93935e-05,0.000594169,0.000613562,-0.0176304,2,438,0,2,0
2021-12-01,436,45,11,15,Softw,0.398341,0.369958,53.9691,4.11049,-2.1684e-19,-0.0119365,-0.0116597,-6.92408e-06,0.000283737,0.000276813,-0.0116455,2,438,0,2,0
2021-12-02,436,45,11,15,Softw,0.496105,0.425765,53.6123,4.17798,1.0842e-19,0.0146301,0.0141232,-2.06327e-05,-0.000486263,-0.000506896,0.0141664,2,438,0,2,0
2021-12-03,436,45,11,15,Softw,0.55888,0.487918,53.0919,4.10763,4.33681e-19,-0.00830273,-0.00857965,-7.24656e-06,-0.000269675,-0.000276922,-0.00854623,2,438,0,2,0
2021-12-06,436,45,11,15,Softw,0.586718,0.53365,52.5915,4.10985,2.43945e-19,0.0106047,0.0110784,-2.14851e-06,0.00047588,0.000473732,0.0110604,2,438,0,2,0
2021-12-07,436,45,11,15,Softw,0.619958,0.543597,52.7215,4.11437,1.6263e-19,0.0206919,0.0206261,4.34142e-06,-7.01479e-05,-6.58065e-05,0.020617,2,438,0,2,0
2021-12-08,436,45,11,15,Softw,0.318526,0.290233,52.8195,4.17267,-2.1684e-19,0.00182703,0.00251099,2.9806e-06,0.00068098,0.00068396,0.00250638,2,438,0,2,0
2021-12-09,436,45,11,15,Softw,0.496919,0.304702,52.9628,4.17219,-1.0842e-19,-0.00742812,-0.00757249,-2.69228e-06,-0.000141684,-0.000144376,-0.00756581,2,438,0,2,0
2021-12-10,436,45,11,15,Softw,0.312724,0.203389,52.6988,4.13663,0,0.0109546,0.0105387,-6.11097e-06,-0.000409886,-0.000415997,0.0105019,2,438,0,2,0
2021-12-13,436,45,11,15,Softw,0.731443,0.699414,52.9919,4.06889,0,-0.00954789,-0.00966991,-1.08441e-05,-0.000111183,-0.000122027,-0.00966941,2,438,0,2,0
2021-12-14,436,45,11,15,Softw,0.516206,0.38116,52.8097,4.03756,0,-0.00735914,-0.0073123,4.40564e-06,4.24328e-05,4.68384e-05,-0.0073604,2,438,0,2,0
2021-12-15,437,45,11,15,Softw,0.473063,0.359149,52.6547,3.9876,-2.1684e-19,0.0167381,0.0166288,8.50793e-06,-0.00011773,-0.000109222,0.0165928,2,439,0,2,0
2021-12-16,437,45,11,15,Softw,0.626663,0.554042,52.9592,3.96985,2.1684e-19,-0.00810098,-0.00879286,-1.44024e-05,-0.000677481,-0.000691884,-0.00874796,2,439,0,2,0
2021-12-17,437,45,11,15,Softw,0.353001,0.412745,52.6779,4.02664,-1.6263e-19,-0.0102987,-0.0098793,1.11393e-06,0.000418244,0.000419358,-0.00992167,2,439,0,2,0
2021-12-20,437,45,11,15,Softw,0.352913,0.319609,53.039,4.01018,5.42101e-20,-0.0114139,-0.0117153,3.13588e-06,-0.000304603,-0.000301467,-0.0117435,2,439,0,2,0
2021-12-21,437,45,11,15,Softw,0.688891,0.667706,53.634,3.94653,1.0842e-19,0.0174405,0.0177068,4.28924e-06,0.000262041,0.000266331,0.017719,2,439,0,2,0
2021-12-22,437,45,11,15,Softw,0.384677,0.190808,53.763,3.93067,1.0842e-19,0.0104238,0.0105106,6.27959e-06,8.05297e-05,8.68093e-05,0.0105017,2,439,0,2,0
2021-12-23,437,45,11,15,Softw,0.415228,0.272793,53.8515,3.91836,5.42101e-20,0.00663277,0.00649652,1.12931e-06,-0.000137382,-0.000136253,0.00650003,2,439,0,2,0
2021-12-27,437,45,11,15,Softw,0.557954,0.525356,53.8205,3.93343,-2.1684e-19,0.0138298,0.0136718,-4.97856e-06,-0.000152982,-0.000157961,0.0136727,2,439,0,2,0
2021-12-28,437,45,11,15,Softw,0.557917,0.509468,53.9007,3.96394,1.0842e-19,-0.000698081,-0.00064683,-3.22193e-06,5.44733e-05,5.12514e-05,-0.000647226,2,439,0,2,0
2021-12-29,437,45,11,15,Softw,0.274653,0.264137,53.8101,3.91571,-1.0842e-19,0.00158972,0.00158804,-1.01262e-05,8.44756e-06,-1.67863e-06,0.00159453,2,439,0,2,0
2021-12-30,437,45,11,15,Softw,0.328708,0.256949,53.8115,3.89123,0,-0.00325622,-0.00326128,-2.78292e-07,-4.78802e-06,-5.06631e-06,-0.00326359,2,439,0,2,0
2021-12-31,437,45,11,15,Softw,0.542176,0.483909,53.9669,3.90791,1.0842e-19,-0.00181521,-0.00189628,-9.472e-06,-7.15908e-05,-8.10628e-05,-0.0018684,2,439,0,2,0
2022-01-03,437,45,11,15,Softw,0.713663,0.568734,53.6074,3.89382,0,0.00715926,0.00736651,4.47413e-05,0.000162506,0.000207247,0.00729395,2,439,0,2,0
2022-01-04,437,45,11,15,Softw,0.483354,0.466439,53.6549,3.89332,-4.33681e-19,-0.000906769,-0.00113625,-2.26101e-05,-0.00020687,-0.00022948,-0.00109702,2,439,0,2,0
2022-01-05,437,45,11,15,Softw,0.576742,0.515063,53.0197,3.83096,0,-0.0176305,-0.0179898,-2.19297e-08,-0.000359266,-0.000359288,-0.0180102,2,439,0,2,0
2022-01-06,437,45,11,15,Rtail,0.300555,0.240707,52.9297,3.78355,0,-0.00184891,-0.00189054,-1.55265e-05,-2.61079e-05,-4.16344e-05,-0.00185027,2,439,0,2,0
2022-01-07,437,45,11,15,Rtail,0.562977,0.550585,52.9711,3.81797,2.71051e-20,-0.00499841,-0.00461024,9.40385e-06,0.000378766,0.00038817,-0.00464259,2,439,0,2,0
2022-01-10,437,45,11,15,Rtail,0.372284,0.302753,53.1779,3.83688,-4.06576e-19,-0.00148165,-0.00158331,5.54079e-06,-0.000107202,-0.000101661,-0.00156046,2,439,0,2,0
2022-01-11,438,45,11,15,Rtail,0.40051,0.38593,53.7255,3.82804,-1.0842e-19,0.00875888,0.00888149,3.52469e-06,0.000119084,0.000122609,0.00888525,2,440,0,2,0
2022-01-12,438,45,11,15,Rtail,0.256614,0.196016,53.7907,3.84761,1.0842e-19,0.0025661,0.0026913,3.35738e-06,0.000121844,0.000125202,0.00270409,2,440,0,2,0
2022-01-13,438,45,11,15,Rtail,0.557338,0.4724,53.8235,3.85298,4.33681e-19,-0.0139658,-0.0142047,-1.28223e-05,-0.000226102,-0.000238924,-0.0142053,2,440,0,2,0
2022-01-14,438,45,11,15,Rtail,0.360352,0.310971,53.4377,3.77735,0,-0.000281091,0.00022745,9.66394e-06,0.000498878,0.000508542,0.000183052,2,440,0,2,0
2022-01-18,438,45,11,15,Rtail,0.349625,0.300151,54.2314,3.79376,-8.13152e-20,-0.0181025,-0.0178849,-2.34533e-06,0.000219952,0.000217606,-0.0178835,2,440,0,2,0
2022-01-19,438,45,11,15,Rtail,0.489105,0.452289,53.8765,3.77049,0,-0.0100048,-0.0102739,2.95952e-06,-0.000272063,-0.000269104,-0.0102814,2,440,0,2,0
2022-01-20,438,45,11,15,Rtail,0.420291,0.338658,54.0027,3.76835,0,-0.0105129,-0.0107189,3.39996e-06,-0.000209392,-0.000205992,-0.0107246,2,440,0,2,0
2022-01-21,438,45,11,15,Softw,0.535304,0.440346,53.8743,3.73593,2.1684e-19,-0.0185274,-0.0184701,-1.23688e-05,6.97105e-05,5.73417e-05,-0.0184252,2,440,0,2,0
2022-01-24,438,45,11,15,Softw,0.499067,0.44044,54.0207,3.75932,-2.1684e-19,0.00236783,0.00241959,-2.22361e-05,7.40003e-05,5.17642e-05,0.00241226,2,440,0,2,0
2022-01-25,438,45,11,15,Softw,0.569864,0.548326,53.9029,3.78121,0,-0.0114684,-0.0114903,7.27168e-06,-2.91524e-05,-2.18807e-05,-0.0114794,2,440,0,2,0
2022-01-26,438,45,11,15,Softw,0.322099,0.255652,53.603,3.74545,-8.13152e-20,-0.00225219,-0.00179242,1.54095e-05,0.000444364,0.000459774,-0.0018198,2,440,0,2,0
2022-01-27,438,45,11,15,Softw,0.470528,0.343235,54.1104,3.78358,-1.0842e-18,-0.00578606,-0.0059463,-3.27476e-06,-0.000156965,-0.000160239,-0.00593452,2,440,0,2,0
2022-01-28,438,45,11,15,Softw,0.396266,0.240237,54.0565,3.76553,-4.33681e-19,0.0242567,0.0248603,1.25361e-05,0.000591097,0.000603633,0.024817,2,440,0,2,0
2022-01-31,438,45,11,15,Softw,0.60504,0.520398,54.9428,3.7676,-5.42101e-20,0.0192582,0.0190885,1.64597e-05,-0.000186162,-0.000169702,0.01911,2,440,0,2,0
2022-02-01,438,45,11,15,Softw,0.407327,0.381914,54.9191,3.81652,0,0.00650193,0.00621446,1.14658e-06,-0.00028862,-0.000287474,0.0061636,2,440,0,2,0
2022-02-02,438,45,11,15,Softw,0.313643,0.247706,54.6091,3.76456,-1.0842e-19,0.00577726,0.00603265,-1.49623e-05,0.000270356,0.000255393,0.00602753,2,440,0,2,0
2022-02-03,438,45,11,15,Softw,0.400468,0.312151,55.2029,3.75443,-1.0842e-19,-0.0185378,-0.0187742,-1.18901e-05,-0.000224505,-0.000236395,-0.0187815,2,440,0,2,0
2022-02-04,438,45,11,15,Softw,0.376539,0.270505,54.7711,3.65719,1.0842e-19,0.0056223,0.00614535,2.7191e-05,0.000495857,0.000523048,0.00612972,2,440,0,2,0
2022-02-07,438,45,11,15,Rtail,0.302803,0.251466,55.4095,3.69938,-1.35525e-19,-0.00215431,-0.00203962,2.20153e-07,0.000114462,0.000114682,-0.00204753,2,440,0,2,0
2022-02-08,438,45,11,15,Rtail,0.401348,0.339913,55.2302,3.69336,0,0.00876639,0.00909126,2.06971e-06,0.000322807,0.000324877,0.00910927,2,440,0,2,0
2022-02-09,438,45,11,15,Rtail,0.468263,0.411151,55.0786,3.70092,0,0.0140498,0.0137567,-4.76267e-06,-0.000288316,-0.000293079,0.0137701,2,440,0,2,0
2022-02-10,438,45,11,15,Softw,0.352365,0.317841,55.0172,3.70473,-2.1684e-19,-0.0180761,-0.0181345,-1.57118e-06,-5.68726e-05,-5.84437e-05,-0.0181418,2,440,0,2,0
2022-02-11,438,45,11,15,Rtail,0.644523,0.579124,55.1679,3.71991,-1.0842e-19,-0.0191999,-0.0185233,-1.20567e-05,0.000688629,0.000676572,-0.0185466,2,440,0,2,0
2022-02-14,438,45,11,15,Rtail,0.404033,0.34406,55.4984,3.70988,0,-0.00375559,-0.00364107,9.88985e-06,0.000104627,0.000114517,-0.00364947,2,440,0,2,0
2022-02-15,438,45,11,15,Rtail,0.614797,0.491182,55.2226,3.67296,0,0.0167646,0.0165373,3.35692e-06,-0.000230677,-0.00022732,0.0165219,2,440,0,2,0
2022-02-16,439,45,11,15,Rtail,0.230025,0.24654,55.3762,3.70195,-2.1684e-19,0.000937934,0.0012689,-4.53626e-06,0.0003355,0.000330964,0.00126487,2,441,0,2,0
2022-02-17,439,45,11,15,Rtail,0.545847,0.488391,55.1508,3.69602,-4.33681e-19,-0.02024,-0.0202353,-1.04976e-06,5.73449e-06,4.68474e-06,-0.0202485,2,441,0,2,0
2022-02-18,439,45,11,15,Rtail,0.283954,0.232955,55.0389,3.64572,2.1684e-19,-0.00707446,-0.00691857,-1.02545e-05,0.000166147,0.000155892,-0.00691527,2,441,0,2,0
2022-02-22,439,45,11,15,Rtail,0.440077,0.41204,54.7656,3.66182,-4.33681e-19,-0.0107588,-0.0105482,-1.6323e-06,0.000212253,0.000210621,-0.0104976,2,441,0,2,0
2022-02-23,439,45,11,15,Rtail,0.488777,0.370874,55.1738,3.63638,1.0842e-19,-0.0188754,-0.019071,-5.28595e-06,-0.000190368,-0.000195654,-0.0190875,2,441,0,2,0
2022-02-24,439,45,11,15,Rtail,0.599211,0.490221,54.6623,3.61297,4.33681e-19,0.0135422,0.0140536,3.73001e-06,0.000507677,0.000511407,0.0140708,2,441,0,2,0
2022-02-25,439,45,11,15,Softw,0.330314,0.231634,55.1685,3.60999,2.1684e-19,0.0223743,0.0224623,-3.13237e-06,9.11356e-05,8.80032e-05,0.0224526,2,441,0,2,0
2022-02-28,439,45,11,15,Rtail,0.216618,0.138397,54.874,3.5983,1.0842e-19,-0.00307714,-0.00279465,1.09563e-05,0.000271532,0.000282489,-0.00279965,2,441,0,2,0
2022-03-01,439,45,11,15,Rtail,0.420724,0.375443,55.2714,3.62104,5.42101e-19,-0.0153418,-0.0154482,3.6577e-06,-0.000110066,-0.000106408,-0.0154532,2,441,0,2,0
2022-03-02,439,45,11,15,Rtail,0.308783,0.265214,55.7191,3.68071,-2.1684e-19,0.0191708,0.0188441,-1.52304e-05,-0.000311499,-0.000326729,0.0188333,2,441,0,2,0
2022-03-03,440,45,11,15,Softw,0.551895,0.486823,55.7084,3.68948,1.0842e-19,-0.00540366,-0.00526256,-1.1386e-05,0.000152481,0.000141095,-0.00522309,2,442,0,2,0
2022-03-04,440,45,11,15,Rtail,0.496676,0.499539,55.6058,3.67606,1.0842e-19,-0.00713929,-0.00727341,-1.55616e-06,-0.000132565,-0.000134121,-0.00729475,2,442,0,2,0
2022-03-07,440,45,11,15,Rtail,0.580792,0.575077,55.3462,3.68518,2.1684e-19,-0.0289076,-0.0287811,7.00865e-08,0.000126467,0.000126537,-0.0288031,2,442,0,2,0
2022-03-08,440,45,11,15,Rtail,0.415881,0.387385,56.0461,3.69474,0,-0.00845046,-0.00833146,-5.05437e-06,0.000124048,0.000118994,-0.00832296,2,442,0,2,0
2022-03-09,440,45,11,15,Rtail,0.652227,0.61712,55.8666,3.71919,0,0.0249046,0.02484,4.83324e-06,-6.94011e-05,-6.45679e-05,0.0248373,2,442,0,2,0
2022-03-10,440,45,11,15,Softw,0.476068,0.442995,55.4236,3.74205,-2.1684e-19,-0.00373841,-0.00338158,6.19368e-06,0.000350638,0.000356832,-0.00341247,2,442,0,2,0
2022-03-11,440,45,11,15,Rtail,0.312264,0.243448,55.6596,3.71925,-4.57398e-20,-0.0120172,-0.0123581,-4.56265e-06,-0.000336343,-0.000340905,-0.0123654,2,442,0,2,0
2022-03-14,440,45,11,15,Rtail,0.445116,0.350502,55.4336,3.69696,0,-0.00632039,-0.00653217,-3.79014e-06,-0.00020799,-0.00021178,-0.0065322,2,442,0,2,0
2022-03-15,440,45,11,15,Rtail,0.644635,0.571565,55.0352,3.69377,-4.33681e-19,0.0216578,0.0216731,8.31249e-06,6.99297e-06,1.53055e-05,0.0217095,2,442,0,2,0
2022-03-16,440,45,11,15,Rtail,0.648785,0.589113,54.7157,3.72355,0,0.0216348,0.0215444,1.18513e-07,-9.04847e-05,-9.03662e-05,0.0215655,2,442,0,2,0
2022-03-17,440,45,11,15,Rtail,0.360536,0.349931,54.6321,3.75391,-1.0842e-19,0.0125233,0.012565,6.23601e-06,3.53921e-05,4.16281e-05,0.0125556,2,442,0,2,0
2022-03-18,440,45,11,15,Rtail,0.54535,0.475462,54.7795,3.74201,-3.25261e-19,0.011672,0.011581,5.76392e-06,-9.68406e-05,-9.10767e-05,0.0115923,2,442,0,2,0
2022-03-21,440,45,11,15,Rtail,0.60313,0.616759,55.144,3.74677,5.42101e-20,-0.00100934,-0.000402705,1.01563e-05,0.000596475,0.000606631,-0.000416865,2,442,0,2,0
2022-03-22,440,45,11,15,Rtail,0.545429,0.45062,55.5675,3.74756,1.0842e-19,0.0107585,0.010854,5.56595e-06,8.98995e-05,9.54655e-05,0.0108342,2,442,0,2,0
2022-03-23,440,45,11,15,Rtail,0.560356,0.540849,55.8783,3.75767,-5.42101e-20,-0.0130786,-0.0121334,8.97308e-06,0.00093624,0.000945213,-0.0121446,2,442,0,2,0
2022-03-24,440,45,11,15,Rtail,0.544491,0.4106,56.1123,3.71782,1.89735e-19,0.0139644,0.0138328,1.48069e-06,-0.000133082,-0.000131602,0.0138079,2,442,0,2,0
2022-03-25,440,45,11,15,Rtail,0.477022,0.438457,56.3772,3.7338,-3.25261e-19,0.00449288,0.00476896,-1.26745e-06,0.000277351,0.000276084,0.00476247,2,442,0,2,0
2022-03-28,440,45,11,15,Rtail,0.622347,0.498854,56.9712,3.7576,-2.1684e-19,0.00843602,0.00830531,9.84614e-06,-0.000140559,-0.000130712,0.00830954,2,442,0,2,0
2022-03-29,440,45,11,15,Rtail,0.54488,0.552822,57.1259,3.78354,1.0842e-19,0.0124219,0.0125393,-1.59903e-05,0.000133449,0.000117458,0.0125495,2,442,0,2,0
2022-03-30,440,45,11,15,Rtail,0.576799,0.549253,56.6354,3.78759,0,-0.00641351,-0.00626568,7.95727e-06,0.000139869,0.000147826,-0.00627522,2,442,0,2,0
2022-03-31,440,45,11,15,Rtail,0.287381,0.284377,57.3494,3.78628,0,-0.0152483,-0.0151928,-2.88077e-06,5.84225e-05,5.55418e-05,-0.0152112,2,442,0,2,0
2022-04-01,440,45,11,15,Rtail,0.521596,0.458695,57.7642,3.79655,4.33681e-19,0.00317609,0.00340111,7.39231e-06,0.000217632,0.000225024,0.00339046,2,442,0,2,0
2022-04-04,440,45,11,15,Rtail,0.603858,0.499883,57.6508,3.80215,0,0.00765114,0.0077892,1.08626e-05,0.000127199,0.000138062,0.00774804,2,442,0,2,0
2022-04-05,441,45,11,15,Rtail,0.624821,0.527866,57.8965,3.84329,-4.33681e-19,-0.0125214,-0.0124799,-2.56036e-06,4.40484e-05,4.14881e-05,-0.0124896,2,443,0,2,0
2022-04-06,441,45,11,15,Rtail,0.717999,0.653063,57.9149,3.85538,1.0842e-19,-0.00838722,-0.00863474,-8.89486e-06,-0.000238621,-0.000247516,-0.00862088,2,443,0,2,0
2022-04-07,441,45,11,15,Rtail,0.407506,0.375213,57.3625,3.80951,0,0.00541125,0.00488577,2.88332e-07,-0.000525765,-0.000525476,0.00488724,2,443,0,2,0
2022-04-08,441,45,11,15,Rtail,0.532537,0.433383,57.5774,3.80292,0,-0.00249172,-0.00264428,-3.27968e-06,-0.00014928,-0.00015256,-0.00265004,2,443,0,2,0
2022-04-11,441,45,11,15,Rtail,0.503429,0.357799,57.1195,3.78489,-1.0842e-19,-0.016277,-0.0165538,-9.95453e-06,-0.000266816,-0.00027677,-0.0165487,2,443,0,2,0
2022-04-12,442,45,11,15,Rtail,0.403481,0.34531,56.5481,3.79449,-2.1684e-19,-0.00321328,-0.00282849,-9.98973e-07,0.000385785,0.000384786,-0.0028448,2,444,0,2,0
2022-04-13,442,45,11,15,Rtail,0.440506,0.428536,56.5858,3.77705,1.35525e-19,0.0115035,0.011905,2.64246e-06,0.000398859,0.000401501,0.0118894,2,444,0,2,0
2022-04-14,442,45,11,15,Rtail,0.469957,0.368058,57.1241,3.79026,1.0842e-19,-0.011364,-0.011568,-1.01094e-06,-0.000202921,-0.000203932,-0.0115788,2,444,0,2,0
2022-04-18,442,45,11,15,Rtail,0.422293,0.347955,56.5997,3.74258,-4.33681e-19,-0.000576832,-0.000683714,2.82212e-06,-0.000109704,-0.000106882,-0.000695844,2,444,0,2,0
2022-04-19,442,45,11,15,Rtail,0.555647,0.473701,56.7077,3.72432,2.1684e-19,0.0160718,0.0160667,-1.21345e-05,7.05423e-06,-5.08026e-06,0.0160869,2,444,0,2,0
2022-04-20,444,45,11,15,Rtail,0.606437,0.501179,56.6135,3.71858,-5.96311e-19,0.0013049,0.000872627,-7.03637e-18,-0.000432272,-0.000432272,0.000872627,2,444,0,0,0
2022-04-21,444,45,11,15,Rtail,0.471405,0.388711,56.4735,3.73628,2.1684e-19,-0.0128697,-0.0129711,-7.11245e-18,-0.00010141,-0.00010141,-0.0129711,2,444,0,0,0
2022-04-22,444,45,11,15,Rtail,0.453823,0.366624,56.3881,3.75515,-1.0842e-19,-0.028218,-0.0276452,4.61714e-19,0.00057287,0.00057287,-0.0276452,2,444,0,0,0
2022-04-25,444,45,11,15,Rtail,0.501091,0.44835,56.6953,3.69643,2.1684e-19,0.00455698,0.00452612,1.83094e-18,-3.08634e-05,-3.08634e-05,0.00452612,2,444,0,0,0
2022-04-26,444,45,11,15,Rtail,0.591358,0.439923,56.5599,3.71041,3.25261e-19,-0.028285,-0.0284828,7.69788e-18,-0.000197804,-0.000197804,-0.0284828,2,444,0,0,0
2022-04-27,444,45,11,15,Rtail,0.294837,0.17934,56.2851,3.66683,6.50521e-19,0.00386122,0.0045123,6.31114e-18,0.000651078,0.000651078,0.0045123,2,444,0,0,0
2022-04-28,444,45,11,15,Rtail,0.387458,0.288206,56.5421,3.70448,1.0842e-19,0.0230642,0.0228429,-1.95216e-18,-0.000221239,-0.000221239,0.0228429,2,444,0,0,0
2022-04-29,444,45,11,15,Rtail,0.354237,0.281154,56.4748,3.7196,-4.33681e-19,-0.0367184,-0.0372473,-5.67787e-18,-0.000528937,-0.000528937,-0.0372473,2,444,0,0,0
2022-05-02,444,45,11,15,Rtail,0.546636,0.492882,55.6524,3.68872,4.33681e-19,0.00475429,0.00469969,-2.2801e-19,-5.46026e-05,-5.46026e-05,0.00469969,2,444,0,0,0
2022-05-03,444,45,11,15,Softw,0.291137,0.234627,55.4732,3.71111,-2.1684e-19,0.00437989,0.00461925,6.71297e-18,0.000239359,0.000239359,0.00461925,2,444,0,0,0
2022-05-04,444,45,11,15,Softw,0.210951,0.185327,54.8365,3.72026,2.1684e-19,0.0294136,0.0292442,-4.29312e-19,-0.000169343,-0.000169343,0.0292442,2,444,0,0,0
2022-05-05,444,45,11,15,Softw,0.461482,0.318643,54.9955,3.73984,2.1684e-19,-0.0347665,-0.0351416,4.03384e-18,-0.0003751,-0.0003751,-0.0351416,2,444,0,0,0
2022-05-06,444,45,11,15,Softw,0.448093,0.369556,54.4254,3.70789,-1.0842e-19,-0.00516319,-0.00516927,-1.3291e-17,-6.0818e-06,-6.0818e-06,-0.00516927,2,444,0,0,0
2022-05-09,444,45,11,15,Softw,0.66224,0.617331,54.4513,3.65142,-4.33681e-19,-0.0325046,-0.0324357,-9.70199e-18,6.89363e-05,6.89363e-05,-0.0324357,2,444,0,0,0
2022-05-10,444,45,11,15,Softw,0.470039,0.405817,54.1221,3.7043,4.33681e-19,0.00206735,0.00198178,2.96905e-18,-8.55696e-05,-8.55696e-05,0.00198178,2,444,0,0,0
2022-05-11,444,45,11,15,Softw,0.650471,0.577478,54.756,3.71144,-2.1684e-19,-0.0164165,-0.0172572,2.6837e-18,-0.000840681,-0.000840681,-0.0172572,2,444,0,0,0
2022-05-12,444,45,11,15,Softw,0.404018,0.335177,54.4,3.66384,-1.0842e-19,-0.000574556,-0.000810273,2.08993e-18,-0.000235718,-0.000235718,-0.000799705,2,444,0,0,0
2022-05-13,444,45,11,15,Rtail,0.713636,0.670947,53.8781,3.6686,-1.0842e-19,0.0241599,0.024133,-3.97676e-07,-2.65477e-05,-2.69454e-05,0.024131,2,445,0,1,0
2022-05-16,444,45,11,15,Rtail,0.622224,0.529371,54.313,3.67538,1.35525e-19,-0.00396672,-0.00393491,-2.39706e-06,3.42091e-05,3.18121e-05,-0.00392995,2,445,0,1,0
2022-05-17,444,45,11,15,Rtail,0.585257,0.505958,54.3298,3.67034,-2.1684e-19,0.019985,0.0198682,2.03742e-06,-0.000118813,-0.000116776,0.0198729,2,445,0,1,0
2022-05-18,444,45,11,15,Softw,0.470045,0.435421,54.1821,3.66376,0,-0.0405544,-0.0406531,-1.42631e-06,-9.73083e-05,-9.87346e-05,-0.0406475,2,445,0,1,0
2022-05-19,444,45,11,15,Softw,0.394619,0.344584,53.7996,3.6616,0,-0.00617821,-0.00571631,1.67113e-06,0.000460236,0.000461907,-0.00570969,2,445,0,1,0
2022-05-20,444,45,11,15,Softw,0.348979,0.232113,53.3051,3.62533,-4.33681e-19,0.000185761,0.000258655,1.58439e-07,7.27358e-05,7.28943e-05,0.000267311,2,445,0,1,0
2022-05-23,444,45,11,15,Softw,0.39958,0.347457,53.695,3.63475,0,0.0183681,0.0188036,2.45458e-06,0.000433083,0.000435537,0.0187969,2,445,0,1,0
2022-05-24,444,45,11,15,Softw,0.707986,0.683655,53.9813,3.66444,-1.0842e-19,-0.00543626,-0.00568062,-1.20899e-06,-0.000243152,-0.000244361,-0.00567899,2,445,0,1,0
2022-05-25,444,45,11,15,Softw,0.484533,0.422186,53.9724,3.67095,2.1684e-19,0.0101478,0.00992753,-1.1375e-06,-0.000219145,-0.000220282,0.0099292,2,445,0,1,0
2022-05-26,444,45,11,15,Softw,0.530908,0.494984,53.8017,3.67748,-6.50521e-19,0.0200975,0.0200104,1.66731e-07,-8.7234e-05,-8.70673e-05,0.020008,2,445,0,1,0
2022-05-27,444,45,11,15,Softw,0.537164,0.41857,53.8035,3.71269,0,0.0244464,0.0246583,3.30493e-06,0.000208597,0.000211902,0.0246536,2,445,0,1,0
2022-05-31,444,45,11,15,Softw,0.297893,0.241519,54.1039,3.72177,2.1684e-19,-0.00687841,-0.00648012,2.00303e-06,0.000396281,0.000398285,-0.00648538,2,445,0,1,0
2022-06-01,444,45,11,15,Softw,0.373549,0.351576,54.0658,3.75064,-1.0842e-19,-0.0072452,-0.0074032,3.83324e-07,-0.000158379,-0.000157996,-0.00740265,2,445,0,1,0
2022-06-02,444,45,11,15,Softw,0.591185,0.568343,54.2505,3.76387,-5.42101e-20,0.0185558,0.0178854,2.77625e-06,-0.000673201,-0.000670425,0.0178769,2,445,0,1,0
2022-06-03,444,45,11,15,Softw,0.622299,0.486171,54.3511,3.72509,-2.71051e-19,-0.0160053,-0.0162072,-3.40208e-06,-0.00019852,-0.000201922,-0.0162037,2,445,0,1,0
2022-06-06,444,45,11,15,Softw,0.257104,0.250141,53.9735,3.73672,-1.89735e-19,0.00225852,0.00237345,-9.37784e-08,0.000115025,0.000114931,0.00237501,2,445,0,1,0
2022-06-07,444,45,11,15,Softw,0.397632,0.27645,53.7964,3.75815,0,0.00951915,0.00972583,4.36404e-07,0.000206246,0.000206683,0.00972565,2,445,0,1,0
2022-06-08,444,45,11,15,Softw,0.449184,0.416291,53.9452,3.75708,-1.0842e-19,-0.0113757,-0.0112393,5.17496e-07,0.000135843,0.000136361,-0.011246,2,445,0,1,0
2022-06-09,445,45,11,15,Softw,0.323427,0.3255,54.1341,3.79165,0,-0.0228331,-0.0233378,-1.35032e-06,-0.000503353,-0.000504704,-0.0233404,2,446,0,1,0
2022-06-10,445,45,11,15,Softw,0.632683,0.596878,53.5612,3.77558,-1.0842e-19,-0.0286754,-0.0288413,-3.4756e-06,-0.000162473,-0.000165949,-0.0288404,2,446,0,1,0
2022-06-13,445,45,11,15,Softw,0.598438,0.534381,53.8449,3.77113,0,-0.0380768,-0.0383437,-4.75431e-07,-0.000266434,-0.000266909,-0.0383429,2,446,0,1,0
2022-06-14,445,45,11,15,Softw,0.313882,0.256548,54.014,3.76386,1.35525e-19,-0.0031336,-0.00309359,1.46379e-06,3.85414e-05,4.00052e-05,-0.00310176,2,446,0,1,0
2022-06-15,445,45,11,15,Softw,0.673791,0.615038,54.1014,3.72663,2.1684e-19,0.0140295,0.0141688,3.04962e-06,0.000136274,0.000139324,0.0141687,2,446,0,1,0
2022-06-16,445,45,11,15,Softw,0.704364,0.665962,54.3518,3.75305,4.33681e-19,-0.0316898,-0.0319109,2.5026e-07,-0.000221303,-0.000221053,-0.0319085,2,446,0,1,0
2022-06-17,445,45,11,15,Softw,0.591687,0.529424,54.7458,3.71914,-2.1684e-19,0.00156742,0.00205352,-5.13509e-07,0.000486617,0.000486104,0.00205606,2,446,0,1,0
2022-06-21,445,45,11,15,Softw,0.463633,0.356285,54.653,3.71943,-2.1684e-19,0.0251995,0.0251888,3.23354e-06,-1.39231e-05,-1.06895e-05,0.0251345,2,446,0,1,0
2022-06-22,446,45,10,13,Softw,0.556963,0.499588,55.2419,3.70703,0,-0.00117726,-0.00106793,-3.62553e-07,0.000109689,0.000109326,-0.00106167,2,447,0,1,0
2022-06-23,446,45,10,13,Softw,0.596427,0.553718,55.0029,3.69906,-4.33681e-19,0.00989662,0.0100812,4.80402e-07,0.000184103,0.000184583,0.0100896,2,447,0,1,0
2022-06-24,446,45,10,13,Softw,0.454472,0.460741,54.7347,3.70652,-4.74338e-20,0.0293692,0.0290863,2.91125e-08,-0.000282961,-0.000282932,0.0290856,2,447,0,1,0
2022-06-27,446,45,10,13,Softw,0.599137,0.563526,55.2495,3.76078,2.1684e-19,-0.00295175,-0.00257504,-2.41705e-06,0.000379123,0.000376706,-0.00257778,2,447,0,1,0
2022-06-28,446,45,10,13,Softw,0.644342,0.565199,54.9443,3.74041,-1.0842e-19,-0.0198763,-0.0197825,-3.47299e-06,9.71859e-05,9.37129e-05,-0.019782,2,447,0,1,0
2022-06-29,446,45,10,13,Softw,0.571347,0.489357,54.6793,3.70992,-2.1684e-19,-0.000729408,-0.000289767,2.14225e-06,0.000437499,0.000439641,-0.000291506,2,447,0,1,0
2022-06-30,446,45,10,13,Softw,0.453957,0.423327,54.9372,3.69679,0,-0.00755537,-0.00772892,-1.31583e-06,-0.000172234,-0.00017355,-0.00773351,2,447,0,1,0
2022-07-01,446,45,10,13,Softw,0.536606,0.505858,54.9067,3.70537,4.33681e-19,0.0106142,0.0114211,-7.73385e-07,0.000807718,0.000806945,0.0114221,2,447,0,1,0
2022-07-05,446,45,10,13,Softw,0.712133,0.670666,54.6528,3.71843,0,-0.00018258,2.59829e-05,1.72577e-06,0.000206837,0.000208562,2.55623e-05,2,447,0,1,0
2022-07-06,446,45,10,13,Softw,0.492262,0.4379,55.3759,3.73283,0,0.00325664,0.00338494,1.86656e-06,0.000126427,0.000128293,0.00337646,2,447,0,1,0
2022-07-07,446,45,10,13,Softw,0.675864,0.638643,55.9046,3.75656,0,0.0141118,0.0140713,8.38932e-07,-4.13294e-05,-4.04904e-05,0.0140654,2,447,0,1,0
2022-07-08,446,45,10,13,Softw,0.406897,0.380533,56.0717,3.79093,1.6263e-19,-0.000629712,-0.000796814,1.37415e-06,-0.000168476,-0.000167102,-0.000799037,2,447,0,1,0
2022-07-11,446,45,10,13,Softw,0.691469,0.632784,55.9808,3.7784,0,-0.00997623,-0.0102831,-1.38384e-06,-0.000305465,-0.000306849,-0.0102808,2,447,0,1,0
2022-07-12,446,45,10,13,Softw,0.447138,0.348765,56.1058,3.78994,4.33681e-19,-0.00933867,-0.00911701,-2.37293e-06,0.000224032,0.000221659,-0.00911324,2,447,0,1,0
2022-07-13,446,45,10,13,Softw,0.361516,0.279017,55.1607,3.78633,-1.6263e-19,-0.0037514,-0.0037225,1.55594e-06,2.735e-05,2.89059e-05,-0.00372629,2,447,0,1,0
2022-07-14,446,45,10,13,Softw,0.464804,0.409172,55.3119,3.78968,-2.1684e-19,-0.00170599,-0.00163491,2.96365e-06,6.81167e-05,7.10804e-05,-0.00163805,2,447,0,1,0
2022-07-15,446,45,10,13,Softw,0.545243,0.512564,55.596,3.84818,5.42101e-19,0.0197854,0.0192655,6.78627e-07,-0.000520649,-0.000519971,0.0192613,2,447,0,1,0
2022-07-18,446,45,10,13,Softw,0.566937,0.474226,55.7911,3.85441,2.1684e-19,-0.0082069,-0.0081836,-1.46262e-06,2.47661e-05,2.33035e-05,-0.00818776,2,447,0,1,0
2022-07-19,446,45,10,13,Softw,0.67171,0.632832,55.59,3.84688,0,0.0266527,0.0266622,6.65731e-07,8.87314e-06,9.53888e-06,0.0266584,2,447,0,1,0
2022-07-20,446,45,10,13,Softw,0.642033,0.589309,55.3105,3.8513,2.1684e-19,0.00560317,0.00565972,1.112e-06,5.54441e-05,5.65561e-05,0.00565901,2,447,0,1,0
2022-07-21,446,45,10,13,Softw,0.474064,0.298863,55.5292,3.85722,0,0.0115748,0.0112252,2.81649e-06,-0.000352407,-0.00034959,0.0112232,2,447,0,1,0
2022-07-22,446,45,10,13,Softw,0.442972,0.356505,55.3984,3.86532,-2.1684e-19,-0.00627064,-0.0063519,-3.24321e-07,-8.09325e-05,-8.12568e-05,-0.00634872,2,447,0,1,0
2022-07-25,446,45,10,13,Softw,0.690228,0.664888,55.1929,3.88514,1.0842e-19,0.00112194,0.00124629,-1.32609e-06,0.000125673,0.000124346,0.00125265,2,447,0,1,0
2022-07-26,446,45,10,13,Rtail,0.568883,0.512674,55.2242,3.89292,4.33681e-19,-0.0111653,-0.0112135,-9.55126e-07,-4.72477e-05,-4.82028e-05,-0.0112098,2,447,0,1,0
2022-07-27,446,45,10,13,Softw,0.499648,0.442479,54.9404,3.80879,2.1684e-19,0.0234126,0.0239648,5.31587e-06,0.000546949,0.000552265,0.0239564,2,447,0,1,0
2022-07-28,446,45,10,13,Softw,0.30659,0.232761,55.2969,3.82639,-2.1684e-19,0.0130328,0.0129949,7.97523e-07,-3.87592e-05,-3.79617e-05,0.0129901,2,447,0,1,0
2022-07-29,446,45,10,13,Softw,0.403512,0.277626,55.2839,3.82144,2.1684e-19,0.0142349,0.015129,4.1149e-06,0.000889958,0.000894073,0.0151196,2,447,0,1,0
2022-08-01,446,45,10,13,Softw,0.406499,0.314519,56.788,3.86454,1.0842e-19,-0.00178223,-0.00229623,5.00063e-07,-0.000514495,-0.000513995,-0.00229486,2,447,0,1,0
2022-08-02,446,45,10,13,Softw,0.264496,0.241573,56.9937,3.86352,-1.89735e-19,-0.00712095,-0.00706897,8.71051e-07,5.11022e-05,5.19732e-05,-0.00706773,2,447,0,1,0
2022-08-03,446,45,10,13,Softw,0.451336,0.345634,57.56,3.86193,0,0.0150819,0.0153548,4.28872e-06,0.000268615,0.000272904,0.0153572,2,447,0,1,0
2022-08-04,446,45,10,13,Softw,0.316064,0.267101,58.1021,3.8949,4.33681e-19,-0.000670384,-0.000816184,3.95486e-06,-0.000149755,-0.0001458,-0.000817223,2,447,0,1,0
2022-08-05,446,45,10,13,Softw,0.404328,0.296958,58.2789,3.88175,-2.1684e-19,-0.0015911,-0.00172091,-1.54596e-06,-0.00012826,-0.000129806,-0.00172743,2,447,0,1,0
2022-08-08,446,45,10,13,Softw,0.453767,0.35438,57.9881,3.86571,3.25261e-19,-0.00196931,-0.00168553,-3.41848e-06,0.000287198,0.00028378,-0.00168485,2,447,0,1,0
2022-08-09,446,45,10,13,Softw,0.62821,0.617705,57.5851,3.86676,-2.1684e-19,-0.00501183,-0.00445498,7.28623e-07,0.000556116,0.000556845,-0.00445508,2,447,0,1,0
2022-08-10,446,45,10,13,Softw,0.692053,0.658711,57.855,3.86335,1.0842e-19,0.0207922,0.0207917,1.14668e-06,-1.60928e-06,-4.62607e-07,0.0207877,2,447,0,1,0
2022-08-11,446,45,10,13,Softw,0.464656,0.414809,57.7334,3.91702,0,-0.000796396,-0.00073363,-2.70514e-06,6.54721e-05,6.27669e-05,-0.000732198,2,447,0,1,0
2022-08-12,446,45,10,13,Softw,0.308628,0.22358,57.4712,3.90479,0,0.0174152,0.0173498,8.76968e-07,-6.63177e-05,-6.54408e-05,0.0173424,2,447,0,1,0
2022-08-15,446,45,10,13,Softw,0.329266,0.273619,57.7848,3.95823,0,0.00450215,0.00427392,1.2969e-06,-0.000229527,-0.00022823,0.00427306,2,447,0,1,0
2022-08-16,446,45,10,13,Softw,0.47796,0.365413,58.0797,3.93218,-4.33681e-19,0.00218788,0.00215368,-2.38233e-06,-3.18116e-05,-3.41939e-05,0.00215442,2,447,0,1,0
2022-08-17,446,45,10,13,Softw,0.471351,0.434321,57.9572,3.92122,-1.0842e-19,-0.00673171,-0.00644389,5.85189e-07,0.000287234,0.000287819,-0.00644471,2,447,0,1,0
2022-08-18,446,45,10,13,Softw,0.389422,0.357856,58.3169,3.89817,0,0.00272692,0.00211677,-1.06544e-06,-0.000609077,-0.000610142,0.00211523,2,447,0,1,0
2022-08-19,446,45,10,13,Rtail,0.619616,0.592782,58.3283,3.86223,5.42101e-20,-0.0122666,-0.0120557,-1.30378e-06,0.000212277,0.000210973,-0.0120535,2,447,0,1,0
2022-08-22,446,45,10,13,Softw,0.602993,0.574941,58.7114,3.84916,1.0842e-19,-0.0210208,-0.0211316,-5.0077e-08,-0.000110732,-0.000110782,-0.0211289,2,447,0,1,0
2022-08-23,446,45,10,13,Softw,0.684931,0.626613,58.9058,3.86786,-2.1684e-19,-0.00244288,-0.00224327,-1.73566e-07,0.000199783,0.00019961,-0.00224622,2,447,0,1,0
2022-08-24,446,45,10,13,Hardw,0.294155,0.304715,58.925,3.86517,-5.42101e-20,0.00236616,0.00258017,4.01415e-07,0.000213615,0.000214016,0.00258063,2,447,0,1,0
2022-08-25,446,45,10,13,Rtail,0.454805,0.412614,58.6804,3.87286,1.0842e-19,0.0131,0.0131998,1.36947e-07,9.96623e-05,9.97992e-05,0.0131989,2,447,0,1,0
2022-08-26,446,45,10,13,Hardw,0.645217,0.599855,58.8321,3.84539,-1.0842e-19,-0.0332957,-0.0330768,-1.95679e-06,0.000220865,0.000218908,-0.0330741,2,447,0,1,0
2022-08-29,446,45,10,13,Hardw,0.432613,0.362319,59.0063,3.80293,-3.25261e-19,-0.00649724,-0.00648379,-2.70295e-07,1.37201e-05,1.34498e-05,-0.00648496,2,447,0,1,0
2022-08-30,446,45,10,13,Rtail,0.494133,0.446445,58.8471,3.81982,3.25261e-19,-0.0110646,-0.0112333,-4.36474e-07,-0.000168242,-0.000168678,-0.0112362,2,447,0,1,0
2022-08-31,446,45,10,13,Rtail,0.270477,0.237607,58.4845,3.84622,0,-0.0083134,-0.00816162,1.19663e-06,0.000150576,0.000151773,-0.00816082,2,447,0,1,0
2022-09-01,446,45,10,13,Rtail,0.554534,0.448122,58.2938,3.83829,-2.1684e-19,0.0026684,0.00295085,-9.48347e-07,0.000283397,0.000282449,0.00295239,2,447,0,1,0
2022-09-02,446,45,10,13,Rtail,0.504616,0.4531,58.9008,3.85808,-1.0842e-19,-0.0104293,-0.0103706,-1.76229e-06,6.05222e-05,5.87599e-05,-0.0103707,2,447,0,1,0
2022-09-06,446,45,10,13,Rtail,0.2839,0.239311,58.694,3.88044,-2.1684e-19,-0.00342701,-0.00363373,-9.39662e-07,-0.000205773,-0.000206712,-0.00363122,2,447,0,1,0
2022-09-07,446,45,10,13,Rtail,0.565307,0.49142,58.858,3.84692,3.25261e-19,0.0180785,0.0181904,6.07823e-07,0.00011126,0.000111868,0.0181881,2,447,0,1,0
2022-09-08,446,45,10,13,Rtail,0.350037,0.342414,58.2813,3.79181,0,0.00771665,0.00709642,5.96363e-07,-0.000620822,-0.000620226,0.00709794,2,447,0,1,0
2022-09-09,446,45,10,13,Rtail,0.405925,0.345955,58.2642,3.79855,1.0842e-19,0.0145489,0.0147888,8.88645e-07,0.000238974,0.000239863,0.014789,2,447,0,1,0
2022-09-12,446,45,10,13,Rtail,0.280798,0.216033,58.2731,3.79627,4.33681e-19,0.0106384,0.0111278,1.2887e-06,0.000488105,0.000489394,0.0111243,2,447,0,1,0
2022-09-13,446,45,10,13,Rtail,0.553628,0.449548,58.4599,3.77866,0,-0.0421532,-0.0424172,-3.02748e-06,-0.00026098,-0.000264007,-0.0424151,2,447,0,1,0
2022-09-14,446,45,10,13,Rtail,0.408212,0.376995,58.6951,3.80991,0,0.00354708,0.00384313,2.00623e-06,0.000294042,0.000296048,0.00384134,2,447,0,1,0
2022-09-15,446,45,10,13,Rtail,0.432163,0.424075,59.74,3.81922,-6.50521e-19,-0.0115162,-0.0111288,-2.12098e-06,0.00038948,0.000387359,-0.0111253,2,447,0,1,0
2022-09-16,446,45,10,13,Rtail,0.393149,0.34257,59.4688,3.79315,1.6263e-19,-0.00679724,-0.00716701,-6.74698e-07,-0.000369104,-0.000369779,-0.0071665,2,447,0,1,0
2022-09-19,446,45,10,13,Rtail,0.379275,0.335534,59.5825,3.82079,0,0.0064929,0.00690829,-4.14516e-07,0.000415806,0.000415392,0.0069072,2,447,0,1,0
2022-09-20,446,45,10,14,Rtail,0.342662,0.291565,60.0014,3.76568,-4.06576e-20,-0.0112947,-0.0108797,1.98288e-06,0.000413068,0.000415051,-0.0108853,2,447,0,1,0
2022-09-21,446,45,10,14,Hardw,0.417753,0.40294,60.4734,3.77843,-4.06576e-20,-0.0168922,-0.0170364,-1.44347e-06,-0.000142826,-0.00014427,-0.0170368,2,447,0,1,0
2022-09-22,446,45,10,14,Rtail,0.591177,0.530087,60.4178,3.79401,3.25261e-19,-0.00958884,-0.00933125,-5.19714e-07,0.000258107,0.000257587,-0.00933344,2,447,0,1,0
2022-09-23,446,45,10,14,Hardw,0.570228,0.503875,60.6188,3.81024,-4.33681e-19,-0.0176989,-0.0177137,4.65585e-08,-1.49121e-05,-1.48656e-05,-0.0177144,2,447,0,1,0
2022-09-26,446,45,10,14,Hardw,0.36871,0.303623,60.4533,3.77442,5.42101e-20,-0.0102503,-0.0100209,6.56692e-07,0.000228688,0.000229345,-0.0100239,2,447,0,1,0
2022-09-27,446,45,10,14,Hardw,0.561104,0.516677,61.0827,3.76814,2.1684e-19,-0.00170686,-0.00190748,4.00301e-07,-0.000201023,-0.000200623,-0.00191477,2,447,0,1,0
2022-09-28,446,45,10,14,Hardw,0.264343,0.218504,60.7785,3.79527,-5.42101e-19,0.0189393,0.0187903,-1.50355e-07,-0.000148896,-0.000149047,0.0187885,2,447,0,1,0
2022-09-29,446,45,10,14,Rtail,0.480435,0.370168,60.1289,3.74313,2.1684e-19,-0.0206475,-0.0211128,-1.28962e-06,-0.000464005,-0.000465295,-0.0211165,2,447,0,1,0
2022-09-30,446,45,10,14,Rtail,0.386864,0.328028,59.9866,3.80831,1.0842e-19,-0.0155773,-0.0155187,-1.16814e-06,5.97885e-05,5.86204e-05,-0.0155169,2,447,0,1,0
2022-10-03,446,45,10,14,Rtail,0.518447,0.256035,59.6903,3.79444,0,0.0249973,0.0251325,6.75349e-07,0.000134619,0.000135294,0.025158,2,447,0,1,0
2022-10-04,448,45,10,14,Rtail,0.501159,0.517389,59.7976,3.82375,-1.0842e-19,0.0305918,0.0305592,-8.93539e-07,-3.16455e-05,-3.2539e-05,0.030567,2,449,0,1,0
2022-10-05,448,45,10,14,Rtail,0.440272,0.388773,59.1949,3.8107,-5.96311e-19,-0.00155701,-0.00185807,1.06003e-06,-0.000302119,-0.000301059,-0.00185836,2,449,0,1,0
2022-10-06,448,45,10,14,Rtail,0.483254,0.392239,59.4403,3.83659,-2.1684e-19,-0.0106386,-0.0106198,1.81982e-07,1.86769e-05,1.88589e-05,-0.0106248,2,449,0,1,0
2022-10-07,448,45,10,14,Rtail,0.453207,0.326005,59.3514,3.81823,1.0842e-19,-0.0282388,-0.028218,-2.42717e-06,2.31715e-05,2.07443e-05,-0.0282185,2,449,0,1,0
2022-10-10,448,45,10,14,Rtail,0.36933,0.350035,59.1658,3.85187,0,-0.00797559,-0.00742491,-2.0529e-07,0.000550887,0.000550682,-0.00742633,2,449,0,1,0
2022-10-11,448,45,10,14,Rtail,0.459904,0.368324,59.0818,3.84012,3.79471e-19,-0.00640958,-0.00629308,-2.03428e-06,0.000118538,0.000116503,-0.00629328,2,449,0,1,0
2022-10-12,448,45,10,14,Rtail,0.49826,0.481106,58.7278,3.83883,1.0842e-19,-0.00347598,-0.00353096,1.07333e-06,-5.60526e-05,-5.49793e-05,-0.00353507,2,449,0,1,0
2022-10-13,449,45,10,14,Rtail,0.395192,0.342139,58.9569,3.87143,-1.0842e-19,0.0260883,0.0261796,1.45636e-06,8.98071e-05,9.12635e-05,0.0261774,2,450,0,1,0
2022-10-14,449,45,10,14,Rtail,0.496026,0.423111,59.3423,3.89592,-2.1684e-19,-0.0233658,-0.0236984,-2.614e-06,-0.000330005,-0.000332619,-0.0236997,2,450,0,1,0
2022-10-17,449,45,10,14,Rtail,0.397756,0.32368,59.0124,3.88088,0,0.0259305,0.0262024,1.76914e-06,0.000270075,0.000271844,0.0262014,2,450,0,1,0
2022-10-18,449,45,10,14,Rtail,0.30725,0.268459,59.4975,3.90401,1.6263e-19,0.0117425,0.0117448,-1.5811e-06,3.90681e-06,2.32571e-06,0.0117455,2,450,0,1,0
2022-10-19,449,45,10,14,Rtail,0.43624,0.371405,59.2905,3.88404,-4.33681e-19,-0.00600985,-0.00642604,3.63866e-06,-0.00041983,-0.000416191,-0.00642788,2,450,0,1,0
2022-10-20,449,45,10,14,Rtail,0.342985,0.270722,59.7968,3.88286,-2.1684e-19,-0.0075371,-0.00798975,1.93012e-07,-0.000452839,-0.000452646,-0.0079902,2,450,0,1,0
2022-10-21,449,45,10,14,Rtail,0.319311,0.263528,60.146,3.94441,-2.1684e-19,0.0248855,0.0248016,1.11239e-06,-8.50756e-05,-8.39633e-05,0.0247975,2,450,0,1,0
2022-10-24,449,45,10,14,Rtail,0.392675,0.342624,60.2184,3.99044,0,0.0117355,0.0117109,5.71913e-07,-2.51124e-05,-2.45405e-05,0.0117116,2,450,0,1,0
2022-10-25,449,45,10,14,Rtail,0.397229,0.349726,60.3472,4.01653,2.1684e-19,0.0155554,0.0156248,3.69077e-07,6.89867e-05,6.93558e-05,0.0156274,2,450,0,1,0
2022-10-26,449,45,10,14,Rtail,0.346674,0.19126,60.2005,4.00426,-1.0842e-19,-0.00237658,-0.0036098,-6.69007e-07,-0.00123255,-0.00123322,-0.00360451,2,450,0,1,0
2022-10-27,449,45,10,14,Rtail,0.227196,0.199067,59.8368,3.9413,2.1684e-19,-0.00229854,-0.00351903,-1.42098e-06,-0.00121906,-0.00122048,-0.0035129,2,450,0,1,0
2022-10-28,449,45,10,14,Rtail,0.208232,0.165555,59.303,3.84399,-2.1684e-19,0.0237301,0.024068,3.01687e-06,0.000334898,0.000337915,0.0240647,2,450,0,1,0
2022-10-31,449,45,10,14,Hardw,0.284035,0.2544,59.9129,3.83205,-1.0842e-19,-0.00649182,-0.00648095,-2.33405e-06,1.32051e-05,1.0871e-05,-0.00647961,2,450,0,1,0
2022-11-01,449,45,10,14,Hardw,0.196867,0.156088,59.9758,3.83425,-3.25261e-19,-0.00287841,-0.00348114,-1.82941e-06,-0.000600898,-0.000602727,-0.00350063,2,450,0,1,0
2022-11-02,450,45,10,14,Hardw,0.361029,0.281442,59.6811,3.76616,3.25261e-19,-0.0243114,-0.024711,-4.94122e-07,-0.000399129,-0.000399623,-0.0247094,2,451,0,1,0
2022-11-03,450,45,10,14,Hardw,0.262811,0.196994,59.8894,3.71882,5.14996e-19,-0.00917946,-0.00956616,1.06212e-06,-0.000387761,-0.000386699,-0.00956453,2,451,0,1,0
2022-11-04,450,45,10,14,Hardw,0.371427,0.328254,59.9017,3.63572,0,0.0128013,0.0127726,-7.70242e-07,-2.79589e-05,-2.87291e-05,0.0127569,2,451,0,1,0
2022-11-07,450,45,10,14,Rtail,0.334857,0.250359,59.5863,3.63613,-1.6263e-19,0.0086834,0.00865038,8.95164e-07,-3.39185e-05,-3.30233e-05,0.0086457,2,451,0,1,0
2022-11-08,450,45,10,14,Rtail,0.200068,0.151336,59.4925,3.68541,1.0842e-19,0.00557236,0.00534678,8.52472e-07,-0.000226434,-0.000225582,0.00534208,2,451,0,1,0
2022-11-09,450,45,10,14,Rtail,0.494377,0.386189,59.4723,3.70909,0,-0.0214309,-0.0213923,-6.67246e-07,3.9205e-05,3.85378e-05,-0.0213859,2,451,0,1,0
2022-11-10,450,45,10,14,Rtail,0.770165,0.717787,59.3765,3.72264,-1.0842e-19,0.0536318,0.0541894,4.30787e-06,0.00055324,0.000557547,0.0541881,2,451,0,1,0
2022-11-11,450,45,10,14,Softw,0.677784,0.62887,58.3573,3.66596,0,0.00799451,0.00799922,1.84787e-06,2.85923e-06,4.7071e-06,0.0080024,2,451,0,1,0
2022-11-14,450,45,10,14,Softw,0.421243,0.413334,57.5525,3.6763,2.1684e-19,-0.00841292,-0.00908983,5.41662e-07,-0.000677453,-0.000676911,-0.00909221,2,451,0,1,0
2022-11-15,450,45,10,14,Hardw,0.32692,0.260657,58.1102,3.69963,0,0.00823999,0.008076,-2.54739e-07,-0.00016374,-0.000163995,0.00807518,2,451,0,1,0
2022-11-16,450,45,10,14,Rtail,0.538498,0.492793,57.9823,3.67143,0,-0.00835412,-0.00803613,1.00427e-06,0.000316988,0.000317992,-0.00803844,1,451,0,1,0
2022-11-17,450,45,10,14,Rtail,0.356943,0.2176,58.4304,3.70242,2.1684e-19,-0.0029028,-0.00273167,-2.11757e-06,0.000173242,0.000171125,-0.0027349,1,451,0,1,0
2022-11-18,450,45,10,14,Hardw,0.407328,0.336797,59.265,3.71365,-5.42101e-20,0.00487552,0.0049688,-1.24139e-06,9.45237e-05,9.32823e-05,0.00497166,1,451,0,1,0
2022-11-21,450,45,10,14,Hardw,0.475364,0.343288,59.2998,3.73496,5.42101e-20,-0.00359504,-0.00344384,-1.296e-06,0.000152505,0.000151209,-0.00344065,1,451,0,1,0
2022-11-22,450,45,10,14,Hardw,0.332061,0.275122,59.2033,3.73921,1.0842e-19,0.013561,0.0132198,-9.5474e-08,-0.000341057,-0.000341152,0.0132181,1,451,0,1,0
2022-11-23,450,45,10,14,Hardw,0.390259,0.257349,59.198,3.75142,1.6263e-19,0.00597493,0.00582132,4.68617e-07,-0.000154074,-0.000153606,0.00582001,1,451,0,1,0
2022-11-25,450,45,10,14,Hardw,0.473834,0.357703,59.0138,3.72295,1.0842e-19,0.000300403,0.00012878,-2.13491e-06,-0.000169488,-0.000171623,0.000131081,1,451,0,1,0
2022-11-28,450,45,10,14,Softw,0.449516,0.40575,58.6194,3.69598,-2.1684e-19,-0.0149836,-0.0152935,-1.81397e-07,-0.000309728,-0.000309909,-0.0152941,1,451,0,1,0
2022-11-29,450,45,10,14,Rtail,0.504485,0.456187,58.6898,3.66719,0,-0.0017889,-0.00182542,-1.58134e-06,-3.49448e-05,-3.65261e-05,-0.00182286,1,451,0,1,0
2022-11-30,450,45,10,14,Rtail,0.588295,0.419068,58.5094,3.69224,0,0.0298813,0.0301548,3.9308e-06,0.000269546,0.000273477,0.0301574,1,451,0,1,0
2022-12-01,450,45,10,14,Softw,0.261884,0.254108,58.9555,3.70306,1.0842e-19,-0.000836055,-0.000831652,-5.00113e-07,4.90285e-06,4.40274e-06,-0.000828437,1,451,0,1,0
2022-12-02,450,45,10,14,Softw,0.402464,0.362802,58.6477,3.67829,-2.1684e-19,-0.00194829,-0.00141044,-1.40457e-07,0.000537991,0.000537851,-0.00140787,1,451,0,1,0
2022-12-05,450,45,10,14,Softw,0.435864,0.369393,58.7548,3.73104,-4.33681e-19,-0.0187165,-0.0184278,8.54216e-07,0.000287833,0.000288687,-0.0184269,1,451,0,1,0
2022-12-06,450,45,10,14,Softw,0.342815,0.236044,59.0474,3.70772,0,-0.0136576,-0.0139106,-1.0197e-06,-0.000251892,-0.000252912,-0.0139093,1,451,0,1,0
2022-12-07,450,45,10,14,Softw,0.285463,0.276052,59.0444,3.6719,5.42101e-20,-0.00116214,-0.00128162,1.22411e-06,-0.00012071,-0.000119486,-0.00128195,1,451,0,1,0
2022-12-08,450,45,10,14,Softw,0.361329,0.292635,58.9607,3.66637,-1.0842e-19,0.00855454,0.00826656,1.02954e-06,-0.000289019,-0.000287989,0.00827103,1,451,0,1,0
2022-12-09,450,45,10,14,Softw,0.418014,0.369661,58.869,3.6803,-1.0842e-19,-0.00761336,-0.00765665,-6.97407e-07,-4.25947e-05,-4.32921e-05,-0.00765356,1,451,0,1,0
2022-12-12,450,45,10,14,Softw,0.37911,0.27,58.4393,3.69586,2.1684e-19,0.0142096,0.0143222,-6.18198e-07,0.000113155,0.000112537,0.0143232,1,451,0,1,0
2022-12-13,450,45,10,14,Softw,0.351168,0.269096,58.1947,3.67788,0,0.00600921,0.00588241,1.67307e-06,-0.000128472,-0.000126799,0.00588597,1,451,0,1,0
2022-12-14,450,45,10,14,Softw,0.303033,0.234879,58.2866,3.64711,0,-0.00649203,-0.00637126,-1.69466e-06,0.000122468,0.000120773,-0.00636661,1,451,0,1,0
2022-12-15,450,45,10,14,Softw,0.507082,0.427557,58.4552,3.64638,-1.0842e-19,-0.0243864,-0.024287,-1.32146e-06,0.000100703,9.93819e-05,-0.0242843,1,451,0,1,0
2022-12-16,450,45,10,14,Softw,0.335358,0.313022,58.1689,3.64728,-1.0842e-19,-0.0116514,-0.0118596,-6.40155e-08,-0.000208156,-0.00020822,-0.0118638,1,451,0,1,0
2022-12-19,450,45,10,14,Softw,0.390798,0.324815,58.4027,3.66437,2.71051e-20,-0.00832197,-0.00856959,-4.89476e-07,-0.000247129,-0.000247619,-0.00855757,1,451,0,1,0
2022-12-20,451,45,10,14,Softw,0.40215,0.185548,58.644,3.66416,1.6263e-19,0.0003046,0.000318007,1.11644e-07,1.32954e-05,1.34071e-05,0.000318055,1,452,0,1,0
2022-12-21,451,45,10,14,Softw,0.473398,0.339017,58.8781,3.71839,-1.6263e-19,0.0148333,0.0150258,1.02161e-06,0.000191508,0.00019253,0.0150252,1,452,0,1,0
2022-12-22,451,45,10,14,Softw,0.686465,0.566197,58.5638,3.71888,0,-0.0143777,-0.0144461,-1.65875e-06,-6.67634e-05,-6.84221e-05,-0.0144468,1,452,0,1,0
2022-12-23,452,45,10,14,Softw,0.562972,0.490381,58.4082,3.74253,-2.1684e-19,0.00496985,0.00504675,-1.03429e-06,7.79352e-05,7.69009e-05,0.00504794,1,453,0,1,0
2022-12-27,452,45,10,14,Softw,0.570868,0.374835,58.3273,3.73381,-4.33681e-19,-0.00372218,-0.00379822,-2.77152e-06,-7.3272e-05,-7.60435e-05,-0.00379732,1,453,0,1,0
2022-12-28,452,45,10,14,Softw,0.368177,0.277667,58.2337,3.78759,2.1684e-19,-0.0115977,-0.0120898,9.5144e-07,-0.000493022,-0.000492071,-0.0120895,1,453,0,1,0
2022-12-29,452,45,10,14,Softw,0.796444,0.75968,58.2531,3.79471,-8.13152e-20,0.0166865,0.0167825,3.07342e-07,9.56758e-05,9.59832e-05,0.016783,1,453,0,1,0
2022-12-30,452,45,10,14,Softw,0.43835,0.337895,57.6074,3.78075,1.0842e-19,-0.00261548,-0.0026536,3.63634e-07,-3.84891e-05,-3.81255e-05,-0.00265508,1,453,0,1,0
2023-01-03,452,45,10,14,Softw,0.526547,0.403337,57.5292,3.73911,0,-0.00449363,-0.00500402,-1.46142e-06,-0.00050892,-0.000510382,-0.00500177,1,453,0,1,0
2023-01-04,452,45,10,14,Softw,0.470814,0.443168,56.6712,3.74092,0,0.00834446,0.00758191,-2.85201e-06,-0.000759692,-0.000762544,0.00758728,1,453,0,1,0
2023-01-05,452,45,10,14,Softw,0.425387,0.293384,55.7339,3.771,0,-0.0113647,-0.0112771,-1.46517e-06,8.90603e-05,8.75951e-05,-0.0112776,1,453,0,1,0
2023-01-06,451,45,10,14,Softw,0.32974,0.254361,55.6666,3.76048,0,0.0232673,0.0231857,1.15628e-06,-8.28369e-05,-8.16806e-05,0.0231827,1,452,0,1,0
2023-01-09,451,45,10,14,Rtail,0.565699,0.497926,55.7132,3.76457,-2.1684e-19,-0.000235761,-0.000732543,1.90257e-06,-0.000498684,-0.000496782,-0.000728946,1,452,0,1,0
2023-01-10,451,45,10,14,Softw,0.281826,0.266043,55.9637,3.78209,-1.89735e-19,0.0066258,0.00673566,4.36159e-07,0.000109425,0.000109861,0.00673837,1,452,0,1,0
2023-01-11,451,45,10,14,Rtail,0.343215,0.278706,55.6475,3.78098,-2.1684e-19,0.0116158,0.012311,7.13016e-07,0.000694508,0.000695221,0.0123121,1,452,0,1,0
2023-01-12,451,45,10,14,Rtail,0.395812,0.342234,55.537,3.79265,-4.87891e-19,0.0034413,0.00334439,5.08065e-07,-9.74164e-05,-9.69083e-05,0.0033494,1,452,0,1,0
2023-01-13,451,45,10,14,Softw,0.344768,0.265171,55.545,3.81866,-1.0842e-19,0.0037484,0.00385465,1.3107e-06,0.000104932,0.000106243,0.00385901,1,452,0,1,0
2023-01-17,451,45,10,14,Rtail,0.250921,0.204846,55.669,3.79986,-1.0842e-19,-0.00182463,-0.00173726,6.57788e-07,8.67158e-05,8.73736e-05,-0.00173671,1,452,0,1,0
2023-01-18,451,45,10,14,Softw,0.286223,0.230077,56.7185,3.79323,0,-0.0162591,-0.0160918,3.87044e-07,0.000166899,0.000167286,-0.0160889,1,452,0,1,0
2023-01-19,451,45,10,14,Softw,0.415725,0.37031,56.2713,3.82193,0,-0.00892622,-0.00905234,1.15939e-06,-0.000127277,-0.000126118,-0.00905725,1,452,0,1,0
2023-01-20,451,45,10,14,Softw,0.608195,0.543088,56.3405,3.82216,5.42101e-20,0.0172782,0.0173595,2.94619e-07,8.10126e-05,8.13072e-05,0.0173622,1,453,0,2,0
2023-01-23,451,45,10,14,Softw,0.572385,0.473151,56.2144,3.80077,0,0.0116462,0.0112444,1.2791e-06,-0.000403125,-0.000401846,0.0112488,1,453,0,2,0
2023-01-24,451,45,10,14,Softw,0.350413,0.306751,56.1767,3.82777,1.0842e-19,-0.000325689,-8.68219e-05,1.94562e-06,0.000236921,0.000238867,-9.39719e-05,1,453,0,2,0
2023-01-25,451,45,10,14,Softw,0.277812,0.239466,56.0875,3.81314,2.1684e-19,0.000492949,0.000586224,-3.08972e-06,9.63656e-05,9.32759e-05,0.000574183,1,453,0,2,0
2023-01-26,451,45,10,14,Softw,0.42522,0.269364,55.7859,3.78166,-2.1684e-19,0.0104315,0.0104621,4.72438e-06,2.58575e-05,3.05818e-05,0.0104731,1,453,0,2,0
2023-01-27,451,45,10,14,Softw,0.39397,0.269508,56.1902,3.76657,1.0842e-19,0.00166423,0.00193128,6.72515e-07,0.000266381,0.000267054,0.00193299,1,453,0,2,0
2023-01-30,451,45,10,14,Softw,0.536084,0.441602,56.5174,3.75988,-2.64274e-19,-0.0123236,-0.0125101,-1.5194e-06,-0.000184919,-0.000186439,-0.0125411,1,453,0,2,0
2023-01-31,451,45,10,14,Softw,0.284905,0.272128,56.4013,3.76526,1.35525e-20,0.0138979,0.0141625,-2.72314e-06,0.000267252,0.000264529,0.0141814,1,453,0,2,0
2023-02-01,451,45,10,14,Softw,0.583698,0.520929,56.2845,3.74111,-1.6263e-19,0.0108827,0.0104483,1.91694e-06,-0.000436318,-0.000434401,0.0104387,1,453,0,2,0
2023-02-02,451,45,10,14,Softw,0.592734,0.521521,56.148,3.75737,-4.33681e-19,0.0097089,0.0104155,3.18597e-06,0.000703457,0.000706643,0.0104041,1,453,0,2,0
2023-02-03,451,45,10,14,Softw,0.398529,0.316936,56.4227,3.75323,-2.1684e-19,-0.0100309,-0.00955611,3.46018e-06,0.000471292,0.000474753,-0.00957182,1,453,0,2,0
2023-02-06,451,45,10,14,Softw,0.506123,0.481004,56.7554,3.74218,1.0842e-19,-0.00598981,-0.00587529,4.43988e-06,0.000110082,0.000114522,-0.00587015,1,453,0,2,0
2023-02-07,451,45,10,14,Softw,0.433299,0.358221,56.9648,3.70334,8.13152e-20,0.0104126,0.0108588,2.24671e-06,0.000444014,0.00044626,0.0108756,1,453,0,2,0
2023-02-08,451,45,10,14,Softw,0.241541,0.183053,57.1529,3.69565,3.52366e-19,-0.00802503,-0.00817425,2.78554e-06,-0.000152008,-0.000149222,-0.0081825,1,453,0,2,0
2023-02-09,451,45,10,14,Softw,0.250695,0.229572,57.15,3.67289,0,-0.00698884,-0.00712644,-6.79986e-07,-0.000136922,-0.000137602,-0.00712307,1,453,0,2,0
2023-02-10,451,45,10,14,Softw,0.602543,0.512,57.1546,3.65883,-4.33681e-19,0.00231187,0.00250368,-6.24336e-06,0.000198058,0.000191815,0.00252422,1,453,0,2,0
2023-02-13,451,45,10,14,Softw,0.315603,0.262064,57.5479,3.65052,1.6263e-19,0.0111623,0.0115716,1.188e-06,0.000408128,0.000409316,0.0115583,1,453,0,2,0
2023-02-14,451,45,10,14,Softw,0.442547,0.344767,57.3921,3.65039,1.0842e-19,0.000374355,-6.33563e-05,3.09297e-06,-0.000440804,-0.000437711,-6.94007e-05,1,453,0,2,0
2023-02-15,451,45,10,14,Softw,0.310132,0.240229,57.6683,3.62272,-2.1684e-19,0.00259195,0.00258402,-2.40899e-06,-5.5222e-06,-7.9312e-06,0.00258156,1,453,0,2,0
2023-02-16,451,45,10,14,Softw,0.449774,0.36185,57.6606,3.6524,-2.1684e-19,-0.0138342,-0.0138692,-4.95263e-06,-3.00566e-05,-3.50092e-05,-0.0138918,1,453,0,2,0
2023-02-17,451,45,10,14,Softw,0.581209,0.500116,57.5509,3.69214,5.42101e-20,-0.0023443,-0.00228533,1.54298e-06,5.74233e-05,5.89663e-05,-0.002285,1,453,0,2,0
2023-02-21,451,45,10,14,Softw,0.506885,0.482871,57.6231,3.66375,-2.1684e-19,-0.0202335,-0.0201997,1.1244e-06,3.26817e-05,3.38061e-05,-0.0202125,1,453,0,2,0
2023-02-22,451,45,10,13,Softw,0.218371,0.169208,60.6336,3.64817,0,-0.00176841,-0.00170814,-2.61508e-06,6.28862e-05,6.02711e-05,-0.00173431,0,453,0,2,0
2023-02-23,451,45,10,13,Softw,0.350815,0.206581,60.8215,3.66575,1.6263e-19,0.00546208,0.00537933,5.16967e-06,-8.79232e-05,-8.27535e-05,0.00538674,0,453,0,2,0
2023-02-24,451,45,10,13,Softw,0.360134,0.327417,60.2924,3.75343,0,-0.0106175,-0.0106075,2.29345e-06,7.70785e-06,1.00013e-05,-0.0105998,0,453,0,2,0
2023-02-27,451,45,10,13,Softw,0.324314,0.24293,60.384,3.75316,-2.1684e-19,0.00297093,0.00296751,3.12101e-06,-6.53521e-06,-3.4142e-06,0.00295114,0,453,0,2,0
2023-02-28,451,45,10,13,Softw,0.313022,0.265626,60.57,3.72842,-1.0842e-19,-0.00380377,-0.00375065,-1.99411e-06,5.51122e-05,5.31181e-05,-0.0037873,0,453,0,2,0
2023-03-01,451,45,10,13,Softw,0.432838,0.395893,60.3797,3.75957,1.0842e-19,-0.00533605,-0.00539294,-4.26027e-06,-5.26312e-05,-5.68914e-05,-0.00539507,0,453,0,2,0
2023-03-02,451,45,10,13,Softw,0.343487,0.254731,60.5021,3.75355,2.1684e-19,0.00696492,0.00680313,-4.27307e-06,-0.000157515,-0.000161788,0.00681378,0,453,0,2,0
2023-03-03,451,45,10,13,Softw,0.394829,0.361137,60.6164,3.74937,1.35525e-19,0.0152711,0.0155481,8.15691e-07,0.000276156,0.000276972,0.0155649,0,453,0,2,0
2023-03-06,451,45,10,13,Softw,0.404571,0.331371,60.8015,3.75925,5.42101e-20,-5.79494e-05,6.56787e-05,6.84244e-06,0.000116786,0.000123628,6.01706e-05,0,453,0,2,0
2023-03-07,451,45,10,13,Softw,0.383727,0.373824,62.0743,3.753,0,-0.0156063,-0.0155684,2.36026e-06,3.54765e-05,3.78368e-05,-0.0155654,0,453,0,2,0
2023-03-08,451,45,10,13,Softw,0.479614,0.38714,61.9688,3.7189,5.42101e-20,0.00142914,0.00108707,9.89954e-07,-0.000343061,-0.000342071,0.00108706,0,453,0,2,0
2023-03-09,451,45,10,13,Softw,0.486414,0.467312,61.8258,3.69838,1.0842e-19,-0.0180289,-0.0178677,6.27762e-06,0.000154902,0.000161179,-0.0178478,0,453,0,2,0
2023-03-10,451,45,10,13,Softw,0.472814,0.438995,62.0242,3.70157,-2.1684e-19,-0.0142115,-0.0143879,1.1514e-05,-0.000187891,-0.000176377,-0.0143897,0,453,0,2,0
2023-03-13,451,45,10,13,Softw,0.507473,0.499421,62.7428,3.67335,4.33681e-19,-0.00165603,-0.00138477,1.02781e-05,0.000260984,0.000271262,-0.00139175,0,453,0,2,0
2023-03-14,451,45,10,13,Softw,0.345174,0.261801,63.3784,3.67445,2.1684e-19,0.0160579,0.0158354,3.69617e-06,-0.000226193,-0.000222497,0.0158257,0,453,0,2,0
2023-03-15,451,45,10,13,Softw,0.651327,0.602204,63.2029,3.68632,0,-0.007949,-0.00787498,9.02917e-06,6.49949e-05,7.40241e-05,-0.00791408,0,453,0,2,0
2023-03-16,453,45,10,13,Softw,0.509271,0.416486,63.4611,3.71913,1.0842e-19,0.0164433,0.0162759,4.51496e-06,-0.000171925,-0.00016741,0.0162729,0,455,0,2,0
2023-03-17,453,45,10,13,Softw,0.472107,0.438698,64.3709,3.77164,-1.0842e-19,-0.0105668,-0.0107983,8.82109e-06,-0.000240331,-0.00023151,-0.0108054,0,455,0,2,0
2023-03-20,453,45,10,13,Softw,0.38552,0.273922,64.8683,3.78928,-2.1684e-19,0.00912611,0.00891125,-5.43064e-06,-0.000209433,-0.000214864,0.00892828,0,455,0,2,0
2023-03-21,453,45,10,13,Softw,0.590857,0.584421,65.3232,3.78888,2.1684e-19,0.0118173,0.0118781,-5.88943e-06,6.67571e-05,6.08676e-05,0.0118614,0,455,0,2,0
2023-03-22,453,45,10,13,Softw,0.520894,0.495258,65.1692,3.79643,1.0842e-19,-0.0165803,-0.0165623,1.10265e-05,6.9406e-06,1.79671e-05,-0.0165722,0,455,0,2,0
2023-03-23,453,45,10,13,Softw,0.430303,0.347982,65.0982,3.78298,1.0842e-19,0.00245601,0.00211201,6.57175e-06,-0.00035057,-0.000343998,0.00209582,0,455,0,2,0
2023-03-24,453,45,10,13,Softw,0.514287,0.479393,65.1246,3.80218,0,0.00491271,0.00539399,-3.36932e-06,0.000484653,0.000481283,0.00539274,0,455,0,2,0
2023-03-27,453,45,10,13,Softw,0.445151,0.325235,65.1033,3.8431,-2.1684e-19,0.00311724,0.00269029,-6.9411e-06,-0.000420012,-0.000426953,0.00270813,0,455,0,2,0
2023-03-28,453,45,10,13,Softw,0.365561,0.273036,64.8362,3.86968,-1.6263e-19,-0.00172306,-0.00138331,-2.68399e-06,0.000342439,0.000339755,-0.00137846,0,455,0,2,0
2023-03-29,453,45,10,13,Softw,0.449444,0.407758,64.7379,3.84954,0,0.0141318,0.0142694,-1.08485e-06,0.000138687,0.000137602,0.0142629,0,455,0,2,0
2023-03-30,453,45,10,13,Softw,0.346886,0.300976,64.5781,3.85127,5.42101e-20,0.00597665,0.00604309,2.53225e-06,6.39051e-05,6.64373e-05,0.0060499,0,455,0,2,0
2023-03-31,453,45,10,13,Softw,0.359086,0.277654,64.8676,3.86455,1.0842e-19,0.0140414,0.0139553,-3.25476e-06,-8.28494e-05,-8.61041e-05,0.0139621,0,455,0,2,0
2023-04-03,453,45,10,13,Softw,0.584467,0.4917,64.5794,3.84149,2.1684e-19,0.00323837,0.00313794,2.19053e-06,-0.000102616,-0.000100426,0.00311622,0,455,0,2,0
2023-04-04,453,45,10,13,Softw,0.512846,0.466759,64.6004,3.82165,-2.1684e-19,-0.00616386,-0.00632814,4.91971e-06,-0.00016921,-0.00016429,-0.00633178,0,455,0,2,0
2023-04-05,453,45,10,13,Softw,0.672394,0.644362,65.0362,3.80087,0,-0.00235235,-0.00239793,7.57907e-08,-4.56498e-05,-4.5574e-05,-0.00238679,0,455,0,2,0
2023-04-06,453,45,10,13,Softw,0.377381,0.328318,65.143,3.82065,0,0.00143851,0.00209363,9.85283e-07,0.000654128,0.000655114,0.00209844,0,455,0,2,0
2023-04-10,453,45,10,13,Softw,0.417972,0.368077,65.2173,3.82156,-4.33681e-19,0.00174199,0.00132069,-7.43481e-06,-0.000413863,-0.000421298,0.00132215,0,455,0,2,0
2023-04-11,453,45,10,13,Softw,0.428791,0.28495,65.0032,3.82461,0,0.00016088,-7.63456e-05,-5.42845e-06,-0.000231797,-0.000237226,-7.63418e-05,0,455,0,2,0
2023-04-12,453,45,10,13,Softw,0.497786,0.417921,64.4683,3.84682,0,-0.00467027,-0.00451275,6.36495e-07,0.000156886,0.000157522,-0.00451577,0,455,0,2,0
2023-04-13,453,45,10,13,Softw,0.424895,0.315244,65.1137,3.87415,-1.0842e-19,0.0122618,0.0127497,3.39383e-06,0.000484463,0.000487857,0.0127436,0,455,0,2,0
2023-04-14,453,45,10,13,Softw,0.307956,0.171093,65.4093,3.86126,0,-0.00268104,-0.00289883,3.31882e-06,-0.000221115,-0.000217796,-0.00290465,0,455,0,2,0
2023-04-17,453,45,10,13,Softw,0.279405,0.269443,65.5924,3.92441,8.13152e-20,0.00416662,0.00433476,-2.45797e-06,0.000170601,0.000168143,0.00431866,0,455,0,2,0
2023-04-18,453,45,10,13,Softw,0.400616,0.350794,65.5268,3.93658,5.42101e-20,0.00130869,0.001204,-1.41537e-07,-0.000104549,-0.000104691,0.00119378,0,455,0,2,0
2023-04-19,453,45,10,13,Softw,0.320344,0.279948,65.9753,3.98035,6.50521e-19,-0.000681322,-5.38076e-05,2.48742e-06,0.000625027,0.000627514,-4.90104e-05,0,455,0,2,0
2023-04-20,453,45,10,13,Softw,0.463159,0.333621,65.97,3.98746,4.33681e-19,-0.00698052,-0.00676685,4.39703e-07,0.000213233,0.000213672,-0.00674552,0,455,0,2,0
2023-04-21,453,45,10,13,Softw,0.357003,0.308432,66.1294,3.95352,3.25261e-19,0.00113967,0.000925057,1.06049e-06,-0.000215676,-0.000214615,0.000928013,0,455,0,2,0
2023-04-24,453,45,10,13,Softw,0.290954,0.264604,66.4893,3.97494,1.0842e-19,0.000473713,0.000342397,-1.59313e-06,-0.000129723,-0.000131316,0.000348565,0,455,0,2,0
2023-04-25,453,45,10,13,Softw,0.477538,0.416683,66.5892,4.0239,-5.42101e-20,-0.0159426,-0.0156602,3.39842e-06,0.000278914,0.000282312,-0.0156525,0,455,0,2,0
2023-04-26,453,45,10,13,Softw,0.265829,0.120225,66.7771,3.99013,4.33681e-19,-0.0050226,-0.00390783,1.10241e-05,0.00110375,0.00111477,-0.00391414,0,455,0,2,0
2023-04-27,453,45,10,13,Softw,0.261327,0.246705,67.0069,4.0321,0,0.0166399,0.0172426,5.94598e-06,0.000596752,0.000602698,0.0172399,0,455,0,2,0
2023-04-28,453,45,10,13,Softw,0.261749,0.289229,67.1901,4.02837,-5.42101e-20,0.00872469,0.00832566,-4.1639e-06,-0.000394867,-0.000399031,0.00832633,0,455,0,2,0
2023-05-01,453,45,10,13,Softw,0.365155,0.366907,66.8216,4.02905,5.42101e-20,-0.000783878,-0.000834042,-1.52942e-06,-4.86344e-05,-5.01639e-05,-0.000837857,0,455,0,2,0
2023-05-02,453,45,10,13,Softw,0.380987,0.351009,69.2012,4.06652,2.1684e-19,-0.0116448,-0.0110987,1.00884e-05,0.000535987,0.000546075,-0.0110944,0,455,0,2,0
2023-05-03,453,45,10,13,Softw,0.207819,0.221982,69.8064,3.996,-2.1684e-19,-0.00744471,-0.0067979,-4.99078e-06,0.000651795,0.000646804,-0.00679305,0,455,0,2,0
2023-05-04,453,45,10,13,Softw,0.270707,0.328924,70.6327,4.06147,-2.1684e-19,-0.0066231,-0.00671422,5.75429e-06,-9.68726e-05,-9.11183e-05,-0.00670532,0,455,0,2,0
2023-05-05,454,45,10,14,Softw,0.313465,0.26842,71.1328,4.13764,0,0.018932,0.0192331,4.2415e-06,0.000296862,0.000301103,0.0192275,0,456,0,2,0
2023-05-08,454,45,10,14,Softw,0.250959,0.176497,71.0606,4.16445,1.0842e-19,-2.37718e-07,-0.000363157,1.74334e-06,-0.000364663,-0.000362919,-0.000375999,0,456,0,2,0
2023-05-09,454,45,10,14,Softw,0.225021,0.196142,71.1787,4.20564,3.11708e-19,-0.00465314,-0.00477893,-4.22672e-06,-0.000121562,-0.000125789,-0.00477675,0,456,0,2,0
2023-05-10,454,45,10,14,Softw,0.293042,0.305354,71.0384,4.20817,-2.1684e-19,0.00320623,0.0034257,2.81044e-06,0.000216659,0.00021947,0.00342926,0,456,0,2,0
2023-05-11,454,45,10,14,Softw,0.236026,0.172596,71.8684,4.18688,5.42101e-20,-0.00344843,-0.00336835,4.03093e-06,7.60487e-05,8.00796e-05,-0.00336857,0,456,0,2,0
2023-05-12,454,45,10,14,Softw,0.203157,0.190358,71.8054,4.17368,-2.1684e-19,-0.00205428,-0.00202377,-6.63719e-06,3.71499e-05,3.05127e-05,-0.00201489,0,456,0,2,0
2023-05-15,454,45,10,14,Softw,0.481597,0.475606,72.5474,4.20762,-4.33681e-19,0.00318526,0.00277088,-3.57399e-06,-0.000410802,-0.000414376,0.00277197,0,456,0,2,0
2023-05-16,454,45,10,14,Softw,0.415758,0.292596,72.7515,4.2664,2.1684e-19,-0.00767994,-0.00779629,9.86561e-06,-0.000126216,-0.000116351,-0.00780486,0,456,0,2,0
2023-05-17,454,45,10,14,Softw,0.587332,0.601376,73.8762,4.28261,2.1684e-19,0.0123233,0.0117261,-6.57123e-08,-0.000597185,-0.000597251,0.0117299,0,456,0,2,0
2023-05-18,454,45,10,14,Softw,0.46734,0.360455,73.5257,4.3098,-1.0842e-19,0.00939707,0.00911249,-1.64728e-06,-0.00028294,-0.000284587,0.00911272,0,456,0,2,0
2023-05-19,454,45,10,14,Softw,0.376671,0.295577,73.9473,4.35677,1.49078e-19,-0.00162628,-0.00184983,-1.57901e-07,-0.000223394,-0.000223552,-0.00183986,0,456,0,2,0
2023-05-22,454,45,10,14,Softw,0.505299,0.469863,74.3498,4.33934,-5.42101e-20,-0.00120313,-0.00103195,-3.29253e-06,0.000174472,0.00017118,-0.00101687,0,456,0,2,0
2023-05-23,454,45,10,14,Softw,0.414831,0.399856,73.9288,4.33803,1.0842e-19,-0.0109997,-0.0112096,2.63389e-06,-0.000212609,-0.000209975,-0.0111949,0,456,0,2,0
2023-05-24,454,45,10,14,Softw,0.346239,0.324534,73.3497,4.26701,-5.42101e-20,-0.00759152,-0.00733507,3.35131e-06,0.000253104,0.000256455,-0.00733915,0,456,0,2,0
2023-05-25,454,45,10,14,Softw,0.539338,0.317191,74.1384,4.30863,-4.33681e-19,0.00926525,0.00808718,9.50771e-06,-0.00118758,-0.00117808,0.0080715,0,456,0,2,0
2023-05-26,454,45,10,14,Softw,0.50179,0.450601,75.552,4.38865,-4.33681e-19,0.0135804,0.0129301,5.70286e-06,-0.000656,-0.000650297,0.0129258,0,456,0,2,0
2023-05-30,454,45,10,14,Softw,0.300241,0.23207,75.3551,4.43857,1.0842e-19,0.000267481,0.000168396,1.74175e-06,-0.000100827,-9.90851e-05,0.000164535,0,456,0,2,0
2023-05-31,454,45,10,14,Softw,0.346138,0.261864,75.1016,4.44834,0,-0.0058628,-0.00605316,5.99848e-06,-0.000196363,-0.000190364,-0.00604355,0,456,0,2,0
2023-06-01,454,45,10,14,Softw,0.28003,0.265032,75.9229,4.48439,0,0.00928492,0.00970305,4.26376e-06,0.000413859,0.000418123,0.00974125,0,456,0,2,0
2023-06-02,454,45,10,14,Softw,0.510443,0.460093,76.6201,4.51104,1.0842e-19,0.0140997,0.0145271,-5.20266e-06,0.000432561,0.000427358,0.0145017,0,456,0,2,0
2023-06-05,454,45,10,14,Softw,0.195145,0.141327,75.5767,4.48218,0,-0.00233688,-0.00250612,2.4875e-06,-0.000171728,-0.000169241,-0.00250094,0,456,0,2,0
2023-06-06,454,45,10,14,Softw,0.464055,0.47848,75.7835,4.45703,2.1684e-19,0.00150008,0.00158468,-1.40574e-06,8.60013e-05,8.45956e-05,0.00160153,0,456,0,2,0
2023-06-07,454,45,10,14,Softw,0.579033,0.503855,76.0562,4.43218,4.33681e-19,-0.00293749,-0.00266256,-7.94752e-06,0.000282878,0.000274931,-0.00264519,0,456,0,2,0
2023-06-08,454,45,10,14,Softw,0.384675,0.305842,75.1217,4.39415,5.42101e-20,0.00745495,0.00702008,5.56305e-06,-0.000440434,-0.000434871,0.00702348,0,456,0,2,0
2023-06-09,454,45,10,14,Softw,0.35804,0.21187,75.8084,4.38254,1.0842e-19,0.00168172,0.0012478,3.12804e-06,-0.000437046,-0.000433918,0.00125435,0,456,0,2,0
2023-06-12,454,45,10,14,Softw,0.462857,0.42577,76.4885,4.39045,0,0.00998133,0.00946017,9.675e-07,-0.000522126,-0.000521158,0.00945896,0,456,0,2,0
2023-06-13,454,45,10,14,Softw,0.369773,0.351082,76.9453,4.38104,1.6263e-19,0.00676931,0.00685645,-2.08796e-06,8.92308e-05,8.71428e-05,0.00685366,0,456,0,2,0
2023-06-14,454,45,10,14,Softw,0.436684,0.329772,76.7871,4.32523,4.33681e-19,0.00151229,0.00120515,2.72346e-06,-0.000309864,-0.00030714,0.00119321,0,456,0,2,0
2023-06-15,454,45,10,14,Softw,0.312669,0.239775,77.1583,4.2945,-2.1684e-19,0.011509,0.011816,3.46313e-07,0.000306701,0.000307048,0.0118109,0,456,0,2,0
2023-06-16,455,45,10,14,Softw,0.314229,0.282486,77.4525,4.37451,0,-0.00363421,-0.00362251,-1.38093e-07,1.18353e-05,1.16972e-05,-0.00362481,0,456,0,1,0
2023-06-20,455,45,10,14,Softw,0.368067,0.183037,77.5273,4.36775,0,-0.00525287,-0.00523489,4.23596e-06,1.37395e-05,1.79755e-05,-0.00527083,0,456,0,1,0
2023-06-21,456,45,10,14,Softw,0.554638,0.38965,78.2382,4.36244,4.33681e-19,-0.00513414,-0.00470242,-4.09616e-06,0.000435817,0.000431721,-0.00471236,0,457,0,1,0
2023-06-22,456,45,10,14,Softw,0.525048,0.470825,78.6299,4.39633,6.77626e-20,0.00288825,0.0032772,4.58819e-06,0.000384362,0.00038895,0.00326268,0,457,0,1,0
2023-06-23,456,45,10,14,Softw,0.227144,0.171706,79.3799,4.40522,1.0842e-19,-0.00823062,-0.00824719,2.63489e-07,-1.68302e-05,-1.65667e-05,-0.00823028,0,457,0,1,0
2023-06-26,456,45,10,14,Softw,0.516313,0.331884,79.6036,4.44976,2.1684e-19,-0.00328659,-0.00335637,-6.59536e-06,-6.31854e-05,-6.97807e-05,-0.00335119,0,457,0,1,0
2023-06-27,456,45,10,14,Softw,0.506134,0.511928,78.5722,4.49999,2.1684e-19,0.0116369,0.0116782,3.22071e-07,4.09932e-05,4.13153e-05,0.0116702,0,457,0,1,0
2023-06-28,456,45,10,14,Softw,0.402773,0.370778,77.6741,4.54903,-2.43945e-19,-0.00102036,-0.000913917,-3.69746e-08,0.000106476,0.000106439,-0.00091609,0,457,0,1,0
2023-06-29,456,45,10,14,Softw,0.328609,0.251636,77.7578,4.58362,0,0.00542284,0.00525552,-1.68826e-06,-0.000165628,-0.000167317,0.00525391,0,457,0,1,0
2023-06-30,456,45,10,14,Softw,0.287519,0.218873,78.0911,4.5935,5.42101e-20,0.0118923,0.0122896,2.02111e-06,0.000395311,0.000397332,0.0122854,0,457,0,1,0
2023-07-03,456,45,10,14,Softw,0.61885,0.524124,79.4475,4.64726,0,0.00131473,0.00115898,1.43207e-06,-0.000157184,-0.000155752,0.0011583,0,457,0,1,0
2023-07-05,456,45,10,14,Softw,0.403643,0.393941,78.9105,4.63236,0,-0.00307797,-0.00315145,5.10919e-07,-7.39976e-05,-7.34867e-05,-0.0031441,0,457,0,1,0
2023-07-06,456,45,10,14,Softw,0.340172,0.309323,79.1826,4.59037,1.89735e-19,-0.00878992,-0.00790027,-1.60927e-06,0.000891255,0.000889645,-0.00790419,0,457,0,1,0
2023-07-07,456,45,10,14,Softw,0.573769,0.546998,79.3087,4.63839,-2.1684e-19,-0.00335646,-0.00307522,-2.29719e-06,0.000283541,0.000281244,-0.00306979,0,457,0,1,0
2023-07-10,456,45,10,14,Softw,0.444022,0.446478,78.6879,4.58563,2.43945e-19,0.0040098,0.00286342,-6.93369e-06,-0.00113945,-0.00114638,0.00288174,0,457,0,1,0
2023-07-11,456,45,10,14,Softw,0.389231,0.390597,77.604,4.51338,2.1684e-19,0.00620504,0.00609903,-1.36107e-06,-0.000104641,-0.000106002,0.0061006,0,457,0,1,0
2023-07-12,456,45,10,14,Softw,0.43891,0.340725,75.9628,4.56128,-4.33681e-19,0.00610812,0.00643189,5.71059e-06,0.000318056,0.000323766,0.00644168,0,457,0,1,0
2023-07-13,456,45,10,14,Softw,0.331618,0.275187,76.6158,4.65296,1.0842e-19,0.00723008,0.0070787,2.9293e-06,-0.000154312,-0.000151382,0.0070652,0,457,0,1,0
2023-07-14,456,45,10,14,Softw,0.488735,0.410903,76.8855,4.62883,0,-0.000670677,-0.00087589,3.32731e-06,-0.00020854,-0.000205213,-0.00087774,0,457,0,1,0
2023-07-17,456,45,10,14,Softw,0.47186,0.431875,76.7762,4.54962,1.6263e-19,0.00398486,0.00388166,-1.05122e-06,-0.000102151,-0.000103202,0.00388879,0,457,0,1,0
2023-07-18,456,45,10,14,Softw,0.334194,0.33006,77.501,4.5761,4.33681e-19,0.00715328,0.0074532,2.80934e-06,0.000297104,0.000299913,0.00743933,0,457,0,1,0
2023-07-19,456,45,10,14,Softw,0.418632,0.400674,77.7787,4.60557,-1.0842e-19,0.00266111,0.00271016,1.59367e-06,4.74619e-05,4.90556e-05,0.002702,0,457,0,1,0
2023-07-20,456,45,10,14,Softw,0.581128,0.416872,76.8666,4.53053,5.42101e-20,-0.00580704,-0.00595911,-5.07027e-06,-0.000146994,-0.000152064,-0.0059351,0,457,0,1,0
2023-07-21,456,45,10,14,Softw,0.373176,0.318255,76.6555,4.58339,-4.33681e-19,0.00118008,0.000541746,-3.13992e-07,-0.000638025,-0.000638339,0.000538516,0,457,0,1,0
2023-07-24,456,45,10,14,Softw,0.342648,0.289972,75.7673,4.47634,2.1684e-19,0.00393071,0.00374721,3.70375e-06,-0.000187198,-0.000183494,0.00374336,0,457,0,1,0
2023-07-25,456,45,10,14,Softw,0.388979,0.344095,76.2854,4.51494,2.57498e-19,0.0023362,0.00235607,7.09823e-07,1.91622e-05,1.9872e-05,0.0023625,0,457,0,1,0
2023-07-26,456,45,10,14,Softw,0.281444,0.253386,76.4381,4.47969,3.25261e-19,-0.00272626,-0.00288994,-3.29003e-07,-0.000163349,-0.000163678,-0.00288921,0,457,0,1,0
2023-07-27,456,45,10,14,Softw,0.164455,0.151744,74.7983,4.42025,0,-0.00720269,-0.00790136,5.53115e-07,-0.000699221,-0.000698667,-0.00791176,0,457,0,1,0
2023-07-28,456,45,10,14,Softw,0.271929,0.227522,74.8918,4.39294,0,0.00820303,0.00865161,5.94763e-06,0.000442627,0.000448575,0.00864691,0,457,0,1,0
2023-07-31,456,45,10,14,Softw,0.339606,0.269531,74.0464,4.42896,-3.25261e-19,0.0021111,0.00171306,-8.68573e-07,-0.000397171,-0.00039804,0.00171952,0,457,0,1,0
2023-08-01,456,45,10,14,Softw,0.166319,0.13612,73.7442,4.39986,4.33681e-19,-0.0021346,-0.00283418,-3.7823e-06,-0.000695795,-0.000699578,-0.00283502,0,457,0,1,0
2023-08-02,456,45,10,14,Softw,0.441186,0.357535,74.3916,4.38805,1.0842e-19,-0.0136873,-0.0133439,-5.24856e-06,0.000348639,0.000343391,-0.0133393,0,457,0,1,0
2023-08-03,456,45,10,14,Softw,0.159831,0.142025,73.6062,4.40422,-4.33681e-19,-0.00267819,-0.00278988,-9.97822e-07,-0.00011069,-0.000111688,-0.00273728,0,457,0,1,0
2023-08-04,456,45,10,14,Softw,0.213312,0.0997588,73.9459,4.46768,0,-0.00562219,-0.00539176,6.90906e-06,0.000223527,0.000230436,-0.00536197,0,457,0,1,0
2023-08-07,456,45,10,14,Softw,0.293318,0.232934,73.5345,4.37128,0,0.00808541,0.00759215,-1.72665e-06,-0.000491534,-0.000493261,0.00758314,0,457,0,1,0
2023-08-08,456,45,10,14,Softw,0.255818,0.193431,73.3707,4.30916,-1.0842e-19,-0.00438022,-0.00433306,-2.24266e-06,4.93995e-05,4.71568e-05,-0.00431975,0,457,0,1,0
2023-08-09,456,45,10,14,Softw,0.485874,0.383894,72.844,4.0729,-5.42101e-20,-0.00671908,-0.0064943,-8.32342e-06,0.000233106,0.000224783,-0.00648568,0,457,0,1,0
2023-08-10,456,45,10,14,Softw,0.267394,0.275357,72.2897,4.04813,-2.1684e-19,0.000669438,0.000344782,2.64474e-06,-0.0003273,-0.000324656,0.000349775,0,457,0,1,0
2023-08-11,456,45,10,14,Softw,0.488211,0.355855,72.458,4.0637,5.42101e-20,-0.000983349,-0.000960511,-3.7187e-06,2.65562e-05,2.28375e-05,-0.000949655,0,457,0,1,0
2023-08-14,456,45,10,14,Softw,0.582513,0.444461,72.6529,4.04655,-2.71051e-19,0.0055464,0.00535415,4.73411e-06,-0.000196987,-0.000192253,0.00535278,0,457,0,1,0
2023-08-15,456,45,10,14,Softw,0.451554,0.37714,73.3598,4.06686,1.0842e-19,-0.011285,-0.0113928,-1.2924e-06,-0.000106438,-0.000107731,-0.0113888,0,457,0,1,0
2023-08-16,456,45,10,14,Softw,0.32541,0.310159,73.585,4.0494,5.42101e-20,-0.00752634,-0.00729245,-2.16286e-06,0.000236054,0.000233891,-0.00729596,0,457,0,1,0
2023-08-17,456,45,10,14,Softw,0.376945,0.369544,73.5124,4.0287,-2.1684e-19,-0.00798782,-0.00824881,2.49287e-06,-0.000263479,-0.000260986,-0.00824363,0,457,0,1,0
2023-08-18,456,45,10,14,Softw,0.209056,0.185407,73.3749,4.00411,0,0.000653719,0.000671702,-2.54797e-06,2.0531e-05,1.7983e-05,0.000670396,0,457,0,1,0
2023-08-21,456,45,10,14,Softw,0.53934,0.341658,72.688,3.9494,-2.71051e-19,0.00709661,0.0066816,5.81278e-06,-0.000420819,-0.000415006,0.00668731,0,457,0,1,0
2023-08-22,456,45,10,14,Softw,0.381936,0.373762,73.8302,4.0002,1.0842e-19,-0.00320955,-0.00303959,1.37727e-07,0.000169819,0.000169957,-0.00303545,0,457,0,1,0
2023-08-23,456,45,10,14,Softw,0.455727,0.401756,73.9516,4.00967,-1.0842e-19,0.00991641,0.00999058,1.92878e-06,7.22455e-05,7.41743e-05,0.0100007,0,457,0,1,0
2023-08-24,456,45,10,14,Softw,0.423296,0.390261,73.987,3.98571,-2.1684e-19,-0.0137876,-0.0136294,-1.56283e-06,0.000159771,0.000158208,-0.01363,0,457,0,1,0
2023-08-25,456,45,10,14,Softw,0.344269,0.325546,73.6955,3.98673,2.71051e-19,0.00788108,0.00744766,1.13907e-06,-0.000434564,-0.000433425,0.00743785,0,457,0,1,0
2023-08-28,455,45,10,14,Softw,0.267516,0.239528,73.8644,3.96098,1.0842e-19,0.00600485,0.00594871,-4.34001e-07,-5.57096e-05,-5.61436e-05,0.00593817,0,456,0,1,0
2023-08-29,455,45,10,14,Softw,0.580214,0.427809,73.9921,3.97069,8.13152e-20,0.0140638,0.0139916,7.15451e-06,-7.93248e-05,-7.21702e-05,0.0139795,0,456,0,1,0
2023-08-30,455,45,10,14,Softw,0.242044,0.195058,74.3803,3.97794,0,0.00347919,0.0036536,-4.36244e-07,0.000174854,0.000174418,0.00365175,0,456,0,1,0
2023-08-31,455,45,10,14,Softw,0.325416,0.306262,74.227,3.96945,0,-0.00129218,-0.00163676,2.04372e-06,-0.000346625,-0.000344581,-0.00164953,0,456,0,1,0
2023-09-01,455,45,10,14,Softw,0.371282,0.357429,73.9475,3.9606,-1.0842e-19,0.00178049,0.00163958,-3.39155e-06,-0.00013752,-0.000140911,0.0016659,0,456,0,1,0
2023-09-05,455,45,10,14,Softw,0.504376,0.368272,73.5764,3.93964,3.25261e-19,-0.00444007,-0.00468008,4.82074e-06,-0.000244826,-0.000240005,-0.00468687,0,456,0,1,0
2023-09-06,455,45,10,14,Softw,0.366714,0.240304,74.6239,3.94451,4.06576e-20,-0.00662067,-0.00725664,-6.94997e-06,-0.000629025,-0.000635975,-0.00724462,0,456,0,1,0
2023-09-07,455,45,10,14,Softw,0.473421,0.445826,74.4866,3.92604,4.33681e-19,-0.00288374,-0.00339392,-2.63497e-06,-0.000507545,-0.00051018,-0.00337365,0,456,0,1,0
2023-09-08,455,45,10,14,Softw,0.309183,0.269672,73.704,3.87842,-1.0842e-19,0.00082477,0.00105994,-1.9525e-06,0.000237128,0.000235175,0.00105961,0,456,0,1,0
2023-09-11,455,45,10,14,Softw,0.372057,0.175359,74.0028,3.86675,3.25261e-19,0.00670569,0.00676694,6.39302e-06,5.48637e-05,6.12568e-05,0.00677223,0,456,0,1,0
2023-09-12,455,45,10,14,Softw,0.453092,0.410748,75.7506,3.89081,-4.33681e-19,-0.00651529,-0.00612625,-1.59782e-06,0.000390641,0.000389043,-0.0061337,0,456,0,1,0
2023-09-13,455,45,10,14,Softw,0.334098,0.298605,74.8403,3.82072,-2.1684e-19,0.00106606,0.000850163,4.93766e-06,-0.00022083,-0.000215892,0.000856103,0,456,0,1,0
2023-09-14,455,45,10,14,Softw,0.296795,0.273425,75.6581,3.83583,1.0842e-19,0.00779044,0.00797625,-5.13483e-07,0.000186319,0.000185805,0.00799702,0,456,0,1,0
2023-09-15,455,45,10,14,Softw,0.452441,0.349461,75.137,3.84387,-2.1684e-19,-0.0122812,-0.012107,-3.12112e-06,0.000177339,0.000174218,-0.0121177,0,456,0,1,0
2023-09-18,455,45,10,14,Softw,0.423609,0.390704,75.2345,3.88939,1.6263e-19,-8.50015e-05,3.7828e-06,-3.39616e-07,8.91239e-05,8.87843e-05,2.23464e-05,0,456,0,1,0
2023-09-19,454,44,9,13,Softw,0.254623,0.237071,67.3908,3.86411,-1.0842e-19,-0.00272562,-0.00257766,-2.01886e-06,0.000149977,0.000147958,-0.00257709,0,455,0,1,0
2023-09-20,454,44,9,13,Softw,0.401328,0.249815,67.4002,3.86928,6.77626e-21,-0.00782563,-0.00830729,-6.22113e-06,-0.000475442,-0.000481663,-0.00830287,0,455,0,1,0
2023-09-21,454,44,9,13,Softw,0.401063,0.397686,67.4389,3.8929,-2.1684e-19,-0.0170226,-0.0165809,-5.51367e-07,0.000442253,0.000441702,-0.0165661,0,455,0,1,0
2023-09-22,454,44,9,13,Softw,0.361298,0.293885,67.58,3.86235,0,-0.00268059,-0.00278014,-1.97164e-06,-9.75793e-05,-9.9551e-05,-0.00277359,0,455,0,1,0
2023-09-25,454,44,9,13,Softw,0.344605,0.300118,68.1401,3.8947,-8.13152e-20,0.00336964,0.00357624,2.21925e-06,0.000204382,0.000206602,0.00358962,0,455,0,1,0
2023-09-26,454,44,9,13,Softw,0.323605,0.303702,68.0554,3.91365,-2.1684e-19,-0.0149639,-0.0151337,-2.67243e-06,-0.00016712,-0.000169793,-0.0151527,0,455,0,1,0
2023-09-27,454,44,9,13,Softw,0.429462,0.379864,68.3474,3.96134,0,-0.000578221,-0.000621998,-3.25988e-06,-4.05175e-05,-4.37774e-05,-0.000600227,0,455,0,1,0
2023-09-28,454,44,9,13,Softw,0.330755,0.289436,68.5332,3.98464,-2.1684e-19,0.00565768,0.00539901,-1.78811e-06,-0.000256888,-0.000258676,0.00537964,0,455,0,1,0
2023-09-29,454,44,9,13,Softw,0.478423,0.395812,68.5186,3.99689,1.0842e-19,-0.00220877,-0.00203847,4.67176e-06,0.000165628,0.0001703,-0.00203883,0,455,0,1,0
2023-10-02,454,44,9,13,Softw,0.649973,0.573618,68.6917,4.00325,1.6263e-19,-0.00134263,-0.00121684,7.25243e-06,0.000118533,0.000125786,-0.00125675,0,455,0,1,0
2023-10-03,454,44,9,13,Softw,0.533973,0.512128,69.3913,4.05939,-4.33681e-19,-0.0136199,-0.0137133,-2.70232e-06,-9.06971e-05,-9.33994e-05,-0.0137002,0,455,0,1,0
2023-10-04,453,44,9,13,Softw,0.545689,0.423676,69.5342,4.04663,2.1684e-19,0.00769508,0.00779263,2.15951e-06,9.5393e-05,9.75525e-05,0.00779676,0,454,0,1,0
2023-10-05,453,44,9,13,Softw,0.508806,0.427665,70.3532,4.09812,-4.33681e-19,-0.00144641,-0.00125598,4.51287e-07,0.000189983,0.000190434,-0.00123861,0,454,0,1,0
2023-10-06,453,44,9,13,Softw,0.38142,0.271323,70.1306,4.10335,1.0842e-19,0.0105759,0.0108607,-6.91779e-07,0.000285422,0.00028473,0.0108711,0,454,0,1,0
2023-10-09,453,44,9,13,Softw,0.445374,0.380668,70.4125,4.08414,-2.71051e-19,0.00575475,0.00614255,-4.68797e-06,0.000392485,0.000387797,0.00614735,0,454,0,1,0
2023-10-10,453,44,9,13,Softw,0.368395,0.327108,70.4928,4.08035,1.0842e-19,0.00539228,0.00520926,-8.69528e-07,-0.00018215,-0.00018302,0.00521876,0,454,0,1,0
2023-10-11,453,44,9,13,Softw,0.475383,0.451466,70.611,4.09475,2.1684e-19,0.00279469,0.00336598,-1.71293e-06,0.000573003,0.00057129,0.00338145,0,454,0,1,0
2023-10-12,453,44,9,13,Softw,0.42731,0.394208,70.2347,4.04904,-1.0842e-19,-0.00558137,-0.00572399,3.4183e-06,-0.000146039,-0.00014262,-0.0057121,0,454,0,1,0
2023-10-13,453,44,9,13,Softw,0.615594,0.551302,71.5551,4.04585,2.1684e-19,-0.004488,-0.00455851,-2.28535e-06,-6.82232e-05,-7.05085e-05,-0.00457269,0,454,0,1,0
2023-10-16,453,44,9,13,Softw,0.185205,0.180777,70.7335,4.03747,0,0.0101742,0.0102081,-1.37079e-06,3.5228e-05,3.38572e-05,0.0102264,0,454,0,1,0
2023-10-17,453,44,9,13,Softw,0.361439,0.267852,70.3883,4.02729,5.42101e-20,-0.000601431,-0.00082166,-5.45169e-06,-0.000214778,-0.00022023,-0.000818031,0,454,0,1,0
2023-10-18,453,44,9,13,Softw,0.559545,0.506789,70.2206,4.02474,1.0842e-19,-0.0135314,-0.0135184,-2.07778e-06,1.50979e-05,1.30201e-05,-0.0135296,0,454,0,1,0
2023-10-19,454,44,9,13,Softw,0.319762,0.193749,70.3473,3.97911,-4.33681e-19,-0.00917337,-0.00896154,2.634e-06,0.000209197,0.000211831,-0.00896868,0,455,0,1,0
2023-10-20,454,44,9,13,Softw,0.403881,0.364766,70.2961,3.97196,-1.6263e-19,-0.0129987,-0.012781,6.84189e-08,0.000217718,0.000217787,-0.0127881,0,455,0,1,0
2023-10-23,454,44,9,13,Softw,0.3164,0.25184,69.8347,3.96665,-2.1684e-19,-0.00296191,-0.00262809,4.05542e-06,0.000329767,0.000333823,-0.00262539,0,455,0,1,0
2023-10-24,454,44,9,13,Softw,0.29817,0.213768,70.0011,3.98394,1.0842e-19,0.00736137,0.00708642,4.05641e-07,-0.000275357,-0.000274951,0.00709929,0,455,0,1,0
2023-10-25,454,44,9,13,Softw,0.495577,0.485068,70.3332,3.98396,-5.42101e-20,-0.0111858,-0.0102716,6.80358e-07,0.000913484,0.000914165,-0.010282,0,455,0,1,0
2023-10-26,454,44,9,13,Softw,0.323861,0.28595,70.1809,4.014,8.13152e-20,-0.0109109,-0.0114625,-9.17265e-06,-0.000542403,-0.000551576,-0.0114437,0,455,0,1,0
2023-10-27,454,44,9,13,Softw,0.343489,0.235434,69.5569,3.99819,-3.25261e-19,-0.00555338,-0.00524312,5.3316e-06,0.000304921,0.000310253,-0.00525647,0,455,0,1,0
2023-10-30,454,44,9,13,Softw,0.292807,0.224884,70.0632,4.03319,4.33681e-19,0.0114184,0.0115102,4.42909e-06,8.74637e-05,9.18928e-05,0.0115196,0,455,0,1,0
2023-10-31,454,44,9,13,Softw,0.199342,0.0995812,70.0608,4.10124,1.0842e-19,0.00762643,0.00701077,-5.331e-06,-0.00061033,-0.000615661,0.00700182,0,455,0,1,0
2023-11-01,454,44,9,13,Softw,0.280213,0.196582,70.3739,4.12578,-2.1684e-19,0.00990689,0.0101322,4.62968e-06,0.000220666,0.000225296,0.0101395,0,455,0,1,0
2023-11-02,454,44,9,13,Softw,0.244399,0.232018,70.4253,4.14125,-2.71051e-19,0.0198461,0.0195867,1.34674e-06,-0.000260725,-0.000259378,0.0195873,0,455,0,1,0
2023-11-03,454,44,9,13,Softw,0.413452,0.348504,70.2997,4.10087,4.33681e-19,0.00807844,0.00864019,-2.45509e-06,0.000564202,0.000561747,0.0086294,0,455,0,1,0
2023-11-06,454,44,9,13,Softw,0.436426,0.346634,70.0872,4.08497,0,0.00167617,0.00189053,4.84027e-06,0.00020952,0.00021436,0.00195915,0,455,0,1,0
2023-11-07,454,44,9,13,Softw,0.419521,0.346691,70.8826,4.07229,3.25261e-19,0.00262891,0.00266887,4.10487e-06,3.58469e-05,3.99518e-05,0.00262102,0,455,0,1,0
2023-11-08,454,44,9,13,Softw,0.270594,0.255704,71.1318,4.07279,2.1684e-19,0.000956634,0.000851021,1.94227e-06,-0.000107555,-0.000105613,0.000861849,0,455,0,1,0
2023-11-09,454,44,9,13,Softw,0.456109,0.398511,71.2074,4.07674,-1.0842e-19,-0.00875145,-0.00848785,-2.38561e-06,0.000265987,0.000263601,-0.00848369,0,455,0,1,0
2023-11-10,454,44,9,13,Softw,0.453834,0.330922,71.6326,4.06558,-2.1684e-19,0.0153501,0.0154239,1.77616e-06,7.19953e-05,7.37714e-05,0.015417,0,455,0,1,0
2023-11-13,454,44,9,13,Softw,0.403235,0.313116,72.1994,4.11385,2.71051e-19,-0.000249043,-0.000675162,-7.89171e-07,-0.00042533,-0.000426119,-0.000675091,0,455,0,1,0
2023-11-14,454,44,9,13,Softw,0.733786,0.709625,72.1945,4.13163,-4.33681e-19,0.019154,0.019107,-3.49602e-06,-4.3544e-05,-4.70401e-05,0.0191293,0,455,0,1,0
2023-11-15,454,44,9,13,Softw,0.395736,0.365826,70.7579,4.07882,-1.0842e-19,0.00151885,0.00135838,2.33365e-06,-0.000162794,-0.000160461,0.00131627,0,455,0,1,0
2023-11-16,454,44,9,13,Softw,0.368637,0.346535,70.5112,4.08192,0,-0.000727257,5.61635e-05,4.0443e-06,0.000779376,0.00078342,5.55473e-05,0,455,0,1,0
2023-11-17,454,44,9,13,Softw,0.361177,0.301447,70.8188,4.10171,2.1684e-19,0.00186881,0.0016136,-3.551e-06,-0.000251657,-0.000255208,0.00161182,0,455,0,1,0
2023-11-20,454,44,9,13,Softw,0.33407,0.272456,71.3132,4.11636,1.0842e-19,0.0071147,0.00720225,-7.71841e-07,8.83268e-05,8.7555e-05,0.00719949,0,455,0,1,0
2023-11-21,454,44,9,13,Softw,0.362832,0.335582,71.2339,4.13434,0,-0.00184881,-0.00223933,-9.22379e-09,-0.000390514,-0.000390523,-0.00223511,0,455,0,1,0
2023-11-22,454,44,9,13,Softw,0.197304,0.0733292,71.5213,4.14856,-1.6263e-19,0.00311888,0.00336998,-5.9408e-07,0.0002517,0.000251106,0.00337266,0,455,0,1,0
2023-11-24,454,44,9,13,Softw,0.277139,0.135306,71.7096,4.14944,-2.71051e-20,0.00138786,0.00119596,-3.6846e-06,-0.000188217,-0.000191901,0.00119982,0,455,0,1,0
2023-11-27,454,44,9,13,Softw,0.237436,0.226647,71.527,4.21512,1.0842e-19,-0.0019135,-0.00186356,1.74211e-06,4.82021e-05,4.99442e-05,-0.00185084,0,455,0,1,0
2023-11-28,454,44,9,13,Softw,0.426636,0.345499,70.8026,4.19406,2.71051e-20,0.000618262,0.000568116,4.81781e-06,-5.49635e-05,-5.01457e-05,0.000561545,0,455,0,1,0
2023-11-29,454,44,9,13,Softw,0.358559,0.354271,70.9291,4.24962,1.0842e-19,0.000765654,0.000105137,-5.69242e-06,-0.000654825,-0.000660517,7.07414e-05,0,455,0,1,0
2023-11-30,454,44,9,13,Softw,0.344844,0.268133,70.6292,4.23149,0,0.00533652,0.00505739,-2.7249e-06,-0.000276406,-0.000279131,0.00505586,0,455,0,1,0
2023-12-01,454,44,9,13,Softw,0.494261,0.508736,70.3895,4.19876,-1.0842e-19,0.0062196,0.0063779,-5.61439e-06,0.000163917,0.000158302,0.00636077,0,455,0,1,0
2023-12-04,454,44,9,13,Softw,0.368473,0.212873,69.8472,4.2024,0,-0.00526244,-0.00503467,-3.78717e-06,0.000231554,0.000227766,-0.00503799,0,455,0,1,0
2023-12-05,454,44,9,13,Softw,0.409494,0.23909,69.6529,4.17052,-1.35525e-20,-0.00117126,-0.000817191,8.63913e-06,0.000345431,0.00035407,-0.000821884,0,455,0,1,0
2023-12-06,454,44,9,13,Softw,0.422658,0.381286,69.6852,4.12998,1.0842e-19,-0.00394138,-0.00390382,-6.87799e-07,3.82533e-05,3.75655e-05,-0.00394968,0,455,0,1,0
2023-12-07,454,44,9,13,Softw,0.407824,0.280814,69.6386,4.1286,0,0.00581673,0.00573301,3.94011e-06,-8.76551e-05,-8.3715e-05,0.0057087,0,455,0,1,0
2023-12-08,454,44,9,13,Softw,0.340111,0.292199,70.3959,4.19797,8.13152e-20,0.00433669,0.00431812,-7.17657e-07,-1.78582e-05,-1.85759e-05,0.0043197,0,455,0,1,0
2023-12-11,454,44,9,13,Softw,0.266476,0.206959,70.725,4.17945,5.42101e-20,0.00574854,0.00458218,-8.87482e-06,-0.00115749,-0.00116637,0.0046205,0,455,0,1,0
2023-12-12,454,44,9,13,Softw,0.230356,0.159298,70.2503,4.13349,2.43945e-19,0.00390414,0.00408751,4.97951e-06,0.000178382,0.000183361,0.00406883,0,455,0,1,0
2023-12-13,454,44,9,13,Softw,0.391772,0.458415,70.7659,4.07326,-1.6263e-19,0.0138287,0.0141242,-4.44258e-06,0.000299886,0.000295444,0.0141268,0,455,0,1,0
2023-12-14,454,44,9,13,Softw,0.703502,0.68551,69.7342,4.03611,0,0.00254257,0.00270284,-1.3763e-07,0.000160406,0.000160269,0.00269292,0,455,0,1,0
2023-12-15,454,44,9,13,Softw,0.417106,0.320883,68.2161,3.95706,1.6263e-19,0.000380246,-0.000112469,3.41008e-06,-0.000496125,-0.000492715,-9.69773e-05,0,455,0,1,0
2023-12-18,454,44,9,13,Softw,0.322843,0.224225,68.513,3.95859,0,0.00318417,0.00319099,1.63129e-06,5.19122e-06,6.82251e-06,0.00315105,0,456,0,2,0
2023-12-19,456,44,9,13,Softw,0.363296,0.355666,68.9578,3.94053,8.13152e-20,0.0053524,0.0053753,-2.60942e-06,2.55084e-05,2.2899e-05,0.00538441,0,458,0,2,0
2023-12-20,456,44,9,13,Softw,0.318507,0.306739,68.7104,3.91833,-1.35525e-19,-0.0161444,-0.0158816,9.73979e-07,0.000261766,0.00026274,-0.0158864,0,458,0,2,0
2023-12-21,456,44,9,13,Softw,0.336298,0.335414,69.1106,3.95371,-6.77626e-20,0.0101301,0.00992815,-5.42198e-06,-0.000196517,-0.000201939,0.00994103,0,458,0,2,0
2023-12-22,456,44,9,13,Softw,0.335367,0.163275,69.009,3.95764,-2.1684e-19,0.00108373,0.00106622,-5.00652e-06,-1.25067e-05,-1.75132e-05,0.00104345,0,458,0,2,0
2023-12-26,456,44,9,13,Softw,0.366737,0.303259,68.9727,3.94427,1.0842e-19,0.00433873,0.00419802,-4.11193e-06,-0.000136596,-0.000140708,0.00421515,0,458,0,2,0
2023-12-27,456,44,9,13,Softw,0.328548,0.270919,68.9399,3.93917,-2.1684e-19,0.00183111,0.00172465,2.77821e-06,-0.000109242,-0.000106464,0.00171413,0,458,0,2,0
2023-12-28,456,44,9,13,Softw,0.503583,0.41306,68.7723,3.96244,0,9.99899e-05,0.000289385,-5.52915e-07,0.000189948,0.000189395,0.00028433,0,458,0,2,0
2023-12-29,456,44,9,13,Softw,0.630786,0.645503,68.8392,4.01568,-6.77626e-20,-0.00276385,-0.0027428,1.10179e-06,1.99456e-05,2.10474e-05,-0.00274243,0,458,0,2,0
2024-01-02,456,44,9,13,Softw,0.682578,0.61457,68.7469,3.96934,-1.6263e-19,-0.00564515,-0.00572418,3.83888e-06,-8.28744e-05,-7.90356e-05,-0.0057387,0,458,0,2,0
2024-01-03,456,44,9,13,Softw,0.684918,0.674882,67.8481,3.95264,2.1684e-19,-0.00897653,-0.00902275,1.13873e-05,-5.76109e-05,-4.62236e-05,-0.00900423,0,458,0,2,0
2024-01-04,456,44,9,13,Softw,0.348286,0.33753,67.964,3.86262,0,-0.00273164,-0.00316052,1.94009e-07,-0.000429068,-0.000428874,-0.00315349,0,458,0,2,0
2024-01-05,456,44,9,13,Softw,0.325145,0.264711,67.4873,3.84006,-2.1684e-19,0.00136307,0.00141767,3.1126e-06,5.14871e-05,5.45997e-05,0.00142266,0,458,0,2,0
2024-01-08,456,44,9,13,Softw,0.515698,0.395586,67.6743,3.89818,1.0842e-19,0.0135802,0.0136728,-3.92287e-07,9.29488e-05,9.25565e-05,0.0136619,0,458,0,2,0
2024-01-09,456,44,9,13,Softw,0.348867,0.248305,67.4278,3.90178,1.6263e-19,-0.00228138,-0.0022164,7.63134e-06,5.73535e-05,6.49848e-05,-0.00222543,0,458,0,2,0
2024-01-10,456,44,9,13,Softw,0.374561,0.325372,67.5523,3.94213,-1.6263e-19,0.00496713,0.00494339,1.35649e-06,-2.50931e-05,-2.37366e-05,0.00492243,0,458,0,2,0
2024-01-11,456,44,9,13,Softw,0.501091,0.405851,67.6302,3.92134,0,-0.000368253,-0.000558848,-2.88995e-06,-0.000187705,-0.000190595,-0.00058175,0,458,0,2,0
2024-01-12,456,44,9,13,Softw,0.432397,0.365315,67.6717,3.91162,-1.0842e-19,0.00019167,0.000342927,-6.62498e-06,0.000157882,0.000151257,0.000341328,0,458,0,2,0
2024-01-16,456,44,9,13,Softw,0.36868,0.273232,68.1175,3.94892,-2.1684e-19,-0.00316116,-0.00348271,4.32688e-06,-0.000325875,-0.000321548,-0.00350009,0,458,0,2,0
2024-01-17,456,44,9,13,Softw,0.449373,0.426788,68.0863,3.9372,0,-0.00576312,-0.00586596,5.84611e-06,-0.000108685,-0.000102839,-0.00588116,0,458,0,2,0
2024-01-18,456,44,9,13,Softw,0.489354,0.443238,67.4487,3.82378,0,0.00813503,0.00845147,-1.24542e-06,0.00031768,0.000316435,0.00844071,0,458,0,2,0
2024-01-19,456,44,9,13,Softw,0.49152,0.381515,68.021,3.88941,2.1684e-19,0.0120283,0.0116477,3.06096e-06,-0.000383672,-0.000380611,0.0116587,0,458,0,2,0
2024-01-22,456,44,9,13,Softw,0.217703,0.217609,68.4899,3.92256,1.6263e-19,0.00198282,0.00220995,-1.29189e-05,0.000240046,0.000227127,0.00223457,0,458,0,2,0
2024-01-23,456,44,9,13,Softw,0.378312,0.366622,68.338,3.88224,0,0.00202747,0.00227963,1.99516e-06,0.000250168,0.000252163,0.00227587,0,458,0,2,0
2024-01-24,456,44,9,13,Softw,0.442568,0.319358,68.9511,3.87621,0,6.36773e-07,-0.000229856,8.49813e-06,-0.000238991,-0.000230493,-0.000279403,0,458,0,2,0
2024-01-25,456,44,9,13,Softw,0.323096,0.157681,68.9366,3.84569,-2.1684e-19,0.00364164,0.00370666,-1.45781e-05,7.95985e-05,6.50205e-05,0.0037552,0,458,0,2,0
2024-01-26,456,44,9,13,Softw,0.271595,0.24604,68.4787,3.95752,-3.25261e-19,-0.00123992,-0.00119282,2.3834e-06,4.47171e-05,4.71005e-05,-0.00118184,0,458,0,2,0
2024-01-29,456,44,9,13,Softw,0.400092,0.359517,67.9846,3.91317,0,0.00746671,0.00735329,1.85287e-06,-0.000115269,-0.000113416,0.00735157,0,458,0,2,0
2024-01-30,456,44,9,13,Softw,0.348862,0.330776,67.8257,3.93084,-3.52366e-19,0.000208058,-0.000269326,4.26373e-07,-0.00047781,-0.000477384,-0.00026653,0,458,0,2,0
2024-01-31,456,44,9,13,Softw,0.405119,0.355435,67.6176,3.91459,2.1684e-19,-0.0131786,-0.0135007,2.47173e-06,-0.000324576,-0.000322105,-0.0134825,0,458,0,2,0
2024-02-01,456,44,9,13,Softw,0.41638,0.392447,67.3346,3.88581,1.6263e-19,0.012628,0.0129093,-7.77626e-07,0.000282083,0.000281306,0.0129428,0,458,0,2,0
2024-02-02,456,44,9,13,Softw,0.379491,0.26207,66.8745,3.82316,5.42101e-20,0.00581405,0.00624302,1.73043e-05,0.000411663,0.000428968,0.00624259,0,458,0,2,0
2024-02-05,456,44,9,13,Softw,0.402815,0.297147,67.6059,3.80318,-2.1684e-19,-0.00317429,-0.0030706,3.22803e-06,0.000100455,0.000103683,-0.00309257,0,458,0,2,0
2024-02-06,456,44,9,13,Softw,0.3519,0.228928,67.8898,3.7673,0,0.00180141,0.00220149,1.71831e-06,0.000398362,0.00040008,0.00232806,0,458,0,2,0
2024-02-07,456,44,9,13,Softw,0.270852,0.266842,67.738,3.75543,2.1684e-19,0.00753989,0.00747741,-4.22823e-07,-6.20535e-05,-6.24763e-05,0.00747257,0,458,0,2,0
2024-02-08,456,44,9,13,Softw,0.225297,0.185967,68.0218,3.78,-1.0842e-19,0.000541591,0.000274436,-1.17827e-05,-0.000255372,-0.000267155,0.000261832,0,458,0,2,0
2024-02-09,456,44,9,13,Softw,0.319672,0.213598,68.0578,3.82109,2.1684e-19,0.00543981,0.00566408,4.00859e-06,0.00022026,0.000224268,0.00565582,0,458,0,2,0
2024-02-12,456,44,9,13,Softw,0.406077,0.390929,68.6066,3.8614,-2.1684e-19,-0.00124062,-0.00113599,-6.92763e-06,0.000111557,0.000104629,-0.00114252,0,458,0,2,0
2024-02-13,456,44,9,13,Softw,0.411061,0.396594,68.102,3.89718,1.6263e-19,-0.0134466,-0.0134434,1.18412e-05,-8.61465e-06,3.2266e-06,-0.0134318,0,458,0,2,0
2024-02-14,456,44,9,13,Softw,0.284001,0.238131,68.0422,3.87141,0,0.00949361,0.00919347,-3.52067e-06,-0.000296613,-0.000300134,0.0091909,0,458,0,2,0
2024-02-15,456,44,9,13,Softw,0.323194,0.230914,67.6713,3.91195,0,0.0063768,0.00612751,-6.07527e-06,-0.000243219,-0.000249294,0.0061658,0,458,0,2,0
2024-02-16,456,44,9,13,Softw,0.235828,0.215888,68.1204,3.90829,0,-0.00423152,-0.00402361,5.43747e-06,0.000202474,0.000207911,-0.00401416,0,458,0,2,0
2024-02-20,456,44,9,13,Softw,0.378355,0.247224,68.3331,3.90768,0,-0.0070498,-0.00699892,-4.5048e-06,5.53869e-05,5.08821e-05,-0.00697575,0,458,0,2,0
2024-02-21,456,44,9,13,Softw,0.271403,0.246843,68.3425,3.93138,-4.60786e-19,0.000183186,0.000898086,1.10893e-05,0.000703811,0.0007149,0.000876396,0,458,0,2,0
2024-02-22,456,44,9,13,Softw,0.555565,0.294888,68.1656,3.92079,2.1684e-19,0.0208944,0.0212421,1.80762e-05,0.000329673,0.000347749,0.0212451,0,458,0,2,0
2024-02-23,457,44,9,13,Softw,0.219098,0.190861,69.5847,4.18388,2.71051e-19,0.000355238,0.000291936,-2.92241e-06,-6.03792e-05,-6.33016e-05,0.000307522,0,458,0,1,0
2024-02-26,457,44,9,13,Softw,0.376347,0.35673,69.8468,4.22364,0,-0.00103457,-0.0017694,-1.39672e-06,-0.000733437,-0.000734834,-0.00175042,0,458,0,1,0
2024-02-27,457,44,9,13,Softw,0.230122,0.200881,69.7023,4.24861,1.0842e-19,0.00078845,0.00090008,-5.0127e-06,0.000116643,0.00011163,0.000920335,0,458,0,1,0
2024-02-28,457,44,9,13,Softw,0.217765,0.204379,69.3181,4.23984,-5.42101e-20,-0.00116495,-0.00109461,-2.60497e-06,7.29449e-05,7.03399e-05,-0.00108806,0,458,0,1,0
2024-02-29,457,44,9,13,Softw,0.4377,0.353068,69.1645,4.23725,5.42101e-20,0.00457681,0.00459278,-1.06861e-06,1.70391e-05,1.59705e-05,0.00456819,0,458,0,1,0
2024-03-01,457,44,9,13,Softw,0.48796,0.33771,68.7462,4.24185,-2.1684e-19,0.00893443,0.00826189,-1.79278e-06,-0.000670752,-0.000672545,0.00826937,0,458,0,1,0
2024-03-04,457,44,9,13,Softw,0.381847,0.270869,68.8599,4.26753,4.33681e-19,-0.000340956,-0.000179952,-5.24524e-06,0.00016625,0.000161004,-0.000179861,0,458,0,1,0
2024-03-05,457,44,9,13,Softw,0.3338,0.240584,68.9216,4.31345,0,-0.0109738,-0.0106196,-1.45069e-06,0.000355668,0.000354217,-0.0106191,0,458,0,1,0
2024-03-06,457,44,9,13,Softw,0.236827,0.169576,69.0413,4.32381,1.0842e-19,0.00545994,0.00522761,-2.09236e-06,-0.000230233,-0.000232325,0.00523651,0,458,0,1,0
2024-03-07,457,44,9,13,Chips,0.382709,0.259194,69.0581,4.31369,-1.35525e-19,0.00892651,0.00933853,-2.01498e-06,0.000414027,0.000412012,0.00932369,0,458,0,1,0
2024-03-08,457,44,9,13,Chips,0.492895,0.337808,69.3277,4.30358,2.1684e-19,-0.00765419,-0.0073534,-1.23004e-07,0.000300905,0.000300782,-0.00733268,0,458,0,1,0
2024-03-11,457,44,9,13,Softw,0.475577,0.345214,68.9562,4.26143,8.13152e-20,-0.000867421,-0.000955629,-4.88612e-07,-8.7719e-05,-8.82076e-05,-0.000964536,0,458,0,1,0
2024-03-12,457,44,9,13,Softw,0.439017,0.343216,68.3247,4.22798,0,0.0111488,0.0113056,3.60394e-06,0.000153186,0.00015679,0.0112805,0,458,0,1,0
2024-03-13,457,44,9,13,Softw,0.262218,0.17501,69.194,4.24814,-5.42101e-19,-0.00300734,-0.0025679,-4.77855e-07,0.00043992,0.000439442,-0.00260234,0,458,0,1,0
2024-03-14,457,44,9,13,Softw,0.493704,0.347359,68.7455,4.25929,0,-0.0039195,-0.00347101,5.65756e-06,0.000442839,0.000448496,-0.00346947,0,458,0,1,0
2024-03-15,457,44,9,13,Softw,0.251444,0.174004,68.7874,4.24646,1.0842e-19,-0.00706336,-0.0064628,-1.14515e-06,0.000601706,0.00060056,-0.00644468,0,458,0,1,0
2024-03-18,457,44,9,13,Softw,0.392874,0.268839,68.4951,4.19175,0,0.00485514,0.00445833,-3.44652e-07,-0.000396468,-0.000396813,0.00436512,0,458,0,1,0
2024-03-19,457,44,9,13,Softw,0.267473,0.251137,68.5308,4.14082,2.1684e-19,0.00536585,0.00597731,1.85754e-06,0.000609603,0.00061146,0.00597298,0,458,0,1,0
2024-03-20,457,44,9,13,Softw,0.400328,0.427939,68.3697,4.14822,2.1684e-19,0.00829513,0.00842741,-3.84845e-07,0.000132669,0.000132284,0.00841999,0,458,0,1,0
2024-03-21,457,44,9,13,Softw,0.283097,0.251125,68.3577,4.14171,2.1684e-19,0.00396963,0.0033478,-6.06728e-06,-0.000615757,-0.000621824,0.00334766,0,458,0,1,0
2024-03-22,457,44,9,13,Softw,0.469885,0.384303,67.8059,4.12054,0,-0.00319214,-0.00264414,1.8916e-06,0.000546109,0.000548,-0.00265773,0,458,0,1,0
2024-03-25,457,44,9,13,Softw,0.308286,0.270241,68.6088,4.16537,-8.13152e-20,-0.0029666,-0.00299469,-2.21793e-06,-2.58717e-05,-2.80896e-05,-0.0029987,0,458,0,1,0
2024-03-26,458,44,9,13,Softw,0.203668,0.154738,68.1165,4.13421,-2.1684e-19,-0.00259107,-0.00308669,-1.47403e-06,-0.000494147,-0.000495621,-0.00307525,0,459,0,1,0
2024-03-27,458,44,9,13,Softw,0.466795,0.412834,68.1983,4.13513,2.1684e-19,0.00867096,0.00894088,-1.35587e-06,0.000271278,0.000269922,0.00894556,0,459,0,1,0
2024-03-28,458,44,9,13,Softw,0.273339,0.200864,67.2604,4.07187,0,0.00106471,0.00107416,-1.81713e-06,1.12637e-05,9.44658e-06,0.00107944,0,459,0,1,0
2024-04-01,458,44,9,13,Softw,0.289024,0.283065,67.0249,4.05882,-1.6263e-19,-0.00372731,-0.00375425,-4.05599e-07,-2.6537e-05,-2.69426e-05,-0.00376574,0,459,0,1,0
2024-04-02,458,44,9,13,Softw,0.381663,0.339295,67.1885,4.06085,-1.0842e-19,-0.00841511,-0.00811316,1.45351e-06,0.000300491,0.000301944,-0.00812092,0,459,0,1,0
2024-04-03,458,44,9,13,Softw,0.269245,0.202334,67.2366,4.08517,-2.43945e-19,0.000733421,0.000639113,-2.05469e-06,-9.22527e-05,-9.43073e-05,0.000648454,0,459,0,1,0
2024-04-04,457,44,9,13,Softw,0.388904,0.316752,67.0179,4.09949,1.0842e-19,-0.0125311,-0.0122234,1.73558e-06,0.000305948,0.000307683,-0.0122234,0,458,0,1,0
2024-04-05,457,44,9,13,Softw,0.494677,0.302399,66.5128,4.11883,-1.0842e-19,0.0100648,0.0103758,8.01268e-07,0.000310264,0.000311065,0.0103712,0,458,0,1,0
2024-04-08,457,44,9,13,Softw,0.44017,0.370574,66.735,4.12753,0,-0.000416196,-0.00055695,-8.88791e-07,-0.000139865,-0.000140754,-0.00056497,0,458,0,1,0
2024-04-09,457,44,9,13,Softw,0.504679,0.520736,66.6047,4.14884,0,0.00119958,0.00096646,-1.31802e-06,-0.000231798,-0.000233116,0.000956852,0,458,0,1,0
2024-04-10,457,44,9,13,Softw,0.552331,0.502677,66.4152,4.13154,-8.13152e-20,-0.0103993,-0.0100603,5.8878e-06,0.00033314,0.000339028,-0.0100679,0,458,0,1,0
2024-04-11,457,44,9,13,Softw,0.299186,0.15433,66.6775,4.07218,-4.33681e-19,0.00634597,0.00698154,4.46579e-06,0.000631108,0.000635573,0.00700606,0,458,0,1,0
2024-04-12,457,44,9,13,Softw,0.311494,0.305264,67.7192,4.1653,-1.0842e-19,-0.0147279,-0.01433,4.50983e-06,0.000393349,0.000397859,-0.0143376,0,458,0,1,0
2024-04-15,457,44,9,13,Softw,0.408036,0.27823,67.7936,4.15621,-3.25261e-19,-0.0115871,-0.0117327,1.76034e-07,-0.000145724,-0.000145548,-0.0117232,0,458,0,1,0
2024-04-16,457,44,9,13,Softw,0.406195,0.382666,68.0048,4.16992,0,-0.00135335,-0.00211583,1.39973e-06,-0.000763883,-0.000762483,-0.00211679,0,458,0,1,0
2024-04-17,457,44,9,13,Softw,0.392803,0.279197,67.9865,4.15698,-1.0842e-19,-0.00641448,-0.00657503,1.74235e-06,-0.000162291,-0.000160548,-0.00657665,0,458,0,1,0
2024-04-18,457,44,9,13,Softw,0.373511,0.273996,68.0299,4.19532,-1.0842e-19,-0.00363744,-0.00367724,2.27244e-06,-4.20688e-05,-3.97963e-05,-0.00367603,0,458,0,1,0
2024-04-19,457,44,9,13,Softw,0.732088,0.572987,67.9211,4.18352,2.1684e-19,-0.00803303,-0.00832937,-4.32396e-06,-0.000292019,-0.000296343,-0.00832696,0,458,0,1,0
2024-04-22,457,44,9,13,Softw,0.340595,0.243312,67.1273,4.23426,-1.0842e-19,0.00796911,0.0083814,-3.49861e-07,0.000412638,0.000412288,0.00837094,0,458,0,1,0
2024-04-23,457,44,9,13,Softw,0.36809,0.269518,66.9831,4.26632,1.0842e-19,0.0113656,0.0113275,4.95065e-07,-3.85952e-05,-3.81002e-05,0.0113385,0,458,0,1,0
2024-04-24,457,44,9,13,Softw,0.298583,0.17668,66.9315,4.26123,0,0.000591638,0.000134981,-1.25104e-06,-0.000455406,-0.000456657,0.00014009,0,458,0,1,0
2024-04-25,457,44,9,13,Softw,0.279896,0.235011,66.9417,4.3036,4.33681e-19,-0.000935796,-0.00123616,2.35055e-06,-0.00030271,-0.000300359,-0.00124386,0,458,0,1,0
2024-04-26,457,44,9,13,Softw,0.334518,0.187598,67.0174,4.29834,-1.76183e-19,0.00606783,0.00654299,4.33476e-06,0.000470829,0.000475163,0.00653971,0,458,0,1,0
2024-04-29,457,44,9,13,Softw,0.446981,0.132433,66.6636,4.24946,1.0842e-19,0.00573735,0.00571255,2.56185e-06,-2.73649e-05,-2.4803e-05,0.00573721,0,458,0,1,0
2024-04-30,457,44,9,13,Chips,0.322402,0.224876,66.0932,4.27153,-1.0842e-19,-0.0153189,-0.0157423,1.91786e-06,-0.000425341,-0.000423423,-0.0158689,0,458,0,1,0
2024-05-01,457,44,9,13,Chips,0.244109,0.189201,66.2663,4.23613,0,-0.00566733,-0.00466,-2.09502e-06,0.00100943,0.00100734,-0.00463309,0,458,0,1,0
2024-05-02,457,44,9,13,Softw,0.210963,0.135348,66.3406,4.29612,0,0.00817701,0.0086712,-9.47443e-06,0.000503666,0.000494191,0.00865833,0,458,0,1,0
2024-05-03,457,44,9,13,Softw,0.265043,0.159537,66.6286,4.32693,0,0.0120216,0.0126647,2.41704e-06,0.000640698,0.000643115,0.012664,0,458,0,1,0
2024-05-06,457,44,9,13,Softw,0.448373,0.327499,67.2465,4.38104,1.0842e-19,0.0101987,0.010035,-1.35739e-06,-0.00016229,-0.000163647,0.0100147,0,459,0,2,0
2024-05-07,457,44,9,13,Chips,0.280249,0.229896,67.5286,4.38924,8.13152e-20,0.000580916,0.000379218,1.22378e-07,-0.00020182,-0.000201698,0.000452132,0,459,0,2,0
2024-05-08,457,44,9,13,Chips,0.262548,0.250951,67.2367,4.37058,-1.0842e-19,0.000157714,2.14341e-05,2.29625e-07,-0.000136509,-0.000136279,9.92662e-05,0,459,0,2,0
2024-05-09,458,44,9,13,Chips,0.181313,0.110826,67.3376,4.3914,-5.42101e-20,0.00476689,0.00509674,-9.32223e-07,0.000330789,0.000329856,0.00510908,0,460,0,2,0
2024-05-10,458,44,9,13,Softw,0.199718,0.158496,67.3082,4.37766,-1.76183e-19,0.00211608,0.00180341,-1.59597e-07,-0.000312513,-0.000312672,0.00180706,0,460,0,2,0
2024-05-13,458,44,9,13,Softw,0.367038,0.272473,67.7433,4.38658,-2.1684e-19,-0.000382272,-9.13399e-05,2.00733e-06,0.000288924,0.000290932,-0.000125921,0,460,0,2,0
2024-05-14,458,44,9,13,Chips,0.385159,0.337536,67.7341,4.39949,1.6263e-19,0.00501368,0.0048345,-1.36021e-07,-0.000179041,-0.000179177,0.00483213,0,460,0,2,0
2024-05-15,458,44,9,13,Chips,0.538098,0.474785,67.5322,4.40906,2.1684e-19,0.01234,0.011424,-1.86044e-07,-0.000915866,-0.000916052,0.0114138,0,460,0,2,0
2024-05-16,458,44,9,13,Chips,0.348556,0.342382,67.9563,4.42594,-1.0842e-19,-0.00192467,-0.00186471,-8.38934e-07,6.07988e-05,5.99599e-05,-0.00186546,0,460,0,2,0
2024-05-17,458,44,9,13,Chips,0.270893,0.197222,68.0674,4.35512,1.0842e-19,0.000953491,0.000661884,5.74127e-07,-0.00029218,-0.000291606,0.000660367,0,460,0,2,0
2024-05-20,458,44,9,13,Chips,0.46684,0.363629,67.799,4.33702,-1.6263e-19,0.000751152,0.00105004,-3.64587e-06,0.000302538,0.000298892,0.00102067,0,460,0,2,0
2024-05-21,458,44,9,13,Chips,0.289709,0.179639,67.7989,4.33898,-3.79471e-19,0.00269617,0.00271454,7.16624e-06,1.12038e-05,1.837e-05,0.00271456,0,460,0,2,0
2024-05-22,458,44,9,13,Chips,0.218813,0.206249,67.7793,4.33878,0,-0.00286572,-0.00282448,-2.80073e-06,4.40411e-05,4.12404e-05,-0.00283811,0,460,0,2,0
2024-05-23,458,44,9,13,Chips,0.446897,0.279968,68.1919,4.39233,2.71051e-20,-0.00775001,-0.00696334,5.26142e-06,0.000781417,0.000786678,-0.00698526,0,460,0,2,0
2024-05-24,458,44,9,13,Chips,0.353276,0.321821,68.6886,4.46987,-2.1684e-19,0.00550838,0.00621559,-7.72139e-06,0.000714931,0.000707209,0.0062059,0,460,0,2,0
2024-05-28,458,44,9,13,Chips,0.507529,0.278895,68.7976,4.47634,2.1684e-19,-0.000609234,-0.000259016,1.34891e-05,0.000336729,0.000350218,-0.000275363,0,460,0,2,0
2024-05-29,458,44,9,13,Chips,0.280178,0.218013,69.643,4.54738,-5.42101e-20,-0.00800374,-0.00759789,7.00155e-06,0.000398843,0.000405845,-0.00760562,0,460,0,2,0
2024-05-30,458,44,9,13,Chips,0.430849,0.282985,69.3942,4.5627,8.67362e-19,-0.00603216,-0.00531556,-6.58952e-06,0.000723186,0.000716596,-0.00529995,0,460,0,2,0
2024-05-31,458,44,9,13,Chips,0.395091,0.325205,68.5752,4.45374,2.1684e-19,0.00820748,0.00814772,-3.52968e-06,-5.62348e-05,-5.97645e-05,0.00814124,0,460,0,2,0
2024-06-03,458,44,9,13,Chips,0.352366,0.275166,67.8784,4.4916,1.0842e-19,-0.000228348,0.000481464,9.82151e-06,0.00069999,0.000709812,0.00046829,0,460,0,2,0
2024-06-04,458,44,9,13,Chips,0.370958,0.319873,68.6133,4.57398,2.1684e-19,0.00191308,0.00188374,8.72578e-06,-3.80718e-05,-2.9346e-05,0.00188008,0,460,0,2,0
2024-06-05,458,44,9,13,Chips,0.595142,0.490643,69.8653,4.65539,-1.0842e-19,0.0114344,0.0112586,-1.64151e-06,-0.000174226,-0.000175868,0.0112256,0,460,0,2,0
2024-06-06,458,44,9,13,Chips,0.273073,0.24716,70.2358,4.68823,2.1684e-19,-0.000197255,-0.000557222,8.18327e-06,-0.00036815,-0.000359966,-0.000572406,0,460,0,2,0
2024-06-07,458,44,9,13,Chips,0.271946,0.250708,70.3913,4.67486,-3.25261e-19,-0.000628227,-0.000559648,4.41319e-07,6.81374e-05,6.85787e-05,-0.000576952,0,460,0,2,0
2024-06-10,458,44,9,13,Chips,0.301819,0.2389,70.7948,4.66136,-2.1684e-19,0.00217026,0.00203703,-2.99273e-06,-0.000130238,-0.00013323,0.00202281,0,460,0,2,0
2024-06-11,458,44,9,13,Chips,0.387811,0.165597,70.4179,4.55835,0,0.00135193,0.00228772,9.40411e-06,0.000926386,0.00093579,0.0022806,0,460,0,2,0
2024-06-12,458,44,9,13,Chips,0.457781,0.428618,71.3897,4.62122,8.13152e-20,0.00849222,0.00882173,2.34797e-06,0.000327165,0.000329513,0.00879732,0,460,0,2,0
2024-06-13,458,44,9,13,Chips,0.249464,0.149672,71.8287,4.57825,2.1684e-19,0.00409425,0.003602,9.58848e-06,-0.000501832,-0.000492243,0.00360983,0,460,0,2,0
2024-06-14,458,44,9,13,Chips,0.278357,0.331936,72.7103,4.5835,-4.33681e-19,-0.000164477,-0.000810664,1.02452e-05,-0.000656431,-0.000646186,-0.000813187,0,460,0,2,0
2024-06-17,458,44,9,13,Chips,0.298147,0.260016,73.1014,4.62066,2.1684e-19,0.00855302,0.00824464,-1.94354e-06,-0.000306433,-0.000308376,0.00827416,0,460,0,2,0
2024-06-18,458,44,9,13,Chips,0.323634,0.282529,73.2157,4.63974,0,0.00358364,0.00345877,-5.09527e-06,-0.000119778,-0.000124873,0.00344845,0,460,0,2,0
2024-06-20,458,44,9,13,Chips,0.388982,0.330153,73.4528,4.64678,-4.33681e-19,-0.00306745,-0.00347778,-2.03644e-06,-0.000408294,-0.00041033,-0.00344621,0,460,0,2,0
2024-06-21,458,44,9,13,Chips,0.39166,0.275263,73.0737,4.67277,-1.0842e-19,-0.00210894,-0.00218753,-5.86708e-06,-7.27195e-05,-7.85865e-05,-0.00220068,0,460,0,2,0
2024-06-24,458,44,9,13,Chips,0.578488,0.423708,72.7524,4.66294,-1.0842e-19,-0.00370259,-0.00386352,-6.41191e-06,-0.000154517,-0.000160929,-0.00386854,0,460,0,2,0
2024-06-25,458,44,9,13,Chips,0.535282,0.380598,72.2658,4.65953,1.0842e-19,0.00167246,0.00216344,7.76791e-06,0.000483216,0.000490984,0.00214807,0,460,0,2,0
2024-06-26,458,44,9,13,Chips,0.282269,0.162642,74.0103,4.70984,1.35525e-19,0.00167653,0.00185073,1.83284e-05,0.000155874,0.000174202,0.00183622,0,460,0,2,0
2024-06-27,458,44,9,13,Chips,0.227454,0.190628,74.1048,4.70923,-2.1684e-19,0.000596259,0.000308436,-3.74309e-06,-0.00028408,-0.000287823,0.000308725,0,460,0,2,0
2024-06-28,458,44,9,13,Chips,0.376592,0.258767,74.0964,4.73577,-1.0842e-19,-0.00261683,-0.00319742,-6.35185e-06,-0.000574237,-0.000580589,-0.00321247,0,460,0,2,0
2024-07-01,458,44,9,13,Chips,0.4699,0.289461,73.2955,4.72821,0,0.00265678,0.00297999,1.5674e-05,0.000307538,0.000323212,0.0029473,0,460,0,2,0
2024-07-02,458,44,9,13,Chips,0.391508,0.179366,73.8984,4.73255,5.42101e-20,0.00657573,0.00605183,4.90082e-06,-0.0005288,-0.000523899,0.00605538,0,460,0,2,0
2024-07-03,458,44,9,13,Chips,0.569631,0.362626,73.632,4.74666,4.33681e-19,0.00530491,0.00526446,7.84969e-06,-4.82968e-05,-4.04472e-05,0.0052683,0,460,0,2,0
2024-07-05,458,44,9,13,Chips,0.414596,0.356124,74.3661,4.82296,-1.0842e-19,0.00355978,0.00326682,7.62705e-06,-0.000300588,-0.000292961,0.00325943,0,460,0,2,0
2024-07-08,458,44,9,13,Chips,0.367101,0.282664,74.805,4.88022,-6.50521e-19,0.00178654,0.00189253,-3.3977e-06,0.000109384,0.000105986,0.00187929,0,460,0,2,0
2024-07-09,458,44,9,13,Chips,0.432156,0.329254,74.7626,4.91996,0,0.00045554,0.000651384,5.77182e-06,0.000190071,0.000195843,0.000654099,0,460,0,2,0
2024-07-10,458,44,9,13,Chips,0.340853,0.267336,75.4799,4.95253,-2.1684e-19,0.00953227,0.00996592,1.72795e-06,0.00043192,0.000433648,0.00995081,0,460,0,2,0
2024-07-11,458,44,9,13,Chips,0.608271,0.440475,75.4321,4.97115,0,-0.00810855,-0.00771921,-2.42743e-05,0.000413617,0.000389342,-0.00768994,0,460,0,2,0
2024-07-12,458,44,9,13,Chips,0.247584,0.169635,74.0457,4.98372,0,0.00632936,0.0063718,-3.71715e-06,4.61606e-05,4.24434e-05,0.0063829,0,460,0,2,0
2024-07-15,458,44,9,13,Chips,0.384064,0.351675,74.1225,5.01794,0,0.00249885,0.00248793,3.37474e-06,-1.42963e-05,-1.09215e-05,0.00247288,0,460,0,2,0
2024-07-16,458,44,9,13,Chips,0.401111,0.355525,74.08,5.04019,0,0.00745583,0.00738642,-7.67637e-06,-6.17387e-05,-6.94151e-05,0.00740524,0,460,0,2,0
2024-07-17,458,44,9,13,Chips,0.742224,0.673737,73.027,4.9816,-2.03288e-19,-0.0136454,-0.013375,3.42468e-06,0.000267011,0.000270436,-0.0133475,0,460,0,2,0
2024-07-18,458,44,9,13,Chips,0.360212,0.28054,72.6306,4.98663,2.1684e-19,-0.00893576,-0.00858192,-1.35781e-06,0.000355195,0.000353837,-0.0085886,0,460,0,2,0
2024-07-19,458,44,9,13,Chips,0.401313,0.327506,72.8444,4.99114,-4.33681e-19,-0.00722449,-0.0073485,-7.14581e-07,-0.000123297,-0.000124011,-0.00734515,0,460,0,2,0
2024-07-22,458,44,9,13,Chips,0.607928,0.445312,72.6175,4.94769,-1.6263e-19,0.00993688,0.00999866,-8.04777e-07,6.25858e-05,6.1781e-05,0.00998937,0,460,0,2,0
2024-07-23,458,44,9,13,Chips,0.307777,0.206766,73.0403,4.94927,-4.33681e-19,-0.00158241,-0.00157419,5.56352e-06,2.66237e-06,8.2259e-06,-0.00158911,0,460,0,2,0
2024-07-24,458,44,9,13,Chips,0.625106,0.463849,73.3371,4.95732,0,-0.0219226,-0.0218667,-1.20477e-05,6.79447e-05,5.5897e-05,-0.0218331,0,460,0,2,0
2024-07-25,458,44,9,13,Chips,0.23045,0.209779,72.0627,4.89684,-1.0842e-19,-0.00371004,-0.00419647,-3.94097e-06,-0.000482486,-0.000486427,-0.00418395,0,460,0,2,0
2024-07-26,458,44,9,13,Chips,0.105874,0.144693,71.0846,4.82243,-1.0842e-19,0.0110846,0.0110856,-3.1281e-06,4.13915e-06,1.01105e-06,0.0110926,0,460,0,2,0
2024-07-29,458,44,9,13,Chips,0.25838,0.131848,70.3755,4.74319,-2.71051e-19,4.93169e-05,0.000264478,3.52009e-06,0.000211641,0.000215161,0.000284748,0,460,0,2,0
2024-07-30,458,44,9,13,Chips,0.485028,0.327493,70.2364,4.75697,-2.1684e-19,-0.00581406,-0.00567066,-7.1526e-06,0.000150557,0.000143405,-0.00565737,0,460,0,2,0
2024-07-31,458,44,9,13,Chips,0.642171,0.45827,69.1981,4.65685,4.33681e-19,0.0171669,0.0164486,1.95124e-05,-0.000737798,-0.000718286,0.0164297,0,460,0,2,0
2024-08-01,458,44,9,13,Chips,0.573748,0.461391,71.3573,4.81288,0,-0.0155648,-0.0153183,-4.06304e-06,0.000250603,0.00024654,-0.0152995,0,460,0,2,0
2024-08-02,458,44,9,13,Chips,0.398163,0.414974,70.2776,4.84858,2.1684e-19,-0.0191649,-0.0187409,5.27996e-07,0.000423482,0.00042401,-0.0187006,0,460,0,2,0
2024-08-05,458,44,9,13,Chips,0.241875,0.125776,69.9758,4.80857,-1.6263e-19,-0.0289338,-0.0297472,-1.36955e-05,-0.000799786,-0.000813481,-0.0297447,0,460,0,2,0
2024-08-06,458,44,9,13,Chips,0.34547,0.277397,69.9319,4.83844,0,0.00926597,0.00946671,-7.02686e-06,0.000207771,0.000200744,0.00957369,0,460,0,2,0
2024-08-07,458,44,9,13,Chips,0.293925,0.229991,69.7973,4.86092,-1.6263e-19,-0.00850365,-0.00834158,3.60016e-06,0.000158473,0.000162073,-0.00836168,0,460,0,2,0
2024-08-08,458,44,9,13,Chips,0.62339,0.535389,69.4256,4.77482,0,0.0232802,0.0227141,-2.32429e-06,-0.000563743,-0.000566068,0.0227342,0,460,0,2,0
2024-08-09,458,44,9,13,Chips,0.288769,0.177499,69.8962,4.82805,0,0.0045785,0.0044054,1.44412e-06,-0.000174547,-0.000173103,0.00439814,0,460,0,2,0
2024-08-12,458,44,9,13,Chips,0.442925,0.289099,69.2608,4.82651,0,0.000398369,0.000635702,1.65912e-06,0.000235674,0.000237333,0.000626269,0,460,0,2,0
2024-08-13,458,44,9,13,Chips,0.426447,0.330989,69.813,4.85372,2.1684e-19,0.0164096,0.0167358,8.75677e-06,0.000317469,0.000326226,0.0167353,0,460,0,2,0
2024-08-14,458,44,9,13,Chips,0.390645,0.343943,70.3844,4.89551,0,0.00480825,0.00474956,9.16743e-08,-5.87877e-05,-5.8696e-05,0.00473511,0,460,0,2,0
2024-08-15,458,44,9,13,Chips,0.620779,0.60268,70.1292,4.88118,-2.1684e-19,0.0175966,0.0170964,6.93699e-06,-0.000507152,-0.000500215,0.0171015,0,460,0,2,0
2024-08-16,458,44,9,13,Chips,0.303171,0.279606,70.0548,4.89158,-1.6263e-19,0.00191987,0.00212072,-6.7774e-07,0.000201533,0.000200855,0.00211568,0,460,0,2,0
2024-08-19,458,44,9,13,Chips,0.349709,0.138178,69.7978,4.83601,-1.49078e-19,0.00883363,0.00903224,8.86455e-07,0.000197727,0.000198614,0.00902239,0,460,0,2,0
2024-08-20,458,44,9,13,Chips,0.385745,0.317813,69.9481,4.86582,-1.6263e-19,-0.00153659,-0.00195857,3.88427e-06,-0.000425865,-0.000421981,-0.00197608,0,460,0,2,0
2024-08-21,458,44,9,13,Chips,0.264546,0.235084,69.7782,4.88319,1.0842e-19,0.004236,0.00430739,-8.63359e-06,8.00308e-05,7.13972e-05,0.00431088,0,460,0,2,0
2024-08-22,458,44,9,13,Chips,0.697303,0.548754,69.7326,4.88364,0,-0.00920089,-0.00924959,-5.71294e-06,-4.2991e-05,-4.8704e-05,-0.00924011,0,460,0,2,0
2024-08-23,458,44,9,13,Chips,0.474107,0.419838,68.6763,4.79466,0,0.011075,0.0116352,-1.68247e-06,0.000561902,0.00056022,0.0116294,0,460,0,2,0
2024-08-26,458,44,9,13,Chips,0.567226,0.455648,68.2746,4.71805,-1.0842e-19,-0.00345542,-0.0033328,-1.24867e-06,0.000123873,0.000122625,-0.00332418,0,460,0,2,0
2024-08-27,458,44,9,13,Chips,0.326036,0.267323,67.9731,4.66716,3.25261e-19,0.00193507,0.00184385,1.82109e-07,-9.14023e-05,-9.12202e-05,0.00183766,0,460,0,2,0
2024-08-28,458,44,9,13,Chips,0.463397,0.361191,68.2605,4.65387,0,-0.00689222,-0.00638999,-3.1525e-06,0.000505382,0.000502229,-0.0063923,0,460,0,2,0
2024-08-29,458,44,9,13,Chips,0.183042,0.0698822,67.5218,4.59637,-2.1684e-19,0.000766687,1.48724e-05,-5.37947e-07,-0.000751277,-0.000751815,1.73065e-05,0,460,0,2,0
2024-08-30,458,44,9,13,Chips,0.297904,0.175362,67.4634,4.66791,-2.1684e-19,0.0104425,0.0101245,3.81499e-06,-0.000321786,-0.000317971,0.0101222,0,460,0,2,0
2024-09-03,458,44,9,13,Chips,0.771305,0.705941,67.3918,4.64262,3.25261e-19,-0.0201997,-0.0206541,-7.29995e-07,-0.000453645,-0.000454375,-0.0206114,0,460,0,2,0
2024-09-04,458,44,9,13,Chips,0.1867,0.107909,66.5771,4.55545,0,-0.000942757,-0.00182892,8.36414e-07,-0.000886997,-0.000886161,-0.00177977,0,460,0,2,0
2024-09-05,458,44,9,13,Chips,0.252544,0.0486124,66.0379,4.54007,2.71051e-20,-0.00353682,-0.00311251,1.09981e-05,0.00041331,0.000424309,-0.00310972,0,460,0,2,0
2024-09-06,458,44,9,13,Chips,0.567347,0.400122,66.1732,4.56808,0,-0.0165228,-0.0162792,-9.75851e-06,0.000253301,0.000243543,-0.0162565,0,460,0,2,0
2024-09-09,458,44,9,13,Chips,0.256028,0.163212,65.861,4.54068,5.42101e-20,0.0131628,0.0128357,5.37637e-06,-0.000332443,-0.000327067,0.0128262,0,460,0,2,0
2024-09-10,458,44,9,13,Chips,0.297939,0.218633,66.0357,4.56439,-4.33681e-19,0.00565053,0.00537025,8.32912e-06,-0.000288607,-0.000280278,0.0053576,0,460,0,2,0
2024-09-11,458,44,9,13,Chips,0.68588,0.532826,66.4041,4.56246,-5.42101e-20,0.0102582,0.0106888,1.37643e-05,0.000416877,0.000430642,0.010687,0,460,0,2,0
2024-09-12,458,44,9,13,Chips,0.247559,0.146969,67.4787,4.65649,-1.35525e-19,0.00649882,0.0066636,1.61731e-06,0.000163164,0.000164781,0.006653,0,460,0,2,0
2024-09-13,458,44,9,13,Chips,0.226868,0.23087,67.8959,4.71702,-1.0842e-19,0.00523879,0.00517283,-4.12608e-06,-6.18337e-05,-6.59598e-05,0.00517039,0,460,0,2,0
2024-09-16,458,44,9,13,Chips,0.310761,0.143238,67.4508,4.74729,-3.25261e-19,0.00123795,0.000641703,-9.01276e-06,-0.000587235,-0.000596248,0.00063697,0,460,0,2,0
2024-09-17,458,44,9,13,Chips,0.414243,0.356419,67.3435,4.78921,-2.1684e-19,-0.00154284,-0.000954559,6.14577e-07,0.000587666,0.00058828,-0.000951208,0,460,0,2,0
2024-09-18,458,44,9,13,Chips,0.218433,0.148741,67.3375,4.79518,1.0842e-19,-0.00391024,-0.00357567,-1.12404e-06,0.0003357,0.000334576,-0.00356023,0,460,0,2,0
2024-09-19,458,44,9,13,Chips,0.624124,0.530022,67.1079,4.79974,5.42101e-20,0.0162012,0.0162594,9.53729e-06,4.86283e-05,5.81656e-05,0.0162372,0,460,0,2,0
2024-09-20,458,44,9,13,Chips,0.247731,0.244292,67.7926,4.87756,-4.33681e-19,-0.00157224,-0.00232717,1.03445e-06,-0.000755959,-0.000754925,-0.00232157,0,460,0,2,0
2024-09-23,458,44,9,13,Chips,0.269519,0.19259,67.4469,4.80866,-1.35525e-19,0.0036711,0.00329873,-8.39777e-07,-0.000371531,-0.000372371,0.00330011,0,460,0,2,0
2024-09-24,455,44,9,13,Chips,0.339185,0.301333,67.267,4.76355,5.42101e-20,0.00208822,0.00229486,1.64205e-06,0.000204997,0.000206639,0.00230723,0,457,0,2,0
2024-09-25,455,44,9,13,Chips,0.316276,0.261257,67.499,4.7714,-2.1684e-19,-0.00187992,-0.00201319,6.71595e-06,-0.000139981,-0.000133265,-0.0020064,0,457,0,2,0
2024-09-26,455,44,9,13,Chips,0.429313,0.424834,67.7724,4.78241,-3.25261e-19,0.00383164,0.0036554,-3.055e-06,-0.000173188,-0.000176243,0.00364836,0,457,0,2,0
2024-09-27,455,44,9,13,Chips,0.43239,0.295589,67.6036,4.84176,-6.77626e-20,-0.00202516,-0.00192713,-6.69311e-06,0.000104718,9.80244e-05,-0.00192343,0,457,0,2,0
2024-09-30,455,44,9,13,Chips,0.382901,0.378908,67.0435,4.81159,1.35525e-19,0.00348736,0.00369866,1.27115e-06,0.000210032,0.000211303,0.00370439,0,457,0,2,0
2024-10-01,455,44,9,13,Chips,0.538229,0.431494,67.1018,4.83537,2.1684e-19,-0.00973389,-0.0102502,-5.46662e-06,-0.000510886,-0.000516352,-0.010265,0,457,0,2,0
2024-10-02,454,44,9,13,Chips,0.356087,0.299706,66.7304,4.84588,-5.42101e-20,0.00063618,0.000272092,1.77855e-06,-0.000365867,-0.000364089,0.000258589,0,456,0,2,0
2024-10-03,454,44,9,13,Chips,0.438563,0.371491,66.6476,4.80997,2.71051e-20,-0.00281918,-0.0026133,-2.17574e-06,0.000208055,0.00020588,-0.00263392,0,456,0,2,0
2024-10-04,454,44,9,13,Chips,0.406194,0.349599,66.8079,4.81658,5.42101e-20,0.00882081,0.00845076,5.96193e-06,-0.000376017,-0.000370055,0.0084443,0,457,0,3,0
2024-10-07,454,44,9,13,Chips,0.310042,0.255868,67.6412,4.86691,-2.1684e-19,-0.00883403,-0.00892647,-1.23758e-05,-8.00611e-05,-9.24369e-05,-0.00893067,0,457,0,3,0
2024-10-08,454,44,9,13,Chips,0.512332,0.424682,67.0544,4.79464,3.25261e-19,0.00946266,0.00961772,5.93402e-06,0.000149121,0.000155055,0.00960001,0,457,0,3,0
2024-10-09,454,44,9,13,Chips,0.248869,0.18408,67.7048,4.84047,-2.1684e-19,0.00839573,0.00827523,6.40912e-07,-0.000121146,-0.000120505,0.00824629,0,457,0,3,0
2024-10-10,454,44,9,13,Chips,0.205287,0.186526,67.8779,4.89202,-2.71051e-20,-0.00245675,-0.00217566,8.69572e-06,0.000272392,0.000281087,-0.00219057,0,457,0,3,0
2024-10-11,454,44,9,13,Chips,0.347357,0.131751,68.5651,4.96706,-6.77626e-20,0.00548015,0.00549107,-1.0819e-05,2.17436e-05,1.09246e-05,0.00549792,0,457,0,3,0
2024-10-14,454,44,9,13,Chips,0.216393,0.200393,68.4691,4.94238,1.6263e-19,0.00730687,0.00765211,-6.33424e-07,0.000345871,0.000345237,0.00764584,0,457,0,3,0
2024-10-15,454,44,9,13,Chips,0.504074,0.428924,68.5595,4.94627,-2.1684e-19,-0.00861168,-0.00806468,-1.30352e-05,0.000560041,0.000547005,-0.0080505,0,457,0,3,0
2024-10-16,454,44,9,13,Chips,0.266951,0.237528,67.8005,4.86086,1.6263e-19,0.00559337,0.00535063,2.22589e-06,-0.000244967,-0.000242741,0.00532941,0,457,0,3,0
2024-10-17,454,44,9,13,Chips,0.130929,0.132142,67.8449,4.84536,0,7.89315e-05,0.000152336,2.78825e-06,7.06165e-05,7.34048e-05,0.000148587,0,457,0,3,0
2024-10-18,454,44,9,13,Chips,0.361407,0.270944,68.1033,4.86308,0,0.00382459,0.0040148,7.77772e-06,0.000182432,0.00019021,0.00402428,0,457,0,3,0
2024-10-21,454,44,9,13,Chips,0.440318,0.204507,68.4095,4.94117,-1.0842e-19,-0.00292924,-0.00242053,1.19068e-05,0.0004968,0.000508707,-0.00238407,0,457,0,3,0
2024-10-22,454,44,9,13,Chips,0.336237,0.24962,68.9253,4.95719,5.42101e-20,-0.00149059,-0.00095242,1.01633e-05,0.000528004,0.000538168,-0.00096173,0,457,0,3,0
2024-10-23,454,44,9,13,Chips,0.352575,0.25859,69.5313,4.88886,-1.35525e-19,-0.00836729,-0.00858828,-1.47531e-05,-0.000206239,-0.000220992,-0.00857984,0,457,0,3,0
2024-10-24,454,44,9,13,Chips,0.418609,0.135522,69.2207,4.86574,0,0.00295452,0.00236845,1.28541e-05,-0.000598931,-0.000586077,0.00233971,0,457,0,3,0
2024-10-25,454,44,9,13,Chips,0.359165,0.352102,70.1556,4.81835,9.48677e-20,-0.00161104,-0.00138944,5.75419e-06,0.000215847,0.000221601,-0.00141416,0,457,0,3,0
2024-10-28,454,44,9,13,Chips,0.330095,0.30279,72.3932,4.84583,-1.6263e-19,0.00175929,0.00193259,-4.03012e-06,0.000177327,0.000173297,0.00191272,0,457,0,3,0
2024-10-29,454,44,9,13,Chips,0.405536,0.294102,72.1033,4.81261,-4.33681e-19,0.000601353,0.000134146,7.3876e-06,-0.000474595,-0.000467207,0.000120066,0,457,0,3,0
2024-10-30,454,44,9,13,Chips,0.198013,0.172815,72.2832,4.825,-1.0842e-19,-0.00616651,-0.00501062,-3.29057e-06,0.00115918,0.00115588,-0.00497732,0,457,0,3,0
2024-10-31,454,44,9,13,Chips,0.31496,0.245024,71.3059,4.76146,0,-0.0169633,-0.0181523,-2.00288e-05,-0.00116895,-0.00118898,-0.0181124,0,457,0,3,0
2024-11-01,454,44,9,13,Chips,0.302274,0.278019,70.5636,4.76733,1.89735e-19,0.00441482,0.00461331,1.82349e-05,0.000180252,0.000198487,0.00458606,0,457,0,3,0
2024-11-04,454,44,9,13,Chips,0.275274,0.23389,70.7601,4.7656,3.25261e-19,-0.00227295,-0.00208288,-1.56372e-05,0.000205704,0.000190067,-0.00206047,0,457,0,3,0
2024-11-05,454,44,9,13,Chips,0.227624,0.179474,70.651,4.81512,-5.42101e-20,0.0116202,0.0118112,1.17107e-07,0.000190827,0.000190944,0.0118086,0,457,0,3,0
2024-11-06,454,44,9,13,Chips,0.439074,0.374109,70.3456,4.80757,-5.42101e-19,0.0253652,0.0249477,8.03521e-06,-0.000425492,-0.000417456,0.0248402,0,457,0,3,0
2024-11-07,454,44,9,13,Chips,0.345979,0.255341,70.8624,4.70122,-4.33681e-19,0.00639914,0.00627318,3.88151e-06,-0.000129846,-0.000125964,0.00629923,0,457,0,3,0
2024-11-08,454,44,9,13,Chips,0.319521,0.311064,71.451,4.73277,-3.25261e-19,0.00570387,0.00518045,-6.74536e-06,-0.000516668,-0.000523413,0.00518015,0,457,0,3,0
2024-11-11,454,44,9,13,Chips,0.317283,0.208468,71.3129,4.72675,0,0.00128696,0.000628576,-7.48875e-06,-0.000650899,-0.000658388,0.000619417,0,457,0,3,0
2024-11-12,454,44,9,13,Chips,0.325713,0.220837,70.7936,4.67841,0,-0.00448321,-0.00344337,7.69167e-07,0.00103907,0.00103984,-0.00344888,0,457,0,3,0
2024-11-13,454,44,9,13,Chips,0.283584,0.215435,71.2252,4.72734,0,0.000586061,0.00100253,5.91894e-06,0.000410549,0.000416468,0.000986074,0,457,0,3,0
2024-11-14,454,44,9,13,Chips,0.259295,0.171696,71.1659,4.68753,1.89735e-19,-0.00689218,-0.00624397,6.5425e-06,0.000641666,0.000648209,-0.00623236,0,457,0,3,0
2024-11-15,454,44,9,13,Chips,0.493682,0.40516,71.0132,4.66549,-2.1684e-19,-0.0123676,-0.012953,-8.92303e-06,-0.000576465,-0.000585388,-0.0129288,0,457,0,3,0
2024-11-18,454,44,9,13,Chips,0.246144,0.181673,70.7536,4.64493,-1.0842e-19,0.00406629,0.00363522,-2.79204e-06,-0.000428272,-0.000431064,0.00363246,0,457,0,3,0
2024-11-19,454,44,9,13,Chips,0.343597,0.248323,71.0035,4.67746,0,0.00315434,0.00332781,1.08482e-05,0.000162619,0.000173467,0.00332248,0,457,0,3,0
2024-11-20,454,44,9,13,Chips,0.191211,0.167184,71.882,4.74315,4.33681e-19,6.99511e-05,0.000129642,8.38776e-07,5.88527e-05,5.96914e-05,0.000161493,0,457,0,3,0
2024-11-21,454,44,9,13,Chips,0.26377,0.210408,71.8758,4.75281,2.71051e-20,0.00860444,0.00761089,-1.31871e-05,-0.000980367,-0.000993554,0.00758187,0,457,0,3,0
2024-11-22,454,44,9,13,Chips,0.286448,0.179069,71.2608,4.69391,1.0842e-19,0.00448719,0.00418281,-1.19757e-05,-0.00029241,-0.000304386,0.00417859,0,457,0,3,0
2024-11-25,454,44,9,13,Chips,0.493014,0.411169,71.1069,4.66597,0,0.00213916,0.00203599,-1.07287e-05,-9.24362e-05,-0.000103165,0.00205008,0,457,0,3,0
2024-11-26,454,44,9,13,Chips,0.410189,0.392773,70.5032,4.70148,0,0.00556079,0.00577938,1.01127e-05,0.000208482,0.000218594,0.00573173,0,457,0,3,0
2024-11-27,455,44,9,13,Chips,0.473941,0.397492,71.1246,4.73392,-1.0842e-19,-0.00479711,-0.00415729,-7.54222e-06,0.000647371,0.000639829,-0.00414311,0,458,0,3,0
2024-11-29,455,44,9,13,Chips,0.430553,0.260277,71.3056,4.77142,1.0842e-19,0.00598289,0.00597705,1.33582e-05,-1.91924e-05,-5.83423e-06,0.00596402,0,458,0,3,0
2024-12-02,455,44,9,13,Chips,0.484138,0.418503,71.3343,4.82238,2.1684e-19,0.00161951,0.00135833,1.5373e-05,-0.000276557,-0.000261184,0.00135258,0,458,0,3,0
2024-12-03,455,44,9,13,Chips,0.285603,0.156245,71.5479,4.80622,-5.42101e-20,-0.00069476,-0.000412597,7.82518e-06,0.000274337,0.000282163,-0.000444524,0,458,0,3,0
2024-12-04,455,44,9,13,Chips,0.456024,0.320922,72.0982,4.88929,-8.67362e-19,0.00620633,0.00587075,7.11016e-06,-0.000342682,-0.000335572,0.00584973,0,458,0,3,0
2024-12-05,455,44,9,13,Chips,0.321351,0.229275,72.8759,4.91609,0,-0.00188656,-0.00143851,6.66477e-07,0.000447388,0.000448054,-0.00146183,0,458,0,3,0
2024-12-06,455,44,9,13,Chips,0.361517,0.271505,72.8801,4.89468,5.42101e-20,0.00250294,0.00185582,1.31408e-05,-0.000660269,-0.000647129,0.00184307,0,458,0,3,0
2024-12-09,455,44,9,13,Chips,0.487985,0.485241,73.2585,4.95625,-3.25261e-19,-0.00737756,-0.00664303,5.66311e-06,0.000728867,0.00073453,-0.0066227,0,458,0,3,0
2024-12-10,455,44,9,13,Chips,0.385104,0.310461,73.4585,4.99195,0,-0.00548369,-0.0055455,-4.79005e-06,-5.70232e-05,-6.18133e-05,-0.00553388,0,458,0,3,0
2024-12-11,455,44,9,13,Chips,0.463493,0.263038,73.2472,4.94204,2.43945e-19,0.00608298,0.0059441,1.9649e-05,-0.000158525,-0.000138876,0.00590799,0,458,0,3,0
2024-12-12,455,44,9,13,Chips,0.154119,0.154501,73.5874,4.94244,2.1684e-19,-0.00585539,-0.00522108,-7.3117e-06,0.000641623,0.000634311,-0.0052144,0,458,0,3,0
2024-12-13,455,44,9,13,Chips,0.177767,0.0268465,73.696,4.93319,-6.50521e-19,0.00219943,0.000940727,2.34441e-05,-0.00128215,-0.00125871,0.000920736,0,458,0,3,0
2024-12-16,455,44,9,13,Chips,0.392894,0.241606,74.2211,4.83951,9.48677e-20,0.00287895,0.00261356,2.58502e-05,-0.00029124,-0.00026539,0.00259421,0,458,0,3,0
2024-12-17,455,44,9,13,Chips,0.399825,0.289669,74.8492,4.86864,-2.1684e-19,-0.00379068,-0.00368452,2.48128e-06,0.000103683,0.000106165,-0.00369193,0,458,0,3,0
2024-12-18,455,44,9,13,Chips,0.455134,0.380984,74.6257,4.81545,1.6263e-19,-0.0293738,-0.0294346,-1.22139e-05,-4.86007e-05,-6.08146e-05,-0.0294245,0,458,0,3,0
2024-12-19,455,44,9,13,Chips,0.196119,0.147465,74.6369,4.74359,2.1684e-19,-0.00164032,-0.00120138,3.15494e-06,0.000435784,0.000438939,-0.00119125,0,458,0,3,0
2024-12-20,455,44,9,13,Chips,0.271067,0.156712,75.5718,4.77414,5.0822e-19,0.0101969,0.0105791,-4.49193e-06,0.000386721,0.000382229,0.0105921,0,458,0,3,0
2024-12-23,455,44,9,13,Chips,0.572098,0.372757,75.33,4.84552,-2.1684e-19,0.00641998,0.00622945,1.96776e-05,-0.000210209,-0.000190532,0.006149,0,458,0,3,0
2024-12-24,457,44,9,13,Chips,0.535938,0.207961,75.7397,4.80597,8.13152e-20,0.0117352,0.0113715,1.08938e-05,-0.000374577,-0.000363683,0.0113491,0,460,0,3,0
2024-12-26,457,44,9,13,Chips,0.215218,0.124706,75.8719,4.784,5.42101e-20,-0.00038868,-0.000322088,-2.59746e-06,6.919e-05,6.65926e-05,-0.000310201,0,460,0,3,0
2024-12-27,457,44,9,13,Chips,0.693569,0.500362,75.7007,4.76189,5.42101e-20,-0.0110944,-0.0112467,-1.13987e-05,-0.000140874,-0.000152273,-0.0112362,0,460,0,3,0
2024-12-30,457,44,9,13,Chips,0.372189,0.369175,75.5471,4.76976,-1.0842e-19,-0.0114144,-0.0110246,-2.86211e-06,0.000392657,0.000389795,-0.0110297,0,460,0,3,0
2024-12-31,457,44,9,13,Chips,0.734755,0.559071,75.3874,4.76001,-8.13152e-20,-0.00399192,-0.00407767,-1.14881e-05,-7.42662e-05,-8.57543e-05,-0.00406673,0,460,0,3,0
