date,universe,with_cap,BETA,MOMENTUM,SIZE,NLSIZE,RESVOL,LIQUIDITY
2007-04-02,326,307,307,305,307,307,307,307
2007-04-03,326,307,307,305,307,307,307,307
2007-04-04,326,307,307,305,307,307,307,307
2007-04-05,326,307,307,305,307,307,307,307
2007-04-09,326,307,307,305,307,307,307,307
2007-04-10,326,307,307,305,307,307,307,307
2007-04-11,326,307,307,305,307,307,307,307
2007-04-12,326,307,307,305,307,307,307,307
2007-04-13,326,307,307,305,307,307,307,307
2007-04-16,326,307,307,305,307,307,307,307
2007-04-17,326,307,307,305,307,307,307,307
2007-04-18,326,307,307,305,307,307,307,307
2007-04-19,326,307,307,305,307,307,307,307
2007-04-20,326,307,307,305,307,307,307,307
2007-04-23,326,307,307,305,307,307,307,307
2007-04-24,326,307,307,305,307,307,307,307
2007-04-25,326,307,307,305,307,307,307,307
2007-04-26,326,307,307,305,307,307,307,307
2007-04-27,326,307,307,305,307,307,307,307
2007-04-30,326,307,307,305,307,307,307,307
2007-05-01,326,307,307,305,307,307,307,307
2007-05-02,326,307,307,305,307,307,307,307
2007-05-03,326,307,307,305,307,307,307,307
2007-05-04,326,307,307,305,307,307,307,307
2007-05-07,326,307,307,305,307,307,307,307
2007-05-08,326,307,307,305,307,307,307,307
2007-05-09,326,307,307,305,307,307,307,307
2007-05-10,326,307,307,305,307,307,307,307
2007-05-11,326,307,307,305,307,307,307,307
2007-05-14,326,307,307,305,307,307,307,307
2007-05-15,326,307,307,305,307,307,307,307
2007-05-16,326,307,307,305,307,307,307,307
2007-05-17,326,307,307,305,307,307,307,307
2007-05-18,326,307,307,305,307,307,307,307
2007-05-21,326,307,307,305,307,307,307,307
2007-05-22,326,307,307,305,307,307,307,307
2007-05-23,326,307,307,305,307,307,307,307
2007-05-24,326,307,307,305,307,307,307,307
2007-05-25,327,308,307,305,308,308,307,308
2007-05-29,327,308,308,305,308,308,308,308
2007-05-30,327,308,308,305,308,308,308,308
2007-05-31,327,308,308,305,308,308,308,308
2007-06-01,327,308,308,305,308,308,308,308
2007-06-04,327,308,308,305,308,308,308,308
2007-06-05,327,308,308,305,308,308,308,308
2007-06-06,327,308,308,305,308,308,308,308
2007-06-07,327,308,308,305,308,308,308,308
2007-06-08,327,308,308,305,308,308,308,308
2007-06-11,327,308,308,305,308,308,308,308
2007-06-12,327,308,308,305,308,308,308,308
2007-06-13,327,308,308,305,308,308,308,308
2007-06-14,327,308,308,305,308,308,308,308
2007-06-15,327,308,308,305,308,308,308,308
2007-06-18,327,308,308,305,308,308,308,308
2007-06-19,327,308,308,305,308,308,308,308
2007-06-20,327,308,308,305,308,308,308,308
2007-06-21,327,308,308,305,308,308,308,308
2007-06-22,327,308,308,305,308,308,308,308
2007-06-25,327,308,308,305,308,308,308,308
2007-06-26,327,308,308,305,308,308,308,308
2007-06-27,327,308,308,305,308,308,308,308
2007-06-28,327,308,308,305,308,308,308,308
2007-06-29,327,308,308,305,308,308,308,308
2007-07-02,327,308,308,305,308,308,308,308
2007-07-03,327,308,308,305,308,308,308,308
2007-07-05,327,308,308,305,308,308,308,308
2007-07-06,327,308,308,305,308,308,308,308
2007-07-09,327,308,308,305,308,308,308,308
2007-07-10,327,308,308,305,308,308,308,308
2007-07-11,327,308,308,305,308,308,308,308
2007-07-12,327,308,308,305,308,308,308,308
2007-07-13,327,308,308,305,308,308,308,308
2007-07-16,327,308,308,305,308,308,308,308
2007-07-17,327,308,308,305,308,308,308,308
2007-07-18,327,308,308,305,308,308,308,308
2007-07-19,327,308,308,305,308,308,308,308
2007-07-20,327,308,308,305,308,308,308,308
2007-07-23,327,308,308,305,308,308,308,308
2007-07-24,327,308,308,305,308,308,308,308
2007-07-25,327,308,308,305,308,308,308,308
2007-07-26,327,308,308,305,308,308,308,308
2007-07-27,327,308,308,305,308,308,308,308
2007-07-30,327,308,308,305,308,308,308,308
2007-07-31,327,308,308,305,308,308,308,308
2007-08-01,327,308,308,305,308,308,308,308
2007-08-02,327,308,308,305,308,308,308,308
2007-08-03,327,308,308,305,308,308,308,308
2007-08-06,327,308,308,305,308,308,308,308
2007-08-07,327,308,308,305,308,308,308,308
2007-08-08,327,308,308,305,308,308,308,308
2007-08-09,327,308,308,305,308,308,308,308
2007-08-10,327,308,308,305,308,308,308,308
2007-08-13,327,308,308,305,308,308,308,308
2007-08-14,327,308,308,305,308,308,308,308
2007-08-15,327,308,308,305,308,308,308,308
2007-08-16,327,308,308,305,308,308,308,308
2007-08-17,327,308,308,305,308,308,308,308
2007-08-20,327,308,308,305,308,308,308,308
2007-08-21,327,308,308,305,308,308,308,308
2007-08-22,327,308,308,305,308,308,308,308
2007-08-23,327,308,308,305,308,308,308,308
2007-08-24,327,308,308,305,308,308,308,308
2007-08-27,327,308,308,305,308,308,308,308
2007-08-28,327,308,308,305,308,308,308,308
2007-08-29,327,308,308,305,308,308,308,308
2007-08-30,327,308,308,305,308,308,308,308
2007-08-31,327,308,308,305,308,308,308,308
2007-09-04,327,308,308,305,308,308,308,308
2007-09-05,327,308,308,305,308,308,308,308
2007-09-06,327,308,308,305,308,308,308,308
2007-09-07,327,308,308,305,308,308,308,308
2007-09-10,327,308,308,305,308,308,308,308
2007-09-11,327,308,308,305,308,308,308,308
2007-09-12,327,308,308,305,308,308,308,308
2007-09-13,327,308,308,306,308,308,308,308
2007-09-14,327,308,308,306,308,308,308,308
2007-09-17,327,308,308,306,308,308,308,308
2007-09-18,327,308,308,306,308,308,308,308
2007-09-19,327,308,308,306,308,308,308,308
2007-09-20,327,308,308,306,308,308,308,308
2007-09-21,327,308,308,306,308,308,308,308
2007-09-24,327,308,308,306,308,308,308,308
2007-09-25,327,308,308,306,308,308,308,308
2007-09-26,328,309,309,306,309,309,309,309
2007-09-27,328,309,309,306,309,309,309,309
2007-09-28,328,309,309,306,309,309,309,309
2007-10-01,328,309,309,306,309,309,309,309
2007-10-02,330,310,309,306,310,310,309,310
2007-10-03,330,310,310,306,310,310,310,310
2007-10-04,330,310,310,306,310,310,310,310
2007-10-05,330,310,310,306,310,310,310,310
2007-10-08,330,310,310,306,310,310,310,310
2007-10-09,330,310,310,306,310,310,310,310
2007-10-10,330,310,310,306,310,310,310,310
2007-10-11,330,310,310,306,310,310,310,310
2007-10-12,330,310,310,306,310,310,310,310
2007-10-15,330,310,310,306,310,310,310,310
2007-10-16,330,310,310,306,310,310,310,310
2007-10-17,330,310,310,307,310,310,310,310
2007-10-18,330,310,310,307,310,310,310,310
2007-10-19,330,310,310,307,310,310,310,310
2007-10-22,330,310,310,307,310,310,310,310
2007-10-23,330,310,310,307,310,310,310,310
2007-10-24,330,310,310,307,310,310,310,310
2007-10-25,330,310,310,307,310,310,310,310
2007-10-26,331,311,311,308,311,311,311,311
2007-10-29,331,311,311,308,311,311,311,311
2007-10-30,331,311,311,308,311,311,311,311
2007-10-31,331,311,311,308,311,311,311,311
2007-11-01,331,311,311,308,311,311,311,311
2007-11-02,331,311,311,308,311,311,311,311
2007-11-05,331,311,311,308,311,311,311,311
2007-11-06,331,311,311,308,311,311,311,311
2007-11-07,331,311,311,308,311,311,311,311
2007-11-08,331,311,311,308,311,311,311,311
2007-11-09,331,311,311,308,311,311,311,311
2007-11-12,331,311,311,308,311,311,311,311
2007-11-13,331,311,311,308,311,311,311,311
2007-11-14,331,311,311,308,311,311,311,311
2007-11-15,331,311,311,308,311,311,311,311
2007-11-16,331,311,311,308,311,311,311,311
2007-11-19,332,312,311,308,312,312,311,312
2007-11-20,332,312,312,308,312,312,312,312
2007-11-21,332,312,312,308,312,312,312,312
2007-11-23,332,312,312,308,312,312,312,312
2007-11-26,332,312,312,308,312,312,312,312
2007-11-27,332,312,312,308,312,312,312,312
2007-11-28,332,312,312,308,312,312,312,312
2007-11-29,332,312,312,308,312,312,312,312
2007-11-30,332,312,312,308,312,312,312,312
2007-12-03,332,312,312,308,312,312,312,312
2007-12-04,332,312,312,308,312,312,312,312
2007-12-05,332,312,312,308,312,312,312,312
2007-12-06,332,312,312,308,312,312,312,312
2007-12-07,332,312,312,308,312,312,312,312
2007-12-10,332,312,312,308,312,312,312,312
2007-12-11,332,312,312,308,312,312,312,312
2007-12-12,332,312,312,308,312,312,312,312
2007-12-13,333,313,313,309,313,313,313,313
2007-12-14,333,313,313,309,313,313,313,313
2007-12-17,333,313,313,309,313,313,313,313
2007-12-18,333,313,313,309,313,313,313,313
2007-12-19,333,313,313,310,313,313,313,313
2007-12-20,334,314,314,311,314,314,314,314
2007-12-21,334,314,314,311,314,314,314,314
2007-12-24,334,314,314,311,314,314,314,314
2007-12-26,334,314,314,311,314,314,314,314
2007-12-27,334,314,314,311,314,314,314,314
2007-12-28,334,314,314,311,314,314,314,314
2007-12-31,334,314,314,311,314,314,314,314
2008-01-02,334,314,314,311,314,314,314,314
2008-01-03,334,314,314,311,314,314,314,314
2008-01-04,334,314,314,311,314,314,314,314
2008-01-07,334,314,314,311,314,314,314,314
2008-01-08,334,314,314,311,314,314,314,314
2008-01-09,334,314,314,311,314,314,314,314
2008-01-10,334,314,314,311,314,314,314,314
2008-01-11,334,314,314,311,314,314,314,314
2008-01-14,334,314,314,311,314,314,314,314
2008-01-15,334,314,314,311,314,314,314,314
2008-01-16,334,314,314,311,314,314,314,314
2008-01-17,334,314,314,311,314,314,314,314
2008-01-18,334,314,314,311,314,314,314,314
2008-01-22,334,314,314,311,314,314,314,314
2008-01-23,334,314,314,311,314,314,314,314
2008-01-24,334,314,314,311,314,314,314,314
2008-01-25,334,314,314,311,314,314,314,314
2008-01-28,334,314,314,311,314,314,314,314
2008-01-29,334,314,314,311,314,314,314,314
2008-01-30,334,314,314,311,314,314,314,314
2008-01-31,334,314,314,311,314,314,314,314
2008-02-01,334,314,314,311,314,314,314,314
2008-02-04,334,314,314,311,314,314,314,314
2008-02-05,334,314,314,311,314,314,314,314
2008-02-06,334,314,314,311,314,314,314,314
2008-02-07,334,314,314,311,314,314,314,314
2008-02-08,334,314,314,311,314,314,314,314
2008-02-11,334,314,314,311,314,314,314,314
2008-02-12,334,314,314,311,314,314,314,314
2008-02-13,334,314,314,311,314,314,314,314
2008-02-14,334,314,314,311,314,314,314,314
2008-02-15,334,314,314,311,314,314,314,314
2008-02-19,334,314,314,311,314,314,314,314
2008-02-20,334,314,314,311,314,314,314,314
2008-02-21,334,314,314,311,314,314,314,314
2008-02-22,334,314,314,311,314,314,314,314
2008-02-25,334,314,314,311,314,314,314,314
2008-02-26,334,314,314,311,314,314,314,314
2008-02-27,334,314,314,311,314,314,314,314
2008-02-28,334,314,314,311,314,314,314,314
2008-02-29,334,314,314,311,314,314,314,314
2008-03-03,334,314,314,311,314,314,314,314
2008-03-04,334,314,314,311,314,314,314,314
2008-03-05,334,314,314,311,314,314,314,314
2008-03-06,334,314,314,311,314,314,314,314
2008-03-07,334,314,314,311,314,314,314,314
2008-03-10,334,314,314,311,314,314,314,314
2008-03-11,334,314,314,311,314,314,314,314
2008-03-12,334,314,314,311,314,314,314,314
2008-03-13,334,314,314,311,314,314,314,314
2008-03-14,334,314,314,311,314,314,314,314
2008-03-17,334,314,314,311,314,314,314,314
2008-03-18,334,314,314,311,314,314,314,314
2008-03-19,334,314,314,311,314,314,314,314
2008-03-20,334,314,314,311,314,314,314,314
2008-03-24,334,314,314,311,314,314,314,314
2008-03-25,334,314,314,311,314,314,314,314
2008-03-26,334,314,314,311,314,314,314,314
2008-03-27,334,314,314,311,314,314,314,314
2008-03-28,334,314,314,311,314,314,314,314
2008-03-31,334,314,314,311,314,314,314,314
2008-04-01,334,314,314,311,314,314,314,314
2008-04-02,334,314,314,311,314,314,314,314
2008-04-03,334,314,314,311,314,314,314,314
2008-04-04,334,314,314,311,314,314,314,314
2008-04-07,334,314,314,311,314,314,314,314
2008-04-08,334,314,314,311,314,314,314,314
2008-04-09,334,314,314,311,314,314,314,314
2008-04-10,334,314,314,311,314,314,314,314
2008-04-11,334,314,314,311,314,314,314,314
2008-04-14,334,314,314,311,314,314,314,314
2008-04-15,334,314,314,311,314,314,314,314
2008-04-16,334,314,314,311,314,314,314,314
2008-04-17,334,314,314,311,314,314,314,314
2008-04-18,334,314,314,311,314,314,314,314
2008-04-21,334,314,314,311,314,314,314,314
2008-04-22,334,314,314,311,314,314,314,314
2008-04-23,334,314,314,311,314,314,314,314
2008-04-24,334,314,314,311,314,314,314,314
2008-04-25,334,314,314,311,314,314,314,314
2008-04-28,334,314,314,311,314,314,314,314
2008-04-29,334,314,314,311,314,314,314,314
2008-04-30,334,314,314,311,314,314,314,314
2008-05-01,334,314,314,311,314,314,314,314
2008-05-02,334,314,314,311,314,314,314,314
2008-05-05,334,314,314,311,314,314,314,314
2008-05-06,334,314,314,311,314,314,314,314
2008-05-07,334,314,314,311,314,314,314,314
2008-05-08,334,314,314,311,314,314,314,314
2008-05-09,334,314,314,311,314,314,314,314
2008-05-12,334,314,314,311,314,314,314,314
2008-05-13,334,314,314,311,314,314,314,314
2008-05-14,334,314,314,311,314,314,314,314
2008-05-15,334,314,314,311,314,314,314,314
2008-05-16,334,314,314,311,314,314,314,314
2008-05-19,334,314,314,311,314,314,314,314
2008-05-20,334,314,314,311,314,314,314,314
2008-05-21,334,314,314,311,314,314,314,314
2008-05-22,334,314,314,311,314,314,314,314
2008-05-23,334,314,314,311,314,314,314,314
2008-05-27,334,314,314,311,314,314,314,314
2008-05-28,334,314,314,311,314,314,314,314
2008-05-29,334,314,314,311,314,314,314,314
2008-05-30,334,314,314,311,314,314,314,314
2008-06-02,334,314,314,311,314,314,314,314
2008-06-03,334,314,314,311,314,314,314,314
2008-06-04,334,314,314,311,314,314,314,314
2008-06-05,334,314,314,311,314,314,314,314
2008-06-06,334,314,314,311,314,314,314,314
2008-06-09,334,314,314,311,314,314,314,314
2008-06-10,334,314,314,311,314,314,314,314
2008-06-11,334,314,314,311,314,314,314,314
2008-06-12,335,315,314,311,315,315,314,315
2008-06-13,335,315,315,311,315,315,315,315
2008-06-16,335,315,315,311,315,315,315,315
2008-06-17,335,315,315,311,315,315,315,315
2008-06-18,335,315,315,311,315,315,315,315
2008-06-19,335,315,315,311,315,315,315,315
2008-06-20,335,315,315,311,315,315,315,315
2008-06-23,334,314,314,310,314,314,314,314
2008-06-24,334,314,314,310,314,314,314,314
2008-06-25,334,314,314,310,314,314,314,314
2008-06-26,334,314,314,311,314,314,314,314
2008-06-27,334,314,314,311,314,314,314,314
2008-06-30,334,314,314,311,314,314,314,314
2008-07-01,334,314,314,311,314,314,314,314
2008-07-02,334,314,314,311,314,314,314,314
2008-07-03,334,314,314,311,314,314,314,314
2008-07-07,334,314,314,311,314,314,314,314
2008-07-08,334,314,314,311,314,314,314,314
2008-07-09,334,314,314,311,314,314,314,314
2008-07-10,334,314,314,311,314,314,314,314
2008-07-11,334,314,314,311,314,314,314,314
2008-07-14,334,314,314,311,314,314,314,314
2008-07-15,334,314,314,311,314,314,314,314
2008-07-16,334,314,314,311,314,314,314,314
2008-07-17,334,314,314,311,314,314,314,314
2008-07-18,334,314,314,311,314,314,314,314
2008-07-21,334,314,314,311,314,314,314,314
2008-07-22,334,314,314,311,314,314,314,314
2008-07-23,334,314,314,311,314,314,314,314
2008-07-24,334,314,314,311,314,314,314,314
2008-07-25,334,314,314,311,314,314,314,314
2008-07-28,334,314,314,311,314,314,314,314
2008-07-29,334,314,314,311,314,314,314,314
2008-07-30,334,314,314,311,314,314,314,314
2008-07-31,334,314,314,311,314,314,314,314
2008-08-01,334,314,314,311,314,314,314,314
2008-08-04,334,314,314,311,314,314,314,314
2008-08-05,334,314,314,311,314,314,314,314
2008-08-06,334,314,314,311,314,314,314,314
2008-08-07,334,314,314,311,314,314,314,314
2008-08-08,334,314,314,311,314,314,314,314
2008-08-11,334,314,314,311,314,314,314,314
2008-08-12,334,314,314,311,314,314,314,314
2008-08-13,334,314,314,311,314,314,314,314
2008-08-14,334,314,314,311,314,314,314,314
2008-08-15,334,314,314,311,314,314,314,314
2008-08-18,334,314,314,311,314,314,314,314
2008-08-19,334,314,314,311,314,314,314,314
2008-08-20,334,314,314,311,314,314,314,314
2008-08-21,334,314,314,311,314,314,314,314
2008-08-22,334,314,314,311,314,314,314,314
2008-08-25,334,314,314,311,314,314,314,314
2008-08-26,334,314,314,311,314,314,314,314
2008-08-27,334,314,314,311,314,314,314,314
2008-08-28,334,314,314,311,314,314,314,314
2008-08-29,334,314,314,311,314,314,314,314
2008-09-02,334,314,314,311,314,314,314,314
2008-09-03,334,314,314,311,314,314,314,314
2008-09-04,334,314,314,311,314,314,314,314
2008-09-05,334,314,314,311,314,314,314,314
2008-09-08,334,314,314,311,314,314,314,314
2008-09-09,334,314,314,311,314,314,314,314
2008-09-10,334,314,314,311,314,314,314,314
2008-09-11,334,314,314,311,314,314,314,314
2008-09-12,336,316,316,313,316,316,316,316
2008-09-15,336,316,316,313,316,316,316,316
2008-09-16,336,316,316,313,316,316,316,316
2008-09-17,336,316,316,313,316,316,316,316
2008-09-18,336,316,316,313,316,316,316,316
2008-09-19,336,316,316,313,316,316,316,316
2008-09-22,336,316,316,313,316,316,316,316
2008-09-23,336,316,316,313,316,316,316,316
2008-09-24,336,316,316,313,316,316,316,316
2008-09-25,336,316,316,313,316,316,316,316
2008-09-26,336,316,316,313,316,316,316,316
2008-09-29,336,316,316,313,316,316,316,316
2008-09-30,337,317,317,313,317,317,317,317
2008-10-01,337,317,317,313,317,317,317,317
2008-10-02,337,317,317,313,317,317,317,317
2008-10-03,337,317,317,313,317,317,317,317
2008-10-06,337,317,317,313,317,317,317,317
2008-10-07,337,317,317,313,317,317,317,317
2008-10-08,337,317,317,313,317,317,317,317
2008-10-09,337,317,317,313,317,317,317,317
2008-10-10,337,317,317,313,317,317,317,317
2008-10-13,337,317,317,313,317,317,317,317
2008-10-14,337,317,317,313,317,317,317,317
2008-10-15,337,317,317,313,317,317,317,317
2008-10-16,337,317,317,313,317,317,317,317
2008-10-17,337,317,317,313,317,317,317,317
2008-10-20,337,317,317,313,317,317,317,317
2008-10-21,337,317,317,313,317,317,317,317
2008-10-22,337,317,317,313,317,317,317,317
2008-10-23,337,317,317,313,317,317,317,317
2008-10-24,337,317,317,313,317,317,317,317
2008-10-27,337,317,317,313,317,317,317,317
2008-10-28,337,317,317,313,317,317,317,317
2008-10-29,337,317,317,313,317,317,317,317
2008-10-30,337,317,317,313,317,317,317,317
2008-10-31,337,317,317,314,317,317,317,317
2008-11-03,337,317,317,314,317,317,317,317
2008-11-04,337,317,317,314,317,317,317,317
2008-11-05,337,317,317,314,317,317,317,317
2008-11-06,337,317,317,314,317,317,317,317
2008-11-07,337,317,317,314,317,317,317,317
2008-11-10,337,317,317,314,317,317,317,317
2008-11-11,337,317,317,314,317,317,317,317
2008-11-12,337,317,317,314,317,317,317,317
2008-11-13,337,317,317,314,317,317,317,317
2008-11-14,337,317,317,314,317,317,317,317
2008-11-17,337,317,317,314,317,317,317,317
2008-11-18,337,317,317,314,317,317,317,317
2008-11-19,337,317,317,314,317,317,317,317
2008-11-20,337,317,317,314,317,317,317,317
2008-11-21,337,317,317,314,317,317,317,317
2008-11-24,337,317,317,314,317,317,317,317
2008-11-25,337,317,317,314,317,317,317,317
2008-11-26,337,317,317,314,317,317,317,317
2008-11-28,337,317,317,314,317,317,317,317
2008-12-01,337,317,317,314,317,317,317,317
2008-12-02,337,317,317,314,317,317,317,317
2008-12-03,337,317,317,314,317,317,317,317
2008-12-04,337,317,317,314,317,317,317,317
2008-12-05,337,317,317,314,317,317,317,317
2008-12-08,337,317,317,314,317,317,317,317
2008-12-09,337,317,317,314,317,317,317,317
2008-12-10,337,317,317,314,317,317,317,317
2008-12-11,337,317,317,314,317,317,317,317
2008-12-12,337,317,317,314,317,317,317,317
2008-12-15,337,317,317,314,317,317,317,317
2008-12-16,337,317,317,314,317,317,317,317
2008-12-17,337,317,317,314,317,317,317,317
2008-12-18,337,317,317,314,317,317,317,317
2008-12-19,337,317,317,315,317,317,317,317
2008-12-22,337,317,317,315,317,317,317,317
2008-12-23,337,317,317,315,317,317,317,317
2008-12-24,337,317,317,315,317,317,317,317
2008-12-26,337,317,317,315,317,317,317,317
2008-12-29,337,317,317,315,317,317,317,317
2008-12-30,337,317,317,315,317,317,317,317
2008-12-31,338,318,318,316,318,318,318,318
2009-01-02,338,318,318,316,318,318,318,318
2009-01-05,338,318,318,316,318,318,318,318
2009-01-06,338,318,318,316,318,318,318,318
2009-01-07,338,318,318,316,318,318,318,318
2009-01-08,338,318,318,316,318,318,318,318
2009-01-09,338,318,318,316,318,318,318,318
2009-01-12,338,318,318,316,318,318,318,318
2009-01-13,338,318,318,316,318,318,318,318
2009-01-14,338,318,318,316,318,318,318,318
2009-01-15,338,318,318,316,318,318,318,318
2009-01-16,338,318,318,316,318,318,318,318
2009-01-20,338,318,318,316,318,318,318,318
2009-01-21,338,318,318,316,318,318,318,318
2009-01-22,338,318,318,316,318,318,318,318
2009-01-23,338,318,318,316,318,318,318,318
2009-01-26,338,318,318,316,318,318,318,318
2009-01-27,338,318,318,316,318,318,318,318
2009-01-28,338,318,318,316,318,318,318,318
2009-01-29,338,318,318,316,318,318,318,318
2009-01-30,338,318,318,316,318,318,318,318
2009-02-02,338,318,318,316,318,318,318,318
2009-02-03,338,318,318,316,318,318,318,318
2009-02-04,338,318,318,316,318,318,318,318
2009-02-05,338,318,318,316,318,318,318,318
2009-02-06,338,318,318,316,318,318,318,318
2009-02-09,338,318,318,316,318,318,318,318
2009-02-10,338,318,318,316,318,318,318,318
2009-02-11,338,318,318,316,318,318,318,318
2009-02-12,338,318,318,316,318,318,318,318
2009-02-13,338,318,318,316,318,318,318,318
2009-02-17,338,318,318,316,318,318,318,318
2009-02-18,338,318,318,316,318,318,318,318
2009-02-19,338,318,318,316,318,318,318,318
2009-02-20,338,318,318,316,318,318,318,318
2009-02-23,338,318,318,316,318,318,318,318
2009-02-24,338,318,318,316,318,318,318,318
2009-02-25,338,318,318,316,318,318,318,318
2009-02-26,338,318,318,316,318,318,318,318
2009-02-27,338,318,318,316,318,318,318,318
2009-03-02,338,318,318,316,318,318,318,318
2009-03-03,340,319,319,317,319,319,319,319
2009-03-04,340,319,319,317,319,319,319,319
2009-03-05,340,319,319,317,319,319,319,319
2009-03-06,340,319,319,317,319,319,319,319
2009-03-09,340,319,319,317,319,319,319,319
2009-03-10,340,319,319,317,319,319,319,319
2009-03-11,340,319,319,317,319,319,319,319
2009-03-12,340,319,319,317,319,319,319,319
2009-03-13,340,319,319,317,319,319,319,319
2009-03-16,341,320,319,317,320,320,319,320
2009-03-17,341,320,320,317,320,320,320,320
2009-03-18,341,320,320,317,320,320,320,320
2009-03-19,341,320,320,317,320,320,320,320
2009-03-20,341,320,320,317,320,320,320,320
2009-03-23,341,320,320,317,320,320,320,320
2009-03-24,341,320,320,317,320,320,320,320
2009-03-25,341,320,320,317,320,320,320,320
2009-03-26,341,320,320,317,320,320,320,320
2009-03-27,341,320,320,317,320,320,320,320
2009-03-30,341,320,320,317,320,320,320,320
2009-03-31,341,320,320,317,320,320,320,320
2009-04-01,341,320,320,317,320,320,320,320
2009-04-02,341,320,320,317,320,320,320,320
2009-04-03,341,320,320,317,320,320,320,320
2009-04-06,341,320,320,317,320,320,320,320
2009-04-07,341,320,320,317,320,320,320,320
2009-04-08,341,320,320,317,320,320,320,320
2009-04-09,341,320,320,317,320,320,320,320
2009-04-13,341,320,320,317,320,320,320,320
2009-04-14,341,320,320,317,320,320,320,320
2009-04-15,341,320,320,317,320,320,320,320
2009-04-16,341,320,320,317,320,320,320,320
2009-04-17,341,320,320,317,320,320,320,320
2009-04-20,341,320,320,317,320,320,320,320
2009-04-21,341,320,320,317,320,320,320,320
2009-04-22,341,320,320,317,320,320,320,320
2009-04-23,341,320,320,317,320,320,320,320
2009-04-24,341,320,320,317,320,320,320,320
2009-04-27,341,320,320,317,320,320,320,320
2009-04-28,341,320,320,317,320,320,320,320
2009-04-29,341,320,320,317,320,320,320,320
2009-04-30,341,320,320,317,320,320,320,320
2009-05-01,341,320,320,317,320,320,320,320
2009-05-04,341,320,320,317,320,320,320,320
2009-05-05,341,320,320,317,320,320,320,320
2009-05-06,341,320,320,317,320,320,320,320
2009-05-07,341,320,320,317,320,320,320,320
2009-05-08,341,320,320,317,320,320,320,320
2009-05-11,341,320,320,317,320,320,320,320
2009-05-12,341,320,320,317,320,320,320,320
2009-05-13,341,320,320,317,320,320,320,320
2009-05-14,341,320,320,317,320,320,320,320
2009-05-15,341,320,320,317,320,320,320,320
2009-05-18,341,320,320,317,320,320,320,320
2009-05-19,341,320,320,317,320,320,320,320
2009-05-20,342,321,321,317,321,321,321,321
2009-05-21,342,321,321,317,321,321,321,321
2009-05-22,342,321,321,317,321,321,321,321
2009-05-26,342,321,321,317,321,321,321,321
2009-05-27,342,321,321,317,321,321,321,321
2009-05-28,342,321,321,317,321,321,321,321
2009-05-29,342,321,321,317,321,321,321,321
2009-06-01,342,321,321,317,321,321,321,321
2009-06-02,342,321,321,317,321,321,321,321
2009-06-03,342,321,321,317,321,321,321,321
2009-06-04,342,321,321,317,321,321,321,321
2009-06-05,343,322,322,318,322,322,322,322
2009-06-08,343,322,322,318,322,322,322,322
2009-06-09,343,322,322,318,322,322,322,322
2009-06-10,343,322,322,318,322,322,322,322
2009-06-11,343,322,322,318,322,322,322,322
2009-06-12,343,322,322,318,322,322,322,322
2009-06-15,343,322,322,318,322,322,322,322
2009-06-16,343,322,322,318,322,322,322,322
2009-06-17,343,322,322,318,322,322,322,322
2009-06-18,343,322,322,318,322,322,322,322
2009-06-19,343,322,322,318,322,322,322,322
2009-06-22,343,322,322,318,322,322,322,322
2009-06-23,343,322,322,318,322,322,322,322
2009-06-24,343,322,322,318,322,322,322,322
2009-06-25,342,321,321,318,321,321,321,321
2009-06-26,342,321,321,318,321,321,321,321
2009-06-29,342,321,321,318,321,321,321,321
2009-06-30,342,321,321,318,321,321,321,321
2009-07-01,342,321,321,318,321,321,321,321
2009-07-02,342,321,321,318,321,321,321,321
2009-07-06,342,321,321,318,321,321,321,321
2009-07-07,342,321,321,318,321,321,321,321
2009-07-08,342,321,321,318,321,321,321,321
2009-07-09,342,321,321,318,321,321,321,321
2009-07-10,342,321,321,318,321,321,321,321
2009-07-13,342,321,321,318,321,321,321,321
2009-07-14,342,321,321,318,321,321,321,321
2009-07-15,342,321,321,318,321,321,321,321
2009-07-16,342,321,321,318,321,321,321,321
2009-07-17,342,321,321,318,321,321,321,321
2009-07-20,342,321,321,318,321,321,321,321
2009-07-21,342,321,321,318,321,321,321,321
2009-07-22,342,321,321,318,321,321,321,321
2009-07-23,342,321,321,318,321,321,321,321
2009-07-24,342,321,321,318,321,321,321,321
2009-07-27,342,321,321,318,321,321,321,321
2009-07-28,342,321,321,318,321,321,321,321
2009-07-29,342,321,321,318,321,321,321,321
2009-07-30,342,321,321,318,321,321,321,321
2009-07-31,342,321,321,318,321,321,321,321
2009-08-03,342,321,321,318,321,321,321,321
2009-08-04,342,321,321,318,321,321,321,321
2009-08-05,342,321,321,318,321,321,321,321
2009-08-06,342,321,321,318,321,321,321,321
2009-08-07,342,321,321,318,321,321,321,321
2009-08-10,342,321,321,318,321,321,321,321
2009-08-11,342,321,321,318,321,321,321,321
2009-08-12,342,321,321,318,321,321,321,321
2009-08-13,342,321,321,318,321,321,321,321
2009-08-14,342,321,321,318,321,321,321,321
2009-08-17,342,321,321,318,321,321,321,321
2009-08-18,342,321,321,318,321,321,321,321
2009-08-19,343,322,322,319,322,322,322,322
2009-08-20,343,322,322,319,322,322,322,322
2009-08-21,343,322,322,319,322,322,322,322
2009-08-24,343,322,322,319,322,322,322,322
2009-08-25,343,322,322,319,322,322,322,322
2009-08-26,343,322,322,319,322,322,322,322
2009-08-27,343,322,322,319,322,322,322,322
2009-08-28,343,322,322,319,322,322,322,322
2009-08-31,343,322,322,319,322,322,322,322
2009-09-01,343,322,322,319,322,322,322,322
2009-09-02,343,322,322,319,322,322,322,322
2009-09-03,343,322,322,319,322,322,322,322
2009-09-04,343,322,322,319,322,322,322,322
2009-09-08,343,322,322,319,322,322,322,322
2009-09-09,343,322,322,319,322,322,322,322
2009-09-10,343,322,322,319,322,322,322,322
2009-09-11,343,322,322,319,322,322,322,322
2009-09-14,343,322,322,319,322,322,322,322
2009-09-15,343,322,322,319,322,322,322,322
2009-09-16,343,322,322,319,322,322,322,322
2009-09-17,343,322,322,319,322,322,322,322
2009-09-18,343,322,322,319,322,322,322,322
2009-09-21,343,322,322,319,322,322,322,322
2009-09-22,343,322,322,319,322,322,322,322
2009-09-23,343,322,322,319,322,322,322,322
2009-09-24,343,322,322,319,322,322,322,322
2009-09-25,343,322,322,319,322,322,322,322
2009-09-28,343,322,322,319,322,322,322,322
2009-09-29,343,322,322,319,322,322,322,322
2009-09-30,343,322,322,319,322,322,322,322
2009-10-01,343,322,322,319,322,322,322,322
2009-10-02,343,322,322,319,322,322,322,322
2009-10-05,343,322,322,319,322,322,322,322
2009-10-06,343,322,322,319,322,322,322,322
2009-10-07,343,322,322,319,322,322,322,322
2009-10-08,343,322,322,319,322,322,322,322
2009-10-09,343,322,322,319,322,322,322,322
2009-10-12,343,322,322,319,322,322,322,322
2009-10-13,343,322,322,319,322,322,322,322
2009-10-14,343,322,322,319,322,322,322,322
2009-10-15,343,322,322,319,322,322,322,322
2009-10-16,343,322,322,319,322,322,322,322
2009-10-19,343,322,322,319,322,322,322,322
2009-10-20,343,322,322,319,322,322,322,322
2009-10-21,343,322,322,319,322,322,322,322
2009-10-22,343,322,322,319,322,322,322,322
2009-10-23,343,322,322,319,322,322,322,322
2009-10-26,343,322,322,319,322,322,322,322
2009-10-27,343,322,322,319,322,322,322,322
2009-10-28,343,322,322,319,322,322,322,322
2009-10-29,343,322,322,320,322,322,322,322
2009-10-30,343,322,322,320,322,322,322,322
2009-11-02,343,322,322,320,322,322,322,322
2009-11-03,343,322,322,320,322,322,322,322
2009-11-04,343,322,322,320,322,322,322,322
2009-11-05,343,322,322,320,322,322,322,322
2009-11-06,343,322,322,320,322,322,322,322
2009-11-09,343,322,322,320,322,322,322,322
2009-11-10,343,322,322,320,322,322,322,322
2009-11-11,343,322,322,320,322,322,322,322
2009-11-12,343,322,322,320,322,322,322,322
2009-11-13,343,322,322,320,322,322,322,322
2009-11-16,343,322,322,320,322,322,322,322
2009-11-17,343,322,322,320,322,322,322,322
2009-11-18,343,322,322,320,322,322,322,322
2009-11-19,343,322,322,320,322,322,322,322
2009-11-20,343,322,322,320,322,322,322,322
2009-11-23,343,322,322,320,322,322,322,322
2009-11-24,343,322,322,320,322,322,322,322
2009-11-25,343,322,322,320,322,322,322,322
2009-11-27,343,322,322,320,322,322,322,322
2009-11-30,343,322,322,320,322,322,322,322
2009-12-01,343,322,322,320,322,322,322,322
2009-12-02,343,322,322,320,322,322,322,322
2009-12-03,343,322,322,320,322,322,322,322
2009-12-04,343,322,322,320,322,322,322,322
2009-12-07,343,322,322,320,322,322,322,322
2009-12-08,343,322,322,320,322,322,322,322
2009-12-09,343,322,322,320,322,322,322,322
2009-12-10,343,322,322,320,322,322,322,322
2009-12-11,343,322,322,320,322,322,322,322
2009-12-14,343,322,322,320,322,322,322,322
2009-12-15,343,322,322,320,322,322,322,322
2009-12-16,343,322,322,320,322,322,322,322
2009-12-17,343,322,322,320,322,322,322,322
2009-12-18,343,322,322,319,322,322,322,322
2009-12-21,343,322,322,319,322,322,322,322
2009-12-22,343,322,322,319,322,322,322,322
2009-12-23,343,322,322,319,322,322,322,322
2009-12-24,343,322,322,319,322,322,322,322
2009-12-28,343,322,322,319,322,322,322,322
2009-12-29,343,322,322,319,322,322,322,322
2009-12-30,343,322,322,319,322,322,322,322
2009-12-31,343,322,322,319,322,322,322,322
2010-01-04,343,322,322,319,322,322,322,322
2010-01-05,343,322,322,319,322,322,322,322
2010-01-06,343,322,322,319,322,322,322,322
2010-01-07,343,322,322,319,322,322,322,322
2010-01-08,343,322,322,319,322,322,322,322
2010-01-11,343,322,322,319,322,322,322,322
2010-01-12,343,322,322,319,322,322,322,322
2010-01-13,343,322,322,319,322,322,322,322
2010-01-14,343,322,322,319,322,322,322,322
2010-01-15,343,322,322,319,322,322,322,322
2010-01-19,343,322,322,319,322,322,322,322
2010-01-20,343,322,322,319,322,322,322,322
2010-01-21,343,322,322,319,322,322,322,322
2010-01-22,343,322,322,319,322,322,322,322
2010-01-25,343,322,322,319,322,322,322,322
2010-01-26,343,322,322,319,322,322,322,322
2010-01-27,343,322,322,319,322,322,322,322
2010-01-28,343,322,322,319,322,322,322,322
2010-01-29,343,322,322,319,322,322,322,322
2010-02-01,343,322,322,319,322,322,322,322
2010-02-02,343,322,322,319,322,322,322,322
2010-02-03,343,322,322,319,322,322,322,322
2010-02-04,343,322,322,319,322,322,322,322
2010-02-05,343,322,322,319,322,322,322,322
2010-02-08,343,322,322,319,322,322,322,322
2010-02-09,343,322,322,319,322,322,322,322
2010-02-10,343,322,322,319,322,322,322,322
2010-02-11,343,322,322,319,322,322,322,322
2010-02-12,343,322,322,319,322,322,322,322
2010-02-16,343,322,322,319,322,322,322,322
2010-02-17,343,322,322,319,322,322,322,322
2010-02-18,343,322,322,319,322,322,322,322
2010-02-19,343,322,322,319,322,322,322,322
2010-02-22,343,322,322,319,322,322,322,322
2010-02-23,344,323,323,319,323,323,323,323
2010-02-24,344,323,323,320,323,323,323,323
2010-02-25,344,323,323,320,323,323,323,323
2010-02-26,345,324,324,321,324,324,324,324
2010-03-01,345,324,324,321,324,324,324,324
2010-03-02,345,324,324,321,324,324,324,324
2010-03-03,345,324,324,321,324,324,324,324
2010-03-04,345,324,324,321,324,324,324,324
2010-03-05,345,324,324,321,324,324,324,324
2010-03-08,345,324,324,321,324,324,324,324
2010-03-09,345,324,324,321,324,324,324,324
2010-03-10,345,324,324,321,324,324,324,324
2010-03-11,345,324,324,321,324,324,324,324
2010-03-12,345,324,324,321,324,324,324,324
2010-03-15,345,324,324,321,324,324,324,324
2010-03-16,345,324,324,321,324,324,324,324
2010-03-17,345,324,324,321,324,324,324,324
2010-03-18,345,324,324,321,324,324,324,324
2010-03-19,345,324,324,321,324,324,324,324
2010-03-22,345,324,324,321,324,324,324,324
2010-03-23,345,324,324,321,324,324,324,324
2010-03-24,345,324,324,321,324,324,324,324
2010-03-25,345,324,324,321,324,324,324,324
2010-03-26,345,324,324,321,324,324,324,324
2010-03-29,345,324,324,321,324,324,324,324
2010-03-30,345,324,324,321,324,324,324,324
2010-03-31,345,324,324,321,324,324,324,324
2010-04-01,345,324,324,321,324,324,324,324
2010-04-05,345,324,324,321,324,324,324,324
2010-04-06,345,324,324,321,324,324,324,324
2010-04-07,345,324,324,321,324,324,324,324
2010-04-08,345,324,324,321,324,324,324,324
2010-04-09,345,324,324,321,324,324,324,324
2010-04-12,345,324,324,321,324,324,324,324
2010-04-13,345,324,324,321,324,324,324,324
2010-04-14,345,324,324,321,324,324,324,324
2010-04-15,345,324,324,321,324,324,324,324
2010-04-16,345,324,324,322,324,324,324,324
2010-04-19,345,324,324,322,324,324,324,324
2010-04-20,345,324,324,323,324,324,324,324
2010-04-21,345,324,324,323,324,324,324,324
2010-04-22,345,324,324,323,324,324,324,324
2010-04-23,345,324,324,323,324,324,324,324
2010-04-26,345,324,324,323,324,324,324,324
2010-04-27,345,324,324,323,324,324,324,324
2010-04-28,345,324,324,323,324,324,324,324
2010-04-29,345,324,324,323,324,324,324,324
2010-04-30,345,324,324,323,324,324,324,324
2010-05-03,345,324,324,323,324,324,324,324
2010-05-04,345,324,324,323,324,324,324,324
2010-05-05,345,324,324,323,324,324,324,324
2010-05-06,345,324,324,323,324,324,324,324
2010-05-07,345,324,324,323,324,324,324,324
2010-05-10,345,324,324,323,324,324,324,324
2010-05-11,345,324,324,323,324,324,324,324
2010-05-12,345,324,324,323,324,324,324,324
2010-05-13,345,324,324,323,324,324,324,324
2010-05-14,345,324,324,323,324,324,324,324
2010-05-17,345,324,324,323,324,324,324,324
2010-05-18,345,324,324,323,324,324,324,324
2010-05-19,345,324,324,323,324,324,324,324
2010-05-20,345,324,324,323,324,324,324,324
2010-05-21,345,324,324,323,324,324,324,324
2010-05-24,345,324,324,323,324,324,324,324
2010-05-25,345,324,324,323,324,324,324,324
2010-05-26,345,324,324,323,324,324,324,324
2010-05-27,345,324,324,323,324,324,324,324
2010-05-28,345,324,324,323,324,324,324,324
2010-06-01,345,324,324,323,324,324,324,324
2010-06-02,345,324,324,323,324,324,324,324
2010-06-03,345,324,324,323,324,324,324,324
2010-06-04,345,324,324,323,324,324,324,324
2010-06-07,345,324,324,324,324,324,324,324
2010-06-08,345,324,324,324,324,324,324,324
2010-06-09,345,324,324,324,324,324,324,324
2010-06-10,345,324,324,324,324,324,324,324
2010-06-11,345,324,324,324,324,324,324,324
2010-06-14,345,324,324,324,324,324,324,324
2010-06-15,345,324,324,324,324,324,324,324
2010-06-16,345,324,324,324,324,324,324,324
2010-06-17,345,324,324,324,324,324,324,324
2010-06-18,345,324,324,324,324,324,324,324
2010-06-21,345,324,324,324,324,324,324,324
2010-06-22,345,324,324,324,324,324,324,324
2010-06-23,345,324,324,324,324,324,324,324
2010-06-24,345,324,324,324,324,324,324,324
2010-06-25,345,324,324,324,324,324,324,324
2010-06-28,346,325,325,325,325,325,325,325
2010-06-29,346,325,325,325,325,325,325,325
2010-06-30,346,325,325,325,325,325,325,325
2010-07-01,346,325,325,325,325,325,325,325
2010-07-02,346,325,325,325,325,325,325,325
2010-07-06,346,325,325,325,325,325,325,325
2010-07-07,346,325,325,325,325,325,325,325
2010-07-08,346,325,325,325,325,325,325,325
2010-07-09,346,325,325,325,325,325,325,325
2010-07-12,346,325,325,325,325,325,325,325
2010-07-13,346,325,325,325,325,325,325,325
2010-07-14,347,326,326,326,326,326,326,326
2010-07-15,347,326,326,326,326,326,326,326
2010-07-16,347,326,326,326,326,326,326,326
2010-07-19,347,326,326,326,326,326,326,326
2010-07-20,347,326,326,326,326,326,326,326
2010-07-21,347,326,326,326,326,326,326,326
2010-07-22,347,326,326,326,326,326,326,326
2010-07-23,347,326,326,326,326,326,326,326
2010-07-26,347,326,326,326,326,326,326,326
2010-07-27,347,326,326,326,326,326,326,326
2010-07-28,347,326,326,326,326,326,326,326
2010-07-29,347,326,326,326,326,326,326,326
2010-07-30,347,326,326,326,326,326,326,326
2010-08-02,347,326,326,326,326,326,326,326
2010-08-03,347,326,326,326,326,326,326,326
2010-08-04,347,326,326,326,326,326,326,326
2010-08-05,347,326,326,326,326,326,326,326
2010-08-06,347,326,326,326,326,326,326,326
2010-08-09,347,326,326,326,326,326,326,326
2010-08-10,347,326,326,326,326,326,326,326
2010-08-11,347,326,326,326,326,326,326,326
2010-08-12,347,326,326,326,326,326,326,326
2010-08-13,347,326,326,326,326,326,326,326
2010-08-16,347,326,326,326,326,326,326,326
2010-08-17,347,326,326,326,326,326,326,326
2010-08-18,347,326,326,326,326,326,326,326
2010-08-19,347,326,326,326,326,326,326,326
2010-08-20,347,326,326,326,326,326,326,326
2010-08-23,347,326,326,326,326,326,326,326
2010-08-24,347,326,326,326,326,326,326,326
2010-08-25,347,326,326,326,326,326,326,326
2010-08-26,347,326,326,326,326,326,326,326
2010-08-27,347,326,326,326,326,326,326,326
2010-08-30,347,326,326,326,326,326,326,326
2010-08-31,347,326,326,326,326,326,326,326
2010-09-01,347,326,326,326,326,326,326,326
2010-09-02,347,326,326,326,326,326,326,326
2010-09-03,347,326,326,326,326,326,326,326
2010-09-07,347,326,326,326,326,326,326,326
2010-09-08,347,326,326,326,326,326,326,326
2010-09-09,347,326,326,326,326,326,326,326
2010-09-10,347,326,326,326,326,326,326,326
2010-09-13,347,326,326,326,326,326,326,326
2010-09-14,347,326,326,326,326,326,326,326
2010-09-15,347,326,326,326,326,326,326,326
2010-09-16,347,326,326,326,326,326,326,326
2010-09-17,347,326,326,326,326,326,326,326
2010-09-20,347,326,326,326,326,326,326,326
2010-09-21,347,326,326,326,326,326,326,326
2010-09-22,347,326,326,326,326,326,326,326
2010-09-23,347,326,326,326,326,326,326,326
2010-09-24,347,326,326,326,326,326,326,326
2010-09-27,347,326,326,326,326,326,326,326
2010-09-28,347,326,326,326,326,326,326,326
2010-09-29,347,326,326,326,326,326,326,326
2010-09-30,347,326,326,326,326,326,326,326
2010-10-01,347,326,326,326,326,326,326,326
2010-10-04,347,326,326,326,326,326,326,326
2010-10-05,347,326,326,326,326,326,326,326
2010-10-06,347,326,326,326,326,326,326,326
2010-10-07,347,326,326,326,326,326,326,326
2010-10-08,347,326,326,326,326,326,326,326
2010-10-11,347,326,326,326,326,326,326,326
2010-10-12,347,326,326,326,326,326,326,326
2010-10-13,347,326,326,326,326,326,326,326
2010-10-14,347,326,326,326,326,326,326,326
2010-10-15,347,326,326,326,326,326,326,326
2010-10-18,347,326,326,326,326,326,326,326
2010-10-19,347,326,326,326,326,326,326,326
2010-10-20,347,326,326,326,326,326,326,326
2010-10-21,347,326,326,326,326,326,326,326
2010-10-22,347,326,326,326,326,326,326,326
2010-10-25,347,326,326,326,326,326,326,326
2010-10-26,347,326,326,326,326,326,326,326
2010-10-27,347,326,326,326,326,326,326,326
2010-10-28,347,326,326,326,326,326,326,326
2010-10-29,347,326,326,326,326,326,326,326
2010-11-01,347,326,326,326,326,326,326,326
2010-11-02,347,326,326,326,326,326,326,326
2010-11-03,347,326,326,326,326,326,326,326
2010-11-04,347,326,326,326,326,326,326,326
2010-11-05,347,326,326,326,326,326,326,326
2010-11-08,347,326,326,326,326,326,326,326
2010-11-09,347,326,326,326,326,326,326,326
2010-11-10,347,326,326,326,326,326,326,326
2010-11-11,347,326,326,326,326,326,326,326
2010-11-12,347,326,326,326,326,326,326,326
2010-11-15,347,326,326,326,326,326,326,326
2010-11-16,347,326,326,326,326,326,326,326
2010-11-17,347,326,326,326,326,326,326,326
2010-11-18,347,326,326,326,326,326,326,326
2010-11-19,347,326,326,326,326,326,326,326
2010-11-22,347,326,326,326,326,326,326,326
2010-11-23,347,326,326,326,326,326,326,326
2010-11-24,347,326,326,326,326,326,326,326
2010-11-26,347,326,326,326,326,326,326,326
2010-11-29,347,326,326,326,326,326,326,326
2010-11-30,347,326,326,326,326,326,326,326
2010-12-01,347,326,326,326,326,326,326,326
2010-12-02,347,326,326,326,326,326,326,326
2010-12-03,347,326,326,326,326,326,326,326
2010-12-06,347,326,326,326,326,326,326,326
2010-12-07,347,326,326,326,326,326,326,326
2010-12-08,347,326,326,326,326,326,326,326
2010-12-09,347,326,326,326,326,326,326,326
2010-12-10,347,326,326,326,326,326,326,326
2010-12-13,347,326,326,326,326,326,326,326
2010-12-14,347,326,326,326,326,326,326,326
2010-12-15,347,326,326,326,326,326,326,326
2010-12-16,347,326,326,326,326,326,326,326
2010-12-17,347,327,327,327,327,327,327,327
2010-12-20,347,327,327,327,327,327,327,327
2010-12-21,347,327,327,327,327,327,327,327
2010-12-22,347,327,327,327,327,327,327,327
2010-12-23,347,327,327,327,327,327,327,327
2010-12-27,347,327,327,327,327,327,327,327
2010-12-28,347,327,327,327,327,327,327,327
2010-12-29,347,327,327,327,327,327,327,327
2010-12-30,347,327,327,327,327,327,327,327
2010-12-31,347,327,327,327,327,327,327,327
2011-01-03,347,327,327,327,327,327,327,327
2011-01-04,347,327,327,327,327,327,327,327
2011-01-05,347,327,327,327,327,327,327,327
2011-01-06,347,327,327,327,327,327,327,327
2011-01-07,347,327,327,327,327,327,327,327
2011-01-10,347,327,327,327,327,327,327,327
2011-01-11,347,327,327,327,327,327,327,327
2011-01-12,347,327,327,327,327,327,327,327
2011-01-13,347,327,327,327,327,327,327,327
2011-01-14,347,327,327,327,327,327,327,327
2011-01-18,347,327,327,327,327,327,327,327
2011-01-19,347,327,327,327,327,327,327,327
2011-01-20,347,327,327,327,327,327,327,327
2011-01-21,347,327,327,327,327,327,327,327
2011-01-24,347,327,327,327,327,327,327,327
2011-01-25,347,327,327,327,327,327,327,327
2011-01-26,347,327,327,327,327,327,327,327
2011-01-27,347,327,327,327,327,327,327,327
2011-01-28,347,327,327,327,327,327,327,327
2011-01-31,347,327,327,327,327,327,327,327
2011-02-01,347,327,327,327,327,327,327,327
2011-02-02,347,327,327,327,327,327,327,327
2011-02-03,347,327,327,327,327,327,327,327
2011-02-04,347,327,327,327,327,327,327,327
2011-02-07,347,327,327,327,327,327,327,327
2011-02-08,347,327,327,327,327,327,327,327
2011-02-09,347,327,327,327,327,327,327,327
2011-02-10,347,327,327,327,327,327,327,327
2011-02-11,347,327,327,327,327,327,327,327
2011-02-14,347,327,327,327,327,327,327,327
2011-02-15,347,327,327,327,327,327,327,327
2011-02-16,347,327,327,327,327,327,327,327
2011-02-17,347,327,327,327,327,327,327,327
2011-02-18,347,327,327,327,327,327,327,327
2011-02-22,347,327,327,327,327,327,327,327
2011-02-23,347,327,327,327,327,327,327,327
2011-02-24,347,327,327,327,327,327,327,327
2011-02-25,347,327,327,327,327,327,327,327
2011-02-28,347,327,327,327,327,327,327,327
2011-03-01,347,327,327,327,327,327,327,327
2011-03-02,347,327,327,327,327,327,327,327
2011-03-03,347,327,327,327,327,327,327,327
2011-03-04,347,327,327,327,327,327,327,327
2011-03-07,347,327,327,327,327,327,327,327
2011-03-08,347,327,327,327,327,327,327,327
2011-03-09,347,327,327,327,327,327,327,327
2011-03-10,347,327,327,327,327,327,327,327
2011-03-11,347,327,327,327,327,327,327,327
2011-03-14,347,327,327,327,327,327,327,327
2011-03-15,347,327,327,327,327,327,327,327
2011-03-16,347,327,327,327,327,327,327,327
2011-03-17,347,327,327,327,327,327,327,327
2011-03-18,347,327,327,327,327,327,327,327
2011-03-21,347,327,327,327,327,327,327,327
2011-03-22,347,327,327,327,327,327,327,327
2011-03-23,347,327,327,327,327,327,327,327
2011-03-24,347,327,327,327,327,327,327,327
2011-03-25,347,327,327,327,327,327,327,327
2011-03-28,347,327,327,327,327,327,327,327
2011-03-29,347,327,327,327,327,327,327,327
2011-03-30,347,327,327,327,327,327,327,327
2011-03-31,348,328,328,328,328,328,328,328
2011-04-01,348,328,328,328,328,328,328,328
2011-04-04,348,328,328,328,328,328,328,328
2011-04-05,348,328,328,328,328,328,328,328
2011-04-06,348,328,328,328,328,328,328,328
2011-04-07,348,328,328,328,328,328,328,328
2011-04-08,348,328,328,328,328,328,328,328
2011-04-11,348,328,328,328,328,328,328,328
2011-04-12,348,328,328,328,328,328,328,328
2011-04-13,348,328,328,328,328,328,328,328
2011-04-14,348,328,328,328,328,328,328,328
2011-04-15,348,328,328,328,328,328,328,328
2011-04-18,348,328,328,328,328,328,328,328
2011-04-19,348,328,328,328,328,328,328,328
2011-04-20,348,328,328,328,328,328,328,328
2011-04-21,348,328,328,328,328,328,328,328
2011-04-25,348,328,328,328,328,328,328,328
2011-04-26,348,328,328,328,328,328,328,328
2011-04-27,349,329,329,329,329,329,329,329
2011-04-28,349,329,329,329,329,329,329,329
2011-04-29,349,329,329,329,329,329,329,329
2011-05-02,349,329,329,329,329,329,329,329
2011-05-03,349,329,329,329,329,329,329,329
2011-05-04,349,329,329,329,329,329,329,329
2011-05-05,349,329,329,329,329,329,329,329
2011-05-06,349,329,329,329,329,329,329,329
2011-05-09,349,329,329,329,329,329,329,329
2011-05-10,349,329,329,329,329,329,329,329
2011-05-11,349,329,329,329,329,329,329,329
2011-05-12,349,329,329,329,329,329,329,329
2011-05-13,349,329,329,329,329,329,329,329
2011-05-16,349,329,329,329,329,329,329,329
2011-05-17,349,329,329,329,329,329,329,329
2011-05-18,349,329,329,329,329,329,329,329
2011-05-19,349,329,329,329,329,329,329,329
2011-05-20,349,329,329,329,329,329,329,329
2011-05-23,349,329,329,329,329,329,329,329
2011-05-24,349,329,329,329,329,329,329,329
2011-05-25,349,329,329,329,329,329,329,329
2011-05-26,349,329,329,329,329,329,329,329
2011-05-27,349,329,329,329,329,329,329,329
2011-05-31,349,329,329,329,329,329,329,329
2011-06-01,349,329,329,329,329,329,329,329
2011-06-02,349,329,329,329,329,329,329,329
2011-06-03,349,329,329,329,329,329,329,329
2011-06-06,349,329,329,329,329,329,329,329
2011-06-07,349,329,329,329,329,329,329,329
2011-06-08,349,329,329,329,329,329,329,329
2011-06-09,349,329,329,329,329,329,329,329
2011-06-10,349,329,329,329,329,329,329,329
2011-06-13,349,329,329,329,329,329,329,329
2011-06-14,349,329,329,329,329,329,329,329
2011-06-15,349,329,329,329,329,329,329,329
2011-06-16,349,329,329,329,329,329,329,329
2011-06-17,349,329,329,329,329,329,329,329
2011-06-20,349,329,329,329,329,329,329,329
2011-06-21,349,329,329,329,329,329,329,329
2011-06-22,349,329,329,329,329,329,329,329
2011-06-23,349,329,329,329,329,329,329,329
2011-06-24,349,329,329,329,329,329,329,329
2011-06-27,349,329,329,329,329,329,329,329
2011-06-28,349,329,329,329,329,329,329,329
2011-06-29,349,329,329,329,329,329,329,329
2011-06-30,349,329,329,329,329,329,329,329
2011-07-01,349,329,329,329,329,329,329,329
2011-07-05,350,330,330,330,330,330,330,330
2011-07-06,350,330,330,330,330,330,330,330
2011-07-07,350,330,330,330,330,330,330,330
2011-07-08,350,330,330,330,330,330,330,330
2011-07-11,350,330,330,330,330,330,330,330
2011-07-12,350,330,330,330,330,330,330,330
2011-07-13,350,330,330,330,330,330,330,330
2011-07-14,350,330,330,330,330,330,330,330
2011-07-15,350,330,330,330,330,330,330,330
2011-07-18,350,330,330,330,330,330,330,330
2011-07-19,350,330,330,330,330,330,330,330
2011-07-20,350,330,330,330,330,330,330,330
2011-07-21,350,330,330,330,330,330,330,330
2011-07-22,350,330,330,330,330,330,330,330
2011-07-25,350,330,330,330,330,330,330,330
2011-07-26,350,330,330,330,330,330,330,330
2011-07-27,350,330,330,330,330,330,330,330
2011-07-28,350,330,330,330,330,330,330,330
2011-07-29,350,330,330,330,330,330,330,330
2011-08-01,350,330,330,330,330,330,330,330
2011-08-02,350,330,330,330,330,330,330,330
2011-08-03,350,330,330,330,330,330,330,330
2011-08-04,350,330,330,330,330,330,330,330
2011-08-05,350,330,330,330,330,330,330,330
2011-08-08,350,330,330,330,330,330,330,330
2011-08-09,350,330,330,330,330,330,330,330
2011-08-10,350,330,330,330,330,330,330,330
2011-08-11,350,330,330,330,330,330,330,330
2011-08-12,350,330,330,330,330,330,330,330
2011-08-15,350,330,330,330,330,330,330,330
2011-08-16,350,330,330,330,330,330,330,330
2011-08-17,350,330,330,330,330,330,330,330
2011-08-18,350,330,330,330,330,330,330,330
2011-08-19,350,330,330,330,330,330,330,330
2011-08-22,350,330,330,330,330,330,330,330
2011-08-23,350,330,330,330,330,330,330,330
2011-08-24,350,330,330,330,330,330,330,330
2011-08-25,350,330,330,330,330,330,330,330
2011-08-26,350,330,330,330,330,330,330,330
2011-08-29,350,330,330,330,330,330,330,330
2011-08-30,350,330,330,330,330,330,330,330
2011-08-31,350,330,330,330,330,330,330,330
2011-09-01,350,330,330,330,330,330,330,330
2011-09-02,350,330,330,330,330,330,330,330
2011-09-06,350,330,330,330,330,330,330,330
2011-09-07,350,330,330,330,330,330,330,330
2011-09-08,350,330,330,330,330,330,330,330
2011-09-09,350,330,330,330,330,330,330,330
2011-09-12,350,330,330,330,330,330,330,330
2011-09-13,350,330,330,330,330,330,330,330
2011-09-14,350,330,330,330,330,330,330,330
2011-09-15,350,330,330,330,330,330,330,330
2011-09-16,350,330,330,330,330,330,330,330
2011-09-19,350,330,330,330,330,330,330,330
2011-09-20,350,330,330,330,330,330,330,330
2011-09-21,350,330,330,330,330,330,330,330
2011-09-22,350,330,330,330,330,330,330,330
2011-09-23,351,331,331,331,331,331,331,331
2011-09-26,351,331,331,331,331,331,331,331
2011-09-27,351,331,331,331,331,331,331,331
2011-09-28,351,331,331,331,331,331,331,331
2011-09-29,351,331,331,331,331,331,331,331
2011-09-30,351,331,331,331,331,331,331,331
2011-10-03,351,331,331,331,331,331,331,331
2011-10-04,351,331,331,331,331,331,331,331
2011-10-05,351,331,331,331,331,331,331,331
2011-10-06,351,331,331,331,331,331,331,331
2011-10-07,351,331,331,331,331,331,331,331
2011-10-10,351,331,331,331,331,331,331,331
2011-10-11,351,331,331,331,331,331,331,331
2011-10-12,351,331,331,331,331,331,331,331
2011-10-13,351,331,331,331,331,331,331,331
2011-10-14,352,332,332,332,332,332,332,332
2011-10-17,352,332,332,332,332,332,332,332
2011-10-18,352,332,332,332,332,332,332,332
2011-10-19,352,332,332,332,332,332,332,332
2011-10-20,352,332,332,332,332,332,332,332
2011-10-21,352,332,332,332,332,332,332,332
2011-10-24,352,332,332,332,332,332,332,332
2011-10-25,352,332,332,332,332,332,332,332
2011-10-26,352,332,332,332,332,332,332,332
2011-10-27,352,332,332,332,332,332,332,332
2011-10-28,352,332,332,332,332,332,332,332
2011-10-31,351,331,331,331,331,331,331,331
2011-11-01,351,331,331,331,331,331,331,331
2011-11-02,351,331,331,331,331,331,331,331
2011-11-03,351,331,331,331,331,331,331,331
2011-11-04,351,331,331,331,331,331,331,331
2011-11-07,351,331,331,331,331,331,331,331
2011-11-08,351,331,331,331,331,331,331,331
2011-11-09,351,331,331,331,331,331,331,331
2011-11-10,351,331,331,331,331,331,331,331
2011-11-11,351,331,331,331,331,331,331,331
2011-11-14,351,331,331,331,331,331,331,331
2011-11-15,351,331,331,331,331,331,331,331
2011-11-16,351,331,331,331,331,331,331,331
2011-11-17,351,331,331,331,331,331,331,331
2011-11-18,351,331,331,331,331,331,331,331
2011-11-21,351,331,331,331,331,331,331,331
2011-11-22,351,331,331,331,331,331,331,331
2011-11-23,351,331,331,331,331,331,331,331
2011-11-25,351,331,331,331,331,331,331,331
2011-11-28,351,331,331,331,331,331,331,331
2011-11-29,351,331,331,331,331,331,331,331
2011-11-30,351,331,331,331,331,331,331,331
2011-12-01,351,331,331,331,331,331,331,331
2011-12-02,351,331,331,331,331,331,331,331
2011-12-05,351,331,331,331,331,331,331,331
2011-12-06,351,331,331,331,331,331,331,331
2011-12-07,351,331,331,331,331,331,331,331
2011-12-08,351,331,331,331,331,331,331,331
2011-12-09,351,331,331,331,331,331,331,331
2011-12-12,351,331,331,331,331,331,331,331
2011-12-13,351,331,331,331,331,331,331,331
2011-12-14,351,331,331,331,331,331,331,331
2011-12-15,351,331,331,331,331,331,331,331
2011-12-16,354,333,333,333,333,333,333,333
2011-12-19,354,333,333,333,333,333,333,333
2011-12-20,354,333,333,333,333,333,333,333
2011-12-21,354,333,333,333,333,333,333,333
2011-12-22,354,333,333,333,333,333,333,333
2011-12-23,354,333,333,333,333,333,333,333
2011-12-27,354,333,333,333,333,333,333,333
2011-12-28,354,333,333,333,333,333,333,333
2011-12-29,354,333,333,333,333,333,333,333
2011-12-30,354,333,333,333,333,333,333,333
2012-01-03,354,333,333,333,333,333,333,333
2012-01-04,354,333,333,333,333,333,333,333
2012-01-05,354,333,333,333,333,333,333,333
2012-01-06,354,333,333,333,333,333,333,333
2012-01-09,354,333,333,333,333,333,333,333
2012-01-10,354,333,333,333,333,333,333,333
2012-01-11,354,333,333,333,333,333,333,333
2012-01-12,354,333,333,333,333,333,333,333
2012-01-13,354,333,333,333,333,333,333,333
2012-01-17,354,333,333,333,333,333,333,333
2012-01-18,354,333,333,333,333,333,333,333
2012-01-19,354,333,333,333,333,333,333,333
2012-01-20,354,333,333,333,333,333,333,333
2012-01-23,354,333,333,333,333,333,333,333
2012-01-24,354,333,333,333,333,333,333,333
2012-01-25,354,333,333,333,333,333,333,333
2012-01-26,354,333,333,333,333,333,333,333
2012-01-27,354,333,333,333,333,333,333,333
2012-01-30,354,333,333,333,333,333,333,333
2012-01-31,354,333,333,333,333,333,333,333
2012-02-01,354,333,333,333,333,333,333,333
2012-02-02,354,333,333,333,333,333,333,333
2012-02-03,354,333,333,333,333,333,333,333
2012-02-06,354,333,333,333,333,333,333,333
2012-02-07,354,333,333,333,333,333,333,333
2012-02-08,354,333,333,333,333,333,333,333
2012-02-09,354,333,333,333,333,333,333,333
2012-02-10,354,333,333,333,333,333,333,333
2012-02-13,354,333,333,333,333,333,333,333
2012-02-14,354,333,333,333,333,333,333,333
2012-02-15,354,333,333,333,333,333,333,333
2012-02-16,354,333,333,333,333,333,333,333
2012-02-17,354,333,333,333,333,333,333,333
2012-02-21,354,333,333,333,333,333,333,333
2012-02-22,354,333,333,333,333,333,333,333
2012-02-23,354,333,333,333,333,333,333,333
2012-02-24,354,333,333,333,333,333,333,333
2012-02-27,354,333,333,333,333,333,333,333
2012-02-28,354,333,333,333,333,333,333,333
2012-02-29,354,333,333,333,333,333,333,333
2012-03-01,354,333,333,333,333,333,333,333
2012-03-02,354,333,333,333,333,333,333,333
2012-03-05,354,333,333,333,333,333,333,333
2012-03-06,354,333,333,333,333,333,333,333
2012-03-07,354,333,333,333,333,333,333,333
2012-03-08,354,333,333,333,333,333,333,333
2012-03-09,354,333,333,333,333,333,333,333
2012-03-12,354,333,333,333,333,333,333,333
2012-03-13,355,334,334,334,334,334,334,334
2012-03-14,355,334,334,334,334,334,334,334
2012-03-15,355,334,334,334,334,334,334,334
2012-03-16,355,334,334,334,334,334,334,334
2012-03-19,355,334,334,334,334,334,334,334
2012-03-20,355,334,334,334,334,334,334,334
2012-03-21,355,334,334,334,334,334,334,334
2012-03-22,355,334,334,334,334,334,334,334
2012-03-23,355,334,334,334,334,334,334,334
2012-03-26,355,334,334,334,334,334,334,334
2012-03-27,355,334,334,334,334,334,334,334
2012-03-28,355,334,334,334,334,334,334,334
2012-03-29,355,334,334,334,334,334,334,334
2012-03-30,355,334,334,334,334,334,334,334
2012-04-02,355,334,334,334,334,334,334,334
2012-04-03,356,335,335,335,335,335,335,335
2012-04-04,356,335,335,335,335,335,335,335
2012-04-05,356,335,335,335,335,335,335,335
2012-04-09,356,335,335,335,335,335,335,335
2012-04-10,356,335,335,335,335,335,335,335
2012-04-11,356,335,335,335,335,335,335,335
2012-04-12,356,335,335,335,335,335,335,335
2012-04-13,356,335,335,335,335,335,335,335
2012-04-16,356,335,335,335,335,335,335,335
2012-04-17,356,335,335,335,335,335,335,335
2012-04-18,356,335,335,335,335,335,335,335
2012-04-19,356,335,335,335,335,335,335,335
2012-04-20,356,335,335,335,335,335,335,335
2012-04-23,355,334,334,334,334,334,334,334
2012-04-24,355,334,334,334,334,334,334,334
2012-04-25,355,334,334,334,334,334,334,334
2012-04-26,355,334,334,334,334,334,334,334
2012-04-27,355,334,334,334,334,334,334,334
2012-04-30,355,334,334,334,334,334,334,334
2012-05-01,355,334,334,334,334,334,334,334
2012-05-02,355,334,334,334,334,334,334,334
2012-05-03,355,334,334,334,334,334,334,334
2012-05-04,355,334,334,334,334,334,334,334
2012-05-07,355,334,334,334,334,334,334,334
2012-05-08,355,334,334,334,334,334,334,334
2012-05-09,355,334,334,334,334,334,334,334
2012-05-10,355,334,334,334,334,334,334,334
2012-05-11,355,334,334,334,334,334,334,334
2012-05-14,355,334,334,334,334,334,334,334
2012-05-15,355,334,334,334,334,334,334,334
2012-05-16,355,334,334,334,334,334,334,334
2012-05-17,356,335,335,334,335,335,335,335
2012-05-18,356,335,335,334,335,335,335,335
2012-05-21,356,335,335,334,335,335,335,335
2012-05-22,356,335,335,334,335,335,335,335
2012-05-23,356,335,335,334,335,335,335,335
2012-05-24,356,335,335,334,335,335,335,335
2012-05-25,356,335,335,334,335,335,335,335
2012-05-29,356,335,335,334,335,335,335,335
2012-05-30,356,335,335,334,335,335,335,335
2012-05-31,356,335,335,334,335,335,335,335
2012-06-01,356,335,335,334,335,335,335,335
2012-06-04,356,335,335,334,335,335,335,335
2012-06-05,357,336,336,335,336,336,336,336
2012-06-06,357,336,336,335,336,336,336,336
2012-06-07,357,336,336,335,336,336,336,336
2012-06-08,357,336,336,335,336,336,336,336
2012-06-11,357,336,336,335,336,336,336,336
2012-06-12,357,336,336,335,336,336,336,336
2012-06-13,357,336,336,335,336,336,336,336
2012-06-14,357,336,336,335,336,336,336,336
2012-06-15,357,336,336,335,336,336,336,336
2012-06-18,357,336,336,335,336,336,336,336
2012-06-19,357,336,336,335,336,336,336,336
2012-06-20,357,336,336,335,336,336,336,336
2012-06-21,357,336,336,335,336,336,336,336
2012-06-22,358,337,336,335,337,337,336,337
2012-06-25,358,337,337,335,337,337,337,337
2012-06-26,358,337,337,335,337,337,337,337
2012-06-27,358,337,337,335,337,337,337,337
2012-06-28,358,337,337,335,337,337,337,337
2012-06-29,359,338,338,336,338,338,338,338
2012-07-02,360,339,339,337,339,339,339,339
2012-07-03,360,339,339,337,339,339,339,339
2012-07-05,360,339,339,337,339,339,339,339
2012-07-06,360,339,339,337,339,339,339,339
2012-07-09,360,339,339,337,339,339,339,339
2012-07-10,360,339,339,337,339,339,339,339
2012-07-11,360,339,339,337,339,339,339,339
2012-07-12,360,339,339,337,339,339,339,339
2012-07-13,360,339,339,337,339,339,339,339
2012-07-16,360,339,339,337,339,339,339,339
2012-07-17,360,339,339,337,339,339,339,339
2012-07-18,360,339,339,337,339,339,339,339
2012-07-19,360,339,339,337,339,339,339,339
2012-07-20,360,339,339,337,339,339,339,339
2012-07-23,360,339,339,337,339,339,339,339
2012-07-24,360,339,339,337,339,339,339,339
2012-07-25,360,339,339,337,339,339,339,339
2012-07-26,360,339,339,337,339,339,339,339
2012-07-27,360,339,339,337,339,339,339,339
2012-07-30,360,339,339,337,339,339,339,339
2012-07-31,360,339,339,337,339,339,339,339
2012-08-01,360,339,339,337,339,339,339,339
2012-08-02,360,339,339,337,339,339,339,339
2012-08-03,360,339,339,337,339,339,339,339
2012-08-06,360,339,339,337,339,339,339,339
2012-08-07,360,339,339,337,339,339,339,339
2012-08-08,360,339,339,337,339,339,339,339
2012-08-09,360,339,339,337,339,339,339,339
2012-08-10,360,339,339,337,339,339,339,339
2012-08-13,360,339,339,337,339,339,339,339
2012-08-14,360,339,339,337,339,339,339,339
2012-08-15,360,339,339,337,339,339,339,339
2012-08-16,360,339,339,337,339,339,339,339
2012-08-17,360,339,339,337,339,339,339,339
2012-08-20,360,339,339,337,339,339,339,339
2012-08-21,360,339,339,337,339,339,339,339
2012-08-22,360,339,339,337,339,339,339,339
2012-08-23,360,339,339,337,339,339,339,339
2012-08-24,360,339,339,337,339,339,339,339
2012-08-27,360,339,339,337,339,339,339,339
2012-08-28,360,339,339,337,339,339,339,339
2012-08-29,360,339,339,337,339,339,339,339
2012-08-30,360,339,339,337,339,339,339,339
2012-08-31,360,339,339,337,339,339,339,339
2012-09-04,360,339,339,337,339,339,339,339
2012-09-05,361,340,340,338,340,340,340,340
2012-09-06,361,340,340,338,340,340,340,340
2012-09-07,361,340,340,338,340,340,340,340
2012-09-10,361,340,340,338,340,340,340,340
2012-09-11,361,340,340,338,340,340,340,340
2012-09-12,361,340,340,338,340,340,340,340
2012-09-13,361,340,340,338,340,340,340,340
2012-09-14,361,340,340,338,340,340,340,340
2012-09-17,361,340,340,338,340,340,340,340
2012-09-18,361,340,340,338,340,340,340,340
2012-09-19,361,340,340,338,340,340,340,340
2012-09-20,361,340,340,338,340,340,340,340
2012-09-21,361,340,340,338,340,340,340,340
2012-09-24,361,340,340,338,340,340,340,340
2012-09-25,361,340,340,338,340,340,340,340
2012-09-26,361,340,340,338,340,340,340,340
2012-09-27,361,340,340,338,340,340,340,340
2012-09-28,361,340,340,338,340,340,340,340
2012-10-01,362,341,341,339,341,341,341,341
2012-10-02,363,342,342,340,342,342,342,342
2012-10-03,363,342,342,340,342,342,342,342
2012-10-04,363,342,342,340,342,342,342,342
2012-10-05,363,342,342,340,342,342,342,342
2012-10-08,363,342,342,340,342,342,342,342
2012-10-09,363,342,342,340,342,342,342,342
2012-10-10,363,342,342,340,342,342,342,342
2012-10-11,364,343,342,340,343,343,342,343
2012-10-12,364,343,343,340,343,343,343,343
2012-10-15,364,343,343,340,343,343,343,343
2012-10-16,364,343,343,340,343,343,343,343
2012-10-17,364,343,343,340,343,343,343,343
2012-10-18,364,343,343,340,343,343,343,343
2012-10-19,364,343,343,340,343,343,343,343
2012-10-22,364,343,343,340,343,343,343,343
2012-10-23,364,343,343,340,343,343,343,343
2012-10-24,364,343,343,340,343,343,343,343
2012-10-25,364,343,343,340,343,343,343,343
2012-10-26,364,343,343,340,343,343,343,343
2012-10-31,364,343,343,340,343,343,343,343
2012-11-01,364,343,343,340,343,343,343,343
2012-11-02,364,343,343,340,343,343,343,343
2012-11-05,364,343,343,340,343,343,343,343
2012-11-06,364,343,343,340,343,343,343,343
2012-11-07,364,343,343,340,343,343,343,343
2012-11-08,364,343,343,340,343,343,343,343
2012-11-09,364,343,343,340,343,343,343,343
2012-11-12,364,343,343,340,343,343,343,343
2012-11-13,364,343,343,340,343,343,343,343
2012-11-14,364,343,343,340,343,343,343,343
2012-11-15,364,343,343,340,343,343,343,343
2012-11-16,364,343,343,340,343,343,343,343
2012-11-19,365,344,343,340,344,344,343,344
2012-11-20,365,344,344,340,344,344,344,344
2012-11-21,365,344,344,340,344,344,344,344
2012-11-23,365,344,344,340,344,344,344,344
2012-11-26,365,344,344,340,344,344,344,344
2012-11-27,365,344,344,340,344,344,344,344
2012-11-28,365,344,344,340,344,344,344,344
2012-11-29,365,344,344,340,344,344,344,344
2012-11-30,365,344,344,340,344,344,344,344
2012-12-03,366,345,345,341,345,345,345,345
2012-12-04,366,345,345,341,345,345,345,345
2012-12-05,366,345,345,341,345,345,345,345
2012-12-06,366,345,345,341,345,345,345,345
2012-12-07,367,346,345,341,346,346,345,346
2012-12-10,367,346,346,341,346,346,346,346
2012-12-11,368,347,347,342,347,347,347,347
2012-12-12,368,347,347,342,347,347,347,347
2012-12-13,368,347,347,342,347,347,347,347
2012-12-14,368,347,347,342,347,347,347,347
2012-12-17,369,348,347,342,348,348,347,348
2012-12-18,369,348,348,342,348,348,348,348
2012-12-19,369,348,348,342,348,348,348,348
2012-12-20,369,348,348,342,348,348,348,348
2012-12-21,369,348,348,342,348,348,348,348
2012-12-24,369,348,348,342,348,348,348,348
2012-12-26,369,348,348,342,348,348,348,348
2012-12-27,369,348,348,342,348,348,348,348
2012-12-28,369,348,348,342,348,348,348,348
2012-12-31,369,348,348,342,348,348,348,348
2013-01-02,369,348,348,342,348,348,348,348
2013-01-03,369,348,348,342,348,348,348,348
2013-01-04,369,348,348,342,348,348,348,348
2013-01-07,369,348,348,342,348,348,348,348
2013-01-08,369,348,348,342,348,348,348,348
2013-01-09,369,348,348,342,348,348,348,348
2013-01-10,369,348,348,342,348,348,348,348
2013-01-11,369,348,348,342,348,348,348,348
2013-01-14,369,348,348,342,348,348,348,348
2013-01-15,369,348,348,342,348,348,348,348
2013-01-16,369,348,348,342,348,348,348,348
2013-01-17,369,348,348,342,348,348,348,348
2013-01-18,369,348,348,342,348,348,348,348
2013-01-22,369,348,348,342,348,348,348,348
2013-01-23,369,348,348,342,348,348,348,348
2013-01-24,369,348,348,342,348,348,348,348
2013-01-25,369,348,348,342,348,348,348,348
2013-01-28,369,348,348,342,348,348,348,348
2013-01-29,369,348,348,342,348,348,348,348
2013-01-30,369,348,348,342,348,348,348,348
2013-01-31,369,348,348,342,348,348,348,348
2013-02-01,369,348,348,342,348,348,348,348
2013-02-04,369,348,348,342,348,348,348,348
2013-02-05,369,348,348,342,348,348,348,348
2013-02-06,369,348,348,342,348,348,348,348
2013-02-07,369,348,348,342,348,348,348,348
2013-02-08,369,348,348,342,348,348,348,348
2013-02-11,369,348,348,342,348,348,348,348
2013-02-12,369,348,348,342,348,348,348,348
2013-02-13,369,348,348,342,348,348,348,348
2013-02-14,369,348,348,342,348,348,348,348
2013-02-15,370,349,349,343,349,349,349,349
2013-02-19,370,349,349,343,349,349,349,349
2013-02-20,370,349,349,343,349,349,349,349
2013-02-21,370,349,349,343,349,349,349,349
2013-02-22,370,349,349,343,349,349,349,349
2013-02-25,370,349,349,343,349,349,349,349
2013-02-26,370,349,349,343,349,349,349,349
2013-02-27,370,349,349,343,349,349,349,349
2013-02-28,370,349,349,343,349,349,349,349
2013-03-01,370,349,349,343,349,349,349,349
2013-03-04,370,349,349,343,349,349,349,349
2013-03-05,370,349,349,343,349,349,349,349
2013-03-06,370,349,349,343,349,349,349,349
2013-03-07,370,349,349,343,349,349,349,349
2013-03-08,370,349,349,343,349,349,349,349
2013-03-11,370,349,349,343,349,349,349,349
2013-03-12,370,349,349,343,349,349,349,349
2013-03-13,370,349,349,343,349,349,349,349
2013-03-14,370,349,349,343,349,349,349,349
2013-03-15,370,349,349,343,349,349,349,349
2013-03-18,370,349,349,344,349,349,349,349
2013-03-19,370,349,349,344,349,349,349,349
2013-03-20,370,349,349,344,349,349,349,349
2013-03-21,370,349,349,344,349,349,349,349
2013-03-22,370,349,349,344,349,349,349,349
2013-03-25,370,349,349,344,349,349,349,349
2013-03-26,370,349,349,344,349,349,349,349
2013-03-27,370,349,349,344,349,349,349,349
2013-03-28,370,349,349,344,349,349,349,349
2013-04-01,370,349,349,344,349,349,349,349
2013-04-02,370,349,349,344,349,349,349,349
2013-04-03,370,349,349,344,349,349,349,349
2013-04-04,370,349,349,344,349,349,349,349
2013-04-05,370,349,349,344,349,349,349,349
2013-04-08,370,349,349,344,349,349,349,349
2013-04-09,370,349,349,344,349,349,349,349
2013-04-10,370,349,349,344,349,349,349,349
2013-04-11,370,349,349,344,349,349,349,349
2013-04-12,370,349,349,344,349,349,349,349
2013-04-15,371,350,349,344,350,350,349,350
2013-04-16,371,350,350,344,350,350,350,350
2013-04-17,371,350,350,344,350,350,350,350
2013-04-18,371,350,350,344,350,350,350,350
2013-04-19,371,350,350,344,350,350,350,350
2013-04-22,371,350,350,344,350,350,350,350
2013-04-23,371,350,350,344,350,350,350,350
2013-04-24,371,350,350,344,350,350,350,350
2013-04-25,371,350,350,344,350,350,350,350
2013-04-26,371,350,350,344,350,350,350,350
2013-04-29,371,350,350,344,350,350,350,350
2013-04-30,372,351,351,345,351,351,351,351
2013-05-01,372,351,351,345,351,351,351,351
2013-05-02,372,351,351,345,351,351,351,351
2013-05-03,372,351,351,345,351,351,351,351
2013-05-06,372,351,351,345,351,351,351,351
2013-05-07,372,351,351,345,351,351,351,351
2013-05-08,373,352,352,346,352,352,352,352
2013-05-09,373,352,352,346,352,352,352,352
2013-05-10,373,352,352,346,352,352,352,352
2013-05-13,373,352,352,346,352,352,352,352
2013-05-14,373,352,352,346,352,352,352,352
2013-05-15,373,352,352,346,352,352,352,352
2013-05-16,373,352,352,346,352,352,352,352
2013-05-17,373,352,352,346,352,352,352,352
2013-05-20,373,352,352,346,352,352,352,352
2013-05-21,374,352,352,346,352,352,352,352
2013-05-22,374,352,352,346,352,352,352,352
2013-05-23,374,352,352,346,352,352,352,352
2013-05-24,374,352,352,346,352,352,352,352
2013-05-28,374,352,352,346,352,352,352,352
2013-05-29,374,352,352,346,352,352,352,352
2013-05-30,374,352,352,346,352,352,352,352
2013-05-31,374,352,352,346,352,352,352,352
2013-06-03,374,352,352,346,352,352,352,352
2013-06-04,374,352,352,346,352,352,352,352
2013-06-05,374,352,352,346,352,352,352,352
2013-06-06,375,353,353,347,353,353,353,353
2013-06-07,375,353,353,347,353,353,353,353
2013-06-10,375,353,353,347,353,353,353,353
2013-06-11,375,353,353,347,353,353,353,353
2013-06-12,375,353,353,347,353,353,353,353
2013-06-13,375,353,353,347,353,353,353,353
2013-06-14,375,353,353,347,353,353,353,353
2013-06-17,375,353,353,347,353,353,353,353
2013-06-18,375,353,353,347,353,353,353,353
2013-06-19,375,353,353,347,353,353,353,353
2013-06-20,375,353,353,347,353,353,353,353
2013-06-21,374,352,352,346,352,352,352,352
2013-06-24,374,352,352,346,352,352,352,352
2013-06-25,374,352,352,346,352,352,352,352
2013-06-26,374,352,352,346,352,352,352,352
2013-06-27,374,352,352,346,352,352,352,352
2013-06-28,374,352,352,346,352,352,352,352
2013-07-01,374,352,352,346,352,352,352,352
2013-07-02,374,352,352,346,352,352,352,352
2013-07-03,374,352,352,346,352,352,352,352
2013-07-05,374,352,352,346,352,352,352,352
2013-07-08,374,352,352,346,352,352,352,352
2013-07-09,374,352,352,346,352,352,352,352
2013-07-10,374,352,352,346,352,352,352,352
2013-07-11,374,352,352,346,352,352,352,352
2013-07-12,374,352,352,346,352,352,352,352
2013-07-15,374,352,352,346,352,352,352,352
2013-07-16,374,352,352,346,352,352,352,352
2013-07-17,374,352,352,346,352,352,352,352
2013-07-18,374,352,352,346,352,352,352,352
2013-07-19,374,352,352,346,352,352,352,352
2013-07-22,374,352,352,346,352,352,352,352
2013-07-23,374,352,352,346,352,352,352,352
2013-07-24,374,352,352,346,352,352,352,352
2013-07-25,374,352,352,346,352,352,352,352
2013-07-26,374,352,352,346,352,352,352,352
2013-07-29,374,352,352,347,352,352,352,352
2013-07-30,374,352,352,347,352,352,352,352
2013-07-31,374,352,352,347,352,352,352,352
2013-08-01,374,352,352,347,352,352,352,352
2013-08-02,374,352,352,347,352,352,352,352
2013-08-05,374,352,352,347,352,352,352,352
2013-08-06,374,352,352,347,352,352,352,352
2013-08-07,374,352,352,347,352,352,352,352
2013-08-08,374,352,352,347,352,352,352,352
2013-08-09,374,352,352,347,352,352,352,352
2013-08-12,374,352,352,347,352,352,352,352
2013-08-13,374,352,352,347,352,352,352,352
2013-08-14,374,352,352,347,352,352,352,352
2013-08-15,374,352,352,347,352,352,352,352
2013-08-16,374,352,352,347,352,352,352,352
2013-08-19,374,352,352,347,352,352,352,352
2013-08-20,374,352,352,347,352,352,352,352
2013-08-21,374,352,352,347,352,352,352,352
2013-08-22,374,352,352,347,352,352,352,352
2013-08-23,374,352,352,347,352,352,352,352
2013-08-26,374,352,352,347,352,352,352,352
2013-08-27,374,352,352,347,352,352,352,352
2013-08-28,374,352,352,347,352,352,352,352
2013-08-29,374,352,352,347,352,352,352,352
2013-08-30,374,352,352,347,352,352,352,352
2013-09-03,374,352,352,347,352,352,352,352
2013-09-04,374,352,352,347,352,352,352,352
2013-09-05,374,352,352,347,352,352,352,352
2013-09-06,374,352,352,347,352,352,352,352
2013-09-09,374,352,352,347,352,352,352,352
2013-09-10,375,353,353,348,353,353,353,353
2013-09-11,375,353,353,348,353,353,353,353
2013-09-12,375,353,353,348,353,353,353,353
2013-09-13,375,353,353,348,353,353,353,353
2013-09-16,375,353,353,348,353,353,353,353
2013-09-17,375,353,353,348,353,353,353,353
2013-09-18,375,353,353,348,353,353,353,353
2013-09-19,375,353,353,348,353,353,353,353
2013-09-20,376,354,354,349,354,354,354,354
2013-09-23,376,354,354,349,354,354,354,354
2013-09-24,376,354,354,349,354,354,354,354
2013-09-25,376,354,354,349,354,354,354,354
2013-09-26,376,354,354,349,354,354,354,354
2013-09-27,376,354,354,349,354,354,354,354
2013-09-30,376,354,354,349,354,354,354,354
2013-10-01,376,354,354,349,354,354,354,354
2013-10-02,376,354,354,349,354,354,354,354
2013-10-03,376,354,354,349,354,354,354,354
2013-10-04,376,354,354,349,354,354,354,354
2013-10-07,376,354,354,349,354,354,354,354
2013-10-08,376,354,354,349,354,354,354,354
2013-10-09,376,354,354,349,354,354,354,354
2013-10-10,376,354,354,349,354,354,354,354
2013-10-11,376,354,354,349,354,354,354,354
2013-10-14,376,354,354,349,354,354,354,354
2013-10-15,376,354,354,349,354,354,354,354
2013-10-16,376,354,354,349,354,354,354,354
2013-10-17,376,354,354,349,354,354,354,354
2013-10-18,376,354,354,349,354,354,354,354
2013-10-21,376,354,354,349,354,354,354,354
2013-10-22,376,354,354,349,354,354,354,354
2013-10-23,376,354,354,349,354,354,354,354
2013-10-24,376,354,354,349,354,354,354,354
2013-10-25,376,354,354,349,354,354,354,354
2013-10-28,376,354,354,349,354,354,354,354
2013-10-29,377,355,355,350,355,355,355,355
2013-10-30,377,355,355,350,355,355,355,355
2013-10-31,377,355,355,350,355,355,355,355
2013-11-01,377,355,355,350,355,355,355,355
2013-11-04,377,355,355,350,355,355,355,355
2013-11-05,377,355,355,350,355,355,355,355
2013-11-06,377,355,355,350,355,355,355,355
2013-11-07,377,355,355,350,355,355,355,355
2013-11-08,377,355,355,350,355,355,355,355
2013-11-11,377,355,355,350,355,355,355,355
2013-11-12,377,355,355,350,355,355,355,355
2013-11-13,377,355,355,350,355,355,355,355
2013-11-14,377,355,355,351,355,355,355,355
2013-11-15,377,355,355,351,355,355,355,355
2013-11-18,377,355,355,351,355,355,355,355
2013-11-19,377,355,355,351,355,355,355,355
2013-11-20,377,355,355,351,355,355,355,355
2013-11-21,377,355,355,351,355,355,355,355
2013-11-22,377,355,355,351,355,355,355,355
2013-11-25,377,355,355,351,355,355,355,355
2013-11-26,377,355,355,351,355,355,355,355
2013-11-27,377,355,355,351,355,355,355,355
2013-11-29,376,355,355,351,355,355,355,355
2013-12-02,376,355,355,351,355,355,355,355
2013-12-03,376,355,355,351,355,355,355,355
2013-12-04,376,355,355,351,355,355,355,355
2013-12-05,376,355,355,351,355,355,355,355
2013-12-06,376,355,355,351,355,355,355,355
2013-12-09,376,355,355,351,355,355,355,355
2013-12-10,376,355,355,351,355,355,355,355
2013-12-11,376,355,355,351,355,355,355,355
2013-12-12,376,355,355,351,355,355,355,355
2013-12-13,376,355,355,351,355,355,355,355
2013-12-16,376,355,355,351,355,355,355,355
2013-12-17,376,355,355,351,355,355,355,355
2013-12-18,376,355,355,351,355,355,355,355
2013-12-19,376,355,355,351,355,355,355,355
2013-12-20,376,355,355,352,355,355,355,355
2013-12-23,375,354,354,351,354,354,354,354
2013-12-24,375,354,354,351,354,354,354,354
2013-12-26,375,354,354,351,354,354,354,354
2013-12-27,375,354,354,351,354,354,354,354
2013-12-30,375,354,354,351,354,354,354,354
2013-12-31,376,355,354,351,355,355,354,355
2014-01-02,376,355,355,351,355,355,355,355
2014-01-03,376,355,355,351,355,355,355,355
2014-01-06,376,355,355,351,355,355,355,355
2014-01-07,376,355,355,351,355,355,355,355
2014-01-08,376,355,355,351,355,355,355,355
2014-01-09,376,355,355,351,355,355,355,355
2014-01-10,376,355,355,352,355,355,355,355
2014-01-13,376,355,355,352,355,355,355,355
2014-01-14,376,355,355,352,355,355,355,355
2014-01-15,376,355,355,352,355,355,355,355
2014-01-16,376,355,355,352,355,355,355,355
2014-01-17,376,355,355,352,355,355,355,355
2014-01-21,376,355,355,353,355,355,355,355
2014-01-22,376,355,355,353,355,355,355,355
2014-01-23,376,355,355,353,355,355,355,355
2014-01-24,377,356,356,354,356,356,356,356
2014-01-27,377,356,356,354,356,356,356,356
2014-01-28,377,356,356,354,356,356,356,356
2014-01-29,377,356,356,354,356,356,356,356
2014-01-30,377,356,356,354,356,356,356,356
2014-01-31,378,357,356,354,357,357,356,357
2014-02-03,378,357,357,354,357,357,357,357
2014-02-04,378,357,357,354,357,357,357,357
2014-02-05,378,357,357,354,357,357,357,357
2014-02-06,378,357,357,354,357,357,357,357
2014-02-07,378,357,357,354,357,357,357,357
2014-02-10,378,357,357,354,357,357,357,357
2014-02-11,378,357,357,354,357,357,357,357
2014-02-12,378,357,357,354,357,357,357,357
2014-02-13,378,357,357,354,357,357,357,357
2014-02-14,378,357,357,354,357,357,357,357
2014-02-18,378,357,357,354,357,357,357,357
2014-02-19,378,357,357,354,357,357,357,357
2014-02-20,378,357,357,354,357,357,357,357
2014-02-21,378,357,357,354,357,357,357,357
2014-02-24,378,357,357,354,357,357,357,357
2014-02-25,378,357,357,354,357,357,357,357
2014-02-26,378,357,357,354,357,357,357,357
2014-02-27,378,357,357,354,357,357,357,357
2014-02-28,378,357,357,354,357,357,357,357
2014-03-03,378,357,357,354,357,357,357,357
2014-03-04,378,357,357,354,357,357,357,357
2014-03-05,378,357,357,354,357,357,357,357
2014-03-06,378,357,357,354,357,357,357,357
2014-03-07,378,357,357,354,357,357,357,357
2014-03-10,378,357,357,354,357,357,357,357
2014-03-11,378,357,357,354,357,357,357,357
2014-03-12,378,357,357,354,357,357,357,357
2014-03-13,378,357,357,354,357,357,357,357
2014-03-14,378,357,357,354,357,357,357,357
2014-03-17,378,357,357,354,357,357,357,357
2014-03-18,378,357,357,354,357,357,357,357
2014-03-19,378,357,357,354,357,357,357,357
2014-03-20,378,357,357,354,357,357,357,357
2014-03-21,378,357,357,354,357,357,357,357
2014-03-24,378,357,357,354,357,357,357,357
2014-03-25,378,357,357,354,357,357,357,357
2014-03-26,378,357,357,354,357,357,357,357
2014-03-27,378,357,357,354,357,357,357,357
2014-03-28,378,357,357,354,357,357,357,357
2014-03-31,378,357,357,354,357,357,357,357
2014-04-01,378,357,357,354,357,357,357,357
2014-04-02,378,357,357,354,357,357,357,357
2014-04-03,379,357,357,354,357,357,357,357
2014-04-04,379,357,357,354,357,357,357,357
2014-04-07,379,357,357,354,357,357,357,357
2014-04-08,379,357,357,354,357,357,357,357
2014-04-09,379,357,357,354,357,357,357,357
2014-04-10,379,357,357,354,357,357,357,357
2014-04-11,379,357,357,354,357,357,357,357
2014-04-14,379,357,357,354,357,357,357,357
2014-04-15,379,357,357,354,357,357,357,357
2014-04-16,379,357,357,354,357,357,357,357
2014-04-17,379,357,357,354,357,357,357,357
2014-04-21,379,357,357,354,357,357,357,357
2014-04-22,379,357,357,354,357,357,357,357
2014-04-23,379,357,357,354,357,357,357,357
2014-04-24,379,357,357,354,357,357,357,357
2014-04-25,379,357,357,354,357,357,357,357
2014-04-28,379,357,357,354,357,357,357,357
2014-04-29,379,357,357,354,357,357,357,357
2014-04-30,379,357,357,354,357,357,357,357
2014-05-01,378,356,356,353,356,356,356,356
2014-05-02,378,356,356,353,356,356,356,356
2014-05-05,378,356,356,353,356,356,356,356
2014-05-06,378,356,356,353,356,356,356,356
2014-05-07,378,356,356,353,356,356,356,356
2014-05-08,379,357,357,354,357,357,357,357
2014-05-09,379,357,357,354,357,357,357,357
2014-05-12,379,357,357,354,357,357,357,357
2014-05-13,379,357,357,354,357,357,357,357
2014-05-14,379,357,357,354,357,357,357,357
2014-05-15,379,357,357,355,357,357,357,357
2014-05-16,379,357,357,355,357,357,357,357
2014-05-19,379,357,357,355,357,357,357,357
2014-05-20,379,357,357,355,357,357,357,357
2014-05-21,379,357,357,355,357,357,357,357
2014-05-22,379,357,357,355,357,357,357,357
2014-05-23,379,357,357,355,357,357,357,357
2014-05-27,379,357,357,355,357,357,357,357
2014-05-28,379,357,357,355,357,357,357,357
2014-05-29,379,357,357,355,357,357,357,357
2014-05-30,379,357,357,355,357,357,357,357
2014-06-02,379,357,357,355,357,357,357,357
2014-06-03,379,357,357,355,357,357,357,357
2014-06-04,379,357,357,355,357,357,357,357
2014-06-05,379,357,357,355,357,357,357,357
2014-06-06,379,357,357,355,357,357,357,357
2014-06-09,379,357,357,355,357,357,357,357
2014-06-10,379,357,357,355,357,357,357,357
2014-06-11,379,357,357,355,357,357,357,357
2014-06-12,379,357,357,355,357,357,357,357
2014-06-13,379,357,357,355,357,357,357,357
2014-06-16,379,357,357,355,357,357,357,357
2014-06-17,379,357,357,355,357,357,357,357
2014-06-18,380,357,357,355,357,357,357,357
2014-06-19,380,357,357,355,357,357,357,357
2014-06-20,380,357,357,355,357,357,357,357
2014-06-23,380,357,357,355,357,357,357,357
2014-06-24,380,357,357,355,357,357,357,357
2014-06-25,380,357,357,355,357,357,357,357
2014-06-26,380,357,357,355,357,357,357,357
2014-06-27,380,357,357,355,357,357,357,357
2014-06-30,380,357,357,355,357,357,357,357
2014-07-01,381,358,358,356,358,358,358,358
2014-07-02,382,359,359,357,359,359,359,359
2014-07-03,382,359,359,357,359,359,359,359
2014-07-07,382,359,359,357,359,359,359,359
2014-07-08,382,359,359,357,359,359,359,359
2014-07-09,382,359,359,357,359,359,359,359
2014-07-10,382,359,359,357,359,359,359,359
2014-07-11,382,359,359,357,359,359,359,359
2014-07-14,382,359,359,357,359,359,359,359
2014-07-15,382,359,359,357,359,359,359,359
2014-07-16,382,359,359,357,359,359,359,359
2014-07-17,382,359,359,357,359,359,359,359
2014-07-18,382,359,359,357,359,359,359,359
2014-07-21,382,359,359,357,359,359,359,359
2014-07-22,382,359,359,357,359,359,359,359
2014-07-23,382,359,359,357,359,359,359,359
2014-07-24,382,359,359,357,359,359,359,359
2014-07-25,382,359,359,357,359,359,359,359
2014-07-28,382,359,359,357,359,359,359,359
2014-07-29,382,359,359,357,359,359,359,359
2014-07-30,382,359,359,357,359,359,359,359
2014-07-31,382,359,359,357,359,359,359,359
2014-08-01,382,359,359,357,359,359,359,359
2014-08-04,382,359,359,357,359,359,359,359
2014-08-05,382,359,359,357,359,359,359,359
2014-08-06,382,359,359,357,359,359,359,359
2014-08-07,382,359,359,357,359,359,359,359
2014-08-08,382,359,359,357,359,359,359,359
2014-08-11,382,359,359,357,359,359,359,359
2014-08-12,382,359,359,357,359,359,359,359
2014-08-13,382,359,359,357,359,359,359,359
2014-08-14,382,359,359,357,359,359,359,359
2014-08-15,382,359,359,357,359,359,359,359
2014-08-18,382,359,359,357,359,359,359,359
2014-08-19,382,359,359,357,359,359,359,359
2014-08-20,382,359,359,357,359,359,359,359
2014-08-21,382,359,359,357,359,359,359,359
2014-08-22,382,359,359,357,359,359,359,359
2014-08-25,382,359,359,357,359,359,359,359
2014-08-26,382,359,359,357,359,359,359,359
2014-08-27,382,359,359,357,359,359,359,359
2014-08-28,382,359,359,357,359,359,359,359
2014-08-29,382,359,359,357,359,359,359,359
2014-09-02,382,359,359,357,359,359,359,359
2014-09-03,382,359,359,357,359,359,359,359
2014-09-04,382,359,359,357,359,359,359,359
2014-09-05,382,359,359,357,359,359,359,359
2014-09-08,382,359,359,357,359,359,359,359
2014-09-09,382,359,359,357,359,359,359,359
2014-09-10,382,359,359,357,359,359,359,359
2014-09-11,382,359,359,357,359,359,359,359
2014-09-12,382,359,359,357,359,359,359,359
2014-09-15,382,359,359,357,359,359,359,359
2014-09-16,382,359,359,357,359,359,359,359
2014-09-17,382,359,359,357,359,359,359,359
2014-09-18,382,359,359,357,359,359,359,359
2014-09-19,382,359,359,357,359,359,359,359
2014-09-22,384,360,360,358,360,360,360,360
2014-09-23,384,360,360,358,360,360,360,360
2014-09-24,384,360,360,358,360,360,360,360
2014-09-25,384,360,360,358,360,360,360,360
2014-09-26,384,360,360,358,360,360,360,360
2014-09-29,384,360,360,358,360,360,360,360
2014-09-30,384,360,360,358,360,360,360,360
2014-10-01,384,360,360,358,360,360,360,360
2014-10-02,384,360,360,358,360,360,360,360
2014-10-03,384,360,360,358,360,360,360,360
2014-10-06,384,360,360,358,360,360,360,360
2014-10-07,384,360,360,358,360,360,360,360
2014-10-08,384,360,360,358,360,360,360,360
2014-10-09,384,360,360,358,360,360,360,360
2014-10-10,384,360,360,358,360,360,360,360
2014-10-13,384,360,360,358,360,360,360,360
2014-10-14,384,360,360,358,360,360,360,360
2014-10-15,384,360,360,358,360,360,360,360
2014-10-16,384,360,360,358,360,360,360,360
2014-10-17,384,360,360,358,360,360,360,360
2014-10-20,384,360,360,358,360,360,360,360
2014-10-21,384,360,360,358,360,360,360,360
2014-10-22,384,360,360,358,360,360,360,360
2014-10-23,384,360,360,358,360,360,360,360
2014-10-24,384,360,360,358,360,360,360,360
2014-10-27,384,360,360,358,360,360,360,360
2014-10-28,384,360,360,358,360,360,360,360
2014-10-29,384,360,360,358,360,360,360,360
2014-10-30,384,360,360,358,360,360,360,360
2014-10-31,384,360,360,358,360,360,360,360
2014-11-03,384,360,360,358,360,360,360,360
2014-11-04,384,360,360,358,360,360,360,360
2014-11-05,383,359,359,357,359,359,359,359
2014-11-06,383,359,359,357,359,359,359,359
2014-11-07,383,359,359,357,359,359,359,359
2014-11-10,383,359,359,357,359,359,359,359
2014-11-11,383,359,359,357,359,359,359,359
2014-11-12,383,359,359,357,359,359,359,359
2014-11-13,383,359,359,357,359,359,359,359
2014-11-14,383,359,359,357,359,359,359,359
2014-11-17,384,360,359,357,360,360,359,360
2014-11-18,384,360,360,357,360,360,360,360
2014-11-19,384,360,360,357,360,360,360,360
2014-11-20,384,360,360,357,360,360,360,360
2014-11-21,384,360,360,357,360,360,360,360
2014-11-24,384,360,360,357,360,360,360,360
2014-11-25,384,360,360,357,360,360,360,360
2014-11-26,384,360,360,357,360,360,360,360
2014-11-28,384,360,360,357,360,360,360,360
2014-12-01,384,360,360,357,360,360,360,360
2014-12-02,384,360,360,357,360,360,360,360
2014-12-03,384,360,360,357,360,360,360,360
2014-12-04,384,360,360,357,360,360,360,360
2014-12-05,385,361,361,358,361,361,361,361
2014-12-08,385,361,361,358,361,361,361,361
2014-12-09,385,361,361,358,361,361,361,361
2014-12-10,385,361,361,358,361,361,361,361
2014-12-11,385,361,361,358,361,361,361,361
2014-12-12,385,361,361,358,361,361,361,361
2014-12-15,385,361,361,358,361,361,361,361
2014-12-16,385,361,361,358,361,361,361,361
2014-12-17,385,361,361,358,361,361,361,361
2014-12-18,385,361,361,358,361,361,361,361
2014-12-19,385,361,361,358,361,361,361,361
2014-12-22,385,361,361,358,361,361,361,361
2014-12-23,385,361,361,358,361,361,361,361
2014-12-24,385,361,361,358,361,361,361,361
2014-12-26,385,361,361,358,361,361,361,361
2014-12-29,385,361,361,358,361,361,361,361
2014-12-30,385,361,361,358,361,361,361,361
2014-12-31,385,361,361,358,361,361,361,361
2015-01-02,385,361,361,358,361,361,361,361
2015-01-05,385,361,361,358,361,361,361,361
2015-01-06,385,361,361,358,361,361,361,361
2015-01-07,385,361,361,358,361,361,361,361
2015-01-08,385,361,361,358,361,361,361,361
2015-01-09,385,361,361,358,361,361,361,361
2015-01-12,385,361,361,358,361,361,361,361
2015-01-13,385,361,361,358,361,361,361,361
2015-01-14,385,361,361,358,361,361,361,361
2015-01-15,385,361,361,358,361,361,361,361
2015-01-16,385,361,361,358,361,361,361,361
2015-01-20,385,361,361,358,361,361,361,361
2015-01-21,385,361,361,358,361,361,361,361
2015-01-22,385,361,361,358,361,361,361,361
2015-01-23,385,361,361,358,361,361,361,361
2015-01-26,385,361,361,358,361,361,361,361
2015-01-27,386,362,362,359,362,362,362,362
2015-01-28,386,362,362,359,362,362,362,362
2015-01-29,386,362,362,359,362,362,362,362
2015-01-30,386,362,362,359,362,362,362,362
2015-02-02,386,362,362,359,362,362,362,362
2015-02-03,386,362,362,360,362,362,362,362
2015-02-04,386,362,362,360,362,362,362,362
2015-02-05,386,362,362,360,362,362,362,362
2015-02-06,386,362,362,360,362,362,362,362
2015-02-09,386,362,362,360,362,362,362,362
2015-02-10,386,362,362,360,362,362,362,362
2015-02-11,386,362,362,360,362,362,362,362
2015-02-12,386,362,362,360,362,362,362,362
2015-02-13,386,362,362,360,362,362,362,362
2015-02-17,386,362,362,360,362,362,362,362
2015-02-18,386,362,362,360,362,362,362,362
2015-02-19,386,362,362,360,362,362,362,362
2015-02-20,386,362,362,360,362,362,362,362
2015-02-23,386,362,362,360,362,362,362,362
2015-02-24,386,362,362,360,362,362,362,362
2015-02-25,386,362,362,360,362,362,362,362
2015-02-26,386,362,362,360,362,362,362,362
2015-02-27,386,362,362,360,362,362,362,362
2015-03-02,386,362,362,360,362,362,362,362
2015-03-03,386,362,362,360,362,362,362,362
2015-03-04,386,362,362,360,362,362,362,362
2015-03-05,386,362,362,361,362,362,362,362
2015-03-06,386,362,362,361,362,362,362,362
2015-03-09,386,362,362,361,362,362,362,362
2015-03-10,386,362,362,361,362,362,362,362
2015-03-11,386,362,362,361,362,362,362,362
2015-03-12,387,363,363,362,363,363,363,363
2015-03-13,387,363,363,362,363,363,363,363
2015-03-16,387,363,363,362,363,363,363,363
2015-03-17,387,363,363,362,363,363,363,363
2015-03-18,388,364,364,363,364,364,364,364
2015-03-19,388,364,364,363,364,364,364,364
2015-03-20,388,364,364,363,364,364,364,364
2015-03-23,390,366,366,365,366,366,366,366
2015-03-24,390,366,366,365,366,366,366,366
2015-03-25,390,366,366,365,366,366,366,366
2015-03-26,390,366,366,365,366,366,366,366
2015-03-27,390,366,366,365,366,366,366,366
2015-03-30,390,366,366,365,366,366,366,366
2015-03-31,390,366,366,365,366,366,366,366
2015-04-01,390,366,366,365,366,366,366,366
2015-04-02,390,366,366,365,366,366,366,366
2015-04-06,390,366,366,365,366,366,366,366
2015-04-07,391,367,367,366,367,367,367,367
2015-04-08,391,367,367,366,367,367,367,367
2015-04-09,391,367,367,366,367,367,367,367
2015-04-10,391,367,367,366,367,367,367,367
2015-04-13,391,367,367,366,367,367,367,367
2015-04-14,391,367,367,366,367,367,367,367
2015-04-15,391,367,367,366,367,367,367,367
2015-04-16,391,367,367,366,367,367,367,367
2015-04-17,392,368,367,366,368,368,367,368
2015-04-20,392,368,368,366,368,368,368,368
2015-04-21,392,368,368,366,368,368,368,368
2015-04-22,392,368,368,366,368,368,368,368
2015-04-23,392,368,368,366,368,368,368,368
2015-04-24,392,368,368,366,368,368,368,368
2015-04-27,392,368,368,366,368,368,368,368
2015-04-28,392,368,368,366,368,368,368,368
2015-04-29,392,368,368,366,368,368,368,368
2015-04-30,392,368,368,366,368,368,368,368
2015-05-01,392,368,368,366,368,368,368,368
2015-05-04,392,368,368,366,368,368,368,368
2015-05-05,392,368,368,366,368,368,368,368
2015-05-06,392,368,368,366,368,368,368,368
2015-05-07,392,368,368,366,368,368,368,368
2015-05-08,392,368,368,366,368,368,368,368
2015-05-11,392,368,368,366,368,368,368,368
2015-05-12,392,368,368,366,368,368,368,368
2015-05-13,392,368,368,366,368,368,368,368
2015-05-14,392,368,368,366,368,368,368,368
2015-05-15,392,368,368,366,368,368,368,368
2015-05-18,392,368,368,366,368,368,368,368
2015-05-19,392,368,368,366,368,368,368,368
2015-05-20,392,368,368,366,368,368,368,368
2015-05-21,392,368,368,366,368,368,368,368
2015-05-22,392,368,368,366,368,368,368,368
2015-05-26,392,368,368,366,368,368,368,368
2015-05-27,392,368,368,366,368,368,368,368
2015-05-28,392,368,368,366,368,368,368,368
2015-05-29,392,368,368,366,368,368,368,368
2015-06-01,392,368,368,366,368,368,368,368
2015-06-02,392,368,368,366,368,368,368,368
2015-06-03,392,368,368,366,368,368,368,368
2015-06-04,392,368,368,366,368,368,368,368
2015-06-05,392,368,368,366,368,368,368,368
2015-06-08,392,368,368,366,368,368,368,368
2015-06-09,392,368,368,366,368,368,368,368
2015-06-10,392,368,368,366,368,368,368,368
2015-06-11,392,368,368,366,368,368,368,368
2015-06-12,392,368,368,366,368,368,368,368
2015-06-15,392,368,368,366,368,368,368,368
2015-06-16,392,368,368,366,368,368,368,368
2015-06-17,392,368,368,366,368,368,368,368
2015-06-18,392,368,368,366,368,368,368,368
2015-06-19,392,368,368,366,368,368,368,368
2015-06-22,392,368,368,366,368,368,368,368
2015-06-23,392,368,368,366,368,368,368,368
2015-06-24,392,368,368,366,368,368,368,368
2015-06-25,392,368,368,366,368,368,368,368
2015-06-26,392,368,368,366,368,368,368,368
2015-06-29,392,368,368,366,368,368,368,368
2015-06-30,392,368,368,366,368,368,368,368
2015-07-01,393,369,369,367,369,369,369,369
2015-07-02,392,368,368,366,368,368,368,368
2015-07-06,392,368,368,366,368,368,368,368
2015-07-07,392,368,368,366,368,368,368,368
2015-07-08,393,369,369,367,369,369,369,369
2015-07-09,393,369,369,367,369,369,369,369
2015-07-10,393,369,369,367,369,369,369,369
2015-07-13,393,369,369,367,369,369,369,369
2015-07-14,393,369,369,367,369,369,369,369
2015-07-15,393,369,369,367,369,369,369,369
2015-07-16,393,369,369,367,369,369,369,369
2015-07-17,393,369,369,367,369,369,369,369
2015-07-20,393,369,369,367,369,369,369,369
2015-07-21,393,369,369,367,369,369,369,369
2015-07-22,393,369,369,367,369,369,369,369
2015-07-23,393,369,369,367,369,369,369,369
2015-07-24,393,369,369,367,369,369,369,369
2015-07-27,393,369,369,367,369,369,369,369
2015-07-28,393,369,369,367,369,369,369,369
2015-07-29,394,370,370,368,370,370,370,370
2015-07-30,394,370,370,368,370,370,370,370
2015-07-31,394,370,370,368,370,370,370,370
2015-08-03,394,370,370,368,370,370,370,370
2015-08-04,394,370,370,368,370,370,370,370
2015-08-05,394,370,370,368,370,370,370,370
2015-08-06,394,370,370,368,370,370,370,370
2015-08-07,394,370,370,368,370,370,370,370
2015-08-10,394,370,370,368,370,370,370,370
2015-08-11,394,370,370,368,370,370,370,370
2015-08-12,394,370,370,368,370,370,370,370
2015-08-13,394,370,370,368,370,370,370,370
2015-08-14,394,370,370,368,370,370,370,370
2015-08-17,394,370,370,368,370,370,370,370
2015-08-18,394,370,370,368,370,370,370,370
2015-08-19,394,370,370,368,370,370,370,370
2015-08-20,394,370,370,368,370,370,370,370
2015-08-21,394,370,370,368,370,370,370,370
2015-08-24,394,370,370,368,370,370,370,370
2015-08-25,394,370,370,368,370,370,370,370
2015-08-26,394,370,370,368,370,370,370,370
2015-08-27,394,370,370,368,370,370,370,370
2015-08-28,394,370,370,368,370,370,370,370
2015-08-31,394,370,370,368,370,370,370,370
2015-09-01,394,370,370,368,370,370,370,370
2015-09-02,395,371,371,369,371,371,371,371
2015-09-03,395,371,371,369,371,371,371,371
2015-09-04,395,371,371,369,371,371,371,371
2015-09-08,395,371,371,369,371,371,371,371
2015-09-09,395,371,371,369,371,371,371,371
2015-09-10,395,371,371,369,371,371,371,371
2015-09-11,395,371,371,369,371,371,371,371
2015-09-14,395,371,371,369,371,371,371,371
2015-09-15,395,371,371,369,371,371,371,371
2015-09-16,395,371,371,369,371,371,371,371
2015-09-17,395,371,371,369,371,371,371,371
2015-09-18,396,371,371,369,371,371,371,371
2015-09-21,396,371,371,369,371,371,371,371
2015-09-22,396,371,371,369,371,371,371,371
2015-09-23,396,371,371,369,371,371,371,371
2015-09-24,396,371,371,369,371,371,371,371
2015-09-25,396,371,371,369,371,371,371,371
2015-09-28,396,371,371,369,371,371,371,371
2015-09-29,396,371,371,369,371,371,371,371
2015-09-30,396,371,371,369,371,371,371,371
2015-10-01,396,371,371,369,371,371,371,371
2015-10-02,396,371,371,369,371,371,371,371
2015-10-05,396,371,371,369,371,371,371,371
2015-10-06,396,371,371,369,371,371,371,371
2015-10-07,397,372,372,370,372,372,372,372
2015-10-08,397,372,372,370,372,372,372,372
2015-10-09,397,372,372,370,372,372,372,372
2015-10-12,397,372,372,370,372,372,372,372
2015-10-13,397,372,372,370,372,372,372,372
2015-10-14,397,372,372,370,372,372,372,372
2015-10-15,397,372,372,370,372,372,372,372
2015-10-16,397,372,372,370,372,372,372,372
2015-10-19,397,372,372,370,372,372,372,372
2015-10-20,397,372,372,370,372,372,372,372
2015-10-21,397,372,372,370,372,372,372,372
2015-10-22,397,372,372,370,372,372,372,372
2015-10-23,397,372,372,370,372,372,372,372
2015-10-26,397,372,372,370,372,372,372,372
2015-10-27,397,372,372,370,372,372,372,372
2015-10-28,397,372,372,370,372,372,372,372
2015-10-29,397,372,372,370,372,372,372,372
2015-10-30,397,372,372,370,372,372,372,372
2015-11-02,397,372,372,370,372,372,372,372
2015-11-03,397,372,372,370,372,372,372,372
2015-11-04,397,372,372,370,372,372,372,372
2015-11-05,397,372,372,370,372,372,372,372
2015-11-06,397,372,372,370,372,372,372,372
2015-11-09,397,372,372,370,372,372,372,372
2015-11-10,397,372,372,370,372,372,372,372
2015-11-11,397,372,372,370,372,372,372,372
2015-11-12,397,372,372,370,372,372,372,372
2015-11-13,397,372,372,370,372,372,372,372
2015-11-16,397,372,372,370,372,372,372,372
2015-11-17,397,372,372,370,372,372,372,372
2015-11-18,397,372,372,369,372,372,372,372
2015-11-19,398,373,373,370,373,373,373,373
2015-11-20,398,373,373,370,373,373,373,373
2015-11-23,398,373,373,370,373,373,373,373
2015-11-24,398,373,373,370,373,373,373,373
2015-11-25,398,373,373,370,373,373,373,373
2015-11-27,398,373,373,370,373,373,373,373
2015-11-30,398,373,373,370,373,373,373,373
2015-12-01,398,373,373,370,373,373,373,373
2015-12-02,398,373,373,370,373,373,373,373
2015-12-03,398,373,373,370,373,373,373,373
2015-12-04,398,373,373,370,373,373,373,373
2015-12-07,398,373,373,370,373,373,373,373
2015-12-08,398,373,373,370,373,373,373,373
2015-12-09,398,373,373,370,373,373,373,373
2015-12-10,398,373,373,370,373,373,373,373
2015-12-11,398,373,373,370,373,373,373,373
2015-12-14,398,373,373,370,373,373,373,373
2015-12-15,398,373,373,370,373,373,373,373
2015-12-16,398,373,373,370,373,373,373,373
2015-12-17,398,373,373,370,373,373,373,373
2015-12-18,398,373,373,371,373,373,373,373
2015-12-21,398,373,373,371,373,373,373,373
2015-12-22,398,373,373,371,373,373,373,373
2015-12-23,398,373,373,371,373,373,373,373
2015-12-24,398,373,373,371,373,373,373,373
2015-12-28,398,373,373,371,373,373,373,373
2015-12-29,399,374,374,372,374,374,374,374
2015-12-30,399,374,374,372,374,374,374,374
2015-12-31,400,375,374,372,375,375,374,375
2016-01-04,400,375,375,372,375,375,375,375
2016-01-05,399,374,374,371,374,374,374,374
2016-01-06,399,374,374,371,374,374,374,374
2016-01-07,399,374,374,371,374,374,374,374
2016-01-08,399,374,374,371,374,374,374,374
2016-01-11,399,374,374,371,374,374,374,374
2016-01-12,399,374,374,371,374,374,374,374
2016-01-13,399,374,374,371,374,374,374,374
2016-01-14,399,374,374,371,374,374,374,374
2016-01-15,399,374,374,371,374,374,374,374
2016-01-19,400,375,375,372,375,375,375,375
2016-01-20,400,375,375,372,375,375,375,375
2016-01-21,400,375,375,372,375,375,375,375
2016-01-22,400,375,375,372,375,375,375,375
2016-01-25,400,375,375,372,375,375,375,375
2016-01-26,400,375,375,372,375,375,375,375
2016-01-27,400,375,375,372,375,375,375,375
2016-01-28,400,375,375,372,375,375,375,375
2016-01-29,400,375,375,372,375,375,375,375
2016-02-01,402,377,377,373,377,377,377,377
2016-02-02,402,377,377,373,377,377,377,377
2016-02-03,402,377,377,373,377,377,377,377
2016-02-04,402,377,377,373,377,377,377,377
2016-02-05,402,377,377,373,377,377,377,377
2016-02-08,402,377,377,373,377,377,377,377
2016-02-09,402,377,377,373,377,377,377,377
2016-02-10,402,377,377,373,377,377,377,377
2016-02-11,402,377,377,373,377,377,377,377
2016-02-12,402,377,377,373,377,377,377,377
2016-02-16,402,377,377,373,377,377,377,377
2016-02-17,402,377,377,373,377,377,377,377
2016-02-18,402,377,377,373,377,377,377,377
2016-02-19,402,377,377,373,377,377,377,377
2016-02-22,402,377,377,373,377,377,377,377
2016-02-23,402,377,377,373,377,377,377,377
2016-02-24,402,377,377,373,377,377,377,377
2016-02-25,402,377,377,373,377,377,377,377
2016-02-26,402,377,377,373,377,377,377,377
2016-02-29,402,377,377,373,377,377,377,377
2016-03-01,402,377,377,373,377,377,377,377
2016-03-02,402,377,377,373,377,377,377,377
2016-03-03,402,377,377,373,377,377,377,377
2016-03-04,402,378,378,374,378,378,378,378
2016-03-07,403,379,379,375,379,379,379,379
2016-03-08,403,379,379,375,379,379,379,379
2016-03-09,403,379,379,375,379,379,379,379
2016-03-10,403,379,379,375,379,379,379,379
2016-03-11,403,379,379,375,379,379,379,379
2016-03-14,403,379,379,375,379,379,379,379
2016-03-15,403,379,379,375,379,379,379,379
2016-03-16,403,379,379,375,379,379,379,379
2016-03-17,403,379,379,375,379,379,379,379
2016-03-18,403,379,379,375,379,379,379,379
2016-03-21,403,379,379,375,379,379,379,379
2016-03-22,403,379,379,375,379,379,379,379
2016-03-23,403,379,379,375,379,379,379,379
2016-03-24,403,379,379,375,379,379,379,379
2016-03-28,403,379,379,375,379,379,379,379
2016-03-29,403,379,379,375,379,379,379,379
2016-03-30,404,380,380,376,380,380,380,380
2016-03-31,404,380,380,376,380,380,380,380
2016-04-01,404,380,380,376,380,380,380,380
2016-04-04,404,380,380,376,380,380,380,380
2016-04-05,404,380,380,376,380,380,380,380
2016-04-06,404,380,380,376,380,380,380,380
2016-04-07,404,380,380,376,380,380,380,380
2016-04-08,404,380,380,376,380,380,380,380
2016-04-11,404,380,380,376,380,380,380,380
2016-04-12,404,380,380,376,380,380,380,380
2016-04-13,404,380,380,376,380,380,380,380
2016-04-14,404,380,380,376,380,380,380,380
2016-04-15,404,380,380,376,380,380,380,380
2016-04-18,404,380,380,376,380,380,380,380
2016-04-19,404,380,380,376,380,380,380,380
2016-04-20,404,380,380,376,380,380,380,380
2016-04-21,404,380,380,376,380,380,380,380
2016-04-22,404,380,380,376,380,380,380,380
2016-04-25,404,380,380,376,380,380,380,380
2016-04-26,404,380,380,376,380,380,380,380
2016-04-27,404,380,380,376,380,380,380,380
2016-04-28,404,380,380,376,380,380,380,380
2016-04-29,404,380,380,376,380,380,380,380
2016-05-02,404,380,380,376,380,380,380,380
2016-05-03,405,381,381,377,381,381,381,381
2016-05-04,405,381,381,377,381,381,381,381
2016-05-05,405,381,381,377,381,381,381,381
2016-05-06,405,381,381,377,381,381,381,381
2016-05-09,405,381,381,377,381,381,381,381
2016-05-10,405,381,381,377,381,381,381,381
2016-05-11,405,381,381,377,381,381,381,381
2016-05-12,405,381,381,377,381,381,381,381
2016-05-13,406,382,382,378,382,382,382,382
2016-05-16,406,382,382,378,382,382,382,382
2016-05-17,406,382,382,378,382,382,382,382
2016-05-18,407,383,383,380,383,383,383,383
2016-05-19,407,383,383,380,383,383,383,383
2016-05-20,407,383,383,380,383,383,383,383
2016-05-23,408,384,384,381,384,384,384,384
2016-05-24,408,384,384,381,384,384,384,384
2016-05-25,408,384,384,381,384,384,384,384
2016-05-26,408,384,384,381,384,384,384,384
2016-05-27,408,384,384,381,384,384,384,384
2016-05-31,409,385,385,382,385,385,385,385
2016-06-01,409,385,385,382,385,385,385,385
2016-06-02,409,385,385,382,385,385,385,385
2016-06-03,410,386,386,383,386,386,386,386
2016-06-06,410,386,386,383,386,386,386,386
2016-06-07,410,386,386,383,386,386,386,386
2016-06-08,410,386,386,383,386,386,386,386
2016-06-09,410,386,386,383,386,386,386,386
2016-06-10,410,386,386,383,386,386,386,386
2016-06-13,410,386,386,383,386,386,386,386
2016-06-14,410,386,386,383,386,386,386,386
2016-06-15,410,386,386,383,386,386,386,386
2016-06-16,410,386,386,383,386,386,386,386
2016-06-17,410,386,386,383,386,386,386,386
2016-06-20,410,386,386,383,386,386,386,386
2016-06-21,410,386,386,383,386,386,386,386
2016-06-22,410,386,386,383,386,386,386,386
2016-06-23,410,386,386,383,386,386,386,386
2016-06-24,410,386,386,383,386,386,386,386
2016-06-27,410,386,386,383,386,386,386,386
2016-06-28,410,386,386,383,386,386,386,386
2016-06-29,410,386,386,383,386,386,386,386
2016-06-30,410,386,386,383,386,386,386,386
2016-07-01,414,390,388,385,390,390,388,390
2016-07-05,414,390,390,385,390,390,390,390
2016-07-06,414,390,390,385,390,390,390,390
2016-07-07,414,390,390,385,390,390,390,390
2016-07-08,414,390,390,385,390,390,390,390
2016-07-11,414,390,390,385,390,390,390,390
2016-07-12,414,390,390,385,390,390,390,390
2016-07-13,414,390,390,385,390,390,390,390
2016-07-14,415,391,390,385,391,391,390,391
2016-07-15,415,391,391,385,391,391,391,391
2016-07-18,415,391,391,385,391,391,391,391
2016-07-19,415,391,391,385,391,391,391,391
2016-07-20,415,391,391,385,391,391,391,391
2016-07-21,415,391,391,385,391,391,391,391
2016-07-22,415,391,391,385,391,391,391,391
2016-07-25,415,391,391,385,391,391,391,391
2016-07-26,415,391,391,385,391,391,391,391
2016-07-27,415,391,391,385,391,391,391,391
2016-07-28,415,391,391,385,391,391,391,391
2016-07-29,415,391,391,385,391,391,391,391
2016-08-01,415,391,391,385,391,391,391,391
2016-08-02,415,391,391,385,391,391,391,391
2016-08-03,415,391,391,385,391,391,391,391
2016-08-04,415,391,391,385,391,391,391,391
2016-08-05,415,391,391,385,391,391,391,391
2016-08-08,415,391,391,385,391,391,391,391
2016-08-09,415,391,391,385,391,391,391,391
2016-08-10,415,391,391,385,391,391,391,391
2016-08-11,415,391,391,385,391,391,391,391
2016-08-12,415,391,391,385,391,391,391,391
2016-08-15,415,391,391,385,391,391,391,391
2016-08-16,415,391,391,385,391,391,391,391
2016-08-17,415,391,391,385,391,391,391,391
2016-08-18,415,391,391,385,391,391,391,391
2016-08-19,415,391,391,385,391,391,391,391
2016-08-22,415,391,391,385,391,391,391,391
2016-08-23,415,391,391,385,391,391,391,391
2016-08-24,415,391,391,385,391,391,391,391
2016-08-25,415,391,391,385,391,391,391,391
2016-08-26,415,391,391,385,391,391,391,391
2016-08-29,415,391,391,385,391,391,391,391
2016-08-30,415,391,391,386,391,391,391,391
2016-08-31,415,391,391,386,391,391,391,391
2016-09-01,415,391,391,386,391,391,391,391
2016-09-02,415,391,391,386,391,391,391,391
2016-09-06,416,392,392,387,392,392,392,392
2016-09-07,416,392,392,387,392,392,392,392
2016-09-08,417,393,393,388,393,393,393,393
2016-09-09,417,393,393,388,393,393,393,393
2016-09-12,417,393,393,388,393,393,393,393
2016-09-13,417,393,393,388,393,393,393,393
2016-09-14,417,393,393,388,393,393,393,393
2016-09-15,417,393,393,388,393,393,393,393
2016-09-16,417,393,393,388,393,393,393,393
2016-09-19,417,393,393,388,393,393,393,393
2016-09-20,417,393,393,388,393,393,393,393
2016-09-21,417,393,393,388,393,393,393,393
2016-09-22,418,394,394,389,394,394,394,394
2016-09-23,418,394,394,389,394,394,394,394
2016-09-26,418,394,394,389,394,394,394,394
2016-09-27,418,394,394,389,394,394,394,394
2016-09-28,418,394,394,389,394,394,394,394
2016-09-29,418,394,394,389,394,394,394,394
2016-09-30,419,395,395,390,395,395,395,395
2016-10-03,419,395,395,390,395,395,395,395
2016-10-04,419,395,395,390,395,395,395,395
2016-10-05,419,395,395,390,395,395,395,395
2016-10-06,419,395,395,390,395,395,395,395
2016-10-07,419,395,395,390,395,395,395,395
2016-10-10,419,395,395,390,395,395,395,395
2016-10-11,419,395,395,390,395,395,395,395
2016-10-12,419,395,395,390,395,395,395,395
2016-10-13,419,395,395,390,395,395,395,395
2016-10-14,419,395,395,390,395,395,395,395
2016-10-17,420,396,395,390,396,396,395,396
2016-10-18,420,396,396,390,396,396,396,396
2016-10-19,420,396,396,390,396,396,396,396
2016-10-20,420,396,396,390,396,396,396,396
2016-10-21,420,396,396,390,396,396,396,396
2016-10-24,420,396,396,391,396,396,396,396
2016-10-25,420,396,396,391,396,396,396,396
2016-10-26,420,396,396,391,396,396,396,396
2016-10-27,420,396,396,391,396,396,396,396
2016-10-28,420,396,396,391,396,396,396,396
2016-10-31,420,396,396,391,396,396,396,396
2016-11-01,419,396,396,391,396,396,396,396
2016-11-02,419,396,396,391,396,396,396,396
2016-11-03,419,396,396,391,396,396,396,396
2016-11-04,419,396,396,391,396,396,396,396
2016-11-07,419,396,396,391,396,396,396,396
2016-11-08,419,396,396,391,396,396,396,396
2016-11-09,419,396,396,391,396,396,396,396
2016-11-10,419,396,396,391,396,396,396,396
2016-11-11,419,396,396,391,396,396,396,396
2016-11-14,419,396,396,391,396,396,396,396
2016-11-15,419,396,396,391,396,396,396,396
2016-11-16,419,396,396,391,396,396,396,396
2016-11-17,419,396,396,391,396,396,396,396
2016-11-18,419,396,396,391,396,396,396,396
2016-11-21,419,396,396,391,396,396,396,396
2016-11-22,419,396,396,391,396,396,396,396
2016-11-23,419,396,396,391,396,396,396,396
2016-11-25,419,396,396,391,396,396,396,396
2016-11-28,419,396,396,391,396,396,396,396
2016-11-29,419,396,396,391,396,396,396,396
2016-11-30,419,396,396,391,396,396,396,396
2016-12-01,419,396,396,391,396,396,396,396
2016-12-02,420,396,396,391,396,396,396,396
2016-12-05,420,396,396,391,396,396,396,396
2016-12-06,420,396,396,391,396,396,396,396
2016-12-07,420,396,396,391,396,396,396,396
2016-12-08,420,396,396,391,396,396,396,396
2016-12-09,420,396,396,391,396,396,396,396
2016-12-12,420,396,396,391,396,396,396,396
2016-12-13,420,396,396,391,396,396,396,396
2016-12-14,420,396,396,391,396,396,396,396
2016-12-15,420,396,396,391,396,396,396,396
2016-12-16,420,396,396,391,396,396,396,396
2016-12-19,420,396,396,391,396,396,396,396
2016-12-20,420,396,396,391,396,396,396,396
2016-12-21,420,396,396,391,396,396,396,396
2016-12-22,420,396,396,391,396,396,396,396
2016-12-23,420,396,396,391,396,396,396,396
2016-12-27,420,396,396,391,396,396,396,396
2016-12-28,420,396,396,391,396,396,396,396
2016-12-29,420,396,396,391,396,396,396,396
2016-12-30,420,396,396,391,396,396,396,396
2017-01-03,420,396,396,391,396,396,396,396
2017-01-04,420,396,396,391,396,396,396,396
2017-01-05,421,397,397,392,397,397,397,397
2017-01-06,421,397,397,392,397,397,397,397
2017-01-09,421,397,397,392,397,397,397,397
2017-01-10,421,397,397,392,397,397,397,397
2017-01-11,421,397,397,392,397,397,397,397
2017-01-12,421,397,397,392,397,397,397,397
2017-01-13,421,397,397,392,397,397,397,397
2017-01-17,421,397,397,392,397,397,397,397
2017-01-18,421,397,397,392,397,397,397,397
2017-01-19,421,397,397,392,397,397,397,397
2017-01-20,421,397,397,392,397,397,397,397
2017-01-23,421,397,397,392,397,397,397,397
2017-01-24,421,397,397,392,397,397,397,397
2017-01-25,421,397,397,392,397,397,397,397
2017-01-26,421,397,397,392,397,397,397,397
2017-01-27,421,397,397,392,397,397,397,397
2017-01-30,421,397,397,392,397,397,397,397
2017-01-31,421,397,397,392,397,397,397,397
2017-02-01,421,397,397,392,397,397,397,397
2017-02-02,421,397,397,393,397,397,397,397
2017-02-03,421,397,397,393,397,397,397,397
2017-02-06,421,397,397,393,397,397,397,397
2017-02-07,421,397,397,393,397,397,397,397
2017-02-08,421,397,397,393,397,397,397,397
2017-02-09,421,397,397,393,397,397,397,397
2017-02-10,421,397,397,393,397,397,397,397
2017-02-13,421,397,397,393,397,397,397,397
2017-02-14,421,397,397,393,397,397,397,397
2017-02-15,421,397,397,393,397,397,397,397
2017-02-16,421,397,397,393,397,397,397,397
2017-02-17,421,397,397,393,397,397,397,397
2017-02-21,421,397,397,393,397,397,397,397
2017-02-22,421,397,397,393,397,397,397,397
2017-02-23,421,397,397,393,397,397,397,397
2017-02-24,421,397,397,393,397,397,397,397
2017-02-27,421,397,397,393,397,397,397,397
2017-02-28,422,398,398,394,398,398,398,398
2017-03-01,422,398,398,394,398,398,398,398
2017-03-02,423,399,399,395,399,399,399,399
2017-03-03,423,399,399,395,399,399,399,399
2017-03-06,423,399,399,395,399,399,399,399
2017-03-07,423,399,399,395,399,399,399,399
2017-03-08,423,399,399,395,399,399,399,399
2017-03-09,423,399,399,395,399,399,399,399
2017-03-10,423,399,399,395,399,399,399,399
2017-03-13,423,399,399,395,399,399,399,399
2017-03-14,423,399,399,395,399,399,399,399
2017-03-15,423,399,399,395,399,399,399,399
2017-03-16,424,400,400,396,400,400,400,400
2017-03-17,424,400,400,396,400,400,400,400
2017-03-20,425,401,401,397,401,401,401,401
2017-03-21,425,401,401,397,401,401,401,401
2017-03-22,425,401,401,397,401,401,401,401
2017-03-23,425,401,401,397,401,401,401,401
2017-03-24,425,401,401,397,401,401,401,401
2017-03-27,425,401,401,397,401,401,401,401
2017-03-28,426,401,401,397,401,401,401,401
2017-03-29,426,401,401,397,401,401,401,401
2017-03-30,426,401,401,397,401,401,401,401
2017-03-31,426,401,401,397,401,401,401,401
2017-04-03,426,401,401,397,401,401,401,401
2017-04-04,427,402,402,398,402,402,402,402
2017-04-05,428,403,403,399,403,403,403,403
2017-04-06,428,403,403,399,403,403,403,403
2017-04-07,428,403,403,399,403,403,403,403
2017-04-10,428,403,403,399,403,403,403,403
2017-04-11,428,403,403,399,403,403,403,403
2017-04-12,428,403,403,399,403,403,403,403
2017-04-13,428,403,403,399,403,403,403,403
2017-04-17,428,403,403,399,403,403,403,403
2017-04-18,428,403,403,399,403,403,403,403
2017-04-19,428,403,403,399,403,403,403,403
2017-04-20,428,403,403,399,403,403,403,403
2017-04-21,428,403,403,399,403,403,403,403
2017-04-24,428,403,403,399,403,403,403,403
2017-04-25,428,403,403,399,403,403,403,403
2017-04-26,428,403,403,399,403,403,403,403
2017-04-27,428,403,403,399,403,403,403,403
2017-04-28,428,403,403,399,403,403,403,403
2017-05-01,428,403,403,399,403,403,403,403
2017-05-02,428,403,403,399,403,403,403,403
2017-05-03,428,403,403,399,403,403,403,403
2017-05-04,428,403,403,399,403,403,403,403
2017-05-05,428,403,403,399,403,403,403,403
2017-05-08,428,403,403,399,403,403,403,403
2017-05-09,428,403,403,399,403,403,403,403
2017-05-10,428,403,403,399,403,403,403,403
2017-05-11,428,403,403,399,403,403,403,403
2017-05-12,428,403,403,399,403,403,403,403
2017-05-15,428,403,403,399,403,403,403,403
2017-05-16,428,403,403,399,403,403,403,403
2017-05-17,428,403,403,399,403,403,403,403
2017-05-18,428,403,403,399,403,403,403,403
2017-05-19,428,403,403,399,403,403,403,403
2017-05-22,428,403,403,399,403,403,403,403
2017-05-23,428,403,403,399,403,403,403,403
2017-05-24,428,403,403,399,403,403,403,403
2017-05-25,428,403,403,399,403,403,403,403
2017-05-26,428,403,403,399,403,403,403,403
2017-05-30,428,403,403,399,403,403,403,403
2017-05-31,428,403,403,399,403,403,403,403
2017-06-01,428,403,403,399,403,403,403,403
2017-06-02,428,403,403,399,403,403,403,403
2017-06-05,428,403,403,399,403,403,403,403
2017-06-06,428,403,403,399,403,403,403,403
2017-06-07,428,403,403,399,403,403,403,403
2017-06-08,428,403,403,399,403,403,403,403
2017-06-09,428,403,403,399,403,403,403,403
2017-06-12,428,403,403,399,403,403,403,403
2017-06-13,428,403,403,399,403,403,403,403
2017-06-14,428,403,403,399,403,403,403,403
2017-06-15,428,403,403,399,403,403,403,403
2017-06-16,428,403,403,399,403,403,403,403
2017-06-19,428,403,403,399,403,403,403,403
2017-06-20,428,403,403,399,403,403,403,403
2017-06-21,428,403,403,399,403,403,403,403
2017-06-22,428,403,403,399,403,403,403,403
2017-06-23,428,403,403,399,403,403,403,403
2017-06-26,428,403,403,399,403,403,403,403
2017-06-27,428,403,403,399,403,403,403,403
2017-06-28,428,403,403,399,403,403,403,403
2017-06-29,428,403,403,399,403,403,403,403
2017-06-30,428,403,403,399,403,403,403,403
2017-07-03,429,404,403,399,404,404,403,404
2017-07-05,429,404,404,399,404,404,404,404
2017-07-06,429,404,404,399,404,404,404,404
2017-07-07,430,405,405,400,405,405,405,405
2017-07-10,430,405,405,400,405,405,405,405
2017-07-11,430,405,405,400,405,405,405,405
2017-07-12,430,405,405,400,405,405,405,405
2017-07-13,430,405,405,400,405,405,405,405
2017-07-14,430,405,405,400,405,405,405,405
2017-07-17,430,405,405,400,405,405,405,405
2017-07-18,430,405,405,400,405,405,405,405
2017-07-19,430,405,405,400,405,405,405,405
2017-07-20,430,405,405,400,405,405,405,405
2017-07-21,430,405,405,400,405,405,405,405
2017-07-24,430,405,405,400,405,405,405,405
2017-07-25,430,405,405,400,405,405,405,405
2017-07-26,432,407,407,402,407,407,407,407
2017-07-27,432,407,407,402,407,407,407,407
2017-07-28,432,407,407,402,407,407,407,407
2017-07-31,432,407,407,402,407,407,407,407
2017-08-01,432,407,407,402,407,407,407,407
2017-08-02,432,407,407,402,407,407,407,407
2017-08-03,432,407,407,404,407,407,407,407
2017-08-04,432,407,407,404,407,407,407,407
2017-08-07,432,407,407,404,407,407,407,407
2017-08-08,431,406,406,403,406,406,406,406
2017-08-09,431,406,406,403,406,406,406,406
2017-08-10,431,406,406,403,406,406,406,406
2017-08-11,431,406,406,403,406,406,406,406
2017-08-14,431,406,406,403,406,406,406,406
2017-08-15,431,406,406,404,406,406,406,406
2017-08-16,431,406,406,404,406,406,406,406
2017-08-17,431,406,406,404,406,406,406,406
2017-08-18,431,406,406,404,406,406,406,406
2017-08-21,431,406,406,404,406,406,406,406
2017-08-22,431,406,406,404,406,406,406,406
2017-08-23,431,406,406,404,406,406,406,406
2017-08-24,431,406,406,404,406,406,406,406
2017-08-25,431,406,406,404,406,406,406,406
2017-08-28,431,406,406,404,406,406,406,406
2017-08-29,431,406,406,404,406,406,406,406
2017-08-30,431,406,406,404,406,406,406,406
2017-08-31,431,406,406,404,406,406,406,406
2017-09-01,426,403,403,401,403,403,403,403
2017-09-05,426,403,403,401,403,403,403,403
2017-09-06,426,403,403,401,403,403,403,403
2017-09-07,425,402,402,400,402,402,402,402
2017-09-08,425,402,402,400,402,402,402,402
2017-09-11,425,402,402,400,402,402,402,402
2017-09-12,425,402,402,400,402,402,402,402
2017-09-13,425,402,402,400,402,402,402,402
2017-09-14,425,402,402,400,402,402,402,402
2017-09-15,425,402,402,400,402,402,402,402
2017-09-18,426,403,403,401,403,403,403,403
2017-09-19,426,403,403,401,403,403,403,403
2017-09-20,426,403,403,401,403,403,403,403
2017-09-21,426,403,403,401,403,403,403,403
2017-09-22,426,403,403,401,403,403,403,403
2017-09-25,426,403,403,401,403,403,403,403
2017-09-26,426,403,403,401,403,403,403,403
2017-09-27,426,403,403,401,403,403,403,403
2017-09-28,426,403,403,401,403,403,403,403
2017-09-29,426,403,403,401,403,403,403,403
2017-10-02,426,403,403,401,403,403,403,403
2017-10-03,426,403,403,401,403,403,403,403
2017-10-04,426,403,403,401,403,403,403,403
2017-10-05,426,403,403,401,403,403,403,403
2017-10-06,426,403,403,401,403,403,403,403
2017-10-09,426,403,403,401,403,403,403,403
2017-10-10,426,403,403,401,403,403,403,403
2017-10-11,426,403,403,401,403,403,403,403
2017-10-12,426,403,403,401,403,403,403,403
2017-10-13,427,404,404,402,404,404,404,404
2017-10-16,427,404,404,402,404,404,404,404
2017-10-17,427,404,404,402,404,404,404,404
2017-10-18,427,404,404,402,404,404,404,404
2017-10-19,427,404,404,402,404,404,404,404
2017-10-20,427,404,404,402,404,404,404,404
2017-10-23,427,404,404,402,404,404,404,404
2017-10-24,427,404,404,402,404,404,404,404
2017-10-25,427,404,404,402,404,404,404,404
2017-10-26,427,404,404,402,404,404,404,404
2017-10-27,427,404,404,402,404,404,404,404
2017-10-30,427,404,404,402,404,404,404,404
2017-10-31,427,404,404,402,404,404,404,404
2017-11-01,427,404,404,402,404,404,404,404
2017-11-02,427,404,404,402,404,404,404,404
2017-11-03,427,404,404,402,404,404,404,404
2017-11-06,427,404,404,402,404,404,404,404
2017-11-07,427,404,404,402,404,404,404,404
2017-11-08,427,404,404,402,404,404,404,404
2017-11-09,427,404,404,402,404,404,404,404
2017-11-10,427,404,404,402,404,404,404,404
2017-11-13,427,404,404,402,404,404,404,404
2017-11-14,427,404,404,402,404,404,404,404
2017-11-15,428,405,405,403,405,405,405,405
2017-11-16,428,405,405,404,405,405,405,405
2017-11-17,428,405,405,404,405,405,405,405
2017-11-20,428,405,405,404,405,405,405,405
2017-11-21,428,405,405,404,405,405,405,405
2017-11-22,428,405,405,404,405,405,405,405
2017-11-24,428,405,405,404,405,405,405,405
2017-11-27,428,405,405,404,405,405,405,405
2017-11-28,428,405,405,404,405,405,405,405
2017-11-29,428,405,405,404,405,405,405,405
2017-11-30,428,405,405,404,405,405,405,405
2017-12-01,428,405,405,404,405,405,405,405
2017-12-04,428,405,405,404,405,405,405,405
2017-12-05,428,405,405,404,405,405,405,405
2017-12-06,428,405,405,404,405,405,405,405
2017-12-07,428,405,405,404,405,405,405,405
2017-12-08,428,405,405,404,405,405,405,405
2017-12-11,428,405,405,404,405,405,405,405
2017-12-12,428,405,405,404,405,405,405,405
2017-12-13,428,405,405,404,405,405,405,405
2017-12-14,428,405,405,404,405,405,405,405
2017-12-15,428,405,405,404,405,405,405,405
2017-12-18,427,404,404,403,404,404,404,404
2017-12-19,427,404,404,403,404,404,404,404
2017-12-20,427,404,404,403,404,404,404,404
2017-12-21,427,404,404,403,404,404,404,404
2017-12-22,427,404,404,403,404,404,404,404
2017-12-26,427,404,404,403,404,404,404,404
2017-12-27,427,404,404,403,404,404,404,404
2017-12-28,427,404,404,403,404,404,404,404
2017-12-29,427,404,404,403,404,404,404,404
2018-01-02,427,404,404,403,404,404,404,404
2018-01-03,428,405,405,404,405,405,405,405
2018-01-04,428,405,405,404,405,405,405,405
2018-01-05,428,405,405,404,405,405,405,405
2018-01-08,428,405,405,404,405,405,405,405
2018-01-09,428,405,405,404,405,405,405,405
2018-01-10,428,405,405,404,405,405,405,405
2018-01-11,428,405,405,404,405,405,405,405
2018-01-12,428,405,405,404,405,405,405,405
2018-01-16,428,405,405,404,405,405,405,405
2018-01-17,429,406,406,405,406,406,406,406
2018-01-18,429,406,406,405,406,406,406,406
2018-01-19,429,406,406,405,406,406,406,406
2018-01-22,429,406,406,405,406,406,406,406
2018-01-23,429,406,406,405,406,406,406,406
2018-01-24,429,406,406,405,406,406,406,406
2018-01-25,429,406,406,405,406,406,406,406
2018-01-26,429,406,406,405,406,406,406,406
2018-01-29,429,406,406,405,406,406,406,406
2018-01-30,429,406,406,405,406,406,406,406
2018-01-31,429,406,406,405,406,406,406,406
2018-02-01,429,406,406,405,406,406,406,406
2018-02-02,429,406,406,405,406,406,406,406
2018-02-05,429,406,406,405,406,406,406,406
2018-02-06,429,406,406,405,406,406,406,406
2018-02-07,429,406,406,405,406,406,406,406
2018-02-08,429,406,406,405,406,406,406,406
2018-02-09,429,406,406,405,406,406,406,406
2018-02-12,429,406,406,405,406,406,406,406
2018-02-13,429,406,406,405,406,406,406,406
2018-02-14,429,406,406,405,406,406,406,406
2018-02-15,429,406,406,405,406,406,406,406
2018-02-16,429,406,406,405,406,406,406,406
2018-02-20,429,406,406,405,406,406,406,406
2018-02-21,429,406,406,405,406,406,406,406
2018-02-22,429,406,406,405,406,406,406,406
2018-02-23,429,406,406,405,406,406,406,406
2018-02-26,429,406,406,405,406,406,406,406
2018-02-27,429,406,406,405,406,406,406,406
2018-02-28,429,406,406,405,406,406,406,406
2018-03-01,429,406,406,405,406,406,406,406
2018-03-02,429,406,406,405,406,406,406,406
2018-03-05,429,406,406,405,406,406,406,406
2018-03-06,429,406,406,405,406,406,406,406
2018-03-07,430,407,407,406,407,407,407,407
2018-03-08,430,407,407,406,407,407,407,407
2018-03-09,430,407,407,406,407,407,407,407
2018-03-12,430,407,407,406,407,407,407,407
2018-03-13,430,407,407,406,407,407,407,407
2018-03-14,430,407,407,406,407,407,407,407
2018-03-15,430,407,407,406,407,407,407,407
2018-03-16,430,407,407,406,407,407,407,407
2018-03-19,431,408,408,407,408,408,408,408
2018-03-20,431,408,408,407,408,408,408,408
2018-03-21,431,408,408,407,408,408,408,408
2018-03-22,431,408,408,407,408,408,408,408
2018-03-23,431,408,408,407,408,408,408,408
2018-03-26,431,408,408,407,408,408,408,408
2018-03-27,431,408,408,407,408,408,408,408
2018-03-28,431,408,408,407,408,408,408,408
2018-03-29,431,408,408,407,408,408,408,408
2018-04-02,431,408,408,407,408,408,408,408
2018-04-03,431,408,408,407,408,408,408,408
2018-04-04,432,409,409,408,409,409,409,409
2018-04-05,432,409,409,408,409,409,409,409
2018-04-06,432,409,409,408,409,409,409,409
2018-04-09,432,409,409,408,409,409,409,409
2018-04-10,432,409,409,408,409,409,409,409
2018-04-11,432,409,409,408,409,409,409,409
2018-04-12,432,409,409,408,409,409,409,409
2018-04-13,432,409,409,408,409,409,409,409
2018-04-16,432,409,409,408,409,409,409,409
2018-04-17,432,409,409,408,409,409,409,409
2018-04-18,432,409,409,408,409,409,409,409
2018-04-19,432,409,409,408,409,409,409,409
2018-04-20,432,409,409,408,409,409,409,409
2018-04-23,432,409,409,408,409,409,409,409
2018-04-24,432,409,409,408,409,409,409,409
2018-04-25,432,409,409,408,409,409,409,409
2018-04-26,432,409,409,408,409,409,409,409
2018-04-27,432,409,409,408,409,409,409,409
2018-04-30,432,409,409,408,409,409,409,409
2018-05-01,432,409,409,408,409,409,409,409
2018-05-02,432,409,409,408,409,409,409,409
2018-05-03,432,409,409,408,409,409,409,409
2018-05-04,432,409,409,408,409,409,409,409
2018-05-07,432,409,409,408,409,409,409,409
2018-05-08,432,409,409,408,409,409,409,409
2018-05-09,432,409,409,408,409,409,409,409
2018-05-10,432,409,409,408,409,409,409,409
2018-05-11,432,409,409,408,409,409,409,409
2018-05-14,432,409,409,408,409,409,409,409
2018-05-15,432,409,409,408,409,409,409,409
2018-05-16,432,409,409,408,409,409,409,409
2018-05-17,432,409,409,408,409,409,409,409
2018-05-18,432,409,409,408,409,409,409,409
2018-05-21,432,409,409,408,409,409,409,409
2018-05-22,432,409,409,408,409,409,409,409
2018-05-23,432,409,409,408,409,409,409,409
2018-05-24,432,409,409,408,409,409,409,409
2018-05-25,432,409,409,408,409,409,409,409
2018-05-29,432,409,409,408,409,409,409,409
2018-05-30,432,409,409,408,409,409,409,409
2018-05-31,432,409,409,408,409,409,409,409
2018-06-01,432,409,409,408,409,409,409,409
2018-06-04,432,409,409,408,409,409,409,409
2018-06-05,432,409,409,408,409,409,409,409
2018-06-06,432,409,409,408,409,409,409,409
2018-06-07,432,409,409,408,409,409,409,409
2018-06-08,431,408,408,407,408,408,408,408
2018-06-11,431,408,408,407,408,408,408,408
2018-06-12,431,408,408,407,408,408,408,408
2018-06-13,431,408,408,407,408,408,408,408
2018-06-14,431,408,408,407,408,408,408,408
2018-06-15,431,408,408,407,408,408,408,408
2018-06-18,430,407,407,406,407,407,407,407
2018-06-19,430,407,407,406,407,407,407,407
2018-06-20,430,407,407,406,407,407,407,407
2018-06-21,430,407,407,406,407,407,407,407
2018-06-22,430,407,407,406,407,407,407,407
2018-06-25,430,407,407,406,407,407,407,407
2018-06-26,430,407,407,406,407,407,407,407
2018-06-27,430,407,407,406,407,407,407,407
2018-06-28,430,407,407,406,407,407,407,407
2018-06-29,430,407,407,406,407,407,407,407
2018-07-02,431,408,408,407,408,408,408,408
2018-07-03,431,408,408,407,408,408,408,408
2018-07-05,431,408,408,407,408,408,408,408
2018-07-06,431,408,408,407,408,408,408,408
2018-07-09,431,408,408,407,408,408,408,408
2018-07-10,431,408,408,407,408,408,408,408
2018-07-11,431,408,408,407,408,408,408,408
2018-07-12,431,408,408,407,408,408,408,408
2018-07-13,431,408,408,407,408,408,408,408
2018-07-16,431,408,408,407,408,408,408,408
2018-07-17,431,408,408,407,408,408,408,408
2018-07-18,431,408,408,407,408,408,408,408
2018-07-19,431,408,408,407,408,408,408,408
2018-07-20,431,408,408,407,408,408,408,408
2018-07-23,431,408,408,407,408,408,408,408
2018-07-24,431,408,408,407,408,408,408,408
2018-07-25,431,408,408,407,408,408,408,408
2018-07-26,432,409,409,407,409,409,409,409
2018-07-27,432,409,409,407,409,409,409,409
2018-07-30,432,409,409,407,409,409,409,409
2018-07-31,432,409,409,407,409,409,409,409
2018-08-01,432,409,409,407,409,409,409,409
2018-08-02,432,409,409,407,409,409,409,409
2018-08-03,432,409,409,408,409,409,409,409
2018-08-06,432,409,409,408,409,409,409,409
2018-08-07,432,409,409,408,409,409,409,409
2018-08-08,432,409,409,408,409,409,409,409
2018-08-09,432,409,409,408,409,409,409,409
2018-08-10,432,409,409,408,409,409,409,409
2018-08-13,432,409,409,408,409,409,409,409
2018-08-14,432,409,409,408,409,409,409,409
2018-08-15,432,409,409,408,409,409,409,409
2018-08-16,432,409,409,408,409,409,409,409
2018-08-17,432,409,409,408,409,409,409,409
2018-08-20,432,409,409,408,409,409,409,409
2018-08-21,432,409,409,408,409,409,409,409
2018-08-22,432,409,409,408,409,409,409,409
2018-08-23,432,409,409,408,409,409,409,409
2018-08-24,432,409,409,408,409,409,409,409
2018-08-27,432,409,409,408,409,409,409,409
2018-08-28,433,410,410,409,410,410,410,410
2018-08-29,433,410,410,409,410,410,410,410
2018-08-30,433,410,410,409,410,410,410,410
2018-08-31,433,410,410,409,410,410,410,410
2018-09-04,436,411,410,409,411,411,410,411
2018-09-05,436,411,411,409,411,411,411,411
2018-09-06,436,411,411,409,411,411,411,411
2018-09-07,437,412,411,409,412,412,411,412
2018-09-10,437,412,412,409,412,412,412,412
2018-09-11,437,412,412,409,412,412,412,412
2018-09-12,437,412,412,409,412,412,412,412
2018-09-13,437,412,412,409,412,412,412,412
2018-09-14,437,412,412,409,412,412,412,412
2018-09-17,437,412,412,409,412,412,412,412
2018-09-18,437,412,412,409,412,412,412,412
2018-09-19,437,412,412,409,412,412,412,412
2018-09-20,437,412,412,409,412,412,412,412
2018-09-21,437,412,412,409,412,412,412,412
2018-09-24,437,412,412,409,412,412,412,412
2018-09-25,437,412,412,409,412,412,412,412
2018-09-26,437,412,412,409,412,412,412,412
2018-09-27,437,412,412,409,412,412,412,412
2018-09-28,437,412,412,409,412,412,412,412
2018-10-01,437,412,412,410,412,412,412,412
2018-10-02,437,412,412,410,412,412,412,412
2018-10-03,437,412,412,410,412,412,412,412
2018-10-04,437,412,412,410,412,412,412,412
2018-10-05,437,412,412,410,412,412,412,412
2018-10-08,437,412,412,410,412,412,412,412
2018-10-09,437,412,412,410,412,412,412,412
2018-10-10,437,412,412,410,412,412,412,412
2018-10-11,437,413,413,411,413,413,413,413
2018-10-12,437,413,413,411,413,413,413,413
2018-10-15,437,413,413,411,413,413,413,413
2018-10-16,437,413,413,411,413,413,413,413
2018-10-17,437,413,413,411,413,413,413,413
2018-10-18,437,413,413,411,413,413,413,413
2018-10-19,437,413,413,411,413,413,413,413
2018-10-22,437,413,413,411,413,413,413,413
2018-10-23,437,413,413,411,413,413,413,413
2018-10-24,437,413,413,411,413,413,413,413
2018-10-25,437,413,413,411,413,413,413,413
2018-10-26,437,413,413,411,413,413,413,413
2018-10-29,437,413,413,411,413,413,413,413
2018-10-30,437,413,413,411,413,413,413,413
2018-10-31,437,413,413,411,413,413,413,413
2018-11-01,437,413,413,411,413,413,413,413
2018-11-02,437,413,413,411,413,413,413,413
2018-11-05,437,413,413,411,413,413,413,413
2018-11-06,438,414,414,412,414,414,414,414
2018-11-07,438,414,414,412,414,414,414,414
2018-11-08,438,414,414,412,414,414,414,414
2018-11-09,438,414,414,412,414,414,414,414
2018-11-12,438,414,414,412,414,414,414,414
2018-11-13,438,414,414,412,414,414,414,414
2018-11-14,438,414,414,412,414,414,414,414
2018-11-15,438,414,414,412,414,414,414,414
2018-11-16,438,414,414,412,414,414,414,414
2018-11-19,438,414,414,412,414,414,414,414
2018-11-20,438,414,414,412,414,414,414,414
2018-11-21,438,414,414,412,414,414,414,414
2018-11-23,438,414,414,412,414,414,414,414
2018-11-26,438,414,414,412,414,414,414,414
2018-11-27,438,414,414,412,414,414,414,414
2018-11-28,438,414,414,412,414,414,414,414
2018-11-29,437,413,413,411,413,413,413,413
2018-11-30,437,413,413,411,413,413,413,413
2018-12-03,439,414,414,412,414,414,414,414
2018-12-04,439,414,414,412,414,414,414,414
2018-12-06,439,414,414,412,414,414,414,414
2018-12-07,439,414,414,412,414,414,414,414
2018-12-10,439,414,414,412,414,414,414,414
2018-12-11,439,414,414,412,414,414,414,414
2018-12-12,439,414,414,412,414,414,414,414
2018-12-13,439,414,414,412,414,414,414,414
2018-12-14,439,414,414,412,414,414,414,414
2018-12-17,439,414,414,412,414,414,414,414
2018-12-18,439,414,414,412,414,414,414,414
2018-12-19,439,414,414,412,414,414,414,414
2018-12-20,439,414,414,412,414,414,414,414
2018-12-21,438,413,413,412,413,413,413,413
2018-12-24,439,414,414,413,414,414,414,414
2018-12-26,439,414,414,413,414,414,414,414
2018-12-27,439,414,414,413,414,414,414,414
2018-12-28,439,414,414,413,414,414,414,414
2018-12-31,439,414,414,413,414,414,414,414
2019-01-02,438,413,413,412,413,413,413,413
2019-01-03,438,413,413,412,413,413,413,413
2019-01-04,438,413,413,412,413,413,413,413
2019-01-07,438,413,413,412,413,413,413,413
2019-01-08,438,413,413,412,413,413,413,413
2019-01-09,438,413,413,412,413,413,413,413
2019-01-10,438,413,413,412,413,413,413,413
2019-01-11,438,413,413,412,413,413,413,413
2019-01-14,438,413,413,412,413,413,413,413
2019-01-15,438,413,413,412,413,413,413,413
2019-01-16,438,413,413,412,413,413,413,413
2019-01-17,438,413,413,412,413,413,413,413
2019-01-18,438,413,413,412,413,413,413,413
2019-01-22,438,413,413,412,413,413,413,413
2019-01-23,438,413,413,412,413,413,413,413
2019-01-24,438,413,413,412,413,413,413,413
2019-01-25,438,413,413,412,413,413,413,413
2019-01-28,438,413,413,412,413,413,413,413
2019-01-29,438,413,413,412,413,413,413,413
2019-01-30,438,413,413,412,413,413,413,413
2019-01-31,438,413,413,412,413,413,413,413
2019-02-01,438,413,413,412,413,413,413,413
2019-02-04,438,413,413,412,413,413,413,413
2019-02-05,438,413,413,412,413,413,413,413
2019-02-06,438,413,413,412,413,413,413,413
2019-02-07,438,413,413,412,413,413,413,413
2019-02-08,438,413,413,412,413,413,413,413
2019-02-11,438,413,413,412,413,413,413,413
2019-02-12,438,413,413,412,413,413,413,413
2019-02-13,438,413,413,412,413,413,413,413
2019-02-14,438,413,413,412,413,413,413,413
2019-02-15,439,414,414,413,414,414,414,414
2019-02-19,439,414,414,413,414,414,414,414
2019-02-20,439,414,414,413,414,414,414,414
2019-02-21,439,414,414,413,414,414,414,414
2019-02-22,439,414,414,413,414,414,414,414
2019-02-25,439,414,414,413,414,414,414,414
2019-02-26,439,414,414,413,414,414,414,414
2019-02-27,439,414,414,413,414,414,414,414
2019-02-28,439,414,414,413,414,414,414,414
2019-03-01,439,414,414,413,414,414,414,414
2019-03-04,439,414,414,413,414,414,414,414
2019-03-05,439,414,414,413,414,414,414,414
2019-03-06,439,414,414,413,414,414,414,414
2019-03-07,439,414,414,413,414,414,414,414
2019-03-08,439,414,414,413,414,414,414,414
2019-03-11,439,414,414,413,414,414,414,414
2019-03-12,439,414,414,413,414,414,414,414
2019-03-13,439,414,414,413,414,414,414,414
2019-03-14,439,414,414,413,414,414,414,414
2019-03-15,439,414,414,413,414,414,414,414
2019-03-18,439,414,414,413,414,414,414,414
2019-03-19,439,414,414,413,414,414,414,414
2019-03-20,439,414,414,413,414,414,414,414
2019-03-21,439,414,414,413,414,414,414,414
2019-03-22,439,414,414,413,414,414,414,414
2019-03-25,439,414,414,413,414,414,414,414
2019-03-26,439,414,414,413,414,414,414,414
2019-03-27,439,414,414,413,414,414,414,414
2019-03-28,439,414,414,413,414,414,414,414
2019-03-29,439,414,414,413,414,414,414,414
2019-04-01,439,414,414,413,414,414,414,414
2019-04-02,438,413,413,413,413,413,413,413
2019-04-03,438,413,413,413,413,413,413,413
2019-04-04,438,413,413,413,413,413,413,413
2019-04-05,438,413,413,413,413,413,413,413
2019-04-08,438,413,413,413,413,413,413,413
2019-04-09,438,413,413,413,413,413,413,413
2019-04-10,438,413,413,413,413,413,413,413
2019-04-11,438,413,413,413,413,413,413,413
2019-04-12,438,413,413,413,413,413,413,413
2019-04-15,438,413,413,413,413,413,413,413
2019-04-16,438,413,413,413,413,413,413,413
2019-04-17,438,413,413,413,413,413,413,413
2019-04-18,438,413,413,413,413,413,413,413
2019-04-22,438,413,413,413,413,413,413,413
2019-04-23,438,413,413,413,413,413,413,413
2019-04-24,438,413,413,413,413,413,413,413
2019-04-25,438,413,413,413,413,413,413,413
2019-04-26,438,413,413,413,413,413,413,413
2019-04-29,438,413,413,413,413,413,413,413
2019-04-30,438,413,413,413,413,413,413,413
2019-05-01,438,413,413,413,413,413,413,413
2019-05-02,438,413,413,413,413,413,413,413
2019-05-03,438,413,413,413,413,413,413,413
2019-05-06,438,413,413,413,413,413,413,413
2019-05-07,438,413,413,413,413,413,413,413
2019-05-08,438,413,413,413,413,413,413,413
2019-05-09,438,413,413,413,413,413,413,413
2019-05-10,438,413,413,413,413,413,413,413
2019-05-13,438,413,413,413,413,413,413,413
2019-05-14,438,413,413,413,413,413,413,413
2019-05-15,438,413,413,413,413,413,413,413
2019-05-16,438,413,413,413,413,413,413,413
2019-05-17,438,413,413,413,413,413,413,413
2019-05-20,438,413,413,413,413,413,413,413
2019-05-21,438,413,413,413,413,413,413,413
2019-05-22,438,413,413,413,413,413,413,413
2019-05-23,438,413,413,413,413,413,413,413
2019-05-24,438,413,413,413,413,413,413,413
2019-05-28,438,413,413,413,413,413,413,413
2019-05-29,438,413,413,413,413,413,413,413
2019-05-30,438,413,413,413,413,413,413,413
2019-05-31,438,413,413,413,413,413,413,413
2019-06-03,438,413,413,413,413,413,413,413
2019-06-04,438,413,413,413,413,413,413,413
2019-06-05,438,413,413,413,413,413,413,413
2019-06-06,438,413,413,413,413,413,413,413
2019-06-07,437,412,412,412,412,412,412,412
2019-06-10,437,412,412,412,412,412,412,412
2019-06-11,438,413,413,413,413,413,413,413
2019-06-12,438,413,413,413,413,413,413,413
2019-06-13,438,413,413,413,413,413,413,413
2019-06-14,438,413,413,413,413,413,413,413
2019-06-17,438,413,413,413,413,413,413,413
2019-06-18,438,413,413,413,413,413,413,413
2019-06-19,438,413,413,413,413,413,413,413
2019-06-20,438,413,413,413,413,413,413,413
2019-06-21,438,413,413,413,413,413,413,413
2019-06-24,438,413,413,413,413,413,413,413
2019-06-25,438,413,413,413,413,413,413,413
2019-06-26,438,413,413,413,413,413,413,413
2019-06-27,438,413,413,413,413,413,413,413
2019-06-28,438,413,413,413,413,413,413,413
2019-07-01,439,413,413,413,413,413,413,413
2019-07-02,439,413,413,413,413,413,413,413
2019-07-03,439,413,413,413,413,413,413,413
2019-07-05,439,413,413,413,413,413,413,413
2019-07-08,439,413,413,413,413,413,413,413
2019-07-09,439,413,413,413,413,413,413,413
2019-07-10,439,413,413,413,413,413,413,413
2019-07-11,439,413,413,413,413,413,413,413
2019-07-12,439,413,413,413,413,413,413,413
2019-07-15,440,414,414,414,414,414,414,414
2019-07-16,440,414,414,414,414,414,414,414
2019-07-17,440,414,414,414,414,414,414,414
2019-07-18,440,414,414,414,414,414,414,414
2019-07-19,440,414,414,414,414,414,414,414
2019-07-22,440,414,414,414,414,414,414,414
2019-07-23,440,414,414,414,414,414,414,414
2019-07-24,440,414,414,414,414,414,414,414
2019-07-25,440,414,414,414,414,414,414,414
2019-07-26,440,414,414,414,414,414,414,414
2019-07-29,440,414,414,414,414,414,414,414
2019-07-30,440,414,414,414,414,414,414,414
2019-07-31,440,414,414,414,414,414,414,414
2019-08-01,440,414,414,414,414,414,414,414
2019-08-02,440,414,414,414,414,414,414,414
2019-08-05,440,414,414,414,414,414,414,414
2019-08-06,440,414,414,414,414,414,414,414
2019-08-07,440,414,414,414,414,414,414,414
2019-08-08,440,414,414,414,414,414,414,414
2019-08-09,442,416,416,416,416,416,416,416
2019-08-12,442,416,416,416,416,416,416,416
2019-08-13,442,416,416,416,416,416,416,416
2019-08-14,442,416,416,416,416,416,416,416
2019-08-15,442,416,416,416,416,416,416,416
2019-08-16,442,416,416,416,416,416,416,416
2019-08-19,442,416,416,416,416,416,416,416
2019-08-20,442,416,416,416,416,416,416,416
2019-08-21,442,416,416,416,416,416,416,416
2019-08-22,442,416,416,416,416,416,416,416
2019-08-23,442,416,416,416,416,416,416,416
2019-08-26,442,416,416,416,416,416,416,416
2019-08-27,442,416,416,416,416,416,416,416
2019-08-28,442,416,416,416,416,416,416,416
2019-08-29,442,416,416,416,416,416,416,416
2019-08-30,442,416,416,416,416,416,416,416
2019-09-03,442,416,416,416,416,416,416,416
2019-09-04,442,416,416,416,416,416,416,416
2019-09-05,442,416,416,416,416,416,416,416
2019-09-06,442,416,416,416,416,416,416,416
2019-09-09,442,416,416,416,416,416,416,416
2019-09-10,442,416,416,416,416,416,416,416
2019-09-11,442,416,416,416,416,416,416,416
2019-09-12,442,416,416,416,416,416,416,416
2019-09-13,442,416,416,416,416,416,416,416
2019-09-16,442,416,416,416,416,416,416,416
2019-09-17,442,416,416,416,416,416,416,416
2019-09-18,442,416,416,416,416,416,416,416
2019-09-19,442,416,416,416,416,416,416,416
2019-09-20,442,416,416,416,416,416,416,416
2019-09-23,443,417,417,417,417,417,417,417
2019-09-24,443,417,417,417,417,417,417,417
2019-09-25,443,417,417,417,417,417,417,417
2019-09-26,443,417,417,417,417,417,417,417
2019-09-27,443,417,417,417,417,417,417,417
2019-09-30,443,417,417,417,417,417,417,417
2019-10-01,443,417,417,417,417,417,417,417
2019-10-02,443,417,417,417,417,417,417,417
2019-10-03,443,417,417,417,417,417,417,417
2019-10-04,443,417,417,417,417,417,417,417
2019-10-07,443,417,417,417,417,417,417,417
2019-10-08,443,417,417,417,417,417,417,417
2019-10-09,443,417,417,417,417,417,417,417
2019-10-10,443,417,417,417,417,417,417,417
2019-10-11,443,417,417,417,417,417,417,417
2019-10-14,443,417,417,417,417,417,417,417
2019-10-15,443,417,417,417,417,417,417,417
2019-10-16,443,417,417,417,417,417,417,417
2019-10-17,443,417,417,417,417,417,417,417
2019-10-18,442,416,416,416,416,416,416,416
2019-10-21,442,416,416,416,416,416,416,416
2019-10-22,442,416,416,416,416,416,416,416
2019-10-23,442,416,416,416,416,416,416,416
2019-10-24,442,416,416,416,416,416,416,416
2019-10-25,442,416,416,416,416,416,416,416
2019-10-28,442,416,416,416,416,416,416,416
2019-10-29,442,416,416,416,416,416,416,416
2019-10-30,442,416,416,416,416,416,416,416
2019-10-31,442,416,416,416,416,416,416,416
2019-11-01,442,416,416,416,416,416,416,416
2019-11-04,442,416,416,416,416,416,416,416
2019-11-05,440,414,414,414,414,414,414,414
2019-11-06,440,414,414,414,414,414,414,414
2019-11-07,440,414,414,414,414,414,414,414
2019-11-08,440,414,414,414,414,414,414,414
2019-11-11,440,414,414,414,414,414,414,414
2019-11-12,440,414,414,414,414,414,414,414
2019-11-13,440,414,414,414,414,414,414,414
2019-11-14,440,414,414,414,414,414,414,414
2019-11-15,440,414,414,414,414,414,414,414
2019-11-18,440,414,414,414,414,414,414,414
2019-11-19,440,414,414,414,414,414,414,414
2019-11-20,440,414,414,414,414,414,414,414
2019-11-21,441,415,415,415,415,415,415,415
2019-11-22,441,415,415,415,415,415,415,415
2019-11-25,441,415,415,415,415,415,415,415
2019-11-26,441,415,415,415,415,415,415,415
2019-11-27,441,415,415,415,415,415,415,415
2019-11-29,441,415,415,415,415,415,415,415
2019-12-02,441,415,415,415,415,415,415,415
2019-12-03,441,415,415,415,415,415,415,415
2019-12-04,441,415,415,415,415,415,415,415
2019-12-05,442,416,416,416,416,416,416,416
2019-12-06,442,416,416,416,416,416,416,416
2019-12-09,443,417,417,417,417,417,417,417
2019-12-10,443,417,417,417,417,417,417,417
2019-12-11,443,417,417,417,417,417,417,417
2019-12-12,443,417,417,417,417,417,417,417
2019-12-13,443,417,417,417,417,417,417,417
2019-12-16,443,417,417,417,417,417,417,417
2019-12-17,443,417,417,417,417,417,417,417
2019-12-18,443,417,417,417,417,417,417,417
2019-12-19,443,417,417,417,417,417,417,417
2019-12-20,443,417,417,417,417,417,417,417
2019-12-23,443,417,417,417,417,417,417,417
2019-12-24,443,417,417,417,417,417,417,417
2019-12-26,443,417,417,417,417,417,417,417
2019-12-27,443,417,417,417,417,417,417,417
2019-12-30,443,417,417,417,417,417,417,417
2019-12-31,442,416,416,416,416,416,416,416
2020-01-02,442,416,416,416,416,416,416,416
2020-01-03,442,416,416,416,416,416,416,416
2020-01-06,442,416,416,416,416,416,416,416
2020-01-07,442,416,416,416,416,416,416,416
2020-01-08,442,416,416,416,416,416,416,416
2020-01-09,442,416,416,416,416,416,416,416
2020-01-10,442,416,416,416,416,416,416,416
2020-01-13,442,416,416,416,416,416,416,416
2020-01-14,442,416,416,416,416,416,416,416
2020-01-15,442,416,416,416,416,416,416,416
2020-01-16,442,416,416,416,416,416,416,416
2020-01-17,442,416,416,416,416,416,416,416
2020-01-21,442,416,416,416,416,416,416,416
2020-01-22,442,416,416,416,416,416,416,416
2020-01-23,442,416,416,416,416,416,416,416
2020-01-24,442,416,416,416,416,416,416,416
2020-01-27,442,416,416,416,416,416,416,416
2020-01-28,443,416,416,416,416,416,416,416
2020-01-29,443,416,416,416,416,416,416,416
2020-01-30,443,416,416,416,416,416,416,416
2020-01-31,443,416,416,416,416,416,416,416
2020-02-03,443,416,416,416,416,416,416,416
2020-02-04,443,416,416,416,416,416,416,416
2020-02-05,443,416,416,416,416,416,416,416
2020-02-06,443,416,416,416,416,416,416,416
2020-02-07,443,416,416,416,416,416,416,416
2020-02-10,443,416,416,416,416,416,416,416
2020-02-11,443,416,416,416,416,416,416,416
2020-02-12,443,416,416,416,416,416,416,416
2020-02-13,443,416,416,416,416,416,416,416
2020-02-14,443,416,416,416,416,416,416,416
2020-02-18,443,416,416,416,416,416,416,416
2020-02-19,443,416,416,416,416,416,416,416
2020-02-20,443,416,416,416,416,416,416,416
2020-02-21,443,416,416,416,416,416,416,416
2020-02-24,443,416,416,416,416,416,416,416
2020-02-25,443,416,416,416,416,416,416,416
2020-02-26,442,415,415,415,415,415,415,415
2020-02-27,442,415,415,415,415,415,415,415
2020-02-28,442,415,415,415,415,415,415,415
2020-03-02,443,416,416,416,416,416,416,416
2020-03-03,443,416,416,416,416,416,416,416
2020-03-04,443,416,416,416,416,416,416,416
2020-03-05,443,416,416,416,416,416,416,416
2020-03-06,443,416,416,416,416,416,416,416
2020-03-09,443,416,416,416,416,416,416,416
2020-03-10,444,417,416,416,417,417,416,417
2020-03-11,445,418,417,416,418,418,417,418
2020-03-12,445,418,418,416,418,418,418,418
2020-03-13,445,418,418,416,418,418,418,418
2020-03-16,445,418,418,416,418,418,418,418
2020-03-17,445,418,418,416,418,418,418,418
2020-03-18,446,419,418,416,419,419,418,419
2020-03-19,446,419,419,416,419,419,419,419
2020-03-20,446,419,419,416,419,419,419,419
2020-03-23,446,419,419,416,419,419,419,419
2020-03-24,446,419,419,416,419,419,419,419
2020-03-25,446,419,419,416,419,419,419,419
2020-03-26,446,419,419,416,419,419,419,419
2020-03-27,446,419,419,416,419,419,419,419
2020-03-30,446,419,419,416,419,419,419,419
2020-03-31,446,419,419,416,419,419,419,419
2020-04-01,447,420,420,417,420,420,420,420
2020-04-02,447,420,420,417,420,420,420,420
2020-04-03,447,420,420,417,420,420,420,420
2020-04-06,446,419,419,416,419,419,419,419
2020-04-07,446,419,419,416,419,419,419,419
2020-04-08,446,419,419,416,419,419,419,419
2020-04-09,446,419,419,416,419,419,419,419
2020-04-13,446,419,419,416,419,419,419,419
2020-04-14,446,419,419,416,419,419,419,419
2020-04-15,446,419,419,416,419,419,419,419
2020-04-16,446,419,419,416,419,419,419,419
2020-04-17,446,419,419,416,419,419,419,419
2020-04-20,446,419,419,416,419,419,419,419
2020-04-21,446,419,419,416,419,419,419,419
2020-04-22,446,419,419,416,419,419,419,419
2020-04-23,446,419,419,416,419,419,419,419
2020-04-24,446,419,419,416,419,419,419,419
2020-04-27,446,419,419,416,419,419,419,419
2020-04-28,446,419,419,416,419,419,419,419
2020-04-29,446,419,419,416,419,419,419,419
2020-04-30,446,419,419,416,419,419,419,419
2020-05-01,446,419,419,416,419,419,419,419
2020-05-04,446,419,419,416,419,419,419,419
2020-05-05,446,419,419,416,419,419,419,419
2020-05-06,446,419,419,416,419,419,419,419
2020-05-07,446,419,419,416,419,419,419,419
2020-05-08,446,419,419,416,419,419,419,419
2020-05-11,446,419,419,416,419,419,419,419
2020-05-12,447,420,420,417,420,420,420,420
2020-05-13,447,420,420,417,420,420,420,420
2020-05-14,447,420,420,417,420,420,420,420
2020-05-15,447,420,420,417,420,420,420,420
2020-05-18,447,420,420,417,420,420,420,420
2020-05-19,447,420,420,417,420,420,420,420
2020-05-20,447,420,420,417,420,420,420,420
2020-05-21,447,420,420,417,420,420,420,420
2020-05-22,448,421,420,417,421,421,420,421
2020-05-26,448,421,421,417,421,421,421,421
2020-05-27,448,421,421,417,421,421,421,421
2020-05-28,448,421,421,417,421,421,421,421
2020-05-29,448,421,421,417,421,421,421,421
2020-06-01,448,421,421,417,421,421,421,421
2020-06-02,448,421,421,417,421,421,421,421
2020-06-03,448,421,421,417,421,421,421,421
2020-06-04,448,421,421,417,421,421,421,421
2020-06-05,448,421,421,417,421,421,421,421
2020-06-08,448,421,421,417,421,421,421,421
2020-06-09,449,422,422,418,422,422,422,422
2020-06-10,449,422,422,418,422,422,422,422
2020-06-11,449,422,422,418,422,422,422,422
2020-06-12,449,422,422,418,422,422,422,422
2020-06-15,449,422,422,418,422,422,422,422
2020-06-16,449,422,422,418,422,422,422,422
2020-06-17,449,422,422,418,422,422,422,422
2020-06-18,449,422,422,418,422,422,422,422
2020-06-19,449,422,422,418,422,422,422,422
2020-06-22,451,424,424,420,424,424,424,424
2020-06-23,451,424,424,420,424,424,424,424
2020-06-24,451,424,424,420,424,424,424,424
2020-06-25,451,424,424,420,424,424,424,424
2020-06-26,451,424,424,420,424,424,424,424
2020-06-29,451,424,424,420,424,424,424,424
2020-06-30,451,424,424,420,424,424,424,424
2020-07-01,451,424,424,420,424,424,424,424
2020-07-02,451,424,424,420,424,424,424,424
2020-07-06,451,424,424,420,424,424,424,424
2020-07-07,451,424,424,420,424,424,424,424
2020-07-08,451,424,424,420,424,424,424,424
2020-07-09,451,424,424,420,424,424,424,424
2020-07-10,451,424,424,420,424,424,424,424
2020-07-13,451,424,424,420,424,424,424,424
2020-07-14,451,424,424,420,424,424,424,424
2020-07-15,451,424,424,420,424,424,424,424
2020-07-16,451,424,424,420,424,424,424,424
2020-07-17,451,424,424,420,424,424,424,424
2020-07-20,451,424,424,420,424,424,424,424
2020-07-21,451,424,424,420,424,424,424,424
2020-07-22,451,424,424,420,424,424,424,424
2020-07-23,451,424,424,420,424,424,424,424
2020-07-24,451,424,424,420,424,424,424,424
2020-07-27,451,424,424,420,424,424,424,424
2020-07-28,451,424,424,420,424,424,424,424
2020-07-29,451,424,424,420,424,424,424,424
2020-07-30,451,424,424,420,424,424,424,424
2020-07-31,450,423,423,419,423,423,423,423
2020-08-03,450,423,423,419,423,423,423,423
2020-08-04,450,423,423,419,423,423,423,423
2020-08-05,450,423,423,419,423,423,423,423
2020-08-06,450,423,423,419,423,423,423,423
2020-08-07,450,423,423,419,423,423,423,423
2020-08-10,450,423,423,419,423,423,423,423
2020-08-11,450,423,423,419,423,423,423,423
2020-08-12,450,423,423,419,423,423,423,423
2020-08-13,450,423,423,419,423,423,423,423
2020-08-14,450,423,423,419,423,423,423,423
2020-08-17,450,423,423,419,423,423,423,423
2020-08-18,450,423,423,419,423,423,423,423
2020-08-19,450,423,423,419,423,423,423,423
2020-08-20,450,423,423,419,423,423,423,423
2020-08-21,450,423,423,419,423,423,423,423
2020-08-24,450,423,423,419,423,423,423,423
2020-08-25,450,423,423,419,423,423,423,423
2020-08-26,450,423,423,419,423,423,423,423
2020-08-27,450,423,423,419,423,423,423,423
2020-08-28,450,423,423,419,423,423,423,423
2020-08-31,450,423,423,419,423,423,423,423
2020-09-01,450,423,423,419,423,423,423,423
2020-09-02,450,423,423,419,423,423,423,423
2020-09-03,450,423,423,419,423,423,423,423
2020-09-04,450,423,423,419,423,423,423,423
2020-09-08,450,423,423,419,423,423,423,423
2020-09-09,450,423,423,419,423,423,423,423
2020-09-10,450,423,423,419,423,423,423,423
2020-09-11,450,423,423,419,423,423,423,423
2020-09-14,450,423,423,419,423,423,423,423
2020-09-15,450,423,423,419,423,423,423,423
2020-09-16,450,423,423,419,423,423,423,423
2020-09-17,450,423,423,419,423,423,423,423
2020-09-18,450,423,423,419,423,423,423,423
2020-09-21,449,422,422,418,422,422,422,422
2020-09-22,449,422,422,418,422,422,422,422
2020-09-23,449,422,422,418,422,422,422,422
2020-09-24,449,422,422,418,422,422,422,422
2020-09-25,449,422,422,418,422,422,422,422
2020-09-28,449,422,422,418,422,422,422,422
2020-09-29,449,422,422,418,422,422,422,422
2020-09-30,449,422,422,418,422,422,422,422
2020-10-01,449,422,422,418,422,422,422,422
2020-10-02,449,422,422,418,422,422,422,422
2020-10-05,449,422,422,418,422,422,422,422
2020-10-06,449,422,422,418,422,422,422,422
2020-10-07,450,423,423,419,423,423,423,423
2020-10-08,450,423,423,419,423,423,423,423
2020-10-09,450,423,423,419,423,423,423,423
2020-10-12,450,423,423,419,423,423,423,423
2020-10-13,450,423,423,419,423,423,423,423
2020-10-14,450,423,423,419,423,423,423,423
2020-10-15,450,423,423,419,423,423,423,423
2020-10-16,450,423,423,419,423,423,423,423
2020-10-19,451,424,424,420,424,424,424,424
2020-10-20,451,424,424,420,424,424,424,424
2020-10-21,451,424,424,420,424,424,424,424
2020-10-22,451,424,424,420,424,424,424,424
2020-10-23,451,424,424,420,424,424,424,424
2020-10-26,451,424,424,420,424,424,424,424
2020-10-27,451,424,424,420,424,424,424,424
2020-10-28,451,424,424,420,424,424,424,424
2020-10-29,451,424,424,420,424,424,424,424
2020-10-30,451,424,424,420,424,424,424,424
2020-11-02,451,424,424,420,424,424,424,424
2020-11-03,451,424,424,420,424,424,424,424
2020-11-04,453,426,426,422,426,426,426,426
2020-11-05,453,426,426,422,426,426,426,426
2020-11-06,453,426,426,422,426,426,426,426
2020-11-09,453,426,426,422,426,426,426,426
2020-11-10,453,426,426,422,426,426,426,426
2020-11-11,453,426,426,422,426,426,426,426
2020-11-12,453,426,426,422,426,426,426,426
2020-11-13,453,426,426,422,426,426,426,426
2020-11-16,453,426,426,422,426,426,426,426
2020-11-17,453,426,426,422,426,426,426,426
2020-11-18,453,426,426,422,426,426,426,426
2020-11-19,453,426,426,422,426,426,426,426
2020-11-20,453,426,426,422,426,426,426,426
2020-11-23,453,426,426,422,426,426,426,426
2020-11-24,453,426,426,422,426,426,426,426
2020-11-25,453,426,426,422,426,426,426,426
2020-11-27,453,426,426,422,426,426,426,426
2020-11-30,453,426,426,422,426,426,426,426
2020-12-01,453,426,426,422,426,426,426,426
2020-12-02,453,426,426,422,426,426,426,426
2020-12-03,453,426,426,422,426,426,426,426
2020-12-04,453,426,426,422,426,426,426,426
2020-12-07,453,426,426,422,426,426,426,426
2020-12-08,453,426,426,422,426,426,426,426
2020-12-09,453,426,426,422,426,426,426,426
2020-12-10,453,426,426,422,426,426,426,426
2020-12-11,453,426,426,422,426,426,426,426
2020-12-14,453,426,426,422,426,426,426,426
2020-12-15,453,426,426,422,426,426,426,426
2020-12-16,453,426,426,422,426,426,426,426
2020-12-17,453,426,426,422,426,426,426,426
2020-12-18,453,426,426,422,426,426,426,426
2020-12-21,453,427,427,423,427,427,427,427
2020-12-22,453,427,427,423,427,427,427,427
2020-12-23,453,427,427,423,427,427,427,427
2020-12-24,453,427,427,423,427,427,427,427
2020-12-28,453,427,427,423,427,427,427,427
2020-12-29,453,427,427,423,427,427,427,427
2020-12-30,454,428,428,424,428,428,428,428
2020-12-31,454,428,428,424,428,428,428,428
2021-01-04,454,428,428,424,428,428,428,428
2021-01-05,454,428,428,424,428,428,428,428
2021-01-06,454,428,428,424,428,428,428,428
2021-01-07,455,429,429,425,429,429,429,429
2021-01-08,455,429,429,425,429,429,429,429
2021-01-11,455,429,429,425,429,429,429,429
2021-01-12,455,429,429,425,429,429,429,429
2021-01-13,455,429,429,425,429,429,429,429
2021-01-14,455,429,429,425,429,429,429,429
2021-01-15,455,429,429,425,429,429,429,429
2021-01-19,455,429,429,425,429,429,429,429
2021-01-20,455,429,429,425,429,429,429,429
2021-01-21,456,430,430,426,430,430,430,430
2021-01-22,456,430,430,426,430,430,430,430
2021-01-25,456,430,430,426,430,430,430,430
2021-01-26,456,430,430,426,430,430,430,430
2021-01-27,456,430,430,426,430,430,430,430
2021-01-28,456,430,430,426,430,430,430,430
2021-01-29,456,430,430,426,430,430,430,430
2021-02-01,456,430,430,426,430,430,430,430
2021-02-02,456,430,430,426,430,430,430,430
2021-02-03,456,430,430,426,430,430,430,430
2021-02-04,456,430,430,426,430,430,430,430
2021-02-05,456,430,430,426,430,430,430,430
2021-02-08,456,430,430,426,430,430,430,430
2021-02-09,456,430,430,426,430,430,430,430
2021-02-10,456,430,430,426,430,430,430,430
2021-02-11,456,430,430,426,430,430,430,430
2021-02-12,456,430,430,426,430,430,430,430
2021-02-16,456,430,430,426,430,430,430,430
2021-02-17,456,430,430,426,430,430,430,430
2021-02-18,456,430,430,426,430,430,430,430
2021-02-19,456,430,430,426,430,430,430,430
2021-02-22,456,430,430,426,430,430,430,430
2021-02-23,456,430,430,426,430,430,430,430
2021-02-24,456,430,430,426,430,430,430,430
2021-02-25,457,431,431,427,431,431,431,431
2021-02-26,457,431,431,427,431,431,431,431
2021-03-01,457,431,431,427,431,431,431,431
2021-03-02,457,431,431,427,431,431,431,431
2021-03-03,457,431,431,427,431,431,431,431
2021-03-04,457,431,431,427,431,431,431,431
2021-03-05,457,431,431,427,431,431,431,431
2021-03-08,457,431,431,427,431,431,431,431
2021-03-09,457,431,431,427,431,431,431,431
2021-03-10,457,431,431,427,431,431,431,431
2021-03-11,457,431,431,427,431,431,431,431
2021-03-12,457,431,431,427,431,431,431,431
2021-03-15,457,431,431,427,431,431,431,431
2021-03-16,457,431,431,427,431,431,431,431
2021-03-17,457,431,431,427,431,431,431,431
2021-03-18,459,433,431,427,433,433,431,433
2021-03-19,459,433,433,427,433,433,433,433
2021-03-22,460,433,433,427,433,433,433,433
2021-03-23,460,433,433,427,433,433,433,433
2021-03-24,460,433,433,427,433,433,433,433
2021-03-25,460,433,433,427,433,433,433,433
2021-03-26,460,433,433,427,433,433,433,433
2021-03-29,460,433,433,427,433,433,433,433
2021-03-30,460,433,433,427,433,433,433,433
2021-03-31,460,433,433,427,433,433,433,433
2021-04-01,460,433,433,427,433,433,433,433
2021-04-05,460,433,433,427,433,433,433,433
2021-04-06,460,433,433,427,433,433,433,433
2021-04-07,460,433,433,427,433,433,433,433
2021-04-08,460,433,433,427,433,433,433,433
2021-04-09,460,433,433,427,433,433,433,433
2021-04-12,460,433,433,428,433,433,433,433
2021-04-13,460,433,433,429,433,433,433,433
2021-04-14,460,433,433,429,433,433,433,433
2021-04-15,460,433,433,429,433,433,433,433
2021-04-16,460,433,433,429,433,433,433,433
2021-04-19,460,433,433,429,433,433,433,433
2021-04-20,461,434,434,431,434,434,434,434
2021-04-21,461,434,434,431,434,434,434,434
2021-04-22,461,434,434,431,434,434,434,434
2021-04-23,461,434,434,431,434,434,434,434
2021-04-26,461,434,434,431,434,434,434,434
2021-04-27,461,434,434,431,434,434,434,434
2021-04-28,461,434,434,431,434,434,434,434
2021-04-29,461,434,434,431,434,434,434,434
2021-04-30,461,434,434,431,434,434,434,434
2021-05-03,461,434,434,431,434,434,434,434
2021-05-04,461,434,434,431,434,434,434,434
2021-05-05,461,434,434,431,434,434,434,434
2021-05-06,461,434,434,431,434,434,434,434
2021-05-07,461,434,434,431,434,434,434,434
2021-05-10,461,434,434,431,434,434,434,434
2021-05-11,461,434,434,431,434,434,434,434
2021-05-12,461,434,434,431,434,434,434,434
2021-05-13,461,434,434,431,434,434,434,434
2021-05-14,462,435,435,432,435,435,435,435
2021-05-17,462,435,435,432,435,435,435,435
2021-05-18,462,435,435,432,435,435,435,435
2021-05-19,462,435,435,432,435,435,435,435
2021-05-20,462,435,435,432,435,435,435,435
2021-05-21,462,435,435,432,435,435,435,435
2021-05-24,462,435,435,432,435,435,435,435
2021-05-25,462,435,435,432,435,435,435,435
2021-05-26,462,435,435,432,435,435,435,435
2021-05-27,462,435,435,432,435,435,435,435
2021-05-28,462,435,435,432,435,435,435,435
2021-06-01,462,435,435,432,435,435,435,435
2021-06-02,462,435,435,432,435,435,435,435
2021-06-03,462,435,435,432,435,435,435,435
2021-06-04,462,435,435,432,435,435,435,435
2021-06-07,462,435,435,432,435,435,435,435
2021-06-08,462,435,435,432,435,435,435,435
2021-06-09,462,435,435,432,435,435,435,435
2021-06-10,462,435,435,432,435,435,435,435
2021-06-11,462,435,435,432,435,435,435,435
2021-06-14,462,435,435,432,435,435,435,435
2021-06-15,462,435,435,432,435,435,435,435
2021-06-16,462,435,435,432,435,435,435,435
2021-06-17,462,435,435,432,435,435,435,435
2021-06-18,462,435,435,432,435,435,435,435
2021-06-21,462,435,435,432,435,435,435,435
2021-06-22,462,435,435,432,435,435,435,435
2021-06-23,462,435,435,432,435,435,435,435
2021-06-24,462,435,435,433,435,435,435,435
2021-06-25,462,435,435,433,435,435,435,435
2021-06-28,462,435,435,433,435,435,435,435
2021-06-29,462,435,435,433,435,435,435,435
2021-06-30,462,435,435,433,435,435,435,435
2021-07-01,462,435,435,433,435,435,435,435
2021-07-02,462,435,435,433,435,435,435,435
2021-07-06,462,435,435,433,435,435,435,435
2021-07-07,462,435,435,433,435,435,435,435
2021-07-08,462,435,435,433,435,435,435,435
2021-07-09,462,435,435,433,435,435,435,435
2021-07-12,462,435,435,433,435,435,435,435
2021-07-13,462,435,435,433,435,435,435,435
2021-07-14,462,435,435,433,435,435,435,435
2021-07-15,462,435,435,433,435,435,435,435
2021-07-16,462,435,435,433,435,435,435,435
2021-07-19,462,435,435,433,435,435,435,435
2021-07-20,462,435,435,433,435,435,435,435
2021-07-21,463,436,436,434,436,436,436,436
2021-07-22,463,436,436,434,436,436,436,436
2021-07-23,463,436,436,434,436,436,436,436
2021-07-26,463,436,436,434,436,436,436,436
2021-07-27,463,436,436,434,436,436,436,436
2021-07-28,463,436,436,434,436,436,436,436
2021-07-29,463,436,436,434,436,436,436,436
2021-07-30,463,436,436,434,436,436,436,436
2021-08-02,464,437,437,435,437,437,437,437
2021-08-03,464,437,437,435,437,437,437,437
2021-08-04,464,437,437,435,437,437,437,437
2021-08-05,464,437,437,435,437,437,437,437
2021-08-06,464,437,437,435,437,437,437,437
2021-08-09,464,437,437,435,437,437,437,437
2021-08-10,464,437,437,435,437,437,437,437
2021-08-11,464,437,437,435,437,437,437,437
2021-08-12,464,437,437,435,437,437,437,437
2021-08-13,464,437,437,435,437,437,437,437
2021-08-16,464,437,437,435,437,437,437,437
2021-08-17,464,437,437,435,437,437,437,437
2021-08-18,464,437,437,435,437,437,437,437
2021-08-19,464,437,437,435,437,437,437,437
2021-08-20,464,437,437,435,437,437,437,437
2021-08-23,464,437,437,435,437,437,437,437
2021-08-24,464,437,437,435,437,437,437,437
2021-08-25,464,437,437,435,437,437,437,437
2021-08-26,464,437,437,435,437,437,437,437
2021-08-27,464,437,437,435,437,437,437,437
2021-08-30,465,438,438,436,438,438,438,438
2021-08-31,465,438,438,436,438,438,438,438
2021-09-01,465,438,438,436,438,438,438,438
2021-09-02,465,438,438,436,438,438,438,438
2021-09-03,465,438,438,436,438,438,438,438
2021-09-07,465,438,438,436,438,438,438,438
2021-09-08,465,438,438,436,438,438,438,438
2021-09-09,465,438,438,436,438,438,438,438
2021-09-10,465,438,438,436,438,438,438,438
2021-09-13,465,438,438,436,438,438,438,438
2021-09-14,465,438,438,436,438,438,438,438
2021-09-15,465,438,438,436,438,438,438,438
2021-09-16,465,438,438,436,438,438,438,438
2021-09-17,465,438,438,436,438,438,438,438
2021-09-20,464,438,438,436,438,438,438,438
2021-09-21,464,438,438,436,438,438,438,438
2021-09-22,464,438,438,436,438,438,438,438
2021-09-23,464,438,438,436,438,438,438,438
2021-09-24,464,438,438,436,438,438,438,438
2021-09-27,464,438,438,436,438,438,438,438
2021-09-28,464,438,438,436,438,438,438,438
2021-09-29,464,438,438,436,438,438,438,438
2021-09-30,464,438,438,436,438,438,438,438
2021-10-01,464,438,438,436,438,438,438,438
2021-10-04,464,438,438,436,438,438,438,438
2021-10-05,464,438,438,436,438,438,438,438
2021-10-06,464,438,438,436,438,438,438,438
2021-10-07,464,438,438,436,438,438,438,438
2021-10-08,464,438,438,436,438,438,438,438
2021-10-11,464,438,438,436,438,438,438,438
2021-10-12,464,438,438,436,438,438,438,438
2021-10-13,464,438,438,436,438,438,438,438
2021-10-14,464,438,438,436,438,438,438,438
2021-10-15,464,438,438,436,438,438,438,438
2021-10-18,464,438,438,436,438,438,438,438
2021-10-19,464,438,438,436,438,438,438,438
2021-10-20,464,438,438,436,438,438,438,438
2021-10-21,464,438,438,436,438,438,438,438
2021-10-22,464,438,438,436,438,438,438,438
2021-10-25,464,438,438,436,438,438,438,438
2021-10-26,464,438,438,436,438,438,438,438
2021-10-27,464,438,438,436,438,438,438,438
2021-10-28,464,438,438,436,438,438,438,438
2021-10-29,464,438,438,436,438,438,438,438
2021-11-01,464,438,438,436,438,438,438,438
2021-11-02,464,438,438,436,438,438,438,438
2021-11-03,464,438,438,436,438,438,438,438
2021-11-04,464,438,438,436,438,438,438,438
2021-11-05,464,438,438,436,438,438,438,438
2021-11-08,464,438,438,436,438,438,438,438
2021-11-09,464,438,438,436,438,438,438,438
2021-11-10,464,438,438,436,438,438,438,438
2021-11-11,464,438,438,436,438,438,438,438
2021-11-12,464,438,438,436,438,438,438,438
2021-11-15,464,438,438,436,438,438,438,438
2021-11-16,464,438,438,436,438,438,438,438
2021-11-17,464,438,438,436,438,438,438,438
2021-11-18,464,438,438,436,438,438,438,438
2021-11-19,464,438,438,436,438,438,438,438
2021-11-22,464,438,438,436,438,438,438,438
2021-11-23,464,438,438,436,438,438,438,438
2021-11-24,464,438,438,436,438,438,438,438
2021-11-26,464,438,438,436,438,438,438,438
2021-11-29,464,438,438,436,438,438,438,438
2021-11-30,464,438,438,436,438,438,438,438
2021-12-01,464,438,438,436,438,438,438,438
2021-12-02,464,438,438,436,438,438,438,438
2021-12-03,464,438,438,436,438,438,438,438
2021-12-06,464,438,438,436,438,438,438,438
2021-12-07,464,438,438,436,438,438,438,438
2021-12-08,464,438,438,436,438,438,438,438
2021-12-09,464,438,438,436,438,438,438,438
2021-12-10,464,438,438,436,438,438,438,438
2021-12-13,464,438,438,436,438,438,438,438
2021-12-14,465,439,439,437,439,439,439,439
2021-12-15,465,439,439,437,439,439,439,439
2021-12-16,465,439,439,437,439,439,439,439
2021-12-17,465,439,439,437,439,439,439,439
2021-12-20,466,439,439,437,439,439,439,439
2021-12-21,466,439,439,437,439,439,439,439
2021-12-22,466,439,439,437,439,439,439,439
2021-12-23,466,439,439,437,439,439,439,439
2021-12-27,466,439,439,437,439,439,439,439
2021-12-28,466,439,439,437,439,439,439,439
2021-12-29,466,439,439,437,439,439,439,439
2021-12-30,466,439,439,437,439,439,439,439
2021-12-31,466,439,439,437,439,439,439,439
2022-01-03,466,439,439,437,439,439,439,439
2022-01-04,466,439,439,437,439,439,439,439
2022-01-05,466,439,439,437,439,439,439,439
2022-01-06,466,439,439,437,439,439,439,439
2022-01-07,466,439,439,437,439,439,439,439
2022-01-10,467,440,440,438,440,440,440,440
2022-01-11,467,440,440,438,440,440,440,440
2022-01-12,467,440,440,438,440,440,440,440
2022-01-13,467,440,440,438,440,440,440,440
2022-01-14,467,440,440,438,440,440,440,440
2022-01-18,467,440,440,438,440,440,440,440
2022-01-19,467,440,440,438,440,440,440,440
2022-01-20,467,440,440,438,440,440,440,440
2022-01-21,467,440,440,438,440,440,440,440
2022-01-24,467,440,440,438,440,440,440,440
2022-01-25,467,440,440,438,440,440,440,440
2022-01-26,467,440,440,438,440,440,440,440
2022-01-27,467,440,440,438,440,440,440,440
2022-01-28,467,440,440,438,440,440,440,440
2022-01-31,467,440,440,438,440,440,440,440
2022-02-01,467,440,440,438,440,440,440,440
2022-02-02,467,440,440,438,440,440,440,440
2022-02-03,467,440,440,438,440,440,440,440
2022-02-04,467,440,440,438,440,440,440,440
2022-02-07,467,440,440,438,440,440,440,440
2022-02-08,467,440,440,438,440,440,440,440
2022-02-09,467,440,440,438,440,440,440,440
2022-02-10,467,440,440,438,440,440,440,440
2022-02-11,467,440,440,438,440,440,440,440
2022-02-14,467,440,440,438,440,440,440,440
2022-02-15,468,441,441,439,441,441,441,441
2022-02-16,468,441,441,439,441,441,441,441
2022-02-17,468,441,441,439,441,441,441,441
2022-02-18,468,441,441,439,441,441,441,441
2022-02-22,468,441,441,439,441,441,441,441
2022-02-23,468,441,441,439,441,441,441,441
2022-02-24,468,441,441,439,441,441,441,441
2022-02-25,468,441,441,439,441,441,441,441
2022-02-28,468,441,441,439,441,441,441,441
2022-03-01,468,441,441,439,441,441,441,441
2022-03-02,469,442,442,440,442,442,442,442
2022-03-03,469,442,442,440,442,442,442,442
2022-03-04,469,442,442,440,442,442,442,442
2022-03-07,469,442,442,440,442,442,442,442
2022-03-08,469,442,442,440,442,442,442,442
2022-03-09,469,442,442,440,442,442,442,442
2022-03-10,469,442,442,440,442,442,442,442
2022-03-11,469,442,442,440,442,442,442,442
2022-03-14,469,442,442,440,442,442,442,442
2022-03-15,469,442,442,440,442,442,442,442
2022-03-16,469,442,442,440,442,442,442,442
2022-03-17,469,442,442,440,442,442,442,442
2022-03-18,469,442,442,440,442,442,442,442
2022-03-21,469,442,442,440,442,442,442,442
2022-03-22,469,442,442,440,442,442,442,442
2022-03-23,469,442,442,440,442,442,442,442
2022-03-24,469,442,442,440,442,442,442,442
2022-03-25,469,442,442,440,442,442,442,442
2022-03-28,469,442,442,440,442,442,442,442
2022-03-29,469,442,442,440,442,442,442,442
2022-03-30,469,442,442,440,442,442,442,442
2022-03-31,469,442,442,440,442,442,442,442
2022-04-01,469,442,442,440,442,442,442,442
2022-04-04,470,443,443,441,443,443,443,443
2022-04-05,470,443,443,441,443,443,443,443
2022-04-06,470,443,443,441,443,443,443,443
2022-04-07,470,443,443,441,443,443,443,443
2022-04-08,470,443,443,441,443,443,443,443
2022-04-11,471,444,444,442,444,444,444,444
2022-04-12,471,444,444,442,444,444,444,444
2022-04-13,471,444,444,442,444,444,444,444
2022-04-14,471,444,444,442,444,444,444,444
2022-04-18,471,444,444,442,444,444,444,444
2022-04-19,471,444,444,444,444,444,444,444
2022-04-20,471,444,444,444,444,444,444,444
2022-04-21,471,444,444,444,444,444,444,444
2022-04-22,471,444,444,444,444,444,444,444
2022-04-25,471,444,444,444,444,444,444,444
2022-04-26,471,444,444,444,444,444,444,444
2022-04-27,471,444,444,444,444,444,444,444
2022-04-28,471,444,444,444,444,444,444,444
2022-04-29,471,444,444,444,444,444,444,444
2022-05-02,471,444,444,444,444,444,444,444
2022-05-03,471,444,444,444,444,444,444,444
2022-05-04,471,444,444,444,444,444,444,444
2022-05-05,471,444,444,444,444,444,444,444
2022-05-06,471,444,444,444,444,444,444,444
2022-05-09,471,444,444,444,444,444,444,444
2022-05-10,471,444,444,444,444,444,444,444
2022-05-11,471,444,444,444,444,444,444,444
2022-05-12,472,445,444,444,445,445,444,445
2022-05-13,472,445,445,444,445,445,445,445
2022-05-16,472,445,445,444,445,445,445,445
2022-05-17,472,445,445,444,445,445,445,445
2022-05-18,472,445,445,444,445,445,445,445
2022-05-19,472,445,445,444,445,445,445,445
2022-05-20,472,445,445,444,445,445,445,445
2022-05-23,472,445,445,444,445,445,445,445
2022-05-24,472,445,445,444,445,445,445,445
2022-05-25,472,445,445,444,445,445,445,445
2022-05-26,472,445,445,444,445,445,445,445
2022-05-27,472,445,445,444,445,445,445,445
2022-05-31,472,445,445,444,445,445,445,445
2022-06-01,472,445,445,444,445,445,445,445
2022-06-02,472,445,445,444,445,445,445,445
2022-06-03,472,445,445,444,445,445,445,445
2022-06-06,472,445,445,444,445,445,445,445
2022-06-07,472,445,445,444,445,445,445,445
2022-06-08,473,446,446,445,446,446,446,446
2022-06-09,473,446,446,445,446,446,446,446
2022-06-10,473,446,446,445,446,446,446,446
2022-06-13,473,446,446,445,446,446,446,446
2022-06-14,473,446,446,445,446,446,446,446
2022-06-15,473,446,446,445,446,446,446,446
2022-06-16,473,446,446,445,446,446,446,446
2022-06-17,473,446,446,445,446,446,446,446
2022-06-21,472,447,447,446,447,447,447,447
2022-06-22,472,447,447,446,447,447,447,447
2022-06-23,472,447,447,446,447,447,447,447
2022-06-24,472,447,447,446,447,447,447,447
2022-06-27,472,447,447,446,447,447,447,447
2022-06-28,472,447,447,446,447,447,447,447
2022-06-29,472,447,447,446,447,447,447,447
2022-06-30,472,447,447,446,447,447,447,447
2022-07-01,472,447,447,446,447,447,447,447
2022-07-05,472,447,447,446,447,447,447,447
2022-07-06,472,447,447,446,447,447,447,447
2022-07-07,472,447,447,446,447,447,447,447
2022-07-08,472,447,447,446,447,447,447,447
2022-07-11,472,447,447,446,447,447,447,447
2022-07-12,472,447,447,446,447,447,447,447
2022-07-13,472,447,447,446,447,447,447,447
2022-07-14,472,447,447,446,447,447,447,447
2022-07-15,472,447,447,446,447,447,447,447
2022-07-18,472,447,447,446,447,447,447,447
2022-07-19,472,447,447,446,447,447,447,447
2022-07-20,472,447,447,446,447,447,447,447
2022-07-21,472,447,447,446,447,447,447,447
2022-07-22,472,447,447,446,447,447,447,447
2022-07-25,472,447,447,446,447,447,447,447
2022-07-26,472,447,447,446,447,447,447,447
2022-07-27,472,447,447,446,447,447,447,447
2022-07-28,472,447,447,446,447,447,447,447
2022-07-29,472,447,447,446,447,447,447,447
2022-08-01,472,447,447,446,447,447,447,447
2022-08-02,472,447,447,446,447,447,447,447
2022-08-03,472,447,447,446,447,447,447,447
2022-08-04,472,447,447,446,447,447,447,447
2022-08-05,472,447,447,446,447,447,447,447
2022-08-08,472,447,447,446,447,447,447,447
2022-08-09,472,447,447,446,447,447,447,447
2022-08-10,472,447,447,446,447,447,447,447
2022-08-11,472,447,447,446,447,447,447,447
2022-08-12,472,447,447,446,447,447,447,447
2022-08-15,472,447,447,446,447,447,447,447
2022-08-16,472,447,447,446,447,447,447,447
2022-08-17,472,447,447,446,447,447,447,447
2022-08-18,472,447,447,446,447,447,447,447
2022-08-19,472,447,447,446,447,447,447,447
2022-08-22,472,447,447,446,447,447,447,447
2022-08-23,472,447,447,446,447,447,447,447
2022-08-24,472,447,447,446,447,447,447,447
2022-08-25,472,447,447,446,447,447,447,447
2022-08-26,472,447,447,446,447,447,447,447
2022-08-29,472,447,447,446,447,447,447,447
2022-08-30,472,447,447,446,447,447,447,447
2022-08-31,472,447,447,446,447,447,447,447
2022-09-01,472,447,447,446,447,447,447,447
2022-09-02,472,447,447,446,447,447,447,447
2022-09-06,472,447,447,446,447,447,447,447
2022-09-07,472,447,447,446,447,447,447,447
2022-09-08,472,447,447,446,447,447,447,447
2022-09-09,472,447,447,446,447,447,447,447
2022-09-12,472,447,447,446,447,447,447,447
2022-09-13,472,447,447,446,447,447,447,447
2022-09-14,472,447,447,446,447,447,447,447
2022-09-15,472,447,447,446,447,447,447,447
2022-09-16,472,447,447,446,447,447,447,447
2022-09-19,472,447,447,446,447,447,447,447
2022-09-20,472,447,447,446,447,447,447,447
2022-09-21,472,447,447,446,447,447,447,447
2022-09-22,472,447,447,446,447,447,447,447
2022-09-23,472,447,447,446,447,447,447,447
2022-09-26,472,447,447,446,447,447,447,447
2022-09-27,472,447,447,446,447,447,447,447
2022-09-28,472,447,447,446,447,447,447,447
2022-09-29,472,447,447,446,447,447,447,447
2022-09-30,472,447,447,446,447,447,447,447
2022-10-03,474,449,449,448,449,449,449,449
2022-10-04,474,449,449,448,449,449,449,449
2022-10-05,474,449,449,448,449,449,449,449
2022-10-06,474,449,449,448,449,449,449,449
2022-10-07,474,449,449,448,449,449,449,449
2022-10-10,474,449,449,448,449,449,449,449
2022-10-11,474,449,449,448,449,449,449,449
2022-10-12,475,450,450,449,450,450,450,450
2022-10-13,475,450,450,449,450,450,450,450
2022-10-14,475,450,450,449,450,450,450,450
2022-10-17,475,450,450,449,450,450,450,450
2022-10-18,475,450,450,449,450,450,450,450
2022-10-19,475,450,450,449,450,450,450,450
2022-10-20,475,450,450,449,450,450,450,450
2022-10-21,475,450,450,449,450,450,450,450
2022-10-24,475,450,450,449,450,450,450,450
2022-10-25,475,450,450,449,450,450,450,450
2022-10-26,475,450,450,449,450,450,450,450
2022-10-27,475,450,450,449,450,450,450,450
2022-10-28,475,450,450,449,450,450,450,450
2022-10-31,475,450,450,449,450,450,450,450
2022-11-01,476,451,451,450,451,451,451,451
2022-11-02,476,451,451,450,451,451,451,451
2022-11-03,476,451,451,450,451,451,451,451
2022-11-04,476,451,451,450,451,451,451,451
2022-11-07,476,451,451,450,451,451,451,451
2022-11-08,476,451,451,450,451,451,451,451
2022-11-09,476,451,451,450,451,451,451,451
2022-11-10,476,451,451,450,451,451,451,451
2022-11-11,476,451,451,450,451,451,451,451
2022-11-14,476,451,451,450,451,451,451,451
2022-11-15,476,451,451,450,451,451,451,451
2022-11-16,476,451,451,450,451,451,451,451
2022-11-17,476,451,451,450,451,451,451,451
2022-11-18,476,451,451,450,451,451,451,451
2022-11-21,476,451,451,450,451,451,451,451
2022-11-22,476,451,451,450,451,451,451,451
2022-11-23,476,451,451,450,451,451,451,451
2022-11-25,476,451,451,450,451,451,451,451
2022-11-28,476,451,451,450,451,451,451,451
2022-11-29,476,451,451,450,451,451,451,451
2022-11-30,476,451,451,450,451,451,451,451
2022-12-01,476,451,451,450,451,451,451,451
2022-12-02,476,451,451,450,451,451,451,451
2022-12-05,476,451,451,450,451,451,451,451
2022-12-06,476,451,451,450,451,451,451,451
2022-12-07,476,451,451,450,451,451,451,451
2022-12-08,476,451,451,450,451,451,451,451
2022-12-09,476,451,451,450,451,451,451,451
2022-12-12,476,451,451,450,451,451,451,451
2022-12-13,476,451,451,450,451,451,451,451
2022-12-14,476,451,451,450,451,451,451,451
2022-12-15,476,451,451,450,451,451,451,451
2022-12-16,476,451,451,450,451,451,451,451
2022-12-19,477,452,452,451,452,452,452,452
2022-12-20,477,452,452,451,452,452,452,452
2022-12-21,477,452,452,451,452,452,452,452
2022-12-22,478,453,453,452,453,453,453,453
2022-12-23,478,453,453,452,453,453,453,453
2022-12-27,478,453,453,452,453,453,453,453
2022-12-28,478,453,453,452,453,453,453,453
2022-12-29,478,453,453,452,453,453,453,453
2022-12-30,478,453,453,452,453,453,453,453
2023-01-03,478,453,453,452,453,453,453,453
2023-01-04,478,453,453,452,453,453,453,453
2023-01-05,477,452,452,451,452,452,452,452
2023-01-06,477,452,452,451,452,452,452,452
2023-01-09,477,452,452,451,452,452,452,452
2023-01-10,477,452,452,451,452,452,452,452
2023-01-11,477,452,452,451,452,452,452,452
2023-01-12,477,452,452,451,452,452,452,452
2023-01-13,477,452,452,451,452,452,452,452
2023-01-17,477,452,452,451,452,452,452,452
2023-01-18,477,452,452,451,452,452,452,452
2023-01-19,478,453,452,451,453,453,452,453
2023-01-20,478,453,453,451,453,453,453,453
2023-01-23,478,453,453,451,453,453,453,453
2023-01-24,478,453,453,451,453,453,453,453
2023-01-25,478,453,453,451,453,453,453,453
2023-01-26,478,453,453,451,453,453,453,453
2023-01-27,478,453,453,451,453,453,453,453
2023-01-30,478,453,453,451,453,453,453,453
2023-01-31,478,453,453,451,453,453,453,453
2023-02-01,478,453,453,451,453,453,453,453
2023-02-02,478,453,453,451,453,453,453,453
2023-02-03,478,453,453,451,453,453,453,453
2023-02-06,478,453,453,451,453,453,453,453
2023-02-07,478,453,453,451,453,453,453,453
2023-02-08,478,453,453,451,453,453,453,453
2023-02-09,478,453,453,451,453,453,453,453
2023-02-10,478,453,453,451,453,453,453,453
2023-02-13,478,453,453,451,453,453,453,453
2023-02-14,478,453,453,451,453,453,453,453
2023-02-15,478,453,453,451,453,453,453,453
2023-02-16,478,453,453,451,453,453,453,453
2023-02-17,478,453,453,451,453,453,453,453
2023-02-21,478,453,453,451,453,453,453,453
2023-02-22,478,453,453,451,453,453,453,453
2023-02-23,478,453,453,451,453,453,453,453
2023-02-24,478,453,453,451,453,453,453,453
2023-02-27,478,453,453,451,453,453,453,453
2023-02-28,478,453,453,451,453,453,453,453
2023-03-01,478,453,453,451,453,453,453,453
2023-03-02,478,453,453,451,453,453,453,453
2023-03-03,478,453,453,451,453,453,453,453
2023-03-06,478,453,453,451,453,453,453,453
2023-03-07,478,453,453,451,453,453,453,453
2023-03-08,478,453,453,451,453,453,453,453
2023-03-09,478,453,453,451,453,453,453,453
2023-03-10,478,453,453,451,453,453,453,453
2023-03-13,478,453,453,451,453,453,453,453
2023-03-14,478,453,453,451,453,453,453,453
2023-03-15,480,455,455,453,455,455,455,455
2023-03-16,480,455,455,453,455,455,455,455
2023-03-17,480,455,455,453,455,455,455,455
2023-03-20,480,455,455,453,455,455,455,455
2023-03-21,480,455,455,453,455,455,455,455
2023-03-22,480,455,455,453,455,455,455,455
2023-03-23,480,455,455,453,455,455,455,455
2023-03-24,480,455,455,453,455,455,455,455
2023-03-27,480,455,455,453,455,455,455,455
2023-03-28,480,455,455,453,455,455,455,455
2023-03-29,480,455,455,453,455,455,455,455
2023-03-30,480,455,455,453,455,455,455,455
2023-03-31,480,455,455,453,455,455,455,455
2023-04-03,480,455,455,453,455,455,455,455
2023-04-04,480,455,455,453,455,455,455,455
2023-04-05,480,455,455,453,455,455,455,455
2023-04-06,480,455,455,453,455,455,455,455
2023-04-10,480,455,455,453,455,455,455,455
2023-04-11,480,455,455,453,455,455,455,455
2023-04-12,480,455,455,453,455,455,455,455
2023-04-13,480,455,455,453,455,455,455,455
2023-04-14,480,455,455,453,455,455,455,455
2023-04-17,480,455,455,453,455,455,455,455
2023-04-18,480,455,455,453,455,455,455,455
2023-04-19,480,455,455,453,455,455,455,455
2023-04-20,480,455,455,453,455,455,455,455
2023-04-21,480,455,455,453,455,455,455,455
2023-04-24,480,455,455,453,455,455,455,455
2023-04-25,480,455,455,453,455,455,455,455
2023-04-26,480,455,455,453,455,455,455,455
2023-04-27,480,455,455,453,455,455,455,455
2023-04-28,480,455,455,453,455,455,455,455
2023-05-01,480,455,455,453,455,455,455,455
2023-05-02,480,455,455,453,455,455,455,455
2023-05-03,480,455,455,453,455,455,455,455
2023-05-04,481,456,456,454,456,456,456,456
2023-05-05,481,456,456,454,456,456,456,456
2023-05-08,481,456,456,454,456,456,456,456
2023-05-09,481,456,456,454,456,456,456,456
2023-05-10,481,456,456,454,456,456,456,456
2023-05-11,481,456,456,454,456,456,456,456
2023-05-12,481,456,456,454,456,456,456,456
2023-05-15,481,456,456,454,456,456,456,456
2023-05-16,481,456,456,454,456,456,456,456
2023-05-17,481,456,456,454,456,456,456,456
2023-05-18,481,456,456,454,456,456,456,456
2023-05-19,481,456,456,454,456,456,456,456
2023-05-22,481,456,456,454,456,456,456,456
2023-05-23,481,456,456,454,456,456,456,456
2023-05-24,481,456,456,454,456,456,456,456
2023-05-25,481,456,456,454,456,456,456,456
2023-05-26,481,456,456,454,456,456,456,456
2023-05-30,481,456,456,454,456,456,456,456
2023-05-31,481,456,456,454,456,456,456,456
2023-06-01,481,456,456,454,456,456,456,456
2023-06-02,481,456,456,454,456,456,456,456
2023-06-05,481,456,456,454,456,456,456,456
2023-06-06,481,456,456,454,456,456,456,456
2023-06-07,481,456,456,454,456,456,456,456
2023-06-08,481,456,456,454,456,456,456,456
2023-06-09,481,456,456,454,456,456,456,456
2023-06-12,481,456,456,454,456,456,456,456
2023-06-13,481,456,456,454,456,456,456,456
2023-06-14,481,456,456,454,456,456,456,456
2023-06-15,481,456,456,455,456,456,456,456
2023-06-16,481,456,456,455,456,456,456,456
2023-06-20,482,457,457,456,457,457,457,457
2023-06-21,482,457,457,456,457,457,457,457
2023-06-22,482,457,457,456,457,457,457,457
2023-06-23,482,457,457,456,457,457,457,457
2023-06-26,482,457,457,456,457,457,457,457
2023-06-27,482,457,457,456,457,457,457,457
2023-06-28,482,457,457,456,457,457,457,457
2023-06-29,482,457,457,456,457,457,457,457
2023-06-30,482,457,457,456,457,457,457,457
2023-07-03,482,457,457,456,457,457,457,457
2023-07-05,482,457,457,456,457,457,457,457
2023-07-06,482,457,457,456,457,457,457,457
2023-07-07,482,457,457,456,457,457,457,457
2023-07-10,482,457,457,456,457,457,457,457
2023-07-11,482,457,457,456,457,457,457,457
2023-07-12,482,457,457,456,457,457,457,457
2023-07-13,482,457,457,456,457,457,457,457
2023-07-14,482,457,457,456,457,457,457,457
2023-07-17,482,457,457,456,457,457,457,457
2023-07-18,482,457,457,456,457,457,457,457
2023-07-19,482,457,457,456,457,457,457,457
2023-07-20,482,457,457,456,457,457,457,457
2023-07-21,482,457,457,456,457,457,457,457
2023-07-24,482,457,457,456,457,457,457,457
2023-07-25,482,457,457,456,457,457,457,457
2023-07-26,482,457,457,456,457,457,457,457
2023-07-27,482,457,457,456,457,457,457,457
2023-07-28,482,457,457,456,457,457,457,457
2023-07-31,482,457,457,456,457,457,457,457
2023-08-01,482,457,457,456,457,457,457,457
2023-08-02,482,457,457,456,457,457,457,457
2023-08-03,482,457,457,456,457,457,457,457
2023-08-04,482,457,457,456,457,457,457,457
2023-08-07,482,457,457,456,457,457,457,457
2023-08-08,482,457,457,456,457,457,457,457
2023-08-09,482,457,457,456,457,457,457,457
2023-08-10,482,457,457,456,457,457,457,457
2023-08-11,482,457,457,456,457,457,457,457
2023-08-14,482,457,457,456,457,457,457,457
2023-08-15,482,457,457,456,457,457,457,457
2023-08-16,482,457,457,456,457,457,457,457
2023-08-17,482,457,457,456,457,457,457,457
2023-08-18,482,457,457,456,457,457,457,457
2023-08-21,482,457,457,456,457,457,457,457
2023-08-22,482,457,457,456,457,457,457,457
2023-08-23,482,457,457,456,457,457,457,457
2023-08-24,482,457,457,456,457,457,457,457
2023-08-25,481,456,456,455,456,456,456,456
2023-08-28,481,456,456,455,456,456,456,456
2023-08-29,481,456,456,455,456,456,456,456
2023-08-30,481,456,456,455,456,456,456,456
2023-08-31,481,456,456,455,456,456,456,456
2023-09-01,481,456,456,455,456,456,456,456
2023-09-05,481,456,456,455,456,456,456,456
2023-09-06,481,456,456,455,456,456,456,456
2023-09-07,481,456,456,455,456,456,456,456
2023-09-08,481,456,456,455,456,456,456,456
2023-09-11,481,456,456,455,456,456,456,456
2023-09-12,481,456,456,455,456,456,456,456
2023-09-13,481,456,456,455,456,456,456,456
2023-09-14,481,456,456,455,456,456,456,456
2023-09-15,481,456,456,455,456,456,456,456
2023-09-18,481,455,455,454,455,455,455,455
2023-09-19,481,455,455,454,455,455,455,455
2023-09-20,481,455,455,454,455,455,455,455
2023-09-21,481,455,455,454,455,455,455,455
2023-09-22,481,455,455,454,455,455,455,455
2023-09-25,481,455,455,454,455,455,455,455
2023-09-26,481,455,455,454,455,455,455,455
2023-09-27,481,455,455,454,455,455,455,455
2023-09-28,481,455,455,454,455,455,455,455
2023-09-29,481,455,455,454,455,455,455,455
2023-10-02,481,455,455,454,455,455,455,455
2023-10-03,480,454,454,453,454,454,454,454
2023-10-04,480,454,454,453,454,454,454,454
2023-10-05,480,454,454,453,454,454,454,454
2023-10-06,480,454,454,453,454,454,454,454
2023-10-09,480,454,454,453,454,454,454,454
2023-10-10,480,454,454,453,454,454,454,454
2023-10-11,480,454,454,453,454,454,454,454
2023-10-12,480,454,454,453,454,454,454,454
2023-10-13,480,454,454,453,454,454,454,454
2023-10-16,480,454,454,453,454,454,454,454
2023-10-17,480,454,454,453,454,454,454,454
2023-10-18,481,455,455,454,455,455,455,455
2023-10-19,481,455,455,454,455,455,455,455
2023-10-20,481,455,455,454,455,455,455,455
2023-10-23,481,455,455,454,455,455,455,455
2023-10-24,481,455,455,454,455,455,455,455
2023-10-25,481,455,455,454,455,455,455,455
2023-10-26,481,455,455,454,455,455,455,455
2023-10-27,481,455,455,454,455,455,455,455
2023-10-30,481,455,455,454,455,455,455,455
2023-10-31,481,455,455,454,455,455,455,455
2023-11-01,481,455,455,454,455,455,455,455
2023-11-02,481,455,455,454,455,455,455,455
2023-11-03,481,455,455,454,455,455,455,455
2023-11-06,481,455,455,454,455,455,455,455
2023-11-07,481,455,455,454,455,455,455,455
2023-11-08,481,455,455,454,455,455,455,455
2023-11-09,481,455,455,454,455,455,455,455
2023-11-10,481,455,455,454,455,455,455,455
2023-11-13,481,455,455,454,455,455,455,455
2023-11-14,481,455,455,454,455,455,455,455
2023-11-15,481,455,455,454,455,455,455,455
2023-11-16,481,455,455,454,455,455,455,455
2023-11-17,481,455,455,454,455,455,455,455
2023-11-20,481,455,455,454,455,455,455,455
2023-11-21,481,455,455,454,455,455,455,455
2023-11-22,481,455,455,454,455,455,455,455
2023-11-24,481,455,455,454,455,455,455,455
2023-11-27,481,455,455,454,455,455,455,455
2023-11-28,481,455,455,454,455,455,455,455
2023-11-29,481,455,455,454,455,455,455,455
2023-11-30,481,455,455,454,455,455,455,455
2023-12-01,481,455,455,454,455,455,455,455
2023-12-04,481,455,455,454,455,455,455,455
2023-12-05,481,455,455,454,455,455,455,455
2023-12-06,481,455,455,454,455,455,455,455
2023-12-07,481,455,455,454,455,455,455,455
2023-12-08,481,455,455,454,455,455,455,455
2023-12-11,481,455,455,454,455,455,455,455
2023-12-12,481,455,455,454,455,455,455,455
2023-12-13,481,455,455,454,455,455,455,455
2023-12-14,481,455,455,454,455,455,455,455
2023-12-15,482,456,455,454,456,456,455,456
2023-12-18,483,458,458,456,458,458,458,458
2023-12-19,483,458,458,456,458,458,458,458
2023-12-20,483,458,458,456,458,458,458,458
2023-12-21,483,458,458,456,458,458,458,458
2023-12-22,483,458,458,456,458,458,458,458
2023-12-26,483,458,458,456,458,458,458,458
2023-12-27,483,458,458,456,458,458,458,458
2023-12-28,483,458,458,456,458,458,458,458
2023-12-29,483,458,458,456,458,458,458,458
2024-01-02,483,458,458,456,458,458,458,458
2024-01-03,483,458,458,456,458,458,458,458
2024-01-04,483,458,458,456,458,458,458,458
2024-01-05,483,458,458,456,458,458,458,458
2024-01-08,483,458,458,456,458,458,458,458
2024-01-09,483,458,458,456,458,458,458,458
2024-01-10,483,458,458,456,458,458,458,458
2024-01-11,483,458,458,456,458,458,458,458
2024-01-12,483,458,458,456,458,458,458,458
2024-01-16,483,458,458,456,458,458,458,458
2024-01-17,483,458,458,456,458,458,458,458
2024-01-18,483,458,458,456,458,458,458,458
2024-01-19,483,458,458,456,458,458,458,458
2024-01-22,483,458,458,456,458,458,458,458
2024-01-23,483,458,458,456,458,458,458,458
2024-01-24,483,458,458,456,458,458,458,458
2024-01-25,483,458,458,456,458,458,458,458
2024-01-26,483,458,458,456,458,458,458,458
2024-01-29,483,458,458,456,458,458,458,458
2024-01-30,483,458,458,456,458,458,458,458
2024-01-31,483,458,458,456,458,458,458,458
2024-02-01,483,458,458,456,458,458,458,458
2024-02-02,483,458,458,456,458,458,458,458
2024-02-05,483,458,458,456,458,458,458,458
2024-02-06,483,458,458,456,458,458,458,458
2024-02-07,483,458,458,456,458,458,458,458
2024-02-08,483,458,458,456,458,458,458,458
2024-02-09,483,458,458,456,458,458,458,458
2024-02-12,483,458,458,456,458,458,458,458
2024-02-13,483,458,458,456,458,458,458,458
2024-02-14,483,458,458,456,458,458,458,458
2024-02-15,483,458,458,456,458,458,458,458
2024-02-16,483,458,458,456,458,458,458,458
2024-02-20,483,458,458,456,458,458,458,458
2024-02-21,483,458,458,456,458,458,458,458
2024-02-22,483,458,458,457,458,458,458,458
2024-02-23,483,458,458,457,458,458,458,458
2024-02-26,483,458,458,457,458,458,458,458
2024-02-27,483,458,458,457,458,458,458,458
2024-02-28,483,458,458,457,458,458,458,458
2024-02-29,483,458,458,457,458,458,458,458
2024-03-01,483,458,458,457,458,458,458,458
2024-03-04,483,458,458,457,458,458,458,458
2024-03-05,483,458,458,457,458,458,458,458
2024-03-06,483,458,458,457,458,458,458,458
2024-03-07,483,458,458,457,458,458,458,458
2024-03-08,483,458,458,457,458,458,458,458
2024-03-11,483,458,458,457,458,458,458,458
2024-03-12,483,458,458,457,458,458,458,458
2024-03-13,483,458,458,457,458,458,458,458
2024-03-14,483,458,458,457,458,458,458,458
2024-03-15,483,458,458,457,458,458,458,458
2024-03-18,483,458,458,457,458,458,458,458
2024-03-19,483,458,458,457,458,458,458,458
2024-03-20,483,458,458,457,458,458,458,458
2024-03-21,483,458,458,457,458,458,458,458
2024-03-22,483,458,458,457,458,458,458,458
2024-03-25,484,459,459,458,459,459,459,459
2024-03-26,484,459,459,458,459,459,459,459
2024-03-27,484,459,459,458,459,459,459,459
2024-03-28,484,459,459,458,459,459,459,459
2024-04-01,484,459,459,458,459,459,459,459
2024-04-02,484,459,459,458,459,459,459,459
2024-04-03,482,458,458,457,458,458,458,458
2024-04-04,482,458,458,457,458,458,458,458
2024-04-05,482,458,458,457,458,458,458,458
2024-04-08,482,458,458,457,458,458,458,458
2024-04-09,482,458,458,457,458,458,458,458
2024-04-10,482,458,458,457,458,458,458,458
2024-04-11,482,458,458,457,458,458,458,458
2024-04-12,482,458,458,457,458,458,458,458
2024-04-15,482,458,458,457,458,458,458,458
2024-04-16,482,458,458,457,458,458,458,458
2024-04-17,482,458,458,457,458,458,458,458
2024-04-18,482,458,458,457,458,458,458,458
2024-04-19,482,458,458,457,458,458,458,458
2024-04-22,482,458,458,457,458,458,458,458
2024-04-23,482,458,458,457,458,458,458,458
2024-04-24,482,458,458,457,458,458,458,458
2024-04-25,482,458,458,457,458,458,458,458
2024-04-26,482,458,458,457,458,458,458,458
2024-04-29,482,458,458,457,458,458,458,458
2024-04-30,482,458,458,457,458,458,458,458
2024-05-01,482,458,458,457,458,458,458,458
2024-05-02,482,458,458,457,458,458,458,458
2024-05-03,483,459,458,457,459,459,458,459
2024-05-06,483,459,459,457,459,459,459,459
2024-05-07,483,459,459,457,459,459,459,459
2024-05-08,484,460,460,458,460,460,460,460
2024-05-09,484,460,460,458,460,460,460,460
2024-05-10,484,460,460,458,460,460,460,460
2024-05-13,484,460,460,458,460,460,460,460
2024-05-14,484,460,460,458,460,460,460,460
2024-05-15,484,460,460,458,460,460,460,460
2024-05-16,484,460,460,458,460,460,460,460
2024-05-17,484,460,460,458,460,460,460,460
2024-05-20,484,460,460,458,460,460,460,460
2024-05-21,484,460,460,458,460,460,460,460
2024-05-22,484,460,460,458,460,460,460,460
2024-05-23,484,460,460,458,460,460,460,460
2024-05-24,484,460,460,458,460,460,460,460
2024-05-28,484,460,460,458,460,460,460,460
2024-05-29,484,460,460,458,460,460,460,460
2024-05-30,484,460,460,458,460,460,460,460
2024-05-31,484,460,460,458,460,460,460,460
2024-06-03,484,460,460,458,460,460,460,460
2024-06-04,484,460,460,458,460,460,460,460
2024-06-05,484,460,460,458,460,460,460,460
2024-06-06,484,460,460,458,460,460,460,460
2024-06-07,484,460,460,458,460,460,460,460
2024-06-10,484,460,460,458,460,460,460,460
2024-06-11,484,460,460,458,460,460,460,460
2024-06-12,484,460,460,458,460,460,460,460
2024-06-13,484,460,460,458,460,460,460,460
2024-06-14,484,460,460,458,460,460,460,460
2024-06-17,484,460,460,458,460,460,460,460
2024-06-18,484,460,460,458,460,460,460,460
2024-06-20,484,460,460,458,460,460,460,460
2024-06-21,484,460,460,458,460,460,460,460
2024-06-24,485,460,460,458,460,460,460,460
2024-06-25,485,460,460,458,460,460,460,460
2024-06-26,485,460,460,458,460,460,460,460
2024-06-27,485,460,460,458,460,460,460,460
2024-06-28,485,460,460,458,460,460,460,460
2024-07-01,485,460,460,458,460,460,460,460
2024-07-02,485,460,460,458,460,460,460,460
2024-07-03,485,460,460,458,460,460,460,460
2024-07-05,485,460,460,458,460,460,460,460
2024-07-08,485,460,460,458,460,460,460,460
2024-07-09,485,460,460,458,460,460,460,460
2024-07-10,485,460,460,458,460,460,460,460
2024-07-11,485,460,460,458,460,460,460,460
2024-07-12,485,460,460,458,460,460,460,460
2024-07-15,485,460,460,458,460,460,460,460
2024-07-16,485,460,460,458,460,460,460,460
2024-07-17,485,460,460,458,460,460,460,460
2024-07-18,485,460,460,458,460,460,460,460
2024-07-19,485,460,460,458,460,460,460,460
2024-07-22,485,460,460,458,460,460,460,460
2024-07-23,485,460,460,458,460,460,460,460
2024-07-24,485,460,460,458,460,460,460,460
2024-07-25,485,460,460,458,460,460,460,460
2024-07-26,485,460,460,458,460,460,460,460
2024-07-29,485,460,460,458,460,460,460,460
2024-07-30,485,460,460,458,460,460,460,460
2024-07-31,485,460,460,458,460,460,460,460
2024-08-01,485,460,460,458,460,460,460,460
2024-08-02,485,460,460,458,460,460,460,460
2024-08-05,485,460,460,458,460,460,460,460
2024-08-06,485,460,460,458,460,460,460,460
2024-08-07,485,460,460,458,460,460,460,460
2024-08-08,485,460,460,458,460,460,460,460
2024-08-09,485,460,460,458,460,460,460,460
2024-08-12,485,460,460,458,460,460,460,460
2024-08-13,485,460,460,458,460,460,460,460
2024-08-14,485,460,460,458,460,460,460,460
2024-08-15,485,460,460,458,460,460,460,460
2024-08-16,485,460,460,458,460,460,460,460
2024-08-19,485,460,460,458,460,460,460,460
2024-08-20,485,460,460,458,460,460,460,460
2024-08-21,485,460,460,458,460,460,460,460
2024-08-22,485,460,460,458,460,460,460,460
2024-08-23,485,460,460,458,460,460,460,460
2024-08-26,485,460,460,458,460,460,460,460
2024-08-27,485,460,460,458,460,460,460,460
2024-08-28,485,460,460,458,460,460,460,460
2024-08-29,485,460,460,458,460,460,460,460
2024-08-30,485,460,460,458,460,460,460,460
2024-09-03,485,460,460,458,460,460,460,460
2024-09-04,485,460,460,458,460,460,460,460
2024-09-05,485,460,460,458,460,460,460,460
2024-09-06,485,460,460,458,460,460,460,460
2024-09-09,485,460,460,458,460,460,460,460
2024-09-10,485,460,460,458,460,460,460,460
2024-09-11,485,460,460,458,460,460,460,460
2024-09-12,485,460,460,458,460,460,460,460
2024-09-13,485,460,460,458,460,460,460,460
2024-09-16,485,460,460,458,460,460,460,460
2024-09-17,485,460,460,458,460,460,460,460
2024-09-18,485,460,460,458,460,460,460,460
2024-09-19,485,460,460,458,460,460,460,460
2024-09-20,485,460,460,458,460,460,460,460
2024-09-23,485,457,457,455,457,457,457,457
2024-09-24,485,457,457,455,457,457,457,457
2024-09-25,485,457,457,455,457,457,457,457
2024-09-26,485,457,457,455,457,457,457,457
2024-09-27,485,457,457,455,457,457,457,457
2024-09-30,485,457,457,455,457,457,457,457
2024-10-01,484,456,456,454,456,456,456,456
2024-10-02,484,456,456,454,456,456,456,456
2024-10-03,485,457,456,454,457,457,456,457
2024-10-04,485,457,457,454,457,457,457,457
2024-10-07,485,457,457,454,457,457,457,457
2024-10-08,485,457,457,454,457,457,457,457
2024-10-09,485,457,457,454,457,457,457,457
2024-10-10,485,457,457,454,457,457,457,457
2024-10-11,485,457,457,454,457,457,457,457
2024-10-14,485,457,457,454,457,457,457,457
2024-10-15,485,457,457,454,457,457,457,457
2024-10-16,485,457,457,454,457,457,457,457
2024-10-17,485,457,457,454,457,457,457,457
2024-10-18,485,457,457,454,457,457,457,457
2024-10-21,485,457,457,454,457,457,457,457
2024-10-22,485,457,457,454,457,457,457,457
2024-10-23,485,457,457,454,457,457,457,457
2024-10-24,485,457,457,454,457,457,457,457
2024-10-25,485,457,457,454,457,457,457,457
2024-10-28,485,457,457,454,457,457,457,457
2024-10-29,485,457,457,454,457,457,457,457
2024-10-30,485,457,457,454,457,457,457,457
2024-10-31,485,457,457,454,457,457,457,457
2024-11-01,485,457,457,454,457,457,457,457
2024-11-04,485,457,457,454,457,457,457,457
2024-11-05,485,457,457,454,457,457,457,457
2024-11-06,485,457,457,454,457,457,457,457
2024-11-07,485,457,457,454,457,457,457,457
2024-11-08,485,457,457,454,457,457,457,457
2024-11-11,485,457,457,454,457,457,457,457
2024-11-12,485,457,457,454,457,457,457,457
2024-11-13,485,457,457,454,457,457,457,457
2024-11-14,485,457,457,454,457,457,457,457
2024-11-15,485,457,457,454,457,457,457,457
2024-11-18,485,457,457,454,457,457,457,457
2024-11-19,485,457,457,454,457,457,457,457
2024-11-20,485,457,457,454,457,457,457,457
2024-11-21,485,457,457,454,457,457,457,457
2024-11-22,485,457,457,454,457,457,457,457
2024-11-25,485,457,457,454,457,457,457,457
2024-11-26,486,458,458,455,458,458,458,458
2024-11-27,486,458,458,455,458,458,458,458
2024-11-29,486,458,458,455,458,458,458,458
2024-12-02,486,458,458,455,458,458,458,458
2024-12-03,486,458,458,455,458,458,458,458
2024-12-04,486,458,458,455,458,458,458,458
2024-12-05,486,458,458,455,458,458,458,458
2024-12-06,486,458,458,455,458,458,458,458
2024-12-09,486,458,458,455,458,458,458,458
2024-12-10,486,458,458,455,458,458,458,458
2024-12-11,486,458,458,455,458,458,458,458
2024-12-12,486,458,458,455,458,458,458,458
2024-12-13,486,458,458,455,458,458,458,458
2024-12-16,486,458,458,455,458,458,458,458
2024-12-17,486,458,458,455,458,458,458,458
2024-12-18,486,458,458,455,458,458,458,458
2024-12-19,486,458,458,455,458,458,458,458
2024-12-20,486,458,458,455,458,458,458,458
2024-12-23,488,460,460,457,460,460,460,460
2024-12-24,488,460,460,457,460,460,460,460
2024-12-26,488,460,460,457,460,460,460,460
2024-12-27,488,460,460,457,460,460,460,460
2024-12-30,488,460,460,457,460,460,460,460
2024-12-31,488,460,460,457,460,460,460,460
