date,universe,with_cap,no_cap,no_cap_unmapped,no_cap_ambiguous,no_cap_no_facts,approximated,total_cap_usd_trn
2007-04-02,326,307,19,3,2,14,307,11.246099
2007-04-03,326,307,19,3,2,14,307,11.346500
2007-04-04,326,307,19,3,2,14,307,11.354710
2007-04-05,326,307,19,3,2,14,307,11.384707
2007-04-09,326,307,19,3,2,14,307,11.393482
2007-04-10,326,307,19,3,2,14,307,11.435884
2007-04-11,326,307,19,3,2,14,307,11.349527
2007-04-12,326,307,19,3,2,14,307,11.403209
2007-04-13,326,307,19,3,2,14,307,11.438147
2007-04-16,326,307,19,3,2,14,307,11.572655
2007-04-17,326,307,19,3,2,14,307,11.589177
2007-04-18,326,307,19,3,2,14,307,11.607736
2007-04-19,326,307,19,3,2,14,307,11.591814
2007-04-20,326,307,19,3,2,14,307,11.697032
2007-04-23,326,307,19,3,2,14,307,11.659184
2007-04-24,326,307,19,3,2,14,307,11.650681
2007-04-25,326,307,19,3,2,14,307,11.780022
2007-04-26,326,307,19,3,2,14,307,11.769531
2007-04-27,326,307,19,3,2,14,307,11.774295
2007-04-30,326,307,19,3,2,14,307,11.700346
2007-05-01,326,307,19,3,2,14,307,11.744472
2007-05-02,326,307,19,3,2,14,307,11.810675
2007-05-03,326,307,19,3,2,14,307,11.850048
2007-05-04,326,307,19,3,2,14,307,11.872144
2007-05-07,326,307,19,3,2,14,307,11.898185
2007-05-08,326,307,19,3,2,14,307,11.879522
2007-05-09,326,307,19,3,2,14,307,11.920725
2007-05-10,326,307,19,3,2,14,307,11.755371
2007-05-11,326,307,19,3,2,14,307,11.854394
2007-05-14,326,307,19,3,2,14,307,11.832222
2007-05-15,326,307,19,3,2,14,307,11.818107
2007-05-16,326,307,19,3,2,14,307,11.944504
2007-05-17,326,307,19,3,2,14,307,11.927724
2007-05-18,326,307,19,3,2,14,307,12.000162
2007-05-21,326,307,19,3,2,14,307,12.008631
2007-05-22,326,307,19,3,2,14,307,12.006440
2007-05-23,326,307,19,3,2,14,307,11.986025
2007-05-24,326,307,19,3,2,14,307,11.879804
2007-05-25,327,308,19,3,2,14,308,11.958306
2007-05-29,327,308,19,3,2,14,308,11.974046
2007-05-30,327,308,19,3,2,14,308,12.061337
2007-05-31,327,308,19,3,2,14,308,12.050801
2007-06-01,327,308,19,3,2,14,308,12.087990
2007-06-04,327,308,19,3,2,14,308,12.100767
2007-06-05,327,308,19,3,2,14,308,12.033513
2007-06-06,327,308,19,3,2,14,308,11.926914
2007-06-07,327,308,19,3,2,14,308,11.718975
2007-06-08,327,308,19,3,2,14,308,11.859721
2007-06-11,327,308,19,3,2,14,308,11.867794
2007-06-12,327,308,19,3,2,14,308,11.738740
2007-06-13,327,308,19,3,2,14,308,11.923590
2007-06-14,327,308,19,3,2,14,308,11.970966
2007-06-15,327,308,19,3,2,14,308,12.047770
2007-06-18,327,308,19,3,2,14,308,12.028146
2007-06-19,327,308,19,3,2,14,308,12.059964
2007-06-20,327,308,19,3,2,14,308,11.899401
2007-06-21,327,308,19,3,2,14,308,11.961523
2007-06-22,327,308,19,3,2,14,308,11.791073
2007-06-25,327,308,19,3,2,14,308,11.747650
2007-06-26,327,308,19,3,2,14,308,11.701161
2007-06-27,327,308,19,3,2,14,308,11.815878
2007-06-28,327,308,19,3,2,14,308,11.814527
2007-06-29,327,308,19,3,2,14,308,11.784656
2007-07-02,327,308,19,3,2,14,308,11.848761
2007-07-03,327,308,19,3,2,14,308,11.898290
2007-07-05,327,308,19,3,2,14,308,11.888727
2007-07-06,327,308,19,3,2,14,308,11.928523
2007-07-09,327,308,19,3,2,14,308,11.936994
2007-07-10,327,308,19,3,2,14,308,11.766993
2007-07-11,327,308,19,3,2,14,308,11.840704
2007-07-12,327,308,19,3,2,14,308,12.083311
2007-07-13,327,308,19,3,2,14,308,12.117361
2007-07-16,327,308,19,3,2,14,308,12.096134
2007-07-17,327,308,19,3,2,14,308,12.103634
2007-07-18,327,308,19,3,2,14,308,12.064392
2007-07-19,327,308,19,3,2,14,308,12.104909
2007-07-20,327,308,19,3,2,14,308,11.967815
2007-07-23,327,308,19,3,2,14,308,12.028631
2007-07-24,327,308,19,3,2,14,308,11.789138
2007-07-25,327,308,19,3,2,14,308,11.852862
2007-07-26,327,308,19,3,2,14,308,11.575046
2007-07-27,327,308,19,3,2,14,308,11.390187
2007-07-30,327,308,19,3,2,14,308,11.503622
2007-07-31,327,308,19,3,2,14,308,11.359497
2007-08-01,327,308,19,3,2,14,308,11.456229
2007-08-02,327,308,19,3,2,14,308,11.519036
2007-08-03,327,308,19,3,2,14,308,11.209375
2007-08-06,327,308,19,3,2,14,308,11.522031
2007-08-07,327,308,19,3,2,14,308,11.594497
2007-08-08,327,308,19,3,2,14,308,11.767911
2007-08-09,327,308,19,3,2,14,308,11.398052
2007-08-10,327,308,19,3,2,14,308,11.398009
2007-08-13,327,308,19,3,2,14,308,11.370492
2007-08-14,327,308,19,3,2,14,308,11.165478
2007-08-15,327,308,19,3,2,14,308,11.027212
2007-08-16,327,308,19,3,2,14,308,11.106055
2007-08-17,327,308,19,3,2,14,308,11.392130
2007-08-20,327,308,19,3,2,14,308,11.378622
2007-08-21,327,308,19,3,2,14,308,11.372643
2007-08-22,327,308,19,3,2,14,308,11.500761
2007-08-23,327,308,19,3,2,14,308,11.489956
2007-08-24,327,308,19,3,2,14,308,11.612864
2007-08-27,327,308,19,3,2,14,308,11.509707
2007-08-28,327,308,19,3,2,14,308,11.227344
2007-08-29,327,308,19,3,2,14,308,11.468662
2007-08-30,327,308,19,3,2,14,308,11.413448
2007-08-31,327,308,19,3,2,14,308,11.544105
2007-09-04,327,308,19,3,2,14,308,11.658582
2007-09-05,327,308,19,3,2,14,308,11.506715
2007-09-06,327,308,19,3,2,14,308,11.544675
2007-09-07,327,308,19,3,2,14,308,11.360952
2007-09-10,327,308,19,3,2,14,308,11.354610
2007-09-11,327,308,19,3,2,14,308,11.513397
2007-09-12,327,308,19,3,2,14,308,11.513471
2007-09-13,327,308,19,3,2,14,308,11.622102
2007-09-14,327,308,19,3,2,14,308,11.626748
2007-09-17,327,308,19,3,2,14,308,11.562301
2007-09-18,327,308,19,3,2,14,308,11.928946
2007-09-19,327,308,19,3,2,14,308,11.987366
2007-09-20,327,308,19,3,2,14,308,11.891768
2007-09-21,327,308,19,3,2,14,308,11.950844
2007-09-24,327,308,19,3,2,14,308,11.878731
2007-09-25,327,308,19,3,2,14,308,11.870520
2007-09-26,328,309,19,3,2,14,309,11.950098
2007-09-27,328,309,19,3,2,14,309,12.005970
2007-09-28,328,309,19,3,2,14,309,11.960037
2007-10-01,328,309,19,3,2,14,309,12.134861
2007-10-02,330,310,20,3,2,15,310,12.151373
2007-10-03,330,310,20,3,2,15,310,12.099797
2007-10-04,330,310,20,3,2,15,310,12.121402
2007-10-05,330,310,20,3,2,15,310,12.235887
2007-10-08,330,310,20,3,2,15,310,12.192450
2007-10-09,330,310,20,3,2,15,310,12.285488
2007-10-10,330,310,20,3,2,15,310,12.249569
2007-10-11,330,310,20,3,2,15,310,12.214066
2007-10-12,330,310,20,3,2,15,310,12.252742
2007-10-15,330,310,20,3,2,15,310,12.120786
2007-10-16,330,310,20,3,2,15,310,12.018613
2007-10-17,330,310,20,3,2,15,310,12.038668
2007-10-18,330,310,20,3,2,15,310,12.008175
2007-10-19,330,310,20,3,2,15,310,11.696198
2007-10-22,330,310,20,3,2,15,310,11.752099
2007-10-23,330,310,20,3,2,15,310,11.845229
2007-10-24,330,310,20,3,2,15,310,11.816761
2007-10-25,330,310,20,3,2,15,310,11.790697
2007-10-26,331,311,20,3,2,15,311,11.979061
2007-10-29,331,311,20,3,2,15,311,12.024876
2007-10-30,331,311,20,3,2,15,311,11.948814
2007-10-31,331,311,20,3,2,15,311,12.079999
2007-11-01,331,311,20,3,2,15,311,11.712443
2007-11-02,331,311,20,3,2,15,311,11.701483
2007-11-05,331,311,20,3,2,15,311,11.610370
2007-11-06,331,311,20,3,2,15,311,11.729790
2007-11-07,331,311,20,3,2,15,311,11.373744
2007-11-08,331,311,20,3,2,15,311,11.361001
2007-11-09,331,311,20,3,2,15,311,11.218863
2007-11-12,331,311,20,3,2,15,311,11.149660
2007-11-13,331,311,20,3,2,15,311,11.502052
2007-11-14,331,311,20,3,2,15,311,11.437894
2007-11-15,331,311,20,3,2,15,311,11.271074
2007-11-16,331,311,20,3,2,15,311,11.314683
2007-11-19,332,312,20,3,2,15,312,11.117273
2007-11-20,332,312,20,3,2,15,312,11.164501
2007-11-21,332,312,20,3,2,15,312,10.981067
2007-11-23,332,312,20,3,2,15,312,11.165209
2007-11-26,332,312,20,3,2,15,312,10.905236
2007-11-27,332,312,20,3,2,15,312,11.053549
2007-11-28,332,312,20,3,2,15,312,11.391576
2007-11-29,332,312,20,3,2,15,312,11.392953
2007-11-30,332,312,20,3,2,15,312,11.503371
2007-12-03,332,312,20,3,2,15,312,11.430099
2007-12-04,332,312,20,3,2,15,312,11.351694
2007-12-05,332,312,20,3,2,15,312,11.546426
2007-12-06,332,312,20,3,2,15,312,11.709421
2007-12-07,332,312,20,3,2,15,312,11.689245
2007-12-10,332,312,20,3,2,15,312,11.789886
2007-12-11,332,312,20,3,2,15,312,11.481898
2007-12-12,332,312,20,3,2,15,312,11.513727
2007-12-13,333,313,20,3,2,15,313,11.536084
2007-12-14,333,313,20,3,2,15,313,11.375418
2007-12-17,333,313,20,3,2,15,313,11.209604
2007-12-18,333,313,20,3,2,15,313,11.265882
2007-12-19,333,313,20,3,2,15,313,11.249760
2007-12-20,334,314,20,3,2,15,314,11.297133
2007-12-21,334,314,20,3,2,15,314,11.484357
2007-12-24,334,314,20,3,2,15,314,11.591568
2007-12-26,334,314,20,3,2,15,314,11.591354
2007-12-27,334,314,20,3,2,15,314,11.415368
2007-12-28,334,314,20,3,2,15,314,11.427914
2007-12-31,334,314,20,3,2,15,314,11.355437
2008-01-02,334,314,20,3,2,15,314,11.186985
2008-01-03,334,314,20,3,2,15,314,11.186995
2008-01-04,334,314,20,3,2,15,314,10.920204
2008-01-07,334,314,20,3,2,15,314,10.963052
2008-01-08,334,314,20,3,2,15,314,10.748380
2008-01-09,334,314,20,3,2,15,314,10.891268
2008-01-10,334,314,20,3,2,15,314,10.978698
2008-01-11,334,314,20,3,2,15,314,10.834703
2008-01-14,334,314,20,3,2,15,314,10.958519
2008-01-15,334,314,20,3,2,15,314,10.663062
2008-01-16,334,314,20,3,2,15,314,10.598322
2008-01-17,334,314,20,3,2,15,314,10.289583
2008-01-18,334,314,20,3,2,15,314,10.223855
2008-01-22,334,314,20,3,2,15,314,10.133258
2008-01-23,334,314,20,3,2,15,314,10.400636
2008-01-24,334,314,20,3,2,15,314,10.497462
2008-01-25,334,314,20,3,2,15,314,10.326722
2008-01-28,334,314,20,3,2,15,314,10.521280
2008-01-29,334,314,20,3,2,15,314,10.596083
2008-01-30,334,314,20,3,2,15,314,10.557584
2008-01-31,334,314,20,3,2,15,314,10.728751
2008-02-01,334,314,20,3,2,15,314,10.883119
2008-02-04,334,314,20,3,2,15,314,10.760984
2008-02-05,334,314,20,3,2,15,314,10.392163
2008-02-06,334,314,20,3,2,15,314,10.309948
2008-02-07,334,314,20,3,2,15,314,10.382947
2008-02-08,334,314,20,3,2,15,314,10.310861
2008-02-11,334,314,20,3,2,15,314,10.351245
2008-02-12,334,314,20,3,2,15,314,10.440345
2008-02-13,334,314,20,3,2,15,314,10.576019
2008-02-14,334,314,20,3,2,15,314,10.421498
2008-02-15,334,314,20,3,2,15,314,10.427581
2008-02-19,334,314,20,3,2,15,314,10.409694
2008-02-20,334,314,20,3,2,15,314,10.496773
2008-02-21,334,314,20,3,2,15,314,10.369827
2008-02-22,334,314,20,3,2,15,314,10.442943
2008-02-25,334,314,20,3,2,15,314,10.569643
2008-02-26,334,314,20,3,2,15,314,10.646841
2008-02-27,334,314,20,3,2,15,314,10.659413
2008-02-28,334,314,20,3,2,15,314,10.550284
2008-02-29,334,314,20,3,2,15,314,10.251444
2008-03-03,334,314,20,3,2,15,314,10.244979
2008-03-04,334,314,20,3,2,15,314,10.202932
2008-03-05,334,314,20,3,2,15,314,10.245847
2008-03-06,334,314,20,3,2,15,314,10.020291
2008-03-07,334,314,20,3,2,15,314,9.943648
2008-03-10,334,314,20,3,2,15,314,9.780981
2008-03-11,334,314,20,3,2,15,314,10.170196
2008-03-12,334,314,20,3,2,15,314,10.081390
2008-03-13,334,314,20,3,2,15,314,10.124636
2008-03-14,334,314,20,3,2,15,314,9.898997
2008-03-17,334,314,20,3,2,15,314,9.827825
2008-03-18,334,314,20,3,2,15,314,10.261329
2008-03-19,334,314,20,3,2,15,314,10.032895
2008-03-20,334,314,20,3,2,15,314,10.325828
2008-03-24,334,314,20,3,2,15,314,10.485805
2008-03-25,334,314,20,3,2,15,314,10.503034
2008-03-26,334,314,20,3,2,15,314,10.383528
2008-03-27,334,314,20,3,2,15,314,10.266976
2008-03-28,334,314,20,3,2,15,314,10.173341
2008-03-31,334,314,20,3,2,15,314,10.142746
2008-04-01,334,314,20,3,2,15,314,10.553533
2008-04-02,334,314,20,3,2,15,314,10.532167
2008-04-03,334,314,20,3,2,15,314,10.549882
2008-04-04,334,314,20,3,2,15,314,10.541164
2008-04-07,334,314,20,3,2,15,314,10.565196
2008-04-08,334,314,20,3,2,15,314,10.496149
2008-04-09,334,314,20,3,2,15,314,10.413154
2008-04-10,334,314,20,3,2,15,314,10.456783
2008-04-11,334,314,20,3,2,15,314,10.233860
2008-04-14,334,314,20,3,2,15,314,10.177807
2008-04-15,334,314,20,3,2,15,314,10.242202
2008-04-16,334,314,20,3,2,15,314,10.480996
2008-04-17,334,314,20,3,2,15,314,10.497800
2008-04-18,334,314,20,3,2,15,314,10.676214
2008-04-21,334,314,20,3,2,15,314,10.654013
2008-04-22,334,314,20,3,2,15,314,10.569592
2008-04-23,334,314,20,3,2,15,314,10.590136
2008-04-24,334,314,20,3,2,15,314,10.696323
2008-04-25,334,314,20,3,2,15,314,10.771960
2008-04-28,334,314,20,3,2,15,314,10.758400
2008-04-29,334,314,20,3,2,15,314,10.717491
2008-04-30,334,314,20,3,2,15,314,10.658420
2008-05-01,334,314,20,3,2,15,314,10.854048
2008-05-02,334,314,20,3,2,15,314,10.888915
2008-05-05,334,314,20,3,2,15,314,10.823583
2008-05-06,334,314,20,3,2,15,314,10.887640
2008-05-07,334,314,20,3,2,15,314,10.666560
2008-05-08,334,314,20,3,2,15,314,10.688911
2008-05-09,334,314,20,3,2,15,314,10.604855
2008-05-12,334,314,20,3,2,15,314,10.718928
2008-05-13,334,314,20,3,2,15,314,10.689091
2008-05-14,334,314,20,3,2,15,314,10.736774
2008-05-15,334,314,20,3,2,15,314,10.841903
2008-05-16,334,314,20,3,2,15,314,10.830930
2008-05-19,334,314,20,3,2,15,314,10.840058
2008-05-20,334,314,20,3,2,15,314,10.719856
2008-05-21,334,314,20,3,2,15,314,10.538701
2008-05-22,334,314,20,3,2,15,314,10.583026
2008-05-23,334,314,20,3,2,15,314,10.436315
2008-05-27,334,314,20,3,2,15,314,10.515264
2008-05-28,334,314,20,3,2,15,314,10.548195
2008-05-29,334,314,20,3,2,15,314,10.618575
2008-05-30,334,314,20,3,2,15,314,10.618977
2008-06-02,334,314,20,3,2,15,314,10.494918
2008-06-03,334,314,20,3,2,15,314,10.438571
2008-06-04,334,314,20,3,2,15,314,10.425605
2008-06-05,334,314,20,3,2,15,314,10.627447
2008-06-06,334,314,20,3,2,15,314,10.274936
2008-06-09,334,314,20,3,2,15,314,10.270513
2008-06-10,334,314,20,3,2,15,314,10.273243
2008-06-11,334,314,20,3,2,15,314,10.077832
2008-06-12,335,315,20,3,2,15,315,10.148803
2008-06-13,335,315,20,3,2,15,315,10.309428
2008-06-16,335,315,20,3,2,15,315,10.321891
2008-06-17,335,315,20,3,2,15,315,10.233063
2008-06-18,335,315,20,3,2,15,315,10.126203
2008-06-19,335,315,20,3,2,15,315,10.162452
2008-06-20,335,315,20,3,2,15,315,9.957575
2008-06-23,334,314,20,3,2,15,314,9.930233
2008-06-24,334,314,20,3,2,15,314,9.918570
2008-06-25,334,314,20,3,2,15,314,9.982332
2008-06-26,334,314,20,3,2,15,314,9.664772
2008-06-27,334,314,20,3,2,15,314,9.610175
2008-06-30,334,314,20,3,2,15,314,9.610843
2008-07-01,334,314,20,3,2,15,314,9.660425
2008-07-02,334,314,20,3,2,15,314,9.487010
2008-07-03,334,314,20,3,2,15,314,9.498843
2008-07-07,334,314,20,3,2,15,314,9.412204
2008-07-08,334,314,20,3,2,15,314,9.606899
2008-07-09,334,314,20,3,2,15,314,9.372035
2008-07-10,334,314,20,3,2,15,314,9.429342
2008-07-11,334,314,20,3,2,15,314,9.325781
2008-07-14,334,314,20,3,2,15,314,9.219924
2008-07-15,334,314,20,3,2,15,314,9.107387
2008-07-16,334,314,20,3,2,15,314,9.413372
2008-07-17,334,314,20,3,2,15,314,9.587885
2008-07-18,334,314,20,3,2,15,314,9.622940
2008-07-21,334,314,20,3,2,15,314,9.622636
2008-07-22,334,314,20,3,2,15,314,9.808667
2008-07-23,334,314,20,3,2,15,314,9.864013
2008-07-24,334,314,20,3,2,15,314,9.593427
2008-07-25,334,314,20,3,2,15,314,9.619475
2008-07-28,334,314,20,3,2,15,314,9.408074
2008-07-29,334,314,20,3,2,15,314,9.671976
2008-07-30,334,314,20,3,2,15,314,9.830995
2008-07-31,334,314,20,3,2,15,314,9.700388
2008-08-01,334,314,20,3,2,15,314,9.655220
2008-08-04,334,314,20,3,2,15,314,9.581359
2008-08-05,334,314,20,3,2,15,314,9.871131
2008-08-06,334,314,20,3,2,15,314,9.899959
2008-08-07,334,314,20,3,2,15,314,9.697769
2008-08-08,334,314,20,3,2,15,314,9.952052
2008-08-11,334,314,20,3,2,15,314,10.038245
2008-08-12,334,314,20,3,2,15,314,9.882035
2008-08-13,334,314,20,3,2,15,314,9.812859
2008-08-14,334,314,20,3,2,15,314,9.877844
2008-08-15,334,314,20,3,2,15,314,9.932126
2008-08-18,334,314,20,3,2,15,314,9.768323
2008-08-19,334,314,20,3,2,15,314,9.658044
2008-08-20,334,314,20,3,2,15,314,9.729231
2008-08-21,334,314,20,3,2,15,314,9.745878
2008-08-22,334,314,20,3,2,15,314,9.885131
2008-08-25,334,314,20,3,2,15,314,9.678511
2008-08-26,334,314,20,3,2,15,314,9.715286
2008-08-27,334,314,20,3,2,15,314,9.794557
2008-08-28,334,314,20,3,2,15,314,9.967454
2008-08-29,334,314,20,3,2,15,314,9.836073
2008-09-02,334,314,20,3,2,15,314,9.826811
2008-09-03,334,314,20,3,2,15,314,9.821595
2008-09-04,334,314,20,3,2,15,314,9.508468
2008-09-05,334,314,20,3,2,15,314,9.567975
2008-09-08,334,314,20,3,2,15,314,9.823353
2008-09-09,334,314,20,3,2,15,314,9.478047
2008-09-10,334,314,20,3,2,15,314,9.531635
2008-09-11,334,314,20,3,2,15,314,9.669160
2008-09-12,336,316,20,3,2,15,316,9.684957
2008-09-15,336,316,20,3,2,15,316,9.171914
2008-09-16,336,316,20,3,2,15,316,9.355205
2008-09-17,336,316,20,3,2,15,316,8.886310
2008-09-18,336,316,20,3,2,15,316,9.319652
2008-09-19,336,316,20,3,2,15,316,9.782814
2008-09-22,336,316,20,3,2,15,316,9.393887
2008-09-23,336,316,20,3,2,15,316,9.249974
2008-09-24,336,316,20,3,2,15,316,9.215274
2008-09-25,336,316,20,3,2,15,316,9.413423
2008-09-26,336,316,20,3,2,15,316,9.499709
2008-09-29,336,316,20,3,2,15,316,8.656499
2008-09-30,337,317,20,3,2,15,317,9.195749
2008-10-01,337,317,20,3,2,15,317,9.208062
2008-10-02,337,317,20,3,2,15,317,8.862194
2008-10-03,337,317,20,3,2,15,317,8.659337
2008-10-06,337,317,20,3,2,15,317,8.339549
2008-10-07,337,317,20,3,2,15,317,7.799212
2008-10-08,337,317,20,3,2,15,317,7.695707
2008-10-09,337,317,20,3,2,15,317,7.101215
2008-10-10,337,317,20,3,2,15,317,7.075776
2008-10-13,337,317,20,3,2,15,317,7.865426
2008-10-14,337,317,20,3,2,15,317,7.911897
2008-10-15,337,317,20,3,2,15,317,7.200865
2008-10-16,337,317,20,3,2,15,317,7.491261
2008-10-17,337,317,20,3,2,15,317,7.402255
2008-10-20,337,317,20,3,2,15,317,7.737341
2008-10-21,337,317,20,3,2,15,317,7.496162
2008-10-22,337,317,20,3,2,15,317,7.060656
2008-10-23,337,317,20,3,2,15,317,7.134053
2008-10-24,337,317,20,3,2,15,317,6.884389
2008-10-27,337,317,20,3,2,15,317,6.669549
2008-10-28,337,317,20,3,2,15,317,7.400160
2008-10-29,337,317,20,3,2,15,317,7.291218
2008-10-30,337,317,20,3,2,15,317,7.470741
2008-10-31,337,317,20,3,2,15,317,7.600767
2008-11-03,337,317,20,3,2,15,317,7.596315
2008-11-04,337,317,20,3,2,15,317,7.900499
2008-11-05,337,317,20,3,2,15,317,7.441522
2008-11-06,337,317,20,3,2,15,317,7.055095
2008-11-07,337,317,20,3,2,15,317,7.262447
2008-11-10,337,317,20,3,2,15,317,7.155163
2008-11-11,337,317,20,3,2,15,317,7.007894
2008-11-12,337,317,20,3,2,15,317,6.634133
2008-11-13,337,317,20,3,2,15,317,7.073578
2008-11-14,337,317,20,3,2,15,317,6.778797
2008-11-17,337,317,20,3,2,15,317,6.591540
2008-11-18,337,317,20,3,2,15,317,6.645294
2008-11-19,337,317,20,3,2,15,317,6.205298
2008-11-20,337,317,20,3,2,15,317,5.779054
2008-11-21,337,317,20,3,2,15,317,6.126487
2008-11-24,337,317,20,3,2,15,317,6.567085
2008-11-25,337,317,20,3,2,15,317,6.615483
2008-11-26,337,317,20,3,2,15,317,6.850801
2008-11-28,337,317,20,3,2,15,317,6.937558
2008-12-01,337,317,20,3,2,15,317,6.295990
2008-12-02,337,317,20,3,2,15,317,6.560441
2008-12-03,337,317,20,3,2,15,317,6.749379
2008-12-04,337,317,20,3,2,15,317,6.559618
2008-12-05,337,317,20,3,2,15,317,6.808663
2008-12-08,337,317,20,3,2,15,317,7.086449
2008-12-09,337,317,20,3,2,15,317,6.902734
2008-12-10,337,317,20,3,2,15,317,6.966341
2008-12-11,337,317,20,3,2,15,317,6.741863
2008-12-12,337,317,20,3,2,15,317,6.791935
2008-12-15,337,317,20,3,2,15,317,6.698524
2008-12-16,337,317,20,3,2,15,317,7.063700
2008-12-17,337,317,20,3,2,15,317,6.983469
2008-12-18,337,317,20,3,2,15,317,6.837417
2008-12-19,337,317,20,3,2,15,317,6.845873
2008-12-22,337,317,20,3,2,15,317,6.726726
2008-12-23,337,317,20,3,2,15,317,6.657185
2008-12-24,337,317,20,3,2,15,317,6.701166
2008-12-26,337,317,20,3,2,15,317,6.733224
2008-12-29,337,317,20,3,2,15,317,6.694347
2008-12-30,337,317,20,3,2,15,317,6.856357
2008-12-31,338,318,20,3,2,15,318,6.960291
2009-01-02,338,318,20,3,2,15,318,7.174311
2009-01-05,338,318,20,3,2,15,318,7.123351
2009-01-06,338,318,20,3,2,15,318,7.181825
2009-01-07,338,318,20,3,2,15,318,6.954645
2009-01-08,338,318,20,3,2,15,318,6.966823
2009-01-09,338,318,20,3,2,15,318,6.817148
2009-01-12,338,318,20,3,2,15,318,6.645320
2009-01-13,338,318,20,3,2,15,318,6.659556
2009-01-14,338,318,20,3,2,15,318,6.410985
2009-01-15,338,318,20,3,2,15,318,6.389457
2009-01-16,338,318,20,3,2,15,318,6.426347
2009-01-20,338,318,20,3,2,15,318,6.058920
2009-01-21,338,318,20,3,2,15,318,6.342646
2009-01-22,338,318,20,3,2,15,318,6.229738
2009-01-23,338,318,20,3,2,15,318,6.255130
2009-01-26,338,318,20,3,2,15,318,6.287419
2009-01-27,338,318,20,3,2,15,318,6.364540
2009-01-28,338,318,20,3,2,15,318,6.599674
2009-01-29,338,318,20,3,2,15,318,6.367789
2009-01-30,338,318,20,3,2,15,318,6.224765
2009-02-02,338,318,20,3,2,15,318,6.223897
2009-02-03,338,318,20,3,2,15,318,6.309038
2009-02-04,338,318,20,3,2,15,318,6.259396
2009-02-05,338,318,20,3,2,15,318,6.362828
2009-02-06,338,318,20,3,2,15,318,6.551794
2009-02-09,338,318,20,3,2,15,318,6.564111
2009-02-10,338,318,20,3,2,15,318,6.223916
2009-02-11,338,318,20,3,2,15,318,6.286941
2009-02-12,338,318,20,3,2,15,318,6.290455
2009-02-13,338,318,20,3,2,15,318,6.215446
2009-02-17,338,318,20,3,2,15,318,5.927580
2009-02-18,338,318,20,3,2,15,318,5.922245
2009-02-19,338,318,20,3,2,15,318,5.838167
2009-02-20,338,318,20,3,2,15,318,5.761379
2009-02-23,338,318,20,3,2,15,318,5.567198
2009-02-24,338,318,20,3,2,15,318,5.807155
2009-02-25,338,318,20,3,2,15,318,5.742761
2009-02-26,338,318,20,3,2,15,318,5.656494
2009-02-27,338,318,20,3,2,15,318,5.492836
2009-03-02,338,318,20,3,2,15,318,5.237704
2009-03-03,340,319,21,3,2,16,319,5.205506
2009-03-04,340,319,21,3,2,16,319,5.321172
2009-03-05,340,319,21,3,2,16,319,5.094498
2009-03-06,340,319,21,3,2,16,319,5.094531
2009-03-09,340,319,21,3,2,16,319,5.042986
2009-03-10,340,319,21,3,2,16,319,5.382872
2009-03-11,340,319,21,3,2,16,319,5.401195
2009-03-12,340,319,21,3,2,16,319,5.630507
2009-03-13,340,319,21,3,2,16,319,5.672415
2009-03-16,341,320,21,3,2,16,320,5.729035
2009-03-17,341,320,21,3,2,16,320,5.916404
2009-03-18,341,320,21,3,2,16,320,6.062078
2009-03-19,341,320,21,3,2,16,320,5.959764
2009-03-20,341,320,21,3,2,16,320,5.837386
2009-03-23,341,320,21,3,2,16,320,6.268132
2009-03-24,341,320,21,3,2,16,320,6.141062
2009-03-25,341,320,21,3,2,16,320,6.196223
2009-03-26,341,320,21,3,2,16,320,6.337463
2009-03-27,341,320,21,3,2,16,320,6.206907
2009-03-30,341,320,21,3,2,16,320,5.980467
2009-03-31,341,320,21,3,2,16,320,6.075308
2009-04-01,341,320,21,3,2,16,320,6.181914
2009-04-02,341,320,21,3,2,16,320,6.353324
2009-04-03,341,320,21,3,2,16,320,6.418564
2009-04-06,341,320,21,3,2,16,320,6.367469
2009-04-07,341,320,21,3,2,16,320,6.216113
2009-04-08,341,320,21,3,2,16,320,6.277803
2009-04-09,341,320,21,3,2,16,320,6.534420
2009-04-13,341,320,21,3,2,16,320,6.573549
2009-04-14,341,320,21,3,2,16,320,6.434007
2009-04-15,341,320,21,3,2,16,319,6.517638
2009-04-16,341,320,21,3,2,16,319,6.612568
2009-04-17,341,320,21,3,2,16,319,6.636407
2009-04-20,341,320,21,3,2,16,319,6.330319
2009-04-21,341,320,21,3,2,16,319,6.479853
2009-04-22,341,320,21,3,2,16,319,6.423155
2009-04-23,341,320,21,3,2,16,319,6.495418
2009-04-24,341,320,21,3,2,16,319,6.600137
2009-04-27,341,320,21,3,2,16,319,6.536550
2009-04-28,341,320,21,3,2,16,319,6.508300
2009-04-29,341,320,21,3,2,16,318,6.652166
2009-04-30,341,320,21,3,2,16,317,6.648540
2009-05-01,341,320,21,3,2,16,317,6.671883
2009-05-04,341,320,21,3,2,16,316,6.902133
2009-05-05,341,320,21,3,2,16,316,6.878762
2009-05-06,341,320,21,3,2,16,316,7.016235
2009-05-07,341,320,21,3,2,16,314,6.925011
2009-05-08,341,320,21,3,2,16,314,7.099725
2009-05-11,341,320,21,3,2,16,312,6.941653
2009-05-12,341,320,21,3,2,16,312,6.932112
2009-05-13,341,320,21,3,2,16,312,6.741793
2009-05-14,341,320,21,3,2,16,312,6.816051
2009-05-15,341,320,21,3,2,16,312,6.733177
2009-05-18,341,320,21,3,2,16,312,6.945365
2009-05-19,341,320,21,3,2,16,312,6.929320
2009-05-20,342,321,21,3,2,16,313,6.889990
2009-05-21,342,321,21,3,2,16,313,6.779634
2009-05-22,342,321,21,3,2,16,313,6.767517
2009-05-26,342,321,21,3,2,16,313,6.944590
2009-05-27,342,321,21,3,2,16,313,6.807449
2009-05-28,342,321,21,3,2,16,313,6.911455
2009-05-29,342,321,21,3,2,16,313,7.003792
2009-06-01,342,321,21,3,2,16,313,7.172672
2009-06-02,342,321,21,3,2,16,313,7.182959
2009-06-03,342,321,21,3,2,16,312,7.092638
2009-06-04,342,321,21,3,2,16,312,7.179955
2009-06-05,343,322,21,3,2,16,313,7.172180
2009-06-08,343,322,21,3,2,16,313,7.167857
2009-06-09,343,322,21,3,2,16,313,7.189105
2009-06-10,343,322,21,3,2,16,313,7.160208
2009-06-11,343,322,21,3,2,16,313,7.200375
2009-06-12,343,322,21,3,2,16,313,7.216302
2009-06-15,343,322,21,3,2,16,313,7.048054
2009-06-16,343,322,21,3,2,16,313,6.959209
2009-06-17,343,322,21,3,2,16,313,6.947340
2009-06-18,343,322,21,3,2,16,313,7.009358
2009-06-19,343,322,21,3,2,16,313,7.034989
2009-06-22,343,322,21,3,2,16,313,6.821598
2009-06-23,343,322,21,3,2,16,313,6.838394
2009-06-24,343,322,21,3,2,16,313,6.884459
2009-06-25,342,321,21,3,2,16,312,7.020823
2009-06-26,342,321,21,3,2,16,311,7.006870
2009-06-29,342,321,21,3,2,16,311,7.071035
2009-06-30,342,321,21,3,2,16,311,7.011429
2009-07-01,342,321,21,3,2,16,311,7.042196
2009-07-02,342,321,21,3,2,16,311,6.843789
2009-07-06,342,321,21,3,2,16,311,6.857366
2009-07-07,342,321,21,3,2,16,311,6.723212
2009-07-08,342,321,21,3,2,16,311,6.708771
2009-07-09,342,321,21,3,2,16,311,6.728472
2009-07-10,342,321,21,3,2,16,311,6.697113
2009-07-13,342,321,21,3,2,16,311,6.873202
2009-07-14,342,321,21,3,2,16,311,6.909174
2009-07-15,342,321,21,3,2,16,311,7.118481
2009-07-16,342,321,21,3,2,16,311,7.173685
2009-07-17,342,321,21,3,2,16,309,7.174176
2009-07-20,342,321,21,3,2,16,309,7.246565
2009-07-21,342,321,21,3,2,16,309,7.269968
2009-07-22,342,321,21,3,2,16,305,7.269721
2009-07-23,342,321,21,3,2,16,300,7.432614
2009-07-24,342,321,21,3,2,16,292,7.448761
2009-07-27,342,321,21,3,2,16,291,7.467206
2009-07-28,342,321,21,3,2,16,286,7.456154
2009-07-29,342,321,21,3,2,16,276,7.435114
2009-07-30,342,321,21,3,2,16,265,7.522899
2009-07-31,342,321,21,3,2,16,251,7.531198
2009-08-03,342,321,21,3,2,16,242,7.639241
2009-08-04,342,321,21,3,2,16,232,7.663044
2009-08-05,342,321,21,3,2,16,212,7.653468
2009-08-06,342,321,21,3,2,16,191,7.614540
2009-08-07,342,321,21,3,2,16,165,7.712657
2009-08-10,342,321,21,3,2,16,147,7.688526
2009-08-11,342,321,21,3,2,16,146,7.586584
2009-08-12,342,321,21,3,2,16,145,7.679201
2009-08-13,342,321,21,3,2,16,144,7.731574
2009-08-14,342,321,21,3,2,16,143,7.671564
2009-08-17,342,321,21,3,2,16,141,7.486945
2009-08-18,342,321,21,3,2,16,140,7.564431
2009-08-19,343,322,21,3,2,16,140,7.618600
2009-08-20,343,322,21,3,2,16,139,7.706666
2009-08-21,343,322,21,3,2,16,138,7.847841
2009-08-24,343,322,21,3,2,16,138,7.845895
2009-08-25,343,322,21,3,2,16,134,7.866038
2009-08-26,343,322,21,3,2,16,132,7.861912
2009-08-27,343,322,21,3,2,16,128,7.887175
2009-08-28,343,322,21,3,2,16,122,7.872526
2009-08-31,343,322,21,3,2,16,122,7.810835
2009-09-01,343,322,21,3,2,16,120,7.626253
2009-09-02,343,322,21,3,2,16,119,7.604622
2009-09-03,343,322,21,3,2,16,115,7.674310
2009-09-04,343,322,21,3,2,16,109,7.773178
2009-09-08,343,322,21,3,2,16,107,7.842659
2009-09-09,343,322,21,3,2,16,105,7.899898
2009-09-10,343,322,21,3,2,16,105,7.977015
2009-09-11,343,322,21,3,2,16,105,7.960846
2009-09-14,343,322,21,3,2,16,105,8.008116
2009-09-15,343,322,21,3,2,16,105,8.021915
2009-09-16,343,322,21,3,2,16,105,8.141594
2009-09-17,343,322,21,3,2,16,105,8.119725
2009-09-18,343,322,21,3,2,16,104,8.138011
2009-09-21,343,322,21,3,2,16,103,8.112126
2009-09-22,343,322,21,3,2,16,103,8.170373
2009-09-23,343,322,21,3,2,16,101,8.086818
2009-09-24,343,322,21,3,2,16,100,8.014491
2009-09-25,343,322,21,3,2,16,100,7.963754
2009-09-28,343,322,21,3,2,16,100,8.103188
2009-09-29,343,322,21,3,2,16,100,8.079613
2009-09-30,343,322,21,3,2,16,100,8.051206
2009-10-01,343,322,21,3,2,16,99,7.845271
2009-10-02,343,322,21,3,2,16,99,7.813965
2009-10-05,343,322,21,3,2,16,98,7.927251
2009-10-06,343,322,21,3,2,16,98,8.032394
2009-10-07,343,322,21,3,2,16,97,8.052524
2009-10-08,343,322,21,3,2,16,94,8.107507
2009-10-09,343,322,21,3,2,16,94,8.155289
2009-10-12,343,322,21,3,2,16,94,8.193010
2009-10-13,343,322,21,3,2,16,93,8.171277
2009-10-14,343,322,21,3,2,16,93,8.316547
2009-10-15,343,322,21,3,2,16,93,8.347184
2009-10-16,343,322,21,3,2,16,93,8.272836
2009-10-19,343,322,21,3,2,16,93,8.348254
2009-10-20,343,322,21,3,2,16,93,8.301762
2009-10-21,343,322,21,3,2,16,93,8.225269
2009-10-22,343,322,21,3,2,16,93,8.313578
2009-10-23,343,322,21,3,2,16,92,8.227222
2009-10-26,343,322,21,3,2,16,92,8.132877
2009-10-27,343,322,21,3,2,16,92,8.111759
2009-10-28,343,322,21,3,2,16,91,7.964272
2009-10-29,343,322,21,3,2,16,88,8.140037
2009-10-30,343,322,21,3,2,16,87,7.910046
2009-11-02,343,322,21,3,2,16,85,7.962148
2009-11-03,343,322,21,3,2,16,81,7.973698
2009-11-04,343,322,21,3,2,16,79,7.982073
2009-11-05,343,322,21,3,2,16,77,8.158568
2009-11-06,343,322,21,3,2,16,71,8.184789
2009-11-09,343,322,21,3,2,16,69,8.367939
2009-11-10,343,322,21,3,2,16,69,8.367424
2009-11-11,343,322,21,3,2,16,69,8.411523
2009-11-12,343,322,21,3,2,16,69,8.334452
2009-11-13,343,322,21,3,2,16,69,8.382358
2009-11-16,343,322,21,3,2,16,69,8.496482
2009-11-17,343,322,21,3,2,16,69,8.505959
2009-11-18,343,322,21,3,2,16,68,8.505840
2009-11-19,343,322,21,3,2,16,68,8.395660
2009-11-20,343,322,21,3,2,16,68,8.368976
2009-11-23,343,322,21,3,2,16,68,8.485975
2009-11-24,343,322,21,3,2,16,68,8.481766
2009-11-25,343,322,21,3,2,16,68,8.513825
2009-11-27,343,322,21,3,2,16,68,8.367363
2009-11-30,343,322,21,3,2,16,68,8.403868
2009-12-01,343,322,21,3,2,16,68,8.501721
2009-12-02,343,322,21,3,2,16,68,8.506058
2009-12-03,343,322,21,3,2,16,68,8.436508
2009-12-04,343,322,21,3,2,16,67,8.481288
2009-12-07,343,322,21,3,2,16,67,8.455402
2009-12-08,343,322,21,3,2,16,67,8.364740
2009-12-09,343,322,21,3,2,16,67,8.392848
2009-12-10,343,322,21,3,2,16,66,8.439931
2009-12-11,343,322,21,3,2,16,66,8.470903
2009-12-14,343,322,21,3,2,16,66,8.516462
2009-12-15,343,322,21,3,2,16,66,8.464027
2009-12-16,343,322,21,3,2,16,66,8.466722
2009-12-17,343,322,21,3,2,16,65,8.363926
2009-12-18,343,322,21,3,2,16,62,8.465636
2009-12-21,343,322,21,3,2,16,62,8.553003
2009-12-22,343,322,21,3,2,16,62,8.579655
2009-12-23,343,322,21,3,2,16,62,8.593424
2009-12-24,343,322,21,3,2,16,62,8.635970
2009-12-28,343,322,21,3,2,16,62,8.648626
2009-12-29,343,322,21,3,2,16,62,8.639373
2009-12-30,343,322,21,3,2,16,62,8.638662
2009-12-31,343,322,21,3,2,16,62,8.551580
2010-01-04,343,322,21,3,2,16,62,8.687631
2010-01-05,343,322,21,3,2,16,62,8.711839
2010-01-06,343,322,21,3,2,16,62,8.713602
2010-01-07,343,322,21,3,2,16,62,8.753363
2010-01-08,343,322,21,3,2,16,62,8.774555
2010-01-11,343,322,21,3,2,16,62,8.794923
2010-01-12,343,322,21,3,2,16,61,8.720819
2010-01-13,343,322,21,3,2,16,61,8.789683
2010-01-14,343,322,21,3,2,16,61,8.809880
2010-01-15,343,322,21,3,2,16,61,8.715689
2010-01-19,343,322,21,3,2,16,61,8.825204
2010-01-20,343,322,21,3,2,16,61,8.731866
2010-01-21,343,322,21,3,2,16,61,8.560026
2010-01-22,343,322,21,3,2,16,61,8.375389
2010-01-25,343,322,21,3,2,16,61,8.416467
2010-01-26,343,322,21,3,2,16,61,8.379404
2010-01-27,343,322,21,3,2,16,61,8.423451
2010-01-28,343,322,21,3,2,16,61,8.317179
2010-01-29,343,322,21,3,2,16,61,8.241764
2010-02-01,343,322,21,3,2,16,61,8.354831
2010-02-02,343,322,21,3,2,16,61,8.460370
2010-02-03,343,322,21,3,2,16,61,8.412755
2010-02-04,343,322,21,3,2,16,61,8.154716
2010-02-05,343,322,21,3,2,16,61,8.176602
2010-02-08,343,322,21,3,2,16,61,8.103665
2010-02-09,343,322,21,3,2,16,61,8.205880
2010-02-10,343,322,21,3,2,16,61,8.189372
2010-02-11,343,322,21,3,2,16,61,8.265471
2010-02-12,343,322,21,3,2,16,61,8.241530
2010-02-16,343,322,21,3,2,16,61,8.390254
2010-02-17,343,322,21,3,2,16,61,8.426003
2010-02-18,343,322,21,3,2,16,61,8.475387
2010-02-19,343,322,21,3,2,16,61,8.480573
2010-02-22,343,322,21,3,2,16,61,8.474490
2010-02-23,344,323,21,3,2,16,61,8.377021
2010-02-24,344,323,21,3,2,16,61,8.461236
2010-02-25,344,323,21,3,2,16,61,8.443056
2010-02-26,345,324,21,3,2,16,60,8.463519
2010-03-01,345,324,21,3,2,16,60,8.596006
2010-03-02,345,324,21,3,2,16,60,8.616525
2010-03-03,345,324,21,3,2,16,60,8.615933
2010-03-04,345,324,21,3,2,16,60,8.650106
2010-03-05,345,324,21,3,2,16,60,8.768613
2010-03-08,345,324,21,3,2,16,60,8.769071
2010-03-09,345,324,21,3,2,16,60,8.788092
2010-03-10,345,324,21,3,2,16,60,8.823050
2010-03-11,345,324,21,3,2,16,60,8.862225
2010-03-12,345,324,21,3,2,16,60,8.860013
2010-03-15,345,324,21,3,2,16,60,8.873440
2010-03-16,345,324,21,3,2,16,60,8.945051
2010-03-17,345,324,21,3,2,16,60,8.994806
2010-03-18,345,324,21,3,2,16,60,8.996722
2010-03-19,345,324,21,3,2,16,60,8.950182
2010-03-22,345,324,21,3,2,16,60,8.997398
2010-03-23,345,324,21,3,2,16,60,9.065797
2010-03-24,345,324,21,3,2,16,60,9.013705
2010-03-25,345,324,21,3,2,16,60,9.005543
2010-03-26,345,324,21,3,2,16,60,9.012037
2010-03-29,345,324,21,3,2,16,60,9.059431
2010-03-30,345,324,21,3,2,16,60,9.054772
2010-03-31,345,324,21,3,2,16,60,9.022304
2010-04-01,345,324,21,3,2,16,60,9.085702
2010-04-05,345,324,21,3,2,16,59,9.157175
2010-04-06,345,324,21,3,2,16,59,9.174201
2010-04-07,345,324,21,3,2,16,59,9.125686
2010-04-08,345,324,21,3,2,16,59,9.160700
2010-04-09,345,324,21,3,2,16,59,9.221602
2010-04-12,345,324,21,3,2,16,59,9.236556
2010-04-13,345,324,21,3,2,16,59,9.240269
2010-04-14,345,324,21,3,2,16,59,9.345246
2010-04-15,345,324,21,3,2,16,59,9.351315
2010-04-16,345,324,21,3,2,16,59,9.207755
2010-04-19,345,324,21,3,2,16,59,9.255671
2010-04-20,345,324,21,3,2,16,59,9.324566
2010-04-21,345,324,21,3,2,16,59,9.315310
2010-04-22,345,324,21,3,2,16,59,9.332246
2010-04-23,345,324,21,3,2,16,59,9.398177
2010-04-26,345,324,21,3,2,16,59,9.358782
2010-04-27,345,324,21,3,2,16,59,9.146364
2010-04-28,345,324,21,3,2,16,59,9.206958
2010-04-29,345,324,21,3,2,16,58,9.329562
2010-04-30,345,324,21,3,2,16,58,9.174384
2010-05-03,345,324,21,3,2,16,58,9.299854
2010-05-04,345,324,21,3,2,16,58,9.081242
2010-05-05,345,324,21,3,2,16,58,9.021398
2010-05-06,345,324,21,3,2,16,58,8.728012
2010-05-07,345,324,21,3,2,16,57,8.654602
2010-05-10,345,324,21,3,2,16,56,9.030348
2010-05-11,345,324,21,3,2,16,56,9.004184
2010-05-12,345,324,21,3,2,16,56,9.128110
2010-05-13,345,324,21,3,2,16,56,9.012330
2010-05-14,345,324,21,3,2,16,56,8.839283
2010-05-17,345,324,21,3,2,16,56,8.842192
2010-05-18,345,324,21,3,2,16,56,8.717395
2010-05-19,345,324,21,3,2,16,56,8.671584
2010-05-20,345,324,21,3,2,16,56,8.340643
2010-05-21,345,324,21,3,2,16,56,8.465911
2010-05-24,345,324,21,3,2,16,56,8.356425
2010-05-25,345,324,21,3,2,16,56,8.358128
2010-05-26,345,324,21,3,2,16,56,8.306175
2010-05-27,345,324,21,3,2,16,56,8.578202
2010-05-28,345,324,21,3,2,16,56,8.476000
2010-06-01,345,324,21,3,2,16,56,8.341982
2010-06-02,345,324,21,3,2,16,56,8.550911
2010-06-03,345,324,21,3,2,16,56,8.577250
2010-06-04,345,324,21,3,2,16,55,8.277811
2010-06-07,345,324,21,3,2,16,55,8.167777
2010-06-08,345,324,21,3,2,16,55,8.260330
2010-06-09,345,324,21,3,2,16,54,8.213629
2010-06-10,345,324,21,3,2,16,54,8.444918
2010-06-11,345,324,21,3,2,16,54,8.479763
2010-06-14,345,324,21,3,2,16,54,8.463183
2010-06-15,345,324,21,3,2,16,54,8.653268
2010-06-16,345,324,21,3,2,16,54,8.649281
2010-06-17,345,324,21,3,2,16,54,8.664118
2010-06-18,345,324,21,3,2,16,54,8.676833
2010-06-21,345,324,21,3,2,16,54,8.645793
2010-06-22,345,324,21,3,2,16,54,8.512911
2010-06-23,345,324,21,3,2,16,54,8.483218
2010-06-24,345,324,21,3,2,16,54,8.343222
2010-06-25,345,324,21,3,2,16,54,8.365571
2010-06-28,346,325,21,3,2,16,55,8.350984
2010-06-29,346,325,21,3,2,16,55,8.093364
2010-06-30,346,325,21,3,2,16,55,8.013754
2010-07-01,346,325,21,3,2,16,55,7.987947
2010-07-02,346,325,21,3,2,16,55,7.950841
2010-07-06,346,325,21,3,2,16,55,7.997373
2010-07-07,346,325,21,3,2,16,55,8.243303
2010-07-08,346,325,21,3,2,16,55,8.318901
2010-07-09,346,325,21,3,2,16,55,8.375529
2010-07-12,346,325,21,3,2,16,55,8.382399
2010-07-13,346,325,21,3,2,16,55,8.509900
2010-07-14,347,326,21,3,2,16,55,8.526755
2010-07-15,347,326,21,3,2,16,55,8.532978
2010-07-16,347,326,21,3,2,16,55,8.293548
2010-07-19,347,326,21,3,2,16,55,8.338986
2010-07-20,347,326,21,3,2,16,54,8.423961
2010-07-21,347,326,21,3,2,16,54,8.323429
2010-07-22,347,326,21,3,2,16,54,8.509259
2010-07-23,347,326,21,3,2,16,53,8.573757
2010-07-26,347,326,21,3,2,16,53,8.667490
2010-07-27,347,326,21,3,2,16,53,8.664522
2010-07-28,347,326,21,3,2,16,52,8.606515
2010-07-29,347,326,21,3,2,16,49,8.571857
2010-07-30,347,326,21,3,2,16,47,8.565127
2010-08-02,347,326,21,3,2,16,46,8.750305
2010-08-03,347,326,21,3,2,16,41,8.711160
2010-08-04,347,326,21,3,2,16,37,8.778589
2010-08-05,347,326,21,3,2,16,34,8.764066
2010-08-06,347,326,21,3,2,16,30,8.737136
2010-08-09,347,326,21,3,2,16,23,8.786561
2010-08-10,347,326,21,3,2,16,22,8.737287
2010-08-11,347,326,21,3,2,16,21,8.495871
2010-08-12,347,326,21,3,2,16,20,8.448219
2010-08-13,347,326,21,3,2,16,20,8.412449
2010-08-16,347,326,21,3,2,16,20,8.415227
2010-08-17,347,326,21,3,2,16,20,8.515820
2010-08-18,347,326,21,3,2,16,20,8.527556
2010-08-19,347,326,21,3,2,16,20,8.383116
2010-08-20,347,326,21,3,2,16,20,8.353384
2010-08-23,347,326,21,3,2,16,20,8.322346
2010-08-24,347,326,21,3,2,16,20,8.203411
2010-08-25,347,326,21,3,2,16,20,8.230629
2010-08-26,347,326,21,3,2,16,20,8.166815
2010-08-27,347,326,21,3,2,16,20,8.296244
2010-08-30,347,326,21,3,2,16,20,8.171167
2010-08-31,347,326,21,3,2,16,20,8.172784
2010-09-01,347,326,21,3,2,16,20,8.412380
2010-09-02,347,326,21,3,2,16,20,8.482396
2010-09-03,347,326,21,3,2,16,20,8.595679
2010-09-07,347,326,21,3,2,16,20,8.500058
2010-09-08,347,326,21,3,2,16,17,8.549558
2010-09-09,347,326,21,3,2,16,16,8.591383
2010-09-10,347,326,21,3,2,16,16,8.630873
2010-09-13,347,326,21,3,2,16,15,8.728276
2010-09-14,347,326,21,3,2,16,15,8.722372
2010-09-15,347,326,21,3,2,16,15,8.751659
2010-09-16,347,326,21,3,2,16,15,8.754523
2010-09-17,347,326,21,3,2,16,15,8.762329
2010-09-20,347,326,21,3,2,16,15,8.892891
2010-09-21,347,326,21,3,2,16,15,8.867553
2010-09-22,347,326,21,3,2,16,15,8.828524
2010-09-23,347,326,21,3,2,16,15,8.750532
2010-09-24,347,326,21,3,2,16,15,8.927504
2010-09-27,347,326,21,3,2,16,15,8.876532
2010-09-28,347,326,21,3,2,16,15,8.915462
2010-09-29,347,326,21,3,2,16,15,8.890238
2010-09-30,347,326,21,3,2,16,15,8.862607
2010-10-01,347,326,21,3,2,16,15,8.901902
2010-10-04,347,326,21,3,2,16,15,8.832818
2010-10-05,347,326,21,3,2,16,15,9.010878
2010-10-06,347,326,21,3,2,16,15,9.015292
2010-10-07,347,326,21,3,2,16,15,9.000681
2010-10-08,347,326,21,3,2,16,14,9.049584
2010-10-11,347,326,21,3,2,16,14,9.048141
2010-10-12,347,326,21,3,2,16,13,9.080264
2010-10-13,347,326,21,3,2,16,13,9.141404
2010-10-14,347,326,21,3,2,16,13,9.104390
2010-10-15,347,326,21,3,2,16,13,9.105459
2010-10-18,347,326,21,3,2,16,13,9.176794
2010-10-19,347,326,21,3,2,16,13,9.030968
2010-10-20,347,326,21,3,2,16,13,9.126580
2010-10-21,347,326,21,3,2,16,13,9.145907
2010-10-22,347,326,21,3,2,16,13,9.162129
2010-10-25,347,326,21,3,2,16,13,9.180941
2010-10-26,347,326,21,3,2,16,13,9.180803
2010-10-27,347,326,21,3,2,16,13,9.155308
2010-10-28,347,326,21,3,2,16,13,9.157343
2010-10-29,347,326,21,3,2,16,13,9.165679
2010-11-01,347,326,21,3,2,16,13,9.172709
2010-11-02,347,326,21,3,2,16,13,9.244621
2010-11-03,347,326,21,3,2,16,13,9.274849
2010-11-04,347,326,21,3,2,16,13,9.461578
2010-11-05,347,326,21,3,2,16,13,9.507008
2010-11-08,347,326,21,3,2,16,13,9.488367
2010-11-09,347,326,21,3,2,16,13,9.407970
2010-11-10,347,326,21,3,2,16,13,9.446312
2010-11-11,347,326,21,3,2,16,13,9.405165
2010-11-12,347,326,21,3,2,16,13,9.294704
2010-11-15,347,326,21,3,2,16,13,9.284445
2010-11-16,347,326,21,3,2,16,13,9.135141
2010-11-17,347,326,21,3,2,16,13,9.132813
2010-11-18,347,326,21,3,2,16,13,9.269510
2010-11-19,347,326,21,3,2,16,13,9.292075
2010-11-22,347,326,21,3,2,16,13,9.273982
2010-11-23,347,326,21,3,2,16,13,9.140589
2010-11-24,347,326,21,3,2,16,12,9.273156
2010-11-26,347,326,21,3,2,16,12,9.195263
2010-11-29,347,326,21,3,2,16,12,9.192007
2010-11-30,347,326,21,3,2,16,12,9.140348
2010-12-01,347,326,21,3,2,16,12,9.335747
2010-12-02,347,326,21,3,2,16,12,9.454806
2010-12-03,347,326,21,3,2,16,12,9.477201
2010-12-06,347,326,21,3,2,16,12,9.462534
2010-12-07,347,326,21,3,2,16,12,9.472045
2010-12-08,347,326,21,3,2,16,12,9.509423
2010-12-09,347,326,21,3,2,16,12,9.548761
2010-12-10,347,326,21,3,2,16,12,9.610049
2010-12-13,347,326,21,3,2,16,12,9.613574
2010-12-14,347,326,21,3,2,16,12,9.620543
2010-12-15,347,326,21,3,2,16,12,9.570701
2010-12-16,347,326,21,3,2,16,12,9.625275
2010-12-17,347,327,20,3,2,15,12,9.649019
2010-12-20,347,327,20,3,2,15,12,9.670995
2010-12-21,347,327,20,3,2,15,12,9.727045
2010-12-22,347,327,20,3,2,15,12,9.759964
2010-12-23,347,327,20,3,2,15,12,9.742722
2010-12-27,347,327,20,3,2,15,12,9.751793
2010-12-28,347,327,20,3,2,15,12,9.761273
2010-12-29,347,327,20,3,2,15,12,9.767962
2010-12-30,347,327,20,3,2,15,12,9.749693
2010-12-31,347,327,20,3,2,15,12,9.748982
2011-01-03,347,327,20,3,2,15,12,9.861784
2011-01-04,347,327,20,3,2,15,12,9.855927
2011-01-05,347,327,20,3,2,15,12,9.901164
2011-01-06,347,327,20,3,2,15,12,9.880859
2011-01-07,347,327,20,3,2,15,11,9.861371
2011-01-10,347,327,20,3,2,15,11,9.847973
2011-01-11,347,327,20,3,2,15,11,9.885149
2011-01-12,347,327,20,3,2,15,11,9.977185
2011-01-13,347,327,20,3,2,15,11,9.955915
2011-01-14,347,327,20,3,2,15,11,10.030683
2011-01-18,347,327,20,3,2,15,11,10.040451
2011-01-19,347,327,20,3,2,15,11,9.946610
2011-01-20,347,327,20,3,2,15,11,9.939628
2011-01-21,347,327,20,3,2,15,11,9.969205
2011-01-24,347,327,20,3,2,15,11,10.023971
2011-01-25,347,327,20,3,2,15,11,10.028029
2011-01-26,347,327,20,3,2,15,11,10.069702
2011-01-27,347,327,20,3,2,15,11,10.094601
2011-01-28,347,327,20,3,2,15,11,9.916273
2011-01-31,347,327,20,3,2,15,11,9.985153
2011-02-01,347,327,20,3,2,15,11,10.152843
2011-02-02,347,327,20,3,2,15,11,10.123378
2011-02-03,347,327,20,3,2,15,11,10.141996
2011-02-04,347,327,20,3,2,15,11,10.164229
2011-02-07,347,327,20,3,2,15,11,10.229633
2011-02-08,347,327,20,3,2,15,11,10.273436
2011-02-09,347,327,20,3,2,15,11,10.243616
2011-02-10,347,327,20,3,2,15,11,10.242699
2011-02-11,347,327,20,3,2,15,11,10.299015
2011-02-14,347,327,20,3,2,15,11,10.317351
2011-02-15,347,327,20,3,2,15,11,10.287742
2011-02-16,347,327,20,3,2,15,11,10.345815
2011-02-17,347,327,20,3,2,15,11,10.370902
2011-02-18,347,327,20,3,2,15,11,10.378879
2011-02-22,347,327,20,3,2,15,11,10.164792
2011-02-23,347,327,20,3,2,15,11,10.091442
2011-02-24,347,327,20,3,2,15,11,10.176273
2011-02-25,347,327,20,3,2,15,11,10.317517
2011-02-28,347,327,20,3,2,15,11,10.375725
2011-03-01,347,327,20,3,2,15,11,10.218726
2011-03-02,347,327,20,3,2,15,11,10.235790
2011-03-03,347,327,20,3,2,15,11,10.409710
2011-03-04,347,327,20,3,2,15,11,10.331060
2011-03-07,347,327,20,3,2,15,11,10.248248
2011-03-08,347,327,20,3,2,15,11,10.346369
2011-03-09,347,327,20,3,2,15,11,10.332958
2011-03-10,347,327,20,3,2,15,11,10.140219
2011-03-11,347,327,20,3,2,15,11,10.206555
2011-03-14,347,327,20,3,2,15,11,10.145090
2011-03-15,347,327,20,3,2,15,11,10.033628
2011-03-16,347,327,20,3,2,15,11,9.830645
2011-03-17,347,327,20,3,2,15,11,9.962964
2011-03-18,347,327,20,3,2,15,11,10.004670
2011-03-21,347,327,20,3,2,15,11,10.152410
2011-03-22,347,327,20,3,2,15,11,10.117897
2011-03-23,347,327,20,3,2,15,11,10.148288
2011-03-24,347,327,20,3,2,15,11,10.238144
2011-03-25,347,327,20,3,2,15,11,10.271247
2011-03-28,347,327,20,3,2,15,11,10.247907
2011-03-29,347,327,20,3,2,15,11,10.317278
2011-03-30,347,327,20,3,2,15,11,10.381158
2011-03-31,348,328,20,3,2,15,11,10.374324
2011-04-01,348,328,20,3,2,15,12,10.445878
2011-04-04,348,328,20,3,2,15,12,10.452708
2011-04-05,348,328,20,3,2,15,12,10.456313
2011-04-06,348,328,20,3,2,15,12,10.485536
2011-04-07,348,328,20,3,2,15,12,10.467449
2011-04-08,348,328,20,3,2,15,12,10.426862
2011-04-11,348,328,20,3,2,15,12,10.397472
2011-04-12,348,328,20,3,2,15,12,10.322776
2011-04-13,348,328,20,3,2,15,12,10.315800
2011-04-14,348,328,20,3,2,15,12,10.313001
2011-04-15,348,328,20,3,2,15,12,10.359717
2011-04-18,348,328,20,3,2,15,12,10.247988
2011-04-19,348,328,20,3,2,15,12,10.308585
2011-04-20,348,328,20,3,2,15,12,10.442122
2011-04-21,348,328,20,3,2,15,12,10.464255
2011-04-25,348,328,20,3,2,15,12,10.449052
2011-04-26,348,328,20,3,2,15,12,10.543433
2011-04-27,349,329,20,3,2,15,12,10.615850
2011-04-28,349,329,20,3,2,15,12,10.648962
2011-04-29,349,329,20,3,2,15,12,10.669014
2011-05-02,349,329,20,3,2,15,12,10.652700
2011-05-03,349,329,20,3,2,15,12,10.627849
2011-05-04,349,329,20,3,2,15,12,10.550472
2011-05-05,349,329,20,3,2,15,12,10.450453
2011-05-06,349,329,20,3,2,15,12,10.457485
2011-05-09,349,329,20,3,2,15,12,10.491849
2011-05-10,349,329,20,3,2,15,12,10.572308
2011-05-11,349,329,20,3,2,15,12,10.458605
2011-05-12,349,329,20,3,2,15,12,10.510385
2011-05-13,349,329,20,3,2,15,12,10.425064
2011-05-16,349,329,20,3,2,15,12,10.364343
2011-05-17,349,329,20,3,2,15,12,10.356932
2011-05-18,349,329,20,3,2,15,12,10.439484
2011-05-19,349,329,20,3,2,15,12,10.463763
2011-05-20,349,329,20,3,2,15,12,10.378156
2011-05-23,349,329,20,3,2,15,12,10.256319
2011-05-24,349,329,20,3,2,15,12,10.245053
2011-05-25,349,329,20,3,2,15,12,10.272275
2011-05-26,349,329,20,3,2,15,12,10.308158
2011-05-27,349,329,20,3,2,15,12,10.351070
2011-05-31,349,329,20,3,2,15,12,10.462293
2011-06-01,349,329,20,3,2,15,12,10.222422
2011-06-02,349,329,20,3,2,15,12,10.207720
2011-06-03,349,329,20,3,2,15,12,10.109127
2011-06-06,349,329,20,3,2,15,12,10.005895
2011-06-07,349,329,20,3,2,15,12,9.993626
2011-06-08,349,329,20,3,2,15,12,9.952541
2011-06-09,349,329,20,3,2,15,12,10.026571
2011-06-10,349,329,20,3,2,15,12,9.893131
2011-06-13,349,329,20,3,2,15,12,9.905777
2011-06-14,349,329,20,3,2,15,12,10.022057
2011-06-15,349,329,20,3,2,15,12,9.844402
2011-06-16,349,329,20,3,2,15,12,9.868125
2011-06-17,349,329,20,3,2,15,12,9.901497
2011-06-20,349,329,20,3,2,15,12,9.954771
2011-06-21,349,329,20,3,2,15,12,10.084721
2011-06-22,349,329,20,3,2,15,12,10.019116
2011-06-23,349,329,20,3,2,15,12,9.994049
2011-06-24,349,329,20,3,2,15,12,9.871283
2011-06-27,349,329,20,3,2,15,12,9.965213
2011-06-28,349,329,20,3,2,15,12,10.088975
2011-06-29,349,329,20,3,2,15,12,10.172073
2011-06-30,349,329,20,3,2,15,12,10.272277
2011-07-01,349,329,20,3,2,15,12,10.417878
2011-07-05,350,330,20,3,2,15,12,10.439495
2011-07-06,350,330,20,3,2,15,12,10.454751
2011-07-07,350,330,20,3,2,15,12,10.564952
2011-07-08,350,330,20,3,2,15,12,10.497779
2011-07-11,350,330,20,3,2,15,12,10.311429
2011-07-12,350,330,20,3,2,15,12,10.262211
2011-07-13,350,330,20,3,2,15,12,10.291919
2011-07-14,350,330,20,3,2,15,12,10.228084
2011-07-15,350,330,20,3,2,15,12,10.263663
2011-07-18,350,330,20,3,2,15,12,10.181241
2011-07-19,350,330,20,3,2,15,12,10.341867
2011-07-20,350,330,20,3,2,15,12,10.342612
2011-07-21,350,330,20,3,2,15,12,10.481171
2011-07-22,350,330,20,3,2,15,12,10.486763
2011-07-25,350,330,20,3,2,15,12,10.431945
2011-07-26,350,330,20,3,2,15,12,10.382839
2011-07-27,350,330,20,3,2,15,12,10.176117
2011-07-28,350,330,20,3,2,15,12,10.140765
2011-07-29,350,330,20,3,2,15,12,10.072457
2011-08-01,350,330,20,3,2,15,12,10.031951
2011-08-02,350,330,20,3,2,15,12,9.778200
2011-08-03,350,330,20,3,2,15,12,9.826311
2011-08-04,350,330,20,3,2,15,12,9.367528
2011-08-05,350,330,20,3,2,15,12,9.367123
2011-08-08,350,330,20,3,2,15,12,8.757773
2011-08-09,350,330,20,3,2,15,12,9.161017
2011-08-10,350,330,20,3,2,15,12,8.748109
2011-08-11,350,330,20,3,2,15,12,9.139930
2011-08-12,350,330,20,3,2,15,12,9.184912
2011-08-15,350,330,20,3,2,15,12,9.385718
2011-08-16,350,330,20,3,2,15,12,9.302678
2011-08-17,350,330,20,3,2,15,12,9.313928
2011-08-18,350,330,20,3,2,15,12,8.907162
2011-08-19,350,330,20,3,2,15,12,8.775083
2011-08-22,350,330,20,3,2,15,12,8.776470
2011-08-23,350,330,20,3,2,15,12,9.075651
2011-08-24,350,330,20,3,2,15,12,9.197945
2011-08-25,350,330,20,3,2,15,12,9.061505
2011-08-26,350,330,20,3,2,15,12,9.189906
2011-08-29,350,330,20,3,2,15,12,9.446194
2011-08-30,350,330,20,3,2,15,12,9.464149
2011-08-31,350,330,20,3,2,15,12,9.509380
2011-09-01,350,330,20,3,2,15,12,9.393183
2011-09-02,350,330,20,3,2,15,12,9.159105
2011-09-06,350,330,20,3,2,15,12,9.091848
2011-09-07,350,330,20,3,2,15,12,9.348494
2011-09-08,350,330,20,3,2,15,12,9.256465
2011-09-09,350,330,20,3,2,15,12,9.005208
2011-09-12,350,330,20,3,2,15,12,9.069475
2011-09-13,350,330,20,3,2,15,12,9.153342
2011-09-14,350,330,20,3,2,15,12,9.275675
2011-09-15,350,330,20,3,2,15,12,9.436957
2011-09-16,350,330,20,3,2,15,12,9.494785
2011-09-19,350,330,20,3,2,15,12,9.400956
2011-09-20,350,330,20,3,2,15,12,9.386294
2011-09-21,350,330,20,3,2,15,12,9.114889
2011-09-22,350,330,20,3,2,15,12,8.825373
2011-09-23,351,331,20,3,2,15,12,8.906277
2011-09-26,351,331,20,3,2,15,12,9.109305
2011-09-27,351,331,20,3,2,15,12,9.204487
2011-09-28,351,331,20,3,2,15,12,9.026466
2011-09-29,351,331,20,3,2,15,12,9.105506
2011-09-30,351,331,20,3,2,15,12,8.881430
2011-10-03,351,331,20,3,2,15,12,8.632893
2011-10-04,351,331,20,3,2,15,12,8.817542
2011-10-05,351,331,20,3,2,15,12,8.969853
2011-10-06,351,331,20,3,2,15,12,9.129676
2011-10-07,351,331,20,3,2,15,12,9.056974
2011-10-10,351,331,20,3,2,15,12,9.367017
2011-10-11,351,331,20,3,2,15,12,9.369050
2011-10-12,351,331,20,3,2,15,12,9.464260
2011-10-13,351,331,20,3,2,15,12,9.426068
2011-10-14,352,332,20,3,2,15,12,9.597849
2011-10-17,352,332,20,3,2,15,12,9.407531
2011-10-18,352,332,20,3,2,15,12,9.600294
2011-10-19,352,332,20,3,2,15,12,9.476248
2011-10-20,352,332,20,3,2,15,12,9.520676
2011-10-21,352,332,20,3,2,15,12,9.694005
2011-10-24,352,332,20,3,2,15,12,9.815489
2011-10-25,352,332,20,3,2,15,12,9.619122
2011-10-26,352,332,20,3,2,15,12,9.717504
2011-10-27,352,332,20,3,2,15,12,10.047830
2011-10-28,352,332,20,3,2,15,12,10.052337
2011-10-31,351,331,20,3,2,15,12,9.789935
2011-11-01,351,331,20,3,2,15,12,9.519102
2011-11-02,351,331,20,3,2,15,12,9.665371
2011-11-03,351,331,20,3,2,15,12,9.834012
2011-11-04,351,331,20,3,2,15,12,9.752956
2011-11-07,351,331,20,3,2,15,12,9.815202
2011-11-08,351,331,20,3,2,15,12,9.929782
2011-11-09,351,331,20,3,2,15,12,9.564754
2011-11-10,351,331,20,3,2,15,12,9.642443
2011-11-11,351,331,20,3,2,15,12,9.830274
2011-11-14,351,331,20,3,2,15,12,9.735674
2011-11-15,351,331,20,3,2,15,12,9.779803
2011-11-16,351,331,20,3,2,15,12,9.611746
2011-11-17,351,331,20,3,2,15,12,9.453452
2011-11-18,351,331,20,3,2,15,12,9.452712
2011-11-21,351,331,20,3,2,15,12,9.271057
2011-11-22,351,331,20,3,2,15,12,9.234261
2011-11-23,351,331,20,3,2,15,12,9.030943
2011-11-25,351,331,20,3,2,15,12,9.007276
2011-11-28,351,331,20,3,2,15,12,9.266338
2011-11-29,351,331,20,3,2,15,12,9.291410
2011-11-30,351,331,20,3,2,15,12,9.695612
2011-12-01,351,331,20,3,2,15,12,9.673185
2011-12-02,351,331,20,3,2,15,12,9.672433
2011-12-05,351,331,20,3,2,15,12,9.772814
2011-12-06,351,331,20,3,2,15,12,9.788060
2011-12-07,351,331,20,3,2,15,12,9.814409
2011-12-08,351,331,20,3,2,15,12,9.608797
2011-12-09,351,331,20,3,2,15,12,9.772112
2011-12-12,351,331,20,3,2,15,12,9.626943
2011-12-13,351,331,20,3,2,15,12,9.548051
2011-12-14,351,331,20,3,2,15,12,9.443177
2011-12-15,351,331,20,3,2,15,12,9.475610
2011-12-16,354,333,21,3,3,15,12,9.526875
2011-12-19,354,333,21,3,3,15,12,9.416882
2011-12-20,354,333,21,3,3,15,12,9.698306
2011-12-21,354,333,21,3,3,15,12,9.713657
2011-12-22,354,333,21,3,3,15,12,9.795587
2011-12-23,354,333,21,3,3,15,12,9.886845
2011-12-27,354,333,21,3,3,15,12,9.885352
2011-12-28,354,333,21,3,3,15,12,9.761465
2011-12-29,354,333,21,3,3,15,12,9.869481
2011-12-30,354,333,21,3,3,15,12,9.825271
2012-01-03,354,333,21,3,3,15,12,9.974471
2012-01-04,354,333,21,3,3,15,12,9.973717
2012-01-05,354,333,21,3,3,15,12,10.010626
2012-01-06,354,333,21,3,3,15,12,9.988045
2012-01-09,354,333,21,3,3,15,12,10.015922
2012-01-10,354,333,21,3,3,15,12,10.105908
2012-01-11,354,333,21,3,3,15,12,10.110938
2012-01-12,354,333,21,3,3,15,12,10.134513
2012-01-13,354,333,21,3,3,15,12,10.088992
2012-01-17,354,333,21,3,3,15,12,10.120097
2012-01-18,354,333,21,3,3,15,12,10.229828
2012-01-19,354,333,21,3,3,15,12,10.278909
2012-01-20,354,333,21,3,3,15,12,10.305277
2012-01-23,354,333,21,3,3,15,12,10.305971
2012-01-24,354,333,21,3,3,15,12,10.292178
2012-01-25,354,333,21,3,3,15,12,10.380428
2012-01-26,354,333,21,3,3,15,12,10.324557
2012-01-27,354,333,21,3,3,15,12,10.305442
2012-01-30,354,333,21,3,3,15,12,10.283493
2012-01-31,354,333,21,3,3,15,12,10.280202
2012-02-01,354,333,21,3,3,15,12,10.374138
2012-02-02,354,333,21,3,3,15,12,10.378705
2012-02-03,354,333,21,3,3,15,12,10.528532
2012-02-06,354,333,21,3,3,15,12,10.521365
2012-02-07,354,333,21,3,3,15,12,10.543896
2012-02-08,354,333,21,3,3,15,12,10.566069
2012-02-09,354,333,21,3,3,15,12,10.580801
2012-02-10,354,333,21,3,3,15,12,10.508743
2012-02-13,354,333,21,3,3,15,12,10.580170
2012-02-14,354,333,21,3,3,15,12,10.569260
2012-02-15,354,333,21,3,3,15,12,10.501952
2012-02-16,354,333,21,3,3,15,12,10.616988
2012-02-17,354,333,21,3,3,15,12,10.644472
2012-02-21,354,333,21,3,3,15,12,10.650795
2012-02-22,354,333,21,3,3,15,12,10.615088
2012-02-23,354,333,21,3,3,15,12,10.655345
2012-02-24,354,333,21,3,3,15,12,10.662181
2012-02-27,354,333,21,3,3,15,12,10.680324
2012-02-28,354,333,21,3,3,15,12,10.721789
2012-02-29,354,333,21,3,3,15,12,10.671885
2012-03-01,354,333,21,3,3,15,12,10.734306
2012-03-02,354,333,21,3,3,15,12,10.704490
2012-03-05,354,333,21,3,3,15,12,10.666439
2012-03-06,354,333,21,3,3,15,12,10.502608
2012-03-07,354,333,21,3,3,15,12,10.576978
2012-03-08,354,333,21,3,3,15,12,10.674954
2012-03-09,354,333,21,3,3,15,12,10.710710
2012-03-12,354,333,21,3,3,15,12,10.717290
2012-03-13,355,334,21,3,3,15,12,10.929708
2012-03-14,355,334,21,3,3,15,12,10.922440
2012-03-15,355,334,21,3,3,15,12,10.987634
2012-03-16,355,334,21,3,3,15,12,10.995489
2012-03-19,355,334,21,3,3,15,12,11.037919
2012-03-20,355,334,21,3,3,15,12,11.014015
2012-03-21,355,334,21,3,3,15,12,10.988357
2012-03-22,355,334,21,3,3,15,12,10.907622
2012-03-23,355,334,21,3,3,15,12,10.942901
2012-03-26,355,334,21,3,3,15,12,11.099920
2012-03-27,355,334,21,3,3,15,12,11.098221
2012-03-28,355,334,21,3,3,15,12,11.043300
2012-03-29,355,334,21,3,3,15,12,11.023767
2012-03-30,355,334,21,3,3,15,12,11.068435
2012-04-02,355,334,21,3,3,15,12,11.146885
2012-04-03,356,335,21,3,3,15,12,11.110012
2012-04-04,356,335,21,3,3,15,12,11.001350
2012-04-05,356,335,21,3,3,15,12,10.997441
2012-04-09,356,335,21,3,3,15,12,10.875280
2012-04-10,356,335,21,3,3,15,12,10.685867
2012-04-11,356,335,21,3,3,15,12,10.763763
2012-04-12,356,335,21,3,3,15,12,10.908163
2012-04-13,356,335,21,3,3,15,12,10.771691
2012-04-16,356,335,21,3,3,15,12,10.775258
2012-04-17,356,335,21,3,3,15,12,10.947613
2012-04-18,356,335,21,3,3,15,12,10.908211
2012-04-19,356,335,21,3,3,15,12,10.841475
2012-04-20,356,335,21,3,3,15,12,10.860792
2012-04-23,355,334,21,3,3,15,12,10.765819
2012-04-24,355,334,21,3,3,15,12,10.802655
2012-04-25,355,334,21,3,3,15,12,10.956636
2012-04-26,355,334,21,3,3,15,12,11.025586
2012-04-27,355,334,21,3,3,15,12,11.053379
2012-04-30,355,334,21,3,3,15,12,11.002648
2012-05-01,355,334,21,3,3,15,12,11.061970
2012-05-02,355,334,21,3,3,15,12,11.032280
2012-05-03,355,334,21,3,3,15,12,10.943269
2012-05-04,355,334,21,3,3,15,12,10.768634
2012-05-07,355,334,21,3,3,15,12,10.769120
2012-05-08,355,334,21,3,3,15,12,10.728501
2012-05-09,355,334,21,3,3,15,12,10.652985
2012-05-10,355,334,21,3,3,15,12,10.679763
2012-05-11,355,334,21,3,3,15,12,10.645893
2012-05-14,355,334,21,3,3,15,12,10.521546
2012-05-15,355,334,21,3,3,15,12,10.464661
2012-05-16,355,334,21,3,3,15,12,10.414812
2012-05-17,356,335,21,3,3,15,13,10.297565
2012-05-18,356,335,21,3,3,15,13,10.228692
2012-05-21,356,335,21,3,3,15,13,10.384678
2012-05-22,356,335,21,3,3,15,13,10.395764
2012-05-23,356,335,21,3,3,15,13,10.416666
2012-05-24,356,335,21,3,3,15,13,10.436505
2012-05-25,356,335,21,3,3,15,13,10.382517
2012-05-29,356,335,21,3,3,15,13,10.500023
2012-05-30,356,335,21,3,3,15,13,10.351085
2012-05-31,356,335,21,3,3,15,13,10.335697
2012-06-01,356,335,21,3,3,15,13,10.077433
2012-06-04,356,335,21,3,3,15,13,10.079449
2012-06-05,357,336,21,3,3,15,13,10.140130
2012-06-06,357,336,21,3,3,15,13,10.371056
2012-06-07,357,336,21,3,3,15,13,10.374317
2012-06-08,357,336,21,3,3,15,13,10.463777
2012-06-11,357,336,21,3,3,15,13,10.334576
2012-06-12,357,336,21,3,3,15,13,10.457173
2012-06-13,357,336,21,3,3,15,13,10.387828
2012-06-14,357,336,21,3,3,15,13,10.498985
2012-06-15,357,336,21,3,3,15,13,10.608106
2012-06-18,357,336,21,3,3,15,13,10.622005
2012-06-19,357,336,21,3,3,15,13,10.724244
2012-06-20,357,336,21,3,3,15,13,10.708003
2012-06-21,357,336,21,3,3,15,13,10.478642
2012-06-22,358,337,21,3,3,15,13,10.561032
2012-06-25,358,337,21,3,3,15,13,10.398262
2012-06-26,358,337,21,3,3,15,13,10.442803
2012-06-27,358,337,21,3,3,15,13,10.527532
2012-06-28,358,337,21,3,3,15,13,10.504132
2012-06-29,359,338,21,3,3,15,13,10.774116
2012-07-02,360,339,21,3,3,15,13,10.809089
2012-07-03,360,339,21,3,3,15,13,10.872097
2012-07-05,360,339,21,3,3,15,13,10.824550
2012-07-06,360,339,21,3,3,15,13,10.728476
2012-07-09,360,339,21,3,3,15,13,10.718833
2012-07-10,360,339,21,3,3,15,13,10.633067
2012-07-11,360,339,21,3,3,15,13,10.633656
2012-07-12,360,339,21,3,3,15,13,10.581738
2012-07-13,360,339,21,3,3,15,13,10.760374
2012-07-16,360,339,21,3,3,15,13,10.735147
2012-07-17,360,339,21,3,3,15,13,10.815916
2012-07-18,360,339,21,3,3,15,13,10.882788
2012-07-19,360,339,21,3,3,15,13,10.903714
2012-07-20,360,339,21,3,3,15,13,10.788190
2012-07-23,360,339,21,3,3,15,13,10.693673
2012-07-24,360,339,21,3,3,15,13,10.599682
2012-07-25,360,339,21,3,3,15,13,10.589047
2012-07-26,360,339,21,3,3,15,13,10.759783
2012-07-27,360,339,21,3,3,15,13,10.963319
2012-07-30,360,339,21,3,3,15,13,10.961446
2012-07-31,360,339,21,3,3,15,13,10.886451
2012-08-01,360,339,21,3,3,15,13,10.847558
2012-08-02,360,339,21,3,3,15,13,10.759457
2012-08-03,360,339,21,3,3,15,13,10.951122
2012-08-06,360,339,21,3,3,15,13,10.974538
2012-08-07,360,339,21,3,3,15,13,11.026918
2012-08-08,360,339,21,3,3,15,13,11.015328
2012-08-09,360,339,21,3,3,15,13,11.009373
2012-08-10,360,339,21,3,3,15,13,11.034648
2012-08-13,360,339,21,3,3,15,13,11.019743
2012-08-14,360,339,21,3,3,15,13,11.023011
2012-08-15,360,339,21,3,3,15,13,11.037842
2012-08-16,360,339,21,3,3,15,13,11.112642
2012-08-17,360,339,21,3,3,15,13,11.130316
2012-08-20,360,339,21,3,3,15,13,11.133262
2012-08-21,360,339,21,3,3,15,13,11.091716
2012-08-22,360,339,21,3,3,15,13,11.093848
2012-08-23,360,339,21,3,3,15,13,11.004263
2012-08-24,360,339,21,3,3,15,13,11.074275
2012-08-27,360,339,21,3,3,15,13,11.073872
2012-08-28,360,339,21,3,3,15,13,11.059855
2012-08-29,360,339,21,3,3,15,13,11.067045
2012-08-30,360,339,21,3,3,15,13,10.981462
2012-08-31,360,339,21,3,3,15,13,11.037540
2012-09-04,360,339,21,3,3,15,13,11.024430
2012-09-05,361,340,21,3,3,15,13,11.038712
2012-09-06,361,340,21,3,3,15,13,11.258495
2012-09-07,361,340,21,3,3,15,13,11.301448
2012-09-10,361,340,21,3,3,15,13,11.229486
2012-09-11,361,340,21,3,3,15,13,11.266082
2012-09-12,361,340,21,3,3,15,13,11.289779
2012-09-13,361,340,21,3,3,15,13,11.475010
2012-09-14,361,340,21,3,3,15,13,11.517714
2012-09-17,361,340,21,3,3,15,13,11.482956
2012-09-18,361,340,21,3,3,15,13,11.467712
2012-09-19,361,340,21,3,3,15,13,11.473515
2012-09-20,361,340,21,3,3,15,13,11.469837
2012-09-21,361,340,21,3,3,15,13,11.460044
2012-09-24,361,340,21,3,3,15,13,11.438571
2012-09-25,361,340,21,3,3,15,13,11.317362
2012-09-26,361,340,21,3,3,15,13,11.250663
2012-09-27,361,340,21,3,3,15,13,11.355212
2012-09-28,361,340,21,3,3,15,13,11.301927
2012-10-01,362,341,21,3,3,15,13,11.336725
2012-10-02,363,342,21,3,3,15,13,11.395030
2012-10-03,363,342,21,3,3,15,13,11.443672
2012-10-04,363,342,21,3,3,15,13,11.522562
2012-10-05,363,342,21,3,3,15,13,11.514691
2012-10-08,363,342,21,3,3,15,13,11.478085
2012-10-09,363,342,21,3,3,15,13,11.364989
2012-10-10,363,342,21,3,3,15,13,11.299320
2012-10-11,364,343,21,3,3,15,13,11.301428
2012-10-12,364,343,21,3,3,15,13,11.270741
2012-10-15,364,343,21,3,3,15,13,11.367727
2012-10-16,364,343,21,3,3,15,13,11.480411
2012-10-17,364,343,21,3,3,15,13,11.524183
2012-10-18,364,343,21,3,3,15,13,11.505795
2012-10-19,364,343,21,3,3,15,13,11.317269
2012-10-22,364,343,21,3,3,15,13,11.323267
2012-10-23,364,343,21,3,3,15,13,11.161045
2012-10-24,364,343,21,3,3,15,13,11.136258
2012-10-25,364,343,21,3,3,15,13,11.163764
2012-10-26,364,343,21,3,3,15,13,11.158126
2012-10-31,364,343,21,3,3,15,13,11.157284
2012-11-01,364,343,21,3,3,15,13,11.267342
2012-11-02,364,343,21,3,3,15,13,11.157202
2012-11-05,364,343,21,3,3,15,13,11.179047
2012-11-06,364,343,21,3,3,15,13,11.261493
2012-11-07,364,343,21,3,3,15,13,10.990203
2012-11-08,364,343,21,3,3,15,13,10.889203
2012-11-09,364,343,21,3,3,15,13,10.900426
2012-11-12,364,343,21,3,3,15,13,10.900169
2012-11-13,364,343,21,3,3,15,13,10.854708
2012-11-14,364,343,21,3,3,15,13,10.701649
2012-11-15,364,343,21,3,3,15,13,10.677081
2012-11-16,364,343,21,3,3,15,13,10.715664
2012-11-19,365,344,21,3,3,15,13,10.933465
2012-11-20,365,344,21,3,3,15,13,10.940759
2012-11-21,365,344,21,3,3,15,13,10.966621
2012-11-23,365,344,21,3,3,15,13,11.110433
2012-11-26,365,344,21,3,3,15,13,11.094093
2012-11-27,365,344,21,3,3,15,13,11.028993
2012-11-28,365,344,21,3,3,15,13,11.115566
2012-11-29,365,344,21,3,3,15,13,11.161911
2012-11-30,365,344,21,3,3,15,13,11.164423
2012-12-03,366,345,21,3,3,15,13,11.151192
2012-12-04,366,345,21,3,3,15,13,11.131923
2012-12-05,366,345,21,3,3,15,13,11.145926
2012-12-06,366,345,21,3,3,15,13,11.179408
2012-12-07,367,346,21,3,3,15,13,11.213821
2012-12-10,367,346,21,3,3,15,13,11.217794
2012-12-11,368,347,21,3,3,15,13,11.297584
2012-12-12,368,347,21,3,3,15,13,11.297372
2012-12-13,368,347,21,3,3,15,13,11.225579
2012-12-14,368,347,21,3,3,15,13,11.175310
2012-12-17,369,348,21,3,3,15,14,11.315263
2012-12-18,369,348,21,3,3,15,14,11.447636
2012-12-19,369,348,21,3,3,15,14,11.359895
2012-12-20,369,348,21,3,3,15,14,11.418720
2012-12-21,369,348,21,3,3,15,14,11.308416
2012-12-24,369,348,21,3,3,15,14,11.282324
2012-12-26,369,348,21,3,3,15,14,11.229012
2012-12-27,369,348,21,3,3,15,14,11.215072
2012-12-28,369,348,21,3,3,15,14,11.088924
2012-12-31,369,348,21,3,3,15,14,11.270669
2013-01-02,369,348,21,3,3,15,14,11.557806
2013-01-03,369,348,21,3,3,15,14,11.532444
2013-01-04,369,348,21,3,3,15,14,11.585772
2013-01-07,369,348,21,3,3,15,14,11.551402
2013-01-08,369,348,21,3,3,15,14,11.511071
2013-01-09,369,348,21,3,3,15,14,11.586370
2013-01-10,369,348,21,3,3,15,14,11.674291
2013-01-11,369,348,21,3,3,15,14,11.677554
2013-01-14,369,348,21,3,3,15,14,11.664083
2013-01-15,369,348,21,3,3,15,14,11.672264
2013-01-16,369,348,21,3,3,15,14,11.675863
2013-01-17,369,348,21,3,3,15,14,11.738546
2013-01-18,369,348,21,3,3,15,14,11.780832
2013-01-22,369,348,21,3,3,15,14,11.832648
2013-01-23,369,348,21,3,3,15,14,11.840971
2013-01-24,369,348,21,3,3,15,14,11.836199
2013-01-25,369,348,21,3,3,15,14,11.899377
2013-01-28,369,348,21,3,3,15,14,11.881108
2013-01-29,369,348,21,3,3,15,14,11.941175
2013-01-30,369,348,21,3,3,15,14,11.897746
2013-01-31,369,348,21,3,3,15,14,11.864663
2013-02-01,369,348,21,3,3,15,14,11.976208
2013-02-04,369,348,21,3,3,15,14,11.840618
2013-02-05,369,348,21,3,3,15,14,11.961080
2013-02-06,369,348,21,3,3,15,14,11.965228
2013-02-07,369,348,21,3,3,15,14,11.945504
2013-02-08,369,348,21,3,3,15,14,12.005242
2013-02-11,369,348,21,3,3,15,14,12.002463
2013-02-12,369,348,21,3,3,15,14,12.022657
2013-02-13,369,348,21,3,3,15,14,12.032092
2013-02-14,369,348,21,3,3,15,14,12.029114
2013-02-15,370,349,21,3,3,15,14,11.956154
2013-02-19,370,349,21,3,3,15,14,12.008143
2013-02-20,370,349,21,3,3,15,14,11.868533
2013-02-21,370,349,21,3,3,15,13,11.791476
2013-02-22,370,349,21,3,3,15,13,11.880541
2013-02-25,370,349,21,3,3,15,13,11.670151
2013-02-26,370,349,21,3,3,15,13,11.740804
2013-02-27,370,349,21,3,3,15,13,11.880677
2013-02-28,370,349,21,3,3,15,12,11.865811
2013-03-01,370,349,21,3,3,15,12,11.896715
2013-03-04,370,349,21,3,3,15,12,11.952531
2013-03-05,370,349,21,3,3,15,12,12.063579
2013-03-06,370,349,21,3,3,15,12,12.079871
2013-03-07,370,349,21,3,3,15,12,12.097149
2013-03-08,370,349,21,3,3,15,12,12.146262
2013-03-11,370,349,21,3,3,15,12,12.181705
2013-03-12,370,349,21,3,3,15,12,12.150678
2013-03-13,370,349,21,3,3,15,12,12.164195
2013-03-14,370,349,21,3,3,15,12,12.228101
2013-03-15,370,349,21,3,3,15,12,12.207450
2013-03-18,370,349,21,3,3,15,12,12.140741
2013-03-19,370,349,21,3,3,15,12,12.114672
2013-03-20,370,349,21,3,3,15,12,12.190272
2013-03-21,370,349,21,3,3,15,12,12.082402
2013-03-22,370,349,21,3,3,15,12,12.177423
2013-03-25,370,349,21,3,3,15,12,12.136303
2013-03-26,370,349,21,3,3,15,12,12.223740
2013-03-27,370,349,21,3,3,15,12,12.214728
2013-03-28,370,349,21,3,3,15,12,12.265200
2013-04-01,370,349,21,3,3,15,12,12.211246
2013-04-02,370,349,21,3,3,15,12,12.274613
2013-04-03,370,349,21,3,3,15,12,12.151981
2013-04-04,370,349,21,3,3,15,12,12.153006
2013-04-05,370,349,21,3,3,15,12,12.099756
2013-04-08,370,349,21,3,3,15,12,12.174557
2013-04-09,370,349,21,3,3,15,12,12.224891
2013-04-10,370,349,21,3,3,15,12,12.373377
2013-04-11,370,349,21,3,3,15,12,12.418823
2013-04-12,370,349,21,3,3,15,12,12.384258
2013-04-15,371,350,21,3,3,15,12,12.142120
2013-04-16,371,350,21,3,3,15,12,12.310195
2013-04-17,371,350,21,3,3,15,12,12.139319
2013-04-18,371,350,21,3,3,15,12,12.056668
2013-04-19,371,350,21,3,3,15,12,12.158505
2013-04-22,371,350,21,3,3,15,12,12.211836
2013-04-23,371,350,21,3,3,15,12,12.343985
2013-04-24,371,350,21,3,3,15,12,12.342796
2013-04-25,371,350,21,3,3,15,12,12.394866
2013-04-26,371,350,21,3,3,15,12,12.373359
2013-04-29,371,350,21,3,3,15,12,12.460398
2013-04-30,372,351,21,3,3,15,12,12.507513
2013-05-01,372,351,21,3,3,15,12,12.390717
2013-05-02,372,351,21,3,3,15,12,12.501241
2013-05-03,372,351,21,3,3,15,12,12.617095
2013-05-06,372,351,21,3,3,15,12,12.633942
2013-05-07,372,351,21,3,3,15,12,12.702363
2013-05-08,373,352,21,3,3,15,12,12.759994
2013-05-09,373,352,21,3,3,15,12,12.709915
2013-05-10,373,352,21,3,3,15,12,12.752410
2013-05-13,373,352,21,3,3,15,12,12.756888
2013-05-14,373,352,21,3,3,15,12,12.887161
2013-05-15,373,352,21,3,3,15,12,12.950831
2013-05-16,373,352,21,3,3,15,12,12.891728
2013-05-17,373,352,21,3,3,15,12,13.022083
2013-05-20,373,352,21,3,3,15,12,13.014817
2013-05-21,374,352,22,3,3,16,12,13.037755
2013-05-22,374,352,22,3,3,16,12,12.932053
2013-05-23,374,352,22,3,3,16,12,12.890441
2013-05-24,374,352,22,3,3,16,12,12.892152
2013-05-28,374,352,22,3,3,16,12,12.972285
2013-05-29,374,352,22,3,3,16,12,12.881475
2013-05-30,374,352,22,3,3,16,12,12.924670
2013-05-31,374,352,22,3,3,16,12,12.741328
2013-06-03,374,352,22,3,3,16,12,12.822526
2013-06-04,374,352,22,3,3,16,12,12.752986
2013-06-05,374,352,22,3,3,16,12,12.576223
2013-06-06,375,353,22,3,3,16,12,12.727179
2013-06-07,375,353,22,3,3,16,12,12.885691
2013-06-10,375,353,22,3,3,16,12,12.878221
2013-06-11,375,353,22,3,3,16,12,12.747523
2013-06-12,375,353,22,3,3,16,12,12.641369
2013-06-13,375,353,22,3,3,16,12,12.823297
2013-06-14,375,353,22,3,3,16,12,12.741985
2013-06-17,375,353,22,3,3,16,12,12.840139
2013-06-18,375,353,22,3,3,16,12,12.937317
2013-06-19,375,353,22,3,3,16,12,12.754512
2013-06-20,375,353,22,3,3,16,12,12.435420
2013-06-21,374,352,22,3,3,16,12,12.459828
2013-06-24,374,352,22,3,3,16,12,12.313752
2013-06-25,374,352,22,3,3,16,12,12.432464
2013-06-26,374,352,22,3,3,16,12,12.546831
2013-06-27,374,352,22,3,3,16,12,12.626744
2013-06-28,374,352,22,3,3,16,12,12.568711
2013-07-01,374,352,22,3,3,16,12,12.634151
2013-07-02,374,352,22,3,3,16,12,12.624783
2013-07-03,374,352,22,3,3,16,12,12.632761
2013-07-05,374,352,22,3,3,16,12,12.758537
2013-07-08,374,352,22,3,3,16,12,12.827181
2013-07-09,374,352,22,3,3,16,12,12.922203
2013-07-10,374,352,22,3,3,16,12,12.919173
2013-07-11,374,352,22,3,3,16,12,13.091205
2013-07-12,374,352,22,3,3,16,12,13.124934
2013-07-15,374,352,22,3,3,16,12,13.147999
2013-07-16,374,352,22,3,3,16,12,13.101834
2013-07-17,374,352,22,3,3,16,12,13.132432
2013-07-18,374,352,22,3,3,16,12,13.189644
2013-07-19,374,352,22,3,3,16,12,13.209120
2013-07-22,374,352,22,3,3,16,12,13.239406
2013-07-23,374,352,22,3,3,16,12,13.223284
2013-07-24,374,352,22,3,3,16,12,13.162830
2013-07-25,374,352,22,3,3,16,12,13.192390
2013-07-26,374,352,22,3,3,16,12,13.203229
2013-07-29,374,352,22,3,3,16,12,13.157901
2013-07-30,374,352,22,3,3,16,12,13.163152
2013-07-31,374,352,22,3,3,16,12,13.152939
2013-08-01,374,352,22,3,3,16,12,13.309860
2013-08-02,374,352,22,3,3,16,12,13.326064
2013-08-05,374,352,22,3,3,16,12,13.304674
2013-08-06,374,352,22,3,3,16,12,13.229519
2013-08-07,374,352,22,3,3,16,12,13.170416
2013-08-08,374,352,22,3,3,16,11,13.212462
2013-08-09,374,352,22,3,3,16,11,13.155287
2013-08-12,374,352,22,3,3,16,11,13.140301
2013-08-13,374,352,22,3,3,16,11,13.182354
2013-08-14,374,352,22,3,3,16,11,13.117519
2013-08-15,374,352,22,3,3,16,11,12.929235
2013-08-16,374,352,22,3,3,16,11,12.886796
2013-08-19,374,352,22,3,3,16,11,12.811036
2013-08-20,374,352,22,3,3,16,11,12.853927
2013-08-21,374,352,22,3,3,16,11,12.784845
2013-08-22,374,352,22,3,3,16,11,12.888968
2013-08-23,374,352,22,3,3,16,11,12.946252
2013-08-26,374,352,22,3,3,16,11,12.890235
2013-08-27,374,352,22,3,3,16,11,12.687947
2013-08-28,374,352,22,3,3,16,11,12.718042
2013-08-29,374,352,22,3,3,16,11,12.741182
2013-08-30,374,352,22,3,3,16,11,12.707494
2013-09-03,374,352,22,3,3,16,11,12.747775
2013-09-04,374,352,22,3,3,16,11,12.846158
2013-09-05,374,352,22,3,3,16,11,12.857368
2013-09-06,374,352,22,3,3,16,11,12.856568
2013-09-09,374,352,22,3,3,16,11,12.985703
2013-09-10,375,353,22,3,3,16,11,13.109715
2013-09-11,375,353,22,3,3,16,11,13.140798
2013-09-12,375,353,22,3,3,16,11,13.092480
2013-09-13,375,353,22,3,3,16,11,13.132893
2013-09-16,375,353,22,3,3,16,11,13.206963
2013-09-17,375,353,22,3,3,16,11,13.261197
2013-09-18,375,353,22,3,3,16,11,13.426942
2013-09-19,375,353,22,3,3,16,11,13.404201
2013-09-20,376,354,22,3,3,16,11,13.326655
2013-09-23,376,354,22,3,3,16,11,13.271466
2013-09-24,376,354,22,3,3,16,11,13.237718
2013-09-25,376,354,22,3,3,16,11,13.201892
2013-09-26,376,354,22,3,3,16,11,13.245147
2013-09-27,376,354,22,3,3,16,11,13.187621
2013-09-30,376,354,22,3,3,16,11,13.105776
2013-10-01,376,354,22,3,3,16,11,13.202332
2013-10-02,376,354,22,3,3,16,11,13.195515
2013-10-03,376,354,22,3,3,16,11,13.079150
2013-10-04,376,354,22,3,3,16,11,13.167336
2013-10-07,376,354,22,3,3,16,11,13.053550
2013-10-08,376,354,22,3,3,16,11,12.902586
2013-10-09,376,354,22,3,3,16,11,12.915020
2013-10-10,376,354,22,3,3,16,11,13.198808
2013-10-11,376,354,22,3,3,16,11,13.282315
2013-10-14,376,354,22,3,3,16,11,13.334410
2013-10-15,376,354,22,3,3,16,11,13.237728
2013-10-16,376,354,22,3,3,16,11,13.416706
2013-10-17,376,354,22,3,3,16,11,13.507287
2013-10-18,376,354,22,3,3,16,11,13.566126
2013-10-21,376,354,22,3,3,16,11,13.568817
2013-10-22,376,354,22,3,3,16,11,13.647833
2013-10-23,376,354,22,3,3,16,11,13.574713
2013-10-24,376,354,22,3,3,16,11,13.617630
2013-10-25,376,354,22,3,3,16,11,13.677001
2013-10-28,376,354,22,3,3,16,11,13.694481
2013-10-29,377,355,22,3,3,16,11,13.778538
2013-10-30,377,355,22,3,3,16,11,13.714965
2013-10-31,377,355,22,3,3,16,11,13.659997
2013-11-01,377,355,22,3,3,16,11,13.690137
2013-11-04,377,355,22,3,3,16,11,13.743121
2013-11-05,377,355,22,3,3,16,11,13.707008
2013-11-06,377,355,22,3,3,16,11,13.770441
2013-11-07,377,355,22,3,3,16,11,13.594661
2013-11-08,377,355,22,3,3,16,11,13.771093
2013-11-11,377,355,22,3,3,16,11,13.787439
2013-11-12,377,355,22,3,3,16,11,13.755831
2013-11-13,377,355,22,3,3,16,11,13.860881
2013-11-14,377,355,22,3,3,16,11,13.933042
2013-11-15,377,355,22,3,3,16,11,13.992682
2013-11-18,377,355,22,3,3,16,11,13.945146
2013-11-19,377,355,22,3,3,16,11,13.920193
2013-11-20,377,355,22,3,3,16,11,13.866586
2013-11-21,377,355,22,3,3,16,11,13.970230
2013-11-22,377,355,22,3,3,16,11,14.036921
2013-11-25,377,355,22,3,3,16,11,14.026259
2013-11-26,377,355,22,3,3,16,11,14.018818
2013-11-27,377,355,22,3,3,16,11,14.057643
2013-11-29,376,355,21,3,3,15,11,14.047988
2013-12-02,376,355,21,3,3,15,11,14.011321
2013-12-03,376,355,21,3,3,15,11,13.960597
2013-12-04,376,355,21,3,3,15,11,13.939620
2013-12-05,376,355,21,3,3,15,11,13.871711
2013-12-06,376,355,21,3,3,15,11,14.033196
2013-12-09,376,355,21,3,3,15,11,14.058916
2013-12-10,376,355,21,3,3,15,11,14.005322
2013-12-11,376,355,21,3,3,15,11,13.845784
2013-12-12,376,355,21,3,3,15,11,13.790378
2013-12-13,376,355,21,3,3,15,11,13.792370
2013-12-16,376,355,21,3,3,15,11,13.877673
2013-12-17,376,355,21,3,3,15,11,13.831783
2013-12-18,376,355,21,3,3,15,11,14.068088
2013-12-19,376,355,21,3,3,15,11,14.056459
2013-12-20,376,355,21,3,3,15,11,14.120154
2013-12-23,375,354,21,3,3,15,11,14.192576
2013-12-24,375,354,21,3,3,15,11,14.234789
2013-12-26,375,354,21,3,3,15,11,14.306165
2013-12-27,375,354,21,3,3,15,11,14.301935
2013-12-30,375,354,21,3,3,15,11,14.300879
2013-12-31,376,355,21,3,3,15,11,14.438347
2014-01-02,376,355,21,3,3,15,11,14.311912
2014-01-03,376,355,21,3,3,15,11,14.312099
2014-01-06,376,355,21,3,3,15,11,14.275327
2014-01-07,376,355,21,3,3,15,11,14.356136
2014-01-08,376,355,21,3,3,15,11,14.347077
2014-01-09,376,355,21,3,3,15,11,14.359174
2014-01-10,376,355,21,3,3,15,11,14.391921
2014-01-13,376,355,21,3,3,15,11,14.212757
2014-01-14,376,355,21,3,3,15,11,14.356853
2014-01-15,376,355,21,3,3,15,11,14.438658
2014-01-16,376,355,21,3,3,15,11,14.415160
2014-01-17,376,355,21,3,3,15,11,14.361189
2014-01-21,376,355,21,3,3,15,11,14.394322
2014-01-22,376,355,21,3,3,15,11,14.395425
2014-01-23,376,355,21,3,3,15,11,14.272344
2014-01-24,377,356,21,3,3,15,11,13.984628
2014-01-27,377,356,21,3,3,15,11,13.922032
2014-01-28,377,356,21,3,3,15,11,13.992556
2014-01-29,377,356,21,3,3,15,11,13.857192
2014-01-30,377,356,21,3,3,15,11,13.994947
2014-01-31,378,357,21,3,3,15,11,13.897261
2014-02-03,378,357,21,3,3,15,11,13.583753
2014-02-04,378,357,21,3,3,15,11,13.679202
2014-02-05,378,357,21,3,3,15,11,13.649450
2014-02-06,378,357,21,3,3,15,11,13.824726
2014-02-07,378,357,21,3,3,15,11,13.995664
2014-02-10,378,357,21,3,3,15,11,14.015806
2014-02-11,378,357,21,3,3,15,11,14.170220
2014-02-12,378,357,21,3,3,15,11,14.163756
2014-02-13,378,357,21,3,3,15,11,14.235633
2014-02-14,378,357,21,3,3,15,10,14.302585
2014-02-18,378,357,21,3,3,15,10,14.301153
2014-02-19,378,357,21,3,3,15,10,14.201043
2014-02-20,378,357,21,3,3,15,10,14.274004
2014-02-21,378,357,21,3,3,15,10,14.241097
2014-02-24,378,357,21,3,3,15,9,14.324506
2014-02-25,378,357,21,3,3,15,9,14.294369
2014-02-26,378,357,21,3,3,15,9,14.296671
2014-02-27,378,357,21,3,3,15,9,14.368068
2014-02-28,378,357,21,3,3,15,9,14.408059
2014-03-03,378,357,21,3,3,15,9,14.295137
2014-03-04,378,357,21,3,3,15,9,14.512444
2014-03-05,378,357,21,3,3,15,9,14.510868
2014-03-06,378,357,21,3,3,15,9,14.539157
2014-03-07,378,357,21,3,3,15,9,14.548465
2014-03-10,378,357,21,3,3,15,9,14.536020
2014-03-11,378,357,21,3,3,15,9,14.471681
2014-03-12,378,357,21,3,3,15,9,14.471873
2014-03-13,378,357,21,3,3,15,9,14.303543
2014-03-14,378,357,21,3,3,15,9,14.263673
2014-03-17,378,357,21,3,3,15,9,14.403490
2014-03-18,378,357,21,3,3,15,9,14.505595
2014-03-19,378,357,21,3,3,15,9,14.421236
2014-03-20,378,357,21,3,3,15,9,14.514539
2014-03-21,378,357,21,3,3,15,9,14.478024
2014-03-24,378,357,21,3,3,15,9,14.429604
2014-03-25,378,357,21,3,3,15,9,14.493583
2014-03-26,378,357,21,3,3,15,9,14.406537
2014-03-27,378,357,21,3,3,15,9,14.374237
2014-03-28,378,357,21,3,3,15,9,14.441123
2014-03-31,378,357,21,3,3,15,9,14.559912
2014-04-01,378,357,21,3,3,15,9,14.648539
2014-04-02,378,357,21,3,3,15,9,14.694234
2014-04-03,379,357,22,3,3,16,9,14.673044
2014-04-04,379,357,22,3,3,16,9,14.507670
2014-04-07,379,357,22,3,3,16,9,14.355437
2014-04-08,379,357,22,3,3,16,9,14.401245
2014-04-09,379,357,22,3,3,16,9,14.545420
2014-04-10,379,357,22,3,3,16,9,14.255059
2014-04-11,379,357,22,3,3,16,9,14.122645
2014-04-14,379,357,22,3,3,16,9,14.237472
2014-04-15,379,357,22,3,3,16,9,14.331901
2014-04-16,379,357,22,3,3,16,9,14.473041
2014-04-17,379,357,22,3,3,16,9,14.495839
2014-04-21,379,357,22,3,3,16,9,14.551210
2014-04-22,379,357,22,3,3,16,9,14.599229
2014-04-23,379,357,22,3,3,16,9,14.573867
2014-04-24,379,357,22,3,3,16,9,14.585652
2014-04-25,379,357,22,3,3,16,9,14.475755
2014-04-28,379,357,22,3,3,16,9,14.528276
2014-04-29,379,357,22,3,3,16,9,14.635926
2014-04-30,379,357,22,3,3,16,9,14.675971
2014-05-01,378,356,22,3,3,16,9,14.642740
2014-05-02,378,356,22,3,3,16,9,14.621086
2014-05-05,378,356,22,3,3,16,9,14.643923
2014-05-06,378,356,22,3,3,16,9,14.518135
2014-05-07,378,356,22,3,3,16,9,14.599557
2014-05-08,379,357,22,3,3,16,10,14.605277
2014-05-09,379,357,22,3,3,16,10,14.619670
2014-05-12,379,357,22,3,3,16,10,14.753129
2014-05-13,379,357,22,3,3,16,10,14.758955
2014-05-14,379,357,22,3,3,16,10,14.695812
2014-05-15,379,357,22,3,3,16,10,14.556501
2014-05-16,379,357,22,3,3,16,10,14.611486
2014-05-19,379,357,22,3,3,16,10,14.659276
2014-05-20,379,357,22,3,3,16,10,14.561170
2014-05-21,379,357,22,3,3,16,10,14.672404
2014-05-22,379,357,22,3,3,16,10,14.699592
2014-05-23,379,357,22,3,3,16,10,14.759344
2014-05-27,379,357,22,3,3,16,10,14.840304
2014-05-28,379,357,22,3,3,16,10,14.827446
2014-05-29,379,357,22,3,3,16,10,14.906623
2014-05-30,379,357,22,3,3,16,10,14.937091
2014-06-02,379,357,22,3,3,16,10,14.947078
2014-06-03,379,357,22,3,3,16,10,14.948454
2014-06-04,379,357,22,3,3,16,10,14.973772
2014-06-05,379,357,22,3,3,16,10,15.066537
2014-06-06,379,357,22,3,3,16,10,15.137483
2014-06-09,379,357,22,3,3,16,10,15.148607
2014-06-10,379,357,22,3,3,16,10,15.142955
2014-06-11,379,357,22,3,3,16,10,15.080264
2014-06-12,379,357,22,3,3,16,10,14.972692
2014-06-13,379,357,22,3,3,16,10,15.022693
2014-06-16,379,357,22,3,3,16,10,15.033538
2014-06-17,379,357,22,3,3,16,10,15.068914
2014-06-18,380,357,23,3,3,17,10,15.178749
2014-06-19,380,357,23,3,3,17,10,15.197076
2014-06-20,380,357,23,3,3,17,10,15.219973
2014-06-23,380,357,23,3,3,17,10,15.217742
2014-06-24,380,357,23,3,3,17,10,15.121975
2014-06-25,380,357,23,3,3,17,10,15.175386
2014-06-26,380,357,23,3,3,17,10,15.155884
2014-06-27,380,357,23,3,3,17,10,15.186870
2014-06-30,380,357,23,3,3,17,10,15.182987
2014-07-01,381,358,23,3,3,17,10,15.294433
2014-07-02,382,359,23,3,3,17,10,15.312353
2014-07-03,382,359,23,3,3,17,10,15.394238
2014-07-07,382,359,23,3,3,17,10,15.342448
2014-07-08,382,359,23,3,3,17,10,15.247225
2014-07-09,382,359,23,3,3,17,10,15.307496
2014-07-10,382,359,23,3,3,17,10,15.246093
2014-07-11,382,359,23,3,3,17,10,15.266148
2014-07-14,382,359,23,3,3,17,10,15.337001
2014-07-15,382,359,23,3,3,17,10,15.319232
2014-07-16,382,359,23,3,3,17,10,15.391250
2014-07-17,382,359,23,3,3,17,10,15.219060
2014-07-18,382,359,23,3,3,17,10,15.360575
2014-07-21,382,359,23,3,3,17,10,15.321774
2014-07-22,382,359,23,3,3,17,10,15.397290
2014-07-23,382,359,23,3,3,17,10,15.418096
2014-07-24,382,359,23,3,3,17,10,15.419103
2014-07-25,382,359,23,3,3,17,10,15.341049
2014-07-28,382,359,23,3,3,17,10,15.346689
2014-07-29,382,359,23,3,3,17,10,15.270062
2014-07-30,382,359,23,3,3,17,10,15.261131
2014-07-31,382,359,23,3,3,17,10,14.959086
2014-08-01,382,359,23,3,3,17,10,14.910642
2014-08-04,382,359,23,3,3,17,10,14.997252
2014-08-05,382,359,23,3,3,17,10,14.855647
2014-08-06,382,359,23,3,3,17,10,14.855012
2014-08-07,382,359,23,3,3,17,10,14.766634
2014-08-08,382,359,23,3,3,17,10,14.931736
2014-08-11,382,359,23,3,3,17,10,14.974107
2014-08-12,382,359,23,3,3,17,10,14.953783
2014-08-13,382,359,23,3,3,17,10,15.050654
2014-08-14,382,359,23,3,3,17,10,15.115746
2014-08-15,382,359,23,3,3,17,10,15.112982
2014-08-18,382,359,23,3,3,17,10,15.244144
2014-08-19,382,359,23,3,3,17,10,15.319307
2014-08-20,382,359,23,3,3,17,10,15.362009
2014-08-21,382,359,23,3,3,17,10,15.413910
2014-08-22,382,359,23,3,3,17,10,15.381886
2014-08-25,382,359,23,3,3,17,10,15.458276
2014-08-26,382,359,23,3,3,17,10,15.474322
2014-08-27,382,359,23,3,3,17,10,15.482365
2014-08-28,382,359,23,3,3,17,10,15.455441
2014-08-29,382,359,23,3,3,17,10,15.501758
2014-09-02,382,359,23,3,3,17,10,15.485474
2014-09-03,382,359,23,3,3,17,10,15.471882
2014-09-04,382,359,23,3,3,17,10,15.450271
2014-09-05,382,359,23,3,3,17,10,15.524981
2014-09-08,382,359,23,3,3,17,10,15.472111
2014-09-09,382,359,23,3,3,17,10,15.375916
2014-09-10,382,359,23,3,3,17,10,15.430477
2014-09-11,382,359,23,3,3,17,10,15.443434
2014-09-12,382,359,23,3,3,17,10,15.355481
2014-09-15,382,359,23,3,3,17,10,15.351486
2014-09-16,382,359,23,3,3,17,10,15.462159
2014-09-17,382,359,23,3,3,17,10,15.479636
2014-09-18,382,359,23,3,3,17,10,15.555468
2014-09-19,382,359,23,3,3,17,10,15.546776
2014-09-22,384,360,24,3,3,18,10,15.441169
2014-09-23,384,360,24,3,3,18,10,15.345096
2014-09-24,384,360,24,3,3,18,10,15.461854
2014-09-25,384,360,24,3,3,18,10,15.215235
2014-09-26,384,360,24,3,3,18,10,15.345323
2014-09-29,384,360,24,3,3,18,10,15.299732
2014-09-30,384,360,24,3,3,18,10,15.261566
2014-10-01,384,360,24,3,3,18,10,15.063341
2014-10-02,384,360,24,3,3,18,10,15.064894
2014-10-03,384,360,24,3,3,18,10,15.235000
2014-10-06,384,360,24,3,3,18,10,15.213659
2014-10-07,384,360,24,3,3,18,10,14.984251
2014-10-08,384,360,24,3,3,18,10,15.248289
2014-10-09,384,360,24,3,3,18,10,14.939139
2014-10-10,384,360,24,3,3,18,10,14.779793
2014-10-13,384,360,24,3,3,18,10,14.542240
2014-10-14,384,360,24,3,3,18,10,14.557370
2014-10-15,384,360,24,3,3,18,10,14.435511
2014-10-16,384,360,24,3,3,18,10,14.432907
2014-10-17,384,360,24,3,3,18,10,14.630166
2014-10-20,384,360,24,3,3,18,10,14.758611
2014-10-21,384,360,24,3,3,18,10,15.043769
2014-10-22,384,360,24,3,3,18,10,14.929965
2014-10-23,384,360,24,3,3,18,10,15.102130
2014-10-24,384,360,24,3,3,18,10,15.211667
2014-10-27,384,360,24,3,3,18,10,15.175488
2014-10-28,384,360,24,3,3,18,10,15.352889
2014-10-29,384,360,24,3,3,18,10,15.329587
2014-10-30,384,360,24,3,3,18,10,15.428368
2014-10-31,384,360,24,3,3,18,10,15.603744
2014-11-03,384,360,24,3,3,18,10,15.596013
2014-11-04,384,360,24,3,3,18,10,15.554709
2014-11-05,383,359,24,3,3,18,10,15.636249
2014-11-06,383,359,24,3,3,18,10,15.688870
2014-11-07,383,359,24,3,3,18,10,15.691277
2014-11-10,383,359,24,3,3,18,10,15.741431
2014-11-11,383,359,24,3,3,18,10,15.756740
2014-11-12,383,359,24,3,3,18,10,15.743459
2014-11-13,383,359,24,3,3,18,10,15.760450
2014-11-14,383,359,24,3,3,18,10,15.759935
2014-11-17,384,360,24,3,3,18,10,15.779085
2014-11-18,384,360,24,3,3,18,10,15.855965
2014-11-19,384,360,24,3,3,18,10,15.833056
2014-11-20,384,360,24,3,3,18,10,15.863502
2014-11-21,384,360,24,3,3,18,10,15.949026
2014-11-24,384,360,24,3,3,18,10,15.987607
2014-11-25,384,360,24,3,3,18,10,15.956552
2014-11-26,384,360,24,3,3,18,10,16.004749
2014-11-28,384,360,24,3,3,18,10,15.975165
2014-12-01,384,360,24,3,3,18,10,15.871491
2014-12-02,384,360,24,3,3,18,10,15.976808
2014-12-03,384,360,24,3,3,18,10,16.035370
2014-12-04,384,360,24,3,3,18,10,16.016420
2014-12-05,385,361,24,3,3,18,10,16.065978
2014-12-08,385,361,24,3,3,18,10,15.944279
2014-12-09,385,361,24,3,3,18,10,15.930926
2014-12-10,385,361,24,3,3,18,10,15.668825
2014-12-11,385,361,24,3,3,18,10,15.732580
2014-12-12,385,361,24,3,3,18,10,15.472185
2014-12-15,385,361,24,3,3,18,10,15.376165
2014-12-16,385,361,24,3,3,18,10,15.250212
2014-12-17,385,361,24,3,3,18,10,15.560866
2014-12-18,385,361,24,3,3,18,10,15.941843
2014-12-19,385,361,24,3,3,18,10,16.002467
2014-12-22,385,361,24,3,3,18,10,16.056285
2014-12-23,385,361,24,3,3,18,10,16.087916
2014-12-24,385,361,24,3,3,18,10,16.085140
2014-12-26,385,361,24,3,3,18,10,16.136211
2014-12-29,385,361,24,3,3,18,10,16.146732
2014-12-30,385,361,24,3,3,18,10,16.069203
2014-12-31,385,361,24,3,3,18,10,15.900126
2015-01-02,385,361,24,3,3,18,10,15.896045
2015-01-05,385,361,24,3,3,18,10,15.612556
2015-01-06,385,361,24,3,3,18,10,15.479819
2015-01-07,385,361,24,3,3,18,10,15.665495
2015-01-08,385,361,24,3,3,18,10,15.952334
2015-01-09,385,361,24,3,3,18,10,15.815711
2015-01-12,385,361,24,3,3,18,10,15.689562
2015-01-13,385,361,24,3,3,18,10,15.643293
2015-01-14,385,361,24,3,3,18,10,15.542729
2015-01-15,385,361,24,3,3,18,10,15.399097
2015-01-16,385,361,24,3,3,18,10,15.603473
2015-01-20,385,361,24,3,3,18,10,15.631076
2015-01-21,385,361,24,3,3,18,10,15.698598
2015-01-22,385,361,24,3,3,18,10,15.942620
2015-01-23,385,361,24,3,3,18,10,15.847707
2015-01-26,385,361,24,3,3,18,10,15.883248
2015-01-27,386,362,24,3,3,18,10,15.699294
2015-01-28,386,362,24,3,3,18,10,15.487598
2015-01-29,386,362,24,3,3,18,10,15.643140
2015-01-30,386,362,24,3,3,18,10,15.423481
2015-02-02,386,362,24,3,3,18,10,15.632413
2015-02-03,386,362,24,3,3,18,10,15.863281
2015-02-04,386,362,24,3,3,18,10,15.803249
2015-02-05,386,362,24,3,3,18,10,15.965919
2015-02-06,386,362,24,3,3,18,10,15.905074
2015-02-09,386,362,24,3,3,18,10,15.836023
2015-02-10,386,362,24,3,3,18,10,16.005933
2015-02-11,386,362,24,3,3,18,10,16.003031
2015-02-12,386,362,24,3,3,18,10,16.153063
2015-02-13,386,362,24,3,3,18,10,16.208874
2015-02-17,386,362,24,3,3,18,10,16.236205
2015-02-18,386,362,24,3,3,18,10,16.226418
2015-02-19,386,362,24,3,3,18,10,16.192971
2015-02-20,386,362,24,3,3,18,10,16.288397
2015-02-23,386,362,24,3,3,18,10,16.337732
2015-02-24,386,362,24,3,3,18,10,16.372206
2015-02-25,386,362,24,3,3,18,10,16.341862
2015-02-26,386,362,24,3,3,18,10,16.316247
2015-02-27,386,362,24,3,3,18,9,16.262027
2015-03-02,386,362,24,3,3,18,9,16.360883
2015-03-03,386,362,24,3,3,18,9,16.280676
2015-03-04,386,362,24,3,3,18,9,16.203226
2015-03-05,386,362,24,3,3,18,9,16.224346
2015-03-06,386,362,24,3,3,18,9,15.990861
2015-03-09,386,362,24,3,3,18,9,16.058767
2015-03-10,386,362,24,3,3,18,9,15.785558
2015-03-11,386,362,24,3,3,18,9,15.754486
2015-03-12,387,363,24,3,3,18,9,15.976514
2015-03-13,387,363,24,3,3,18,9,15.884886
2015-03-16,387,363,24,3,3,18,9,16.104951
2015-03-17,387,363,24,3,3,18,9,16.052692
2015-03-18,388,364,24,3,3,18,9,16.254741
2015-03-19,388,364,24,3,3,18,9,16.166367
2015-03-20,388,364,24,3,3,18,9,16.309539
2015-03-23,390,366,24,3,3,18,9,16.351601
2015-03-24,390,366,24,3,3,18,9,16.242925
2015-03-25,390,366,24,3,3,18,9,15.992627
2015-03-26,390,366,24,3,3,18,9,15.957283
2015-03-27,390,366,24,3,3,18,9,15.989545
2015-03-30,390,366,24,3,3,18,9,16.191717
2015-03-31,390,366,24,3,3,18,9,16.054366
2015-04-01,390,366,24,3,3,18,9,15.981759
2015-04-02,390,366,24,3,3,18,9,16.034567
2015-04-06,390,366,24,3,3,18,9,16.141639
2015-04-07,391,367,24,3,3,18,9,16.119551
2015-04-08,391,367,24,3,3,18,9,16.164094
2015-04-09,391,367,24,3,3,18,9,16.235071
2015-04-10,391,367,24,3,3,18,9,16.325694
2015-04-13,391,367,24,3,3,18,9,16.245719
2015-04-14,391,367,24,3,3,18,9,16.274871
2015-04-15,391,367,24,3,3,18,9,16.359580
2015-04-16,391,367,24,3,3,18,9,16.354482
2015-04-17,392,368,24,3,3,18,9,16.183271
2015-04-20,392,368,24,3,3,18,9,16.329508
2015-04-21,392,368,24,3,3,18,9,16.312031
2015-04-22,392,368,24,3,3,18,9,16.390846
2015-04-23,392,368,24,3,3,18,9,16.426703
2015-04-24,392,368,24,3,3,18,9,16.467489
2015-04-27,392,368,24,3,3,18,9,16.407374
2015-04-28,392,368,24,3,3,18,9,16.445500
2015-04-29,392,368,24,3,3,18,9,16.379293
2015-04-30,392,368,24,3,3,18,9,16.219207
2015-05-01,392,368,24,3,3,18,9,16.395684
2015-05-04,392,368,24,3,3,18,9,16.441055
2015-05-05,392,368,24,3,3,18,9,16.251760
2015-05-06,392,368,24,3,3,18,9,16.174968
2015-05-07,392,368,24,3,3,18,9,16.226274
2015-05-08,392,368,24,3,3,18,9,16.447291
2015-05-11,392,368,24,3,3,18,9,16.365956
2015-05-12,392,368,24,3,3,18,9,16.323387
2015-05-13,392,368,24,3,3,18,9,16.323984
2015-05-14,392,368,24,3,3,18,9,16.498264
2015-05-15,392,368,24,3,3,18,9,16.512236
2015-05-18,392,368,24,3,3,18,9,16.563530
2015-05-19,392,368,24,3,3,18,9,16.548556
2015-05-20,392,368,24,3,3,18,9,16.527130
2015-05-21,392,368,24,3,3,18,9,16.559760
2015-05-22,392,368,24,3,3,18,9,16.521482
2015-05-26,392,368,24,3,3,18,9,16.349871
2015-05-27,392,368,24,3,3,18,9,16.494901
2015-05-28,392,368,24,3,3,18,9,16.476605
2015-05-29,392,368,24,3,3,18,9,16.383454
2015-06-01,392,368,24,3,3,18,9,16.417657
2015-06-02,392,368,24,3,3,18,9,16.394537
2015-06-03,392,368,24,3,3,18,9,16.429586
2015-06-04,392,368,24,3,3,18,9,16.290904
2015-06-05,392,368,24,3,3,18,9,16.264761
2015-06-08,392,368,24,3,3,18,9,16.162093
2015-06-09,392,368,24,3,3,18,9,16.172428
2015-06-10,392,368,24,3,3,18,9,16.366700
2015-06-11,392,368,24,3,3,18,9,16.399213
2015-06-12,392,368,24,3,3,18,9,16.282409
2015-06-15,392,368,24,3,3,18,9,16.210441
2015-06-16,392,368,24,3,3,18,9,16.305338
2015-06-17,392,368,24,3,3,18,9,16.334287
2015-06-18,392,368,24,3,3,18,9,16.488210
2015-06-19,392,368,24,3,3,18,9,16.394073
2015-06-22,392,368,24,3,3,18,9,16.491086
2015-06-23,392,368,24,3,3,18,9,16.492874
2015-06-24,392,368,24,3,3,18,9,16.375107
2015-06-25,392,368,24,3,3,18,9,16.327102
2015-06-26,392,368,24,3,3,18,9,16.324481
2015-06-29,392,368,24,3,3,18,9,15.988921
2015-06-30,392,368,24,3,3,18,9,16.029564
2015-07-01,393,369,24,3,3,18,9,16.144820
2015-07-02,392,368,24,3,3,18,9,16.133170
2015-07-06,392,368,24,3,3,18,9,16.071368
2015-07-07,392,368,24,3,3,18,9,16.165373
2015-07-08,393,369,24,3,3,18,9,15.909361
2015-07-09,393,369,24,3,3,18,9,15.938221
2015-07-10,393,369,24,3,3,18,9,16.131847
2015-07-13,393,369,24,3,3,18,9,16.299860
2015-07-14,393,369,24,3,3,18,9,16.374038
2015-07-15,393,369,24,3,3,18,9,16.356138
2015-07-16,393,369,24,3,3,18,9,16.478277
2015-07-17,393,369,24,3,3,18,9,16.734510
2015-07-20,393,369,24,3,3,18,9,16.735677
2015-07-21,393,369,24,3,3,18,9,16.662627
2015-07-22,393,369,24,3,3,18,9,16.605960
2015-07-23,393,369,24,3,3,18,9,16.508667
2015-07-24,393,369,24,3,3,18,9,16.340876
2015-07-27,393,369,24,3,3,18,9,16.229178
2015-07-28,393,369,24,3,3,18,9,16.417403
2015-07-29,394,370,24,3,3,18,9,16.547151
2015-07-30,394,370,24,3,3,18,9,16.560948
2015-07-31,394,370,24,3,3,18,9,16.524098
2015-08-03,394,370,24,3,3,18,9,16.458748
2015-08-04,394,370,24,3,3,18,9,16.436557
2015-08-05,394,370,24,3,3,18,9,16.484986
2015-08-06,394,370,24,3,3,18,9,16.377193
2015-08-07,394,370,24,3,3,18,9,16.339245
2015-08-10,394,370,24,3,3,18,9,16.555494
2015-08-11,394,370,24,3,3,18,9,16.379460
2015-08-12,394,370,24,3,3,18,9,16.389792
2015-08-13,394,370,24,3,3,18,9,16.382092
2015-08-14,394,370,24,3,3,18,9,16.447400
2015-08-17,394,370,24,3,3,18,9,16.536290
2015-08-18,394,370,24,3,3,18,9,16.483937
2015-08-19,394,370,24,3,3,18,9,16.339390
2015-08-20,394,370,24,3,3,18,9,15.985457
2015-08-21,394,370,24,3,3,18,9,15.466723
2015-08-24,394,370,24,3,3,18,9,14.843475
2015-08-25,394,370,24,3,3,18,9,14.648203
2015-08-26,394,370,24,3,3,18,9,15.221525
2015-08-27,394,370,24,3,3,18,9,15.604107
2015-08-28,394,370,24,3,3,18,9,15.609651
2015-08-31,394,370,24,3,3,18,9,15.484653
2015-09-01,394,370,24,3,3,18,9,15.006058
2015-09-02,395,371,24,3,3,18,9,15.294403
2015-09-03,395,371,24,3,3,18,9,15.307359
2015-09-04,395,371,24,3,3,18,9,15.063167
2015-09-08,395,371,24,3,3,18,9,15.433590
2015-09-09,395,371,24,3,3,18,9,15.226905
2015-09-10,395,371,24,3,3,18,9,15.304566
2015-09-11,395,371,24,3,3,18,9,15.372182
2015-09-14,395,371,24,3,3,18,9,15.304045
2015-09-15,395,371,24,3,3,18,9,15.505698
2015-09-16,395,371,24,3,3,18,9,15.656149
2015-09-17,395,371,24,3,3,18,9,15.606000
2015-09-18,396,371,25,3,3,19,9,15.352895
2015-09-21,396,371,25,3,3,19,9,15.416446
2015-09-22,396,371,25,3,3,19,9,15.230157
2015-09-23,396,371,25,3,3,19,9,15.197115
2015-09-24,396,371,25,3,3,19,9,15.160122
2015-09-25,396,371,25,3,3,19,9,15.171111
2015-09-28,396,371,25,3,3,19,9,14.791023
2015-09-29,396,371,25,3,3,19,9,14.816826
2015-09-30,396,371,25,3,3,19,9,15.093407
2015-10-01,396,371,25,3,3,19,9,15.120015
2015-10-02,396,371,25,3,3,19,9,15.321736
2015-10-05,396,371,25,3,3,19,9,15.616552
2015-10-06,396,371,25,3,3,19,9,15.553302
2015-10-07,397,372,25,3,3,19,9,15.692804
2015-10-08,397,372,25,3,3,19,9,15.837637
2015-10-09,397,372,25,3,3,19,9,15.844324
2015-10-12,397,372,25,3,3,19,9,15.864585
2015-10-13,397,372,25,3,3,19,9,15.749118
2015-10-14,397,372,25,3,3,19,9,15.654210
2015-10-15,397,372,25,3,3,19,9,15.846696
2015-10-16,397,372,25,3,3,19,9,15.658805
2015-10-19,397,372,25,3,3,19,9,15.660772
2015-10-20,397,372,25,3,3,19,9,15.649344
2015-10-21,397,372,25,3,3,19,9,15.565205
2015-10-22,397,372,25,3,3,19,9,15.830632
2015-10-23,397,372,25,3,3,19,9,15.990682
2015-10-26,397,372,25,3,3,19,9,15.951154
2015-10-27,397,372,25,3,3,19,9,15.898494
2015-10-28,397,372,25,3,3,19,9,16.023057
2015-10-29,397,372,25,3,3,19,9,15.999389
2015-10-30,397,372,25,3,3,19,9,15.922787
2015-11-02,397,372,25,3,3,19,9,16.104291
2015-11-03,397,372,25,3,3,19,9,16.151855
2015-11-04,397,372,25,3,3,19,9,16.075535
2015-11-05,397,372,25,3,3,19,9,16.048068
2015-11-06,397,372,25,3,3,19,9,16.058488
2015-11-09,397,372,25,3,3,19,9,15.900476
2015-11-10,397,372,25,3,3,19,9,15.916849
2015-11-11,397,372,25,3,3,19,9,15.858138
2015-11-12,397,372,25,3,3,19,9,15.631759
2015-11-13,397,372,25,3,3,19,9,15.466865
2015-11-16,397,372,25,3,3,19,9,15.701507
2015-11-17,397,372,25,3,3,19,9,15.681639
2015-11-18,397,372,25,3,3,19,9,15.957124
2015-11-19,398,373,25,3,3,19,9,15.972477
2015-11-20,398,373,25,3,3,19,9,16.023617
2015-11-23,398,373,25,3,3,19,9,16.005628
2015-11-24,398,373,25,3,3,19,9,16.023708
2015-11-25,398,373,25,3,3,19,9,16.008939
2015-11-27,398,373,25,3,3,19,9,16.019475
2015-11-30,398,373,25,3,3,19,9,15.949293
2015-12-01,398,373,25,3,3,19,9,16.106494
2015-12-02,398,373,25,3,3,19,9,15.922097
2015-12-03,398,373,25,3,3,19,9,15.700632
2015-12-04,398,373,25,3,3,19,9,16.028033
2015-12-07,398,373,25,3,3,19,9,15.913489
2015-12-08,398,373,25,3,3,19,9,15.798962
2015-12-09,398,373,25,3,3,19,9,15.682057
2015-12-10,398,373,25,3,3,19,9,15.717031
2015-12-11,398,373,25,3,3,19,9,15.412882
2015-12-14,398,373,25,3,3,19,9,15.486145
2015-12-15,398,373,25,3,3,19,9,15.656280
2015-12-16,398,373,25,3,3,19,9,15.887148
2015-12-17,398,373,25,3,3,19,9,15.640609
2015-12-18,398,373,25,3,3,19,9,15.359143
2015-12-21,398,373,25,3,3,19,9,15.479399
2015-12-22,398,373,25,3,3,19,9,15.611326
2015-12-23,398,373,25,3,3,19,9,15.804302
2015-12-24,398,373,25,3,3,19,9,15.774918
2015-12-28,398,373,25,3,3,19,9,15.738004
2015-12-29,399,374,25,3,3,19,9,15.915493
2015-12-30,399,374,25,3,3,19,9,15.800166
2015-12-31,400,375,25,3,3,19,9,15.655843
2016-01-04,400,375,25,3,3,19,9,15.415968
2016-01-05,399,374,25,3,3,19,9,15.444238
2016-01-06,399,374,25,3,3,19,9,15.235082
2016-01-07,399,374,25,3,3,19,9,14.869183
2016-01-08,399,374,25,3,3,19,9,14.703126
2016-01-11,399,374,25,3,3,19,9,14.732652
2016-01-12,399,374,25,3,3,19,9,14.844225
2016-01-13,399,374,25,3,3,19,9,14.481422
2016-01-14,399,374,25,3,3,19,9,14.720973
2016-01-15,399,374,25,3,3,19,9,14.399931
2016-01-19,400,375,25,3,3,19,9,14.418505
2016-01-20,400,375,25,3,3,19,9,14.238550
2016-01-21,400,375,25,3,3,19,9,14.309150
2016-01-22,400,375,25,3,3,19,9,14.592880
2016-01-25,400,375,25,3,3,19,9,14.375568
2016-01-26,400,375,25,3,3,19,9,14.584290
2016-01-27,400,375,25,3,3,19,9,14.422997
2016-01-28,400,375,25,3,3,19,9,14.463157
2016-01-29,400,375,25,3,3,19,9,14.821552
2016-02-01,402,377,25,3,3,19,9,14.825098
2016-02-02,402,377,25,3,3,19,9,14.532972
2016-02-03,402,377,25,3,3,19,9,14.621478
2016-02-04,402,377,25,3,3,19,9,14.665130
2016-02-05,402,377,25,3,3,19,9,14.412123
2016-02-08,402,377,25,3,3,19,9,14.214582
2016-02-09,402,377,25,3,3,19,9,14.206393
2016-02-10,402,377,25,3,3,19,9,14.189255
2016-02-11,402,377,25,3,3,19,9,13.986548
2016-02-12,402,377,25,3,3,19,9,14.270660
2016-02-16,402,377,25,3,3,19,9,14.508571
2016-02-17,402,377,25,3,3,19,9,14.739949
2016-02-18,402,377,25,3,3,19,9,14.682598
2016-02-19,402,377,25,3,3,19,9,14.670535
2016-02-22,402,377,25,3,3,19,9,14.881320
2016-02-23,402,377,25,3,3,19,9,14.700162
2016-02-24,402,377,25,3,3,19,9,14.750841
2016-02-25,402,377,25,3,3,19,9,14.909911
2016-02-26,402,377,25,3,3,19,9,14.892276
2016-02-29,402,377,25,3,3,19,9,14.767422
2016-03-01,402,377,25,3,3,19,9,15.116013
2016-03-02,402,377,25,3,3,19,9,15.181360
2016-03-03,402,377,25,3,3,19,9,15.217990
2016-03-04,402,378,24,3,2,19,9,15.280521
2016-03-07,403,379,24,3,2,19,9,15.311627
2016-03-08,403,379,24,3,2,19,9,15.142953
2016-03-09,403,379,24,3,2,19,9,15.206923
2016-03-10,403,379,24,3,2,19,9,15.210542
2016-03-11,403,379,24,3,2,19,9,15.450937
2016-03-14,403,379,24,3,2,19,9,15.432317
2016-03-15,403,379,24,3,2,19,9,15.408543
2016-03-16,403,379,24,3,2,19,9,15.492603
2016-03-17,403,379,24,3,2,19,9,15.595906
2016-03-18,403,379,24,3,2,19,9,15.668094
2016-03-21,403,379,24,3,2,19,9,15.680369
2016-03-22,403,379,24,3,2,19,9,15.663902
2016-03-23,403,379,24,3,2,19,9,15.563003
2016-03-24,403,379,24,3,2,19,9,15.561281
2016-03-28,403,379,24,3,2,19,9,15.565658
2016-03-29,403,379,24,3,2,19,9,15.696322
2016-03-30,404,380,24,3,2,19,9,15.775753
2016-03-31,404,380,24,3,2,19,9,15.744313
2016-04-01,404,380,24,3,2,19,9,15.840476
2016-04-04,404,380,24,3,2,19,9,15.796909
2016-04-05,404,380,24,3,2,19,9,15.650797
2016-04-06,404,380,24,3,2,19,9,15.802534
2016-04-07,404,380,24,3,2,19,9,15.606919
2016-04-08,404,380,24,3,2,19,9,15.659406
2016-04-11,404,380,24,3,2,19,9,15.626173
2016-04-12,404,380,24,3,2,19,9,15.783404
2016-04-13,404,380,24,3,2,19,9,15.951957
2016-04-14,404,380,24,3,2,19,9,15.956579
2016-04-15,404,380,24,3,2,19,9,15.938411
2016-04-18,404,380,24,3,2,19,9,16.048709
2016-04-19,404,380,24,3,2,19,9,16.098781
2016-04-20,404,380,24,3,2,19,9,16.104299
2016-04-21,404,380,24,3,2,19,9,15.999340
2016-04-22,404,380,24,3,2,19,9,16.013156
2016-04-25,404,380,24,3,2,19,9,15.992276
2016-04-26,404,380,24,3,2,19,9,16.024911
2016-04-27,404,380,24,3,2,19,9,16.034680
2016-04-28,404,380,24,3,2,19,9,15.865179
2016-04-29,404,380,24,3,2,19,9,15.783674
2016-05-02,404,380,24,3,2,19,9,15.905289
2016-05-03,405,381,24,3,2,19,9,15.781249
2016-05-04,405,381,24,3,2,19,9,15.676174
2016-05-05,405,381,24,3,2,19,9,15.664258
2016-05-06,405,381,24,3,2,19,9,15.719255
2016-05-09,405,381,24,3,2,19,9,15.727385
2016-05-10,405,381,24,3,2,19,9,15.914379
2016-05-11,405,381,24,3,2,19,9,15.759943
2016-05-12,405,381,24,3,2,19,9,15.756754
2016-05-13,406,382,24,3,2,19,9,15.620862
2016-05-16,406,382,24,3,2,19,9,15.784697
2016-05-17,406,382,24,3,2,19,9,15.636307
2016-05-18,407,383,24,3,2,19,9,15.654356
2016-05-19,407,383,24,3,2,19,9,15.606370
2016-05-20,407,383,24,3,2,19,9,15.696639
2016-05-23,408,384,24,3,2,19,9,15.673979
2016-05-24,408,384,24,3,2,19,9,15.879616
2016-05-25,408,384,24,3,2,19,9,15.992292
2016-05-26,408,384,24,3,2,19,9,15.986309
2016-05-27,408,384,24,3,2,19,9,16.049228
2016-05-31,409,385,24,3,2,19,9,16.043975
2016-06-01,409,385,24,3,2,19,9,16.055145
2016-06-02,409,385,24,3,2,19,9,16.097410
2016-06-03,410,386,24,3,2,19,9,16.042033
2016-06-06,410,386,24,3,2,19,9,16.129383
2016-06-07,410,386,24,3,2,19,9,16.152174
2016-06-08,410,386,24,3,2,19,9,16.200078
2016-06-09,410,386,24,3,2,19,9,16.172807
2016-06-10,410,386,24,3,2,19,9,16.033963
2016-06-13,410,386,24,3,2,19,9,15.902243
2016-06-14,410,386,24,3,2,19,9,15.866144
2016-06-15,410,386,24,3,2,19,9,15.838850
2016-06-16,410,386,24,3,2,19,9,15.899441
2016-06-17,410,386,24,3,2,19,9,15.860374
2016-06-20,410,386,24,3,2,19,9,15.952234
2016-06-21,410,386,24,3,2,19,9,15.994277
2016-06-22,410,386,24,3,2,19,9,15.964339
2016-06-23,410,386,24,3,2,19,9,16.180101
2016-06-24,410,386,24,3,2,19,9,15.608319
2016-06-27,410,386,24,3,2,19,9,15.332146
2016-06-28,410,386,24,3,2,19,9,15.594392
2016-06-29,410,386,24,3,2,19,9,15.865781
2016-06-30,410,386,24,3,2,19,9,16.081414
2016-07-01,414,390,24,3,2,19,9,16.278398
2016-07-05,414,390,24,3,2,19,9,16.173260
2016-07-06,414,390,24,3,2,19,9,16.253672
2016-07-07,414,390,24,3,2,19,9,16.239705
2016-07-08,414,390,24,3,2,19,9,16.484942
2016-07-11,414,390,24,3,2,19,9,16.540335
2016-07-12,414,390,24,3,2,19,9,16.652504
2016-07-13,414,390,24,3,2,19,9,16.664242
2016-07-14,415,391,24,3,2,19,9,16.762195
2016-07-15,415,391,24,3,2,19,9,16.748448
2016-07-18,415,391,24,3,2,19,9,16.774100
2016-07-19,415,391,24,3,2,19,9,16.743193
2016-07-20,415,391,24,3,2,19,9,16.815423
2016-07-21,415,391,24,3,2,19,9,16.756097
2016-07-22,415,391,24,3,2,19,9,16.828383
2016-07-25,415,391,24,3,2,19,9,16.758964
2016-07-26,415,391,24,3,2,19,9,16.758585
2016-07-27,415,391,24,3,2,19,9,16.735572
2016-07-28,415,391,24,3,2,19,9,16.751389
2016-07-29,415,391,24,3,2,19,9,16.765767
2016-08-01,415,391,24,3,2,19,9,16.734529
2016-08-02,415,391,24,3,2,19,9,16.621920
2016-08-03,415,391,24,3,2,19,9,16.659961
2016-08-04,415,391,24,3,2,19,9,16.657787
2016-08-05,415,391,24,3,2,19,9,16.803185
2016-08-08,415,391,24,3,2,19,9,16.788805
2016-08-09,415,391,24,3,2,19,9,16.807929
2016-08-10,415,391,24,3,2,19,9,16.757102
2016-08-11,415,391,24,3,2,19,9,16.826652
2016-08-12,415,391,24,3,2,19,9,16.811572
2016-08-15,415,391,24,3,2,19,9,16.858196
2016-08-16,415,391,24,3,2,19,9,16.769817
2016-08-17,415,391,24,3,2,19,9,16.797831
2016-08-18,415,391,24,3,2,19,9,16.839267
2016-08-19,415,391,24,3,2,19,9,16.810757
2016-08-22,415,391,24,3,2,19,9,16.802116
2016-08-23,415,391,24,3,2,19,9,16.829388
2016-08-24,415,391,24,3,2,19,9,16.747080
2016-08-25,415,391,24,3,2,19,9,16.726455
2016-08-26,415,391,24,3,2,19,9,16.695886
2016-08-29,415,391,24,3,2,19,9,16.782299
2016-08-30,415,391,24,3,2,19,9,16.749507
2016-08-31,415,391,24,3,2,19,9,16.713408
2016-09-01,415,391,24,3,2,19,9,16.709450
2016-09-02,415,391,24,3,2,19,9,16.774197
2016-09-06,416,392,24,3,2,19,9,16.822055
2016-09-07,416,392,24,3,2,19,9,16.812582
2016-09-08,417,393,24,3,2,19,9,16.842120
2016-09-09,417,393,24,3,2,19,9,16.432164
2016-09-12,417,393,24,3,2,19,9,16.675014
2016-09-13,417,393,24,3,2,19,9,16.432159
2016-09-14,417,393,24,3,2,19,9,16.417642
2016-09-15,417,393,24,3,2,19,9,16.587306
2016-09-16,417,393,24,3,2,19,9,16.523592
2016-09-19,417,393,24,3,2,19,9,16.525636
2016-09-20,417,393,24,3,2,19,9,16.535029
2016-09-21,417,393,24,3,2,19,9,16.712039
2016-09-22,418,394,24,3,2,19,9,16.826200
2016-09-23,418,394,24,3,2,19,9,16.733223
2016-09-26,418,394,24,3,2,19,9,16.594479
2016-09-27,418,394,24,3,2,19,9,16.702654
2016-09-28,418,394,24,3,2,19,9,16.787480
2016-09-29,418,394,24,3,2,19,9,16.630941
2016-09-30,419,395,24,3,2,19,10,16.786133
2016-10-03,419,395,24,3,2,19,10,16.726365
2016-10-04,419,395,24,3,2,19,10,16.636762
2016-10-05,419,395,24,3,2,19,10,16.707315
2016-10-06,419,395,24,3,2,19,10,16.712655
2016-10-07,419,395,24,3,2,19,10,16.655464
2016-10-10,419,395,24,3,2,19,10,16.721644
2016-10-11,419,395,24,3,2,19,10,16.512377
2016-10-12,419,395,24,3,2,19,10,16.533235
2016-10-13,419,395,24,3,2,19,10,16.491384
2016-10-14,419,395,24,3,2,19,10,16.497602
2016-10-17,420,396,24,3,2,19,10,16.480845
2016-10-18,420,396,24,3,2,19,10,16.577122
2016-10-19,420,396,24,3,2,19,10,16.605441
2016-10-20,420,396,24,3,2,19,10,16.576349
2016-10-21,420,396,24,3,2,19,10,16.568808
2016-10-24,420,396,24,3,2,19,10,16.649504
2016-10-25,420,396,24,3,2,19,10,16.597989
2016-10-26,420,396,24,3,2,19,10,16.562577
2016-10-27,420,396,24,3,2,19,10,16.501935
2016-10-28,420,396,24,3,2,19,10,16.439735
2016-10-31,420,396,24,3,2,19,10,16.446190
2016-11-01,419,396,23,3,1,19,10,16.324064
2016-11-02,419,396,23,3,1,19,10,16.234231
2016-11-03,419,396,23,3,1,19,10,16.168811
2016-11-04,419,396,23,3,1,19,10,16.131624
2016-11-07,419,396,23,3,1,19,10,16.496504
2016-11-08,419,396,23,3,1,19,10,16.559604
2016-11-09,419,396,23,3,1,19,9,16.752821
2016-11-10,419,396,23,3,1,19,9,16.794587
2016-11-11,419,396,23,3,1,19,9,16.785174
2016-11-14,419,396,23,3,1,19,9,16.789806
2016-11-15,419,396,23,3,1,19,9,16.904163
2016-11-16,419,396,23,3,1,19,9,16.879735
2016-11-17,419,396,23,3,1,19,9,16.948488
2016-11-18,419,396,23,3,1,19,9,16.918729
2016-11-21,419,396,23,3,1,19,9,17.034279
2016-11-22,419,396,23,3,1,19,9,17.079058
2016-11-23,419,396,23,3,1,19,9,17.117600
2016-11-25,419,396,23,3,1,19,9,17.193343
2016-11-28,419,396,23,3,1,19,9,17.098174
2016-11-29,419,396,23,3,1,19,9,17.116572
2016-11-30,419,396,23,3,1,19,9,17.068493
2016-12-01,419,396,23,3,1,19,9,17.016985
2016-12-02,420,396,24,3,2,19,9,17.026140
2016-12-05,420,396,24,3,2,19,9,17.115358
2016-12-06,420,396,24,3,2,19,9,17.179826
2016-12-07,420,396,24,3,2,19,9,17.413577
2016-12-08,420,396,24,3,2,19,9,17.447412
2016-12-09,420,396,24,3,2,19,9,17.547116
2016-12-12,420,396,24,3,2,19,9,17.542455
2016-12-13,420,396,24,3,2,19,9,17.651328
2016-12-14,420,396,24,3,2,19,9,17.502825
2016-12-15,420,396,24,3,2,19,9,17.574536
2016-12-16,420,396,24,3,2,19,9,17.547840
2016-12-19,420,396,24,3,2,19,9,17.587354
2016-12-20,420,396,24,3,2,19,9,17.652993
2016-12-21,420,396,24,3,2,19,9,17.610092
2016-12-22,420,396,24,3,2,19,9,17.580330
2016-12-23,420,396,24,3,2,19,9,17.601605
2016-12-27,420,396,24,3,2,19,9,17.641073
2016-12-28,420,396,24,3,2,19,9,17.493465
2016-12-29,420,396,24,3,2,19,9,17.490774
2016-12-30,420,396,24,3,2,19,9,17.413417
2017-01-03,420,396,24,3,2,19,9,17.551589
2017-01-04,420,396,24,3,2,19,9,17.646763
2017-01-05,421,397,24,3,2,19,9,17.632864
2017-01-06,421,397,24,3,2,19,9,17.683312
2017-01-09,421,397,24,3,2,19,9,17.618527
2017-01-10,421,397,24,3,2,19,9,17.622605
2017-01-11,421,397,24,3,2,19,9,17.674220
2017-01-12,421,397,24,3,2,19,9,17.636364
2017-01-13,421,397,24,3,2,19,9,17.663821
2017-01-17,421,397,24,3,2,19,9,17.614061
2017-01-18,421,397,24,3,2,19,9,17.643559
2017-01-19,421,397,24,3,2,19,9,17.583506
2017-01-20,421,397,24,3,2,19,9,17.637597
2017-01-23,421,397,24,3,2,19,9,17.575524
2017-01-24,421,397,24,3,2,19,9,17.690825
2017-01-25,421,397,24,3,2,19,9,17.826042
2017-01-26,421,397,24,3,2,19,9,17.811654
2017-01-27,421,397,24,3,2,19,9,17.801439
2017-01-30,421,397,24,3,2,19,9,17.704609
2017-01-31,421,397,24,3,2,19,9,17.684209
2017-02-01,421,397,24,3,2,19,9,17.672524
2017-02-02,421,397,24,3,2,19,9,17.681294
2017-02-03,421,397,24,3,2,19,9,17.815222
2017-02-06,421,397,24,3,2,19,9,17.770388
2017-02-07,421,397,24,3,2,19,9,17.779092
2017-02-08,421,397,24,3,2,19,9,17.782623
2017-02-09,421,397,24,3,2,19,9,17.875087
2017-02-10,421,397,24,3,2,19,9,17.932342
2017-02-13,421,397,24,3,2,19,9,18.030538
2017-02-14,421,397,24,3,2,19,9,18.103098
2017-02-15,421,397,24,3,2,19,9,18.198537
2017-02-16,421,397,24,3,2,19,9,18.177880
2017-02-17,421,397,24,3,2,19,9,18.215746
2017-02-21,421,397,24,3,2,19,9,18.332525
2017-02-22,421,397,24,3,2,19,9,18.297695
2017-02-23,421,397,24,3,2,19,9,18.304934
2017-02-24,421,397,24,3,2,19,9,18.329259
2017-02-27,421,397,24,3,2,19,9,18.335919
2017-02-28,422,398,24,3,2,19,9,18.314895
2017-03-01,422,398,24,3,2,19,9,18.568977
2017-03-02,423,399,24,3,2,19,9,18.473357
2017-03-03,423,399,24,3,2,19,9,18.481512
2017-03-06,423,399,24,3,2,19,9,18.418266
2017-03-07,423,399,24,3,2,19,9,18.362942
2017-03-08,423,399,24,3,2,19,9,18.322580
2017-03-09,423,399,24,3,2,19,9,18.330367
2017-03-10,423,399,24,3,2,19,9,18.393900
2017-03-13,423,399,24,3,2,19,9,18.394002
2017-03-14,423,399,24,3,2,19,9,18.333504
2017-03-15,423,399,24,3,2,19,9,18.490324
2017-03-16,424,400,24,3,2,19,9,18.471703
2017-03-17,424,400,24,3,2,19,9,18.444000
2017-03-20,425,401,24,3,2,19,9,18.435795
2017-03-21,425,401,24,3,2,19,9,18.214253
2017-03-22,425,401,24,3,2,19,9,18.250107
2017-03-23,425,401,24,3,2,19,9,18.230815
2017-03-24,425,401,24,3,2,19,9,18.212372
2017-03-27,425,401,24,3,2,19,9,18.190371
2017-03-28,426,401,25,3,2,20,9,18.323682
2017-03-29,426,401,25,3,2,20,9,18.333597
2017-03-30,426,401,25,3,2,20,9,18.395841
2017-03-31,426,401,25,3,2,20,9,18.351425
2017-04-03,426,401,25,3,2,20,9,18.316070
2017-04-04,427,402,25,3,2,20,10,18.349567
2017-04-05,428,403,25,3,2,20,10,18.303826
2017-04-06,428,403,25,3,2,20,10,18.336284
2017-04-07,428,403,25,3,2,20,10,18.324052
2017-04-10,428,403,25,3,2,20,10,18.332316
2017-04-11,428,403,25,3,2,20,10,18.308066
2017-04-12,428,403,25,3,2,20,10,18.237544
2017-04-13,428,403,25,3,2,20,10,18.109116
2017-04-17,428,403,25,3,2,20,10,18.261938
2017-04-18,428,403,25,3,2,20,10,18.210142
2017-04-19,428,403,25,3,2,20,10,18.170000
2017-04-20,428,403,25,3,2,20,10,18.306779
2017-04-21,428,403,25,3,2,20,10,18.252759
2017-04-24,428,403,25,3,2,20,10,18.442518
2017-04-25,428,403,25,3,2,20,10,18.545022
2017-04-26,428,403,25,3,2,20,10,18.533925
2017-04-27,428,403,25,3,2,20,10,18.540173
2017-04-28,428,403,25,3,2,20,10,18.480517
2017-05-01,428,403,25,3,2,20,10,18.505442
2017-05-02,428,403,25,3,2,20,10,18.514716
2017-05-03,428,403,25,3,2,20,10,18.491623
2017-05-04,428,403,25,3,2,20,10,18.508843
2017-05-05,428,403,25,3,2,20,10,18.585902
2017-05-08,428,403,25,3,2,20,10,18.581128
2017-05-09,428,403,25,3,2,20,10,18.567852
2017-05-10,428,403,25,3,2,20,10,18.588688
2017-05-11,428,403,25,3,2,20,10,18.546840
2017-05-12,428,403,25,3,2,20,10,18.521316
2017-05-15,428,403,25,3,2,20,10,18.614940
2017-05-16,428,403,25,3,2,20,10,18.601994
2017-05-17,428,403,25,3,2,20,10,18.272063
2017-05-18,428,403,25,3,2,20,10,18.340734
2017-05-19,428,403,25,3,2,20,10,18.466502
2017-05-22,428,403,25,3,2,20,10,18.561014
2017-05-23,428,403,25,3,2,20,10,18.602251
2017-05-24,428,403,25,3,2,20,10,18.647643
2017-05-25,428,403,25,3,2,20,10,18.730024
2017-05-26,428,403,25,3,2,20,10,18.734405
2017-05-30,428,403,25,3,2,20,10,18.714324
2017-05-31,428,403,25,3,2,20,10,18.716768
2017-06-01,428,403,25,3,2,20,10,18.858782
2017-06-02,428,403,25,3,2,20,10,18.927497
2017-06-05,428,403,25,3,2,20,10,18.898775
2017-06-06,428,403,25,3,2,20,10,18.846813
2017-06-07,428,403,25,3,2,20,10,18.881393
2017-06-08,428,403,25,3,2,20,10,18.866960
2017-06-09,428,403,25,3,2,20,10,18.869920
2017-06-12,428,403,25,3,2,20,10,18.850240
2017-06-13,428,403,25,3,2,20,10,18.927401
2017-06-14,428,403,25,3,2,20,10,18.907950
2017-06-15,428,403,25,3,2,20,10,18.868183
2017-06-16,428,403,25,3,2,20,10,18.867445
2017-06-19,428,403,25,3,2,20,10,19.044073
2017-06-20,428,403,25,3,2,20,10,18.920316
2017-06-21,428,403,25,3,2,20,10,18.898288
2017-06-22,428,403,25,3,2,20,10,18.898334
2017-06-23,428,403,25,3,2,20,10,18.919162
2017-06-26,428,403,25,3,2,20,10,18.934235
2017-06-27,428,403,25,3,2,20,10,18.796444
2017-06-28,428,403,25,3,2,20,10,18.953739
2017-06-29,428,403,25,3,2,20,10,18.793949
2017-06-30,428,403,25,3,2,20,10,18.830629
2017-07-03,429,404,25,3,2,20,10,18.900867
2017-07-05,429,404,25,3,2,20,10,18.921730
2017-07-06,429,404,25,3,2,20,10,18.747184
2017-07-07,430,405,25,3,2,20,11,18.899629
2017-07-10,430,405,25,3,2,20,11,18.908085
2017-07-11,430,405,25,3,2,20,11,18.888473
2017-07-12,430,405,25,3,2,20,11,19.016530
2017-07-13,430,405,25,3,2,20,11,19.053637
2017-07-14,430,405,25,3,2,20,11,19.143370
2017-07-17,430,405,25,3,2,20,11,19.139665
2017-07-18,430,405,25,3,2,20,11,19.143503
2017-07-19,430,405,25,3,2,20,11,19.238586
2017-07-20,430,405,25,3,2,20,11,19.233844
2017-07-21,430,405,25,3,2,20,11,19.219449
2017-07-24,430,405,25,3,2,20,11,19.191493
2017-07-25,430,405,25,3,2,20,11,19.264469
2017-07-26,432,407,25,3,2,20,11,19.310124
2017-07-27,432,407,25,3,2,20,11,19.284337
2017-07-28,432,407,25,3,2,20,11,19.241446
2017-07-31,432,407,25,3,2,20,11,19.235659
2017-08-01,432,407,25,3,2,20,11,19.277341
2017-08-02,432,407,25,3,2,20,11,19.289561
2017-08-03,432,407,25,3,2,20,11,19.246273
2017-08-04,432,407,25,3,2,20,10,19.275847
2017-08-07,432,407,25,3,2,20,10,19.310451
2017-08-08,431,406,25,3,2,20,10,19.265434
2017-08-09,431,406,25,3,2,20,9,19.259382
2017-08-10,431,406,25,3,2,20,9,18.983294
2017-08-11,431,406,25,3,2,20,9,19.001785
2017-08-14,431,406,25,3,2,20,9,19.193011
2017-08-15,431,406,25,3,2,20,9,19.187767
2017-08-16,431,406,25,3,2,20,9,19.214489
2017-08-17,431,406,25,3,2,20,9,18.918890
2017-08-18,431,406,25,3,2,20,9,18.878158
2017-08-21,431,406,25,3,2,20,9,18.903910
2017-08-22,431,406,25,3,2,20,9,19.084630
2017-08-23,431,406,25,3,2,20,9,19.016050
2017-08-24,431,406,25,3,2,20,9,18.977567
2017-08-25,431,406,25,3,2,20,9,19.015905
2017-08-28,431,406,25,3,2,20,9,19.026918
2017-08-29,431,406,25,3,2,20,9,19.037327
2017-08-30,431,406,25,3,2,20,9,19.117388
2017-08-31,431,406,25,3,2,20,9,19.213310
2017-09-01,426,403,23,3,1,19,8,18.988229
2017-09-05,426,403,23,3,1,19,8,18.855346
2017-09-06,426,403,23,3,1,19,8,18.917850
2017-09-07,425,402,23,3,1,19,8,18.898576
2017-09-08,425,402,23,3,1,19,8,18.875259
2017-09-11,425,402,23,3,1,19,8,19.084143
2017-09-12,425,402,23,3,1,19,8,19.148127
2017-09-13,425,402,23,3,1,19,8,19.158133
2017-09-14,425,402,23,3,1,19,8,19.150025
2017-09-15,425,402,23,3,1,19,8,19.180728
2017-09-18,426,403,23,3,1,19,8,19.228430
2017-09-19,426,403,23,3,1,19,8,19.243121
2017-09-20,426,403,23,3,1,19,8,19.248849
2017-09-21,426,403,23,3,1,19,8,19.188251
2017-09-22,426,403,23,3,1,19,8,19.203946
2017-09-25,426,403,23,3,1,19,8,19.169992
2017-09-26,426,403,23,3,1,19,8,19.173741
2017-09-27,426,403,23,3,1,19,8,19.237556
2017-09-28,426,403,23,3,1,19,8,19.263102
2017-09-29,426,403,23,3,1,19,8,19.322681
2017-10-02,426,403,23,3,1,19,8,19.403814
2017-10-03,426,403,23,3,1,19,8,19.448580
2017-10-04,426,403,23,3,1,19,8,19.481959
2017-10-05,426,403,23,3,1,19,8,19.587688
2017-10-06,426,403,23,3,1,19,8,19.564564
2017-10-09,426,403,23,3,1,19,8,19.537018
2017-10-10,426,403,23,3,1,19,8,19.596250
2017-10-11,426,403,23,3,1,19,8,19.630731
2017-10-12,426,403,23,3,1,19,8,19.601735
2017-10-13,427,404,23,3,1,19,8,19.629905
2017-10-16,427,404,23,3,1,19,8,19.666232
2017-10-17,427,404,23,3,1,19,8,19.673732
2017-10-18,427,404,23,3,1,19,8,19.692709
2017-10-19,427,404,23,3,1,19,8,19.704352
2017-10-20,427,404,23,3,1,19,8,19.815263
2017-10-23,427,404,23,3,1,19,8,19.753935
2017-10-24,427,404,23,3,1,19,8,19.788011
2017-10-25,427,404,23,3,1,19,8,19.697111
2017-10-26,427,404,23,3,1,19,8,19.740258
2017-10-27,427,404,23,3,1,19,8,19.886269
2017-10-30,427,404,23,3,1,19,8,19.821713
2017-10-31,427,404,23,3,1,19,8,19.828414
2017-11-01,427,404,23,3,1,19,8,19.842373
2017-11-02,427,404,23,3,1,19,8,19.869414
2017-11-03,427,404,23,3,1,19,8,19.930499
2017-11-06,427,404,23,3,1,19,8,19.945905
2017-11-07,427,404,23,3,1,19,8,19.931558
2017-11-08,427,404,23,3,1,19,8,19.967101
2017-11-09,427,404,23,3,1,19,8,19.903192
2017-11-10,427,404,23,3,1,19,8,19.887994
2017-11-13,427,404,23,3,1,19,8,19.909941
2017-11-14,427,404,23,3,1,19,8,19.875019
2017-11-15,428,405,23,3,1,19,8,19.779699
2017-11-16,428,405,23,3,1,19,8,19.952521
2017-11-17,428,405,23,3,1,19,8,19.892431
2017-11-20,428,405,23,3,1,19,8,19.924424
2017-11-21,428,405,23,3,1,19,8,20.039035
2017-11-22,428,405,23,3,1,19,8,20.021126
2017-11-24,428,405,23,3,1,19,8,20.063053
2017-11-27,428,405,23,3,1,19,8,20.051621
2017-11-28,428,405,23,3,1,19,8,20.258208
2017-11-29,428,405,23,3,1,19,8,20.270596
2017-11-30,428,405,23,3,1,19,8,20.440060
2017-12-01,428,405,23,3,1,19,8,20.402885
2017-12-04,428,405,23,3,1,19,8,20.379529
2017-12-05,428,405,23,3,1,19,8,20.299248
2017-12-06,428,405,23,3,1,19,8,20.281859
2017-12-07,428,405,23,3,1,19,8,20.328737
2017-12-08,428,405,23,3,1,19,8,20.443471
2017-12-11,428,405,23,3,1,19,8,20.511523
2017-12-12,428,405,23,3,1,19,8,20.546305
2017-12-13,428,405,23,3,1,19,8,20.545166
2017-12-14,428,405,23,3,1,19,8,20.449396
2017-12-15,428,405,23,3,1,19,8,20.617652
2017-12-18,427,404,23,3,1,19,8,20.703361
2017-12-19,427,404,23,3,1,19,8,20.643517
2017-12-20,427,404,23,3,1,19,8,20.627046
2017-12-21,427,404,23,3,1,19,8,20.660439
2017-12-22,427,404,23,3,1,19,8,20.652563
2017-12-26,427,404,23,3,1,19,8,20.633828
2017-12-27,427,404,23,3,1,19,8,20.654395
2017-12-28,427,404,23,3,1,19,8,20.694885
2017-12-29,427,404,23,3,1,19,8,20.585153
2018-01-02,427,404,23,3,1,19,8,20.739200
2018-01-03,428,405,23,3,1,19,8,20.869403
2018-01-04,428,405,23,3,1,19,8,20.961448
2018-01-05,428,405,23,3,1,19,8,21.106654
2018-01-08,428,405,23,3,1,19,8,21.139970
2018-01-09,428,405,23,3,1,19,8,21.167233
2018-01-10,428,405,23,3,1,19,8,21.140607
2018-01-11,428,405,23,3,1,19,8,21.293112
2018-01-12,428,405,23,3,1,19,8,21.453351
2018-01-16,428,405,23,3,1,19,8,21.383723
2018-01-17,429,406,23,3,1,19,8,21.617587
2018-01-18,429,406,23,3,1,19,8,21.580842
2018-01-19,429,406,23,3,1,19,8,21.673594
2018-01-22,429,406,23,3,1,19,8,21.829871
2018-01-23,429,406,23,3,1,19,8,21.864727
2018-01-24,429,406,23,3,1,19,8,21.860686
2018-01-25,429,406,23,3,1,19,8,21.868423
2018-01-26,429,406,23,3,1,19,8,22.137170
2018-01-29,429,406,23,3,1,19,8,21.989779
2018-01-30,429,406,23,3,1,19,8,21.743794
2018-01-31,429,406,23,3,1,19,8,21.752750
2018-02-01,429,406,23,3,1,19,8,21.712146
2018-02-02,429,406,23,3,1,19,8,21.280413
2018-02-05,429,406,23,3,1,19,8,20.408662
2018-02-06,429,406,23,3,1,19,8,20.763640
2018-02-07,429,406,23,3,1,19,8,20.683302
2018-02-08,429,406,23,3,1,19,8,19.912921
2018-02-09,429,406,23,3,1,19,8,20.190456
2018-02-12,429,406,23,3,1,19,8,20.475242
2018-02-13,429,406,23,3,1,19,8,20.548487
2018-02-14,429,406,23,3,1,19,8,20.805830
2018-02-15,429,406,23,3,1,19,8,21.059852
2018-02-16,429,406,23,3,1,19,8,21.070969
2018-02-20,429,406,23,3,1,19,8,20.915767
2018-02-21,429,406,23,3,1,19,8,20.789001
2018-02-22,429,406,23,3,1,19,8,20.815185
2018-02-23,429,406,23,3,1,19,8,21.132631
2018-02-26,429,406,23,3,1,19,8,21.373202
2018-02-27,429,406,23,3,1,19,8,21.104067
2018-02-28,429,406,23,3,1,19,8,20.882293
2018-03-01,429,406,23,3,1,19,8,20.615300
2018-03-02,429,406,23,3,1,19,8,20.711259
2018-03-05,429,406,23,3,1,19,8,20.935514
2018-03-06,429,406,23,3,1,19,8,20.990071
2018-03-07,430,407,23,3,1,19,8,20.975665
2018-03-08,430,407,23,3,1,19,8,21.063465
2018-03-09,430,407,23,3,1,19,8,21.416751
2018-03-12,430,407,23,3,1,19,8,21.393386
2018-03-13,430,407,23,3,1,19,8,21.275961
2018-03-14,430,407,23,3,1,19,8,21.135542
2018-03-15,430,407,23,3,1,19,8,21.125256
2018-03-16,430,407,23,3,1,19,8,21.172928
2018-03-19,431,408,23,3,1,19,8,20.930067
2018-03-20,431,408,23,3,1,19,8,20.972774
2018-03-21,431,408,23,3,1,19,8,20.919000
2018-03-22,431,408,23,3,1,19,8,20.392690
2018-03-23,431,408,23,3,1,19,8,19.963344
2018-03-26,431,408,23,3,1,19,8,20.520273
2018-03-27,431,408,23,3,1,19,8,20.185841
2018-03-28,431,408,23,3,1,19,8,20.119039
2018-03-29,431,408,23,3,1,19,8,20.377978
2018-04-02,431,408,23,3,1,19,8,19.918191
2018-04-03,431,408,23,3,1,19,8,20.180286
2018-04-04,432,409,23,3,1,19,8,20.430246
2018-04-05,432,409,23,3,1,19,8,20.570393
2018-04-06,432,409,23,3,1,19,8,20.112086
2018-04-09,432,409,23,3,1,19,8,20.173319
2018-04-10,432,409,23,3,1,19,8,20.497884
2018-04-11,432,409,23,3,1,19,8,20.379544
2018-04-12,432,409,23,3,1,19,8,20.554991
2018-04-13,432,409,23,3,1,19,8,20.490662
2018-04-16,432,409,23,3,1,19,8,20.655509
2018-04-17,432,409,23,3,1,19,8,20.867983
2018-04-18,432,409,23,3,1,19,8,20.890170
2018-04-19,432,409,23,3,1,19,8,20.758370
2018-04-20,432,409,23,3,1,19,8,20.581041
2018-04-23,432,409,23,3,1,19,8,20.579006
2018-04-24,432,409,23,3,1,19,8,20.326941
2018-04-25,432,409,23,3,1,19,8,20.351921
2018-04-26,432,409,23,3,1,19,8,20.532747
2018-04-27,432,409,23,3,1,19,8,20.557928
2018-04-30,432,409,23,3,1,19,8,20.392709
2018-05-01,432,409,23,3,1,19,8,20.432104
2018-05-02,432,409,23,3,1,19,8,20.258931
2018-05-03,432,409,23,3,1,19,8,20.223533
2018-05-04,432,409,23,3,1,19,8,20.464432
2018-05-07,432,409,23,3,1,19,8,20.529030
2018-05-08,432,409,23,3,1,19,8,20.519217
2018-05-09,432,409,23,3,1,19,8,20.684837
2018-05-10,432,409,23,3,1,19,8,20.867858
2018-05-11,432,409,23,3,1,19,8,20.906373
2018-05-14,432,409,23,3,1,19,8,20.926637
2018-05-15,432,409,23,3,1,19,8,20.793777
2018-05-16,432,409,23,3,1,19,8,20.886146
2018-05-17,432,409,23,3,1,19,8,20.856863
2018-05-18,432,409,23,3,1,19,8,20.811278
2018-05-21,432,409,23,3,1,19,8,20.967296
2018-05-22,432,409,23,3,1,19,8,20.899583
2018-05-23,432,409,23,3,1,19,8,20.965728
2018-05-24,432,409,23,3,1,19,8,20.920642
2018-05-25,432,409,23,3,1,19,8,20.876326
2018-05-29,432,409,23,3,1,19,8,20.631919
2018-05-30,432,409,23,3,1,19,8,20.898144
2018-05-31,432,409,23,3,1,19,8,20.728929
2018-06-01,432,409,23,3,1,19,8,20.941964
2018-06-04,432,409,23,3,1,19,8,21.043177
2018-06-05,432,409,23,3,1,19,9,21.066178
2018-06-06,432,409,23,3,1,19,9,21.260659
2018-06-07,432,409,23,3,1,19,9,21.249622
2018-06-08,431,408,23,3,1,19,9,21.291179
2018-06-11,431,408,23,3,1,19,9,21.304904
2018-06-12,431,408,23,3,1,19,9,21.334375
2018-06-13,431,408,23,3,1,19,9,21.238549
2018-06-14,431,408,23,3,1,19,8,21.269106
2018-06-15,431,408,23,3,1,19,8,21.251098
2018-06-18,430,407,23,3,1,19,8,21.185938
2018-06-19,430,407,23,3,1,19,8,21.102550
2018-06-20,430,407,23,3,1,19,8,21.116661
2018-06-21,430,407,23,3,1,19,8,20.989304
2018-06-22,430,407,23,3,1,19,8,21.024431
2018-06-25,430,407,23,3,1,19,8,20.750441
2018-06-26,430,407,23,3,1,19,8,20.798067
2018-06-27,430,407,23,3,1,19,8,20.622451
2018-06-28,430,407,23,3,1,19,8,20.750755
2018-06-29,430,407,23,3,1,19,8,20.777048
2018-07-02,431,408,23,3,1,19,8,20.842653
2018-07-03,431,408,23,3,1,19,8,20.756878
2018-07-05,431,408,23,3,1,19,8,20.918310
2018-07-06,431,408,23,3,1,19,8,21.085498
2018-07-09,431,408,23,3,1,19,8,21.274180
2018-07-10,431,408,23,3,1,19,8,21.360170
2018-07-11,431,408,23,3,1,19,8,21.205450
2018-07-12,431,408,23,3,1,19,8,21.375619
2018-07-13,431,408,23,3,1,19,8,21.397991
2018-07-16,431,408,23,3,1,19,8,21.385644
2018-07-17,431,408,23,3,1,19,8,21.466200
2018-07-18,431,408,23,3,1,19,8,21.500589
2018-07-19,431,408,23,3,1,19,8,21.412421
2018-07-20,431,408,23,3,1,19,8,21.391438
2018-07-23,431,408,23,3,1,19,8,21.418233
2018-07-24,431,408,23,3,1,19,8,21.496160
2018-07-25,431,408,23,3,1,19,8,21.684974
2018-07-26,432,409,23,3,1,19,8,21.707450
2018-07-27,432,409,23,3,1,19,8,21.578173
2018-07-30,432,409,23,3,1,19,8,21.456884
2018-07-31,432,409,23,3,1,19,8,21.563024
2018-08-01,432,409,23,3,1,19,8,21.527622
2018-08-02,432,409,23,3,1,19,8,21.665729
2018-08-03,432,409,23,3,1,19,8,21.770072
2018-08-06,432,409,23,3,1,19,8,21.819735
2018-08-07,432,409,23,3,1,19,8,21.862536
2018-08-08,432,409,23,3,1,19,7,21.850311
2018-08-09,432,409,23,3,1,19,7,21.809621
2018-08-10,432,409,23,3,1,19,7,21.658716
2018-08-13,432,409,23,3,1,19,7,21.574478
2018-08-14,432,409,23,3,1,19,7,21.707774
2018-08-15,432,409,23,3,1,19,7,21.564383
2018-08-16,432,409,23,3,1,19,7,21.770458
2018-08-17,432,409,23,3,1,19,7,21.849109
2018-08-20,432,409,23,3,1,19,7,21.895458
2018-08-21,432,409,23,3,1,19,7,21.942117
2018-08-22,432,409,23,3,1,19,7,21.929473
2018-08-23,432,409,23,3,1,19,7,21.895239
2018-08-24,432,409,23,3,1,19,7,22.022770
2018-08-27,432,409,23,3,1,19,7,22.179184
2018-08-28,433,410,23,3,1,19,7,22.218952
2018-08-29,433,410,23,3,1,19,7,22.345716
2018-08-30,433,410,23,3,1,19,7,22.251106
2018-08-31,433,410,23,3,1,19,7,22.279333
2018-09-04,436,411,25,3,2,20,7,22.306509
2018-09-05,436,411,25,3,2,20,7,22.246408
2018-09-06,436,411,25,3,2,20,7,22.168902
2018-09-07,437,412,25,3,2,20,7,22.138352
2018-09-10,437,412,25,3,2,20,7,22.183897
2018-09-11,437,412,25,3,2,20,7,22.262726
2018-09-12,437,412,25,3,2,20,7,22.290562
2018-09-13,437,412,25,3,2,20,7,22.409225
2018-09-14,437,412,25,3,2,20,7,22.410409
2018-09-17,437,412,25,3,2,20,7,22.288988
2018-09-18,437,412,25,3,2,20,7,22.414005
2018-09-19,437,412,25,3,2,20,7,22.415860
2018-09-20,437,412,25,3,2,20,7,22.588885
2018-09-21,437,412,25,3,2,20,7,22.599483
2018-09-24,437,412,25,3,2,20,7,22.508773
2018-09-25,437,412,25,3,2,20,7,22.470568
2018-09-26,437,412,25,3,2,20,7,22.385637
2018-09-27,437,412,25,3,2,20,7,22.442230
2018-09-28,437,412,25,3,2,20,7,22.453291
2018-10-01,437,412,25,3,2,20,7,22.537711
2018-10-02,437,412,25,3,2,20,7,22.531784
2018-10-03,437,412,25,3,2,20,7,22.527747
2018-10-04,437,412,25,3,2,20,7,22.356857
2018-10-05,437,412,25,3,2,20,7,22.231008
2018-10-08,437,412,25,3,2,20,7,22.223215
2018-10-09,437,412,25,3,2,20,7,22.198600
2018-10-10,437,412,25,3,2,20,7,21.487767
2018-10-11,437,413,24,3,1,20,7,21.038194
2018-10-12,437,413,24,3,1,20,7,21.302534
2018-10-15,437,413,24,3,1,20,7,21.171830
2018-10-16,437,413,24,3,1,20,7,21.623051
2018-10-17,437,413,24,3,1,20,7,21.623199
2018-10-18,437,413,24,3,1,20,7,21.320799
2018-10-19,437,413,24,3,1,20,7,21.321922
2018-10-22,437,413,24,3,1,20,7,21.242646
2018-10-23,437,413,24,3,1,20,7,21.127743
2018-10-24,437,413,24,3,1,20,7,20.495393
2018-10-25,437,413,24,3,1,20,7,20.868731
2018-10-26,437,413,24,3,1,20,7,20.507088
2018-10-29,437,413,24,3,1,20,7,20.383667
2018-10-30,437,413,24,3,1,20,7,20.687136
2018-10-31,437,413,24,3,1,20,7,20.884793
2018-11-01,437,413,24,3,1,20,7,21.114508
2018-11-02,437,413,24,3,1,20,7,21.011644
2018-11-05,437,413,24,3,1,20,7,21.129632
2018-11-06,438,414,24,3,1,20,7,21.255090
2018-11-07,438,414,24,3,1,20,7,21.694223
2018-11-08,438,414,24,3,1,20,7,21.648958
2018-11-09,438,414,24,3,1,20,6,21.464380
2018-11-12,438,414,24,3,1,20,6,21.042611
2018-11-13,438,414,24,3,1,20,6,21.010291
2018-11-14,438,414,24,3,1,20,6,20.828266
2018-11-15,438,414,24,3,1,20,6,21.044889
2018-11-16,438,414,24,3,1,20,6,21.097741
2018-11-19,438,414,24,3,1,20,6,20.760306
2018-11-20,438,414,24,3,1,20,6,20.365684
2018-11-21,438,414,24,3,1,20,6,20.409728
2018-11-23,438,414,24,3,1,20,6,20.291774
2018-11-26,438,414,24,3,1,20,6,20.597921
2018-11-27,438,414,24,3,1,20,6,20.676020
2018-11-28,438,414,24,3,1,20,6,21.165341
2018-11-29,437,413,24,3,1,20,6,21.035485
2018-11-30,437,413,24,3,1,20,6,21.212317
2018-12-03,439,414,25,4,1,20,6,21.465756
2018-12-04,439,414,25,4,1,20,6,20.837720
2018-12-06,439,414,25,4,1,20,6,20.793704
2018-12-07,439,414,25,4,1,20,6,20.297101
2018-12-10,439,414,25,4,1,20,6,20.333573
2018-12-11,439,414,25,4,1,20,6,20.319053
2018-12-12,439,414,25,4,1,20,6,20.418185
2018-12-13,439,414,25,4,1,20,6,20.421099
2018-12-14,439,414,25,4,1,20,6,20.021777
2018-12-17,439,414,25,4,1,20,6,19.605933
2018-12-18,439,414,25,4,1,20,6,19.602924
2018-12-19,439,414,25,4,1,20,6,19.302753
2018-12-20,439,414,25,4,1,20,6,18.988953
2018-12-21,438,413,25,4,1,20,6,18.570280
2018-12-24,439,414,25,4,1,20,6,18.059722
2018-12-26,439,414,25,4,1,20,6,18.946187
2018-12-27,439,414,25,4,1,20,6,19.111089
2018-12-28,439,414,25,4,1,20,6,19.095130
2018-12-31,439,414,25,4,1,20,6,19.275127
2019-01-02,438,413,25,4,1,20,6,19.274115
2019-01-03,438,413,25,4,1,20,6,18.793371
2019-01-04,438,413,25,4,1,20,6,19.428805
2019-01-07,438,413,25,4,1,20,6,19.570278
2019-01-08,438,413,25,4,1,20,6,19.756587
2019-01-09,438,413,25,4,1,20,6,19.839409
2019-01-10,438,413,25,4,1,20,6,19.933373
2019-01-11,438,413,25,4,1,20,6,19.944269
2019-01-14,438,413,25,4,1,20,6,19.834676
2019-01-15,438,413,25,4,1,20,6,20.036676
2019-01-16,438,413,25,4,1,20,6,20.086338
2019-01-17,438,413,25,4,1,20,6,20.237437
2019-01-18,438,413,25,4,1,20,6,20.503093
2019-01-22,438,413,25,4,1,20,6,20.227949
2019-01-23,438,413,25,4,1,20,6,20.279509
2019-01-24,438,413,25,4,1,20,6,20.301590
2019-01-25,438,413,25,4,1,20,6,20.456654
2019-01-28,438,413,25,4,1,20,6,20.297959
2019-01-29,438,413,25,4,1,20,6,20.277786
2019-01-30,438,413,25,4,1,20,6,20.579867
2019-01-31,438,413,25,4,1,20,6,20.737649
2019-02-01,438,413,25,4,1,20,6,20.748216
2019-02-04,438,413,25,4,1,20,6,20.887408
2019-02-05,438,413,25,4,1,20,6,20.979239
2019-02-06,438,413,25,4,1,20,6,20.957429
2019-02-07,438,413,25,4,1,20,6,20.776541
2019-02-08,438,413,25,4,1,20,6,20.779245
2019-02-11,438,413,25,4,1,20,6,20.793315
2019-02-12,438,413,25,4,1,20,6,21.059622
2019-02-13,438,413,25,4,1,20,6,21.121618
2019-02-14,438,413,25,4,1,20,6,21.058883
2019-02-15,439,414,25,4,1,20,6,21.308442
2019-02-19,439,414,25,4,1,20,6,21.328798
2019-02-20,439,414,25,4,1,20,6,21.366816
2019-02-21,439,414,25,4,1,20,6,21.309592
2019-02-22,439,414,25,4,1,20,6,21.429605
2019-02-25,439,414,25,4,1,20,6,21.448132
2019-02-26,439,414,25,4,1,20,6,21.422972
2019-02-27,439,414,25,4,1,20,6,21.409287
2019-02-28,439,414,25,4,1,20,5,21.346054
2019-03-01,439,414,25,4,1,20,5,21.482858
2019-03-04,439,414,25,4,1,20,5,21.383303
2019-03-05,439,414,25,4,1,20,5,21.341404
2019-03-06,439,414,25,4,1,20,5,21.198874
2019-03-07,439,414,25,4,1,20,5,21.028019
2019-03-08,439,414,25,4,1,20,5,20.983963
2019-03-11,439,414,25,4,1,20,5,21.285545
2019-03-12,439,414,25,4,1,20,5,21.338867
2019-03-13,439,414,25,4,1,20,5,21.490757
2019-03-14,439,414,25,4,1,20,5,21.485652
2019-03-15,439,414,25,4,1,20,5,21.606904
2019-03-18,439,414,25,4,1,20,5,21.698325
2019-03-19,439,414,25,4,1,20,5,21.692312
2019-03-20,439,414,25,4,1,20,5,21.607686
2019-03-21,439,414,25,4,1,20,5,21.844575
2019-03-22,439,414,25,4,1,20,5,21.430413
2019-03-25,439,414,25,4,1,20,5,21.418688
2019-03-26,439,414,25,4,1,20,5,21.577732
2019-03-27,439,414,25,4,1,20,5,21.482534
2019-03-28,439,414,25,4,1,20,5,21.557528
2019-03-29,439,414,25,4,1,20,5,21.703018
2019-04-01,439,414,25,4,1,20,5,21.945893
2019-04-02,438,413,25,4,1,20,5,21.931304
2019-04-03,438,413,25,4,1,20,5,21.914524
2019-04-04,438,413,25,4,1,20,5,21.945054
2019-04-05,438,413,25,4,1,20,5,22.054785
2019-04-08,438,413,25,4,1,20,5,22.082672
2019-04-09,438,413,25,4,1,20,5,21.939016
2019-04-10,438,413,25,4,1,20,5,22.014332
2019-04-11,438,413,25,4,1,20,5,22.012535
2019-04-12,438,413,25,4,1,20,5,22.133415
2019-04-15,438,413,25,4,1,20,5,22.122434
2019-04-16,438,413,25,4,1,20,5,22.130267
2019-04-17,438,413,25,4,1,20,5,22.078364
2019-04-18,438,413,25,4,1,20,5,22.115468
2019-04-22,438,413,25,4,1,20,5,22.129032
2019-04-23,438,413,25,4,1,20,5,22.316299
2019-04-24,438,413,25,4,1,20,5,22.267419
2019-04-25,438,413,25,4,1,20,5,22.245660
2019-04-26,438,413,25,4,1,20,5,22.339191
2019-04-29,438,413,25,4,1,20,5,22.340250
2019-04-30,438,413,25,4,1,20,5,22.410893
2019-05-01,438,413,25,4,1,20,5,22.237344
2019-05-02,438,413,25,4,1,20,5,22.190261
2019-05-03,438,413,25,4,1,20,5,22.394867
2019-05-06,438,413,25,4,1,20,5,22.297500
2019-05-07,438,413,25,4,1,20,5,21.924792
2019-05-08,438,413,25,4,1,20,4,21.882987
2019-05-09,438,413,25,4,1,20,4,21.813207
2019-05-10,438,413,25,4,1,20,4,21.909294
2019-05-13,438,413,25,4,1,20,4,21.386127
2019-05-14,438,413,25,4,1,20,4,21.577775
2019-05-15,438,413,25,4,1,20,4,21.678704
2019-05-16,438,413,25,4,1,20,4,21.875334
2019-05-17,438,413,25,4,1,20,4,21.754834
2019-05-20,438,413,25,4,1,20,4,21.620104
2019-05-21,438,413,25,4,1,20,4,21.789037
2019-05-22,438,413,25,4,1,20,4,21.729860
2019-05-23,438,413,25,4,1,20,4,21.475857
2019-05-24,438,413,25,4,1,20,4,21.510985
2019-05-28,438,413,25,4,1,20,4,21.316540
2019-05-29,438,413,25,4,1,20,4,21.179653
2019-05-30,438,413,25,4,1,20,4,21.224295
2019-05-31,438,413,25,4,1,20,4,20.950825
2019-06-03,438,413,25,4,1,20,4,21.015345
2019-06-04,438,413,25,4,1,20,4,21.467754
2019-06-05,438,413,25,4,1,20,4,21.663971
2019-06-06,438,413,25,4,1,20,4,21.805245
2019-06-07,437,412,25,4,1,20,4,22.024654
2019-06-10,437,412,25,4,1,20,4,22.128965
2019-06-11,438,413,25,4,1,20,4,22.155670
2019-06-12,438,413,25,4,1,20,4,22.125062
2019-06-13,438,413,25,4,1,20,4,22.204487
2019-06-14,438,413,25,4,1,20,4,22.166279
2019-06-17,438,413,25,4,1,20,4,22.168133
2019-06-18,438,413,25,4,1,20,4,22.387395
2019-06-19,438,413,25,4,1,20,4,22.459207
2019-06-20,438,413,25,4,1,20,4,22.677065
2019-06-21,438,413,25,4,1,20,4,22.633120
2019-06-24,438,413,25,4,1,20,4,22.595075
2019-06-25,438,413,25,4,1,20,4,22.378798
2019-06-26,438,413,25,4,1,20,4,22.353662
2019-06-27,438,413,25,4,1,20,4,22.430382
2019-06-28,438,413,25,4,1,20,4,22.550582
2019-07-01,439,413,26,5,1,20,4,22.726714
2019-07-02,439,413,26,5,1,20,4,22.789918
2019-07-03,439,413,26,5,1,20,4,22.966558
2019-07-05,439,413,26,5,1,20,4,22.918353
2019-07-08,439,413,26,5,1,20,4,22.816585
2019-07-09,439,413,26,5,1,20,4,22.837615
2019-07-10,439,413,26,5,1,20,4,22.934503
2019-07-11,439,413,26,5,1,20,4,22.994467
2019-07-12,439,413,26,5,1,20,4,23.095245
2019-07-15,440,414,26,5,1,20,4,23.170877
2019-07-16,440,414,26,5,1,20,4,23.084355
2019-07-17,440,414,26,5,1,20,4,22.943895
2019-07-18,440,414,26,5,1,20,4,23.028311
2019-07-19,440,414,26,5,1,20,4,22.890344
2019-07-22,440,414,26,5,1,20,4,22.953597
2019-07-23,440,414,26,5,1,20,4,23.110213
2019-07-24,440,414,26,5,1,20,4,23.214540
2019-07-25,440,414,26,5,1,20,4,23.093927
2019-07-26,440,414,26,5,1,20,4,23.208550
2019-07-29,440,414,26,5,1,20,4,23.173753
2019-07-30,440,414,26,5,1,20,4,23.111054
2019-07-31,440,414,26,5,1,20,4,22.832144
2019-08-01,440,414,26,5,1,20,4,22.620924
2019-08-02,440,414,26,5,1,20,4,22.447716
2019-08-05,440,414,26,5,1,20,4,21.774892
2019-08-06,440,414,26,5,1,20,4,22.071424
2019-08-07,440,414,26,5,1,20,4,22.079540
2019-08-08,440,414,26,5,1,20,4,22.481654
2019-08-09,442,416,26,5,1,20,4,22.363906
2019-08-12,442,416,26,5,1,20,4,22.094763
2019-08-13,442,416,26,5,1,20,4,22.426244
2019-08-14,442,416,26,5,1,20,4,21.776889
2019-08-15,442,416,26,5,1,20,4,21.833012
2019-08-16,442,416,26,5,1,20,4,22.153507
2019-08-19,442,416,26,5,1,20,4,22.411814
2019-08-20,442,416,26,5,1,20,4,22.237771
2019-08-21,442,416,26,5,1,20,4,22.428636
2019-08-22,442,416,26,5,1,20,4,22.413805
2019-08-23,442,416,26,5,1,20,4,21.854216
2019-08-26,442,416,26,5,1,20,4,22.090980
2019-08-27,442,416,26,5,1,20,4,22.018161
2019-08-28,442,416,26,5,1,20,4,22.162940
2019-08-29,442,416,26,5,1,20,4,22.437088
2019-08-30,442,416,26,5,1,20,4,22.455466
2019-09-03,442,416,26,5,1,20,4,22.319967
2019-09-04,442,416,26,5,1,20,4,22.555085
2019-09-05,442,416,26,5,1,20,4,22.833747
2019-09-06,442,416,26,5,1,20,4,22.858393
2019-09-09,442,416,26,5,1,20,4,22.843359
2019-09-10,442,416,26,5,1,20,4,22.842044
2019-09-11,442,416,26,5,1,20,4,22.999251
2019-09-12,442,416,26,5,1,20,4,23.069802
2019-09-13,442,416,26,5,1,20,4,23.038391
2019-09-16,442,416,26,5,1,20,4,22.959776
2019-09-17,442,416,26,5,1,20,4,23.032382
2019-09-18,442,416,26,5,1,20,4,23.040033
2019-09-19,442,416,26,5,1,20,4,23.041359
2019-09-20,442,416,26,5,1,20,4,22.927031
2019-09-23,443,417,26,5,1,20,4,22.948156
2019-09-24,443,417,26,5,1,20,4,22.768986
2019-09-25,443,417,26,5,1,20,4,22.899098
2019-09-26,443,417,26,5,1,20,4,22.857686
2019-09-27,443,417,26,5,1,20,4,22.742555
2019-09-30,443,417,26,5,1,20,4,22.866737
2019-10-01,443,417,26,5,1,20,4,22.587578
2019-10-02,443,417,26,5,1,20,4,22.180000
2019-10-03,443,417,26,5,1,20,4,22.385973
2019-10-04,443,417,26,5,1,20,4,22.711444
2019-10-07,443,417,26,5,1,20,4,22.608035
2019-10-08,443,417,26,5,1,20,4,22.258361
2019-10-09,443,417,26,5,1,20,4,22.459589
2019-10-10,443,417,26,5,1,20,4,22.607211
2019-10-11,443,417,26,5,1,20,4,22.851231
2019-10-14,443,417,26,5,1,20,4,22.819067
2019-10-15,443,417,26,5,1,20,4,23.029883
2019-10-16,443,417,26,5,1,20,4,22.981528
2019-10-17,443,417,26,5,1,20,4,23.041128
2019-10-18,442,416,26,5,1,20,3,22.935370
2019-10-21,442,416,26,5,1,20,3,23.091278
2019-10-22,442,416,26,5,1,20,3,23.010215
2019-10-23,442,416,26,5,1,20,3,23.059277
2019-10-24,442,416,26,5,1,20,3,23.113411
2019-10-25,442,416,26,5,1,20,3,23.205000
2019-10-28,442,416,26,5,1,20,3,23.315063
2019-10-29,442,416,26,5,1,20,3,23.301391
2019-10-30,442,416,26,5,1,20,3,23.387720
2019-10-31,442,416,26,5,1,20,3,23.332399
2019-11-01,442,416,26,5,1,20,3,23.531611
2019-11-04,442,416,26,5,1,20,3,23.600177
2019-11-05,440,414,26,5,1,20,3,23.524472
2019-11-06,440,414,26,5,1,20,3,23.541171
2019-11-07,440,414,26,5,1,20,3,23.629760
2019-11-08,440,414,26,5,1,20,3,23.687887
2019-11-11,440,414,26,5,1,20,3,23.647483
2019-11-12,440,414,26,5,1,20,3,23.673823
2019-11-13,440,414,26,5,1,20,3,23.705286
2019-11-14,440,414,26,5,1,20,3,23.714909
2019-11-15,440,414,26,5,1,20,3,23.883934
2019-11-18,440,414,26,5,1,20,3,23.906241
2019-11-19,440,414,26,5,1,20,3,23.891090
2019-11-20,440,414,26,5,1,20,3,23.805769
2019-11-21,441,415,26,5,1,20,3,23.818477
2019-11-22,441,415,26,5,1,20,3,23.873164
2019-11-25,441,415,26,5,1,20,3,24.050149
2019-11-26,441,415,26,5,1,20,3,24.104220
2019-11-27,441,415,26,5,1,20,3,24.201487
2019-11-29,441,415,26,5,1,20,3,24.106085
2019-12-02,441,415,26,5,1,20,3,23.894621
2019-12-03,441,415,26,5,1,20,3,23.729145
2019-12-04,441,415,26,5,1,20,3,23.866013
2019-12-05,442,416,26,5,1,20,3,23.910061
2019-12-06,442,416,26,5,1,20,3,24.124481
2019-12-09,443,417,26,5,1,20,3,24.055993
2019-12-10,443,417,26,5,1,20,3,24.025301
2019-12-11,443,417,26,5,1,20,3,24.094957
2019-12-12,443,417,26,5,1,20,3,24.315094
2019-12-13,443,417,26,5,1,20,3,24.324439
2019-12-16,443,417,26,5,1,20,3,24.483467
2019-12-17,443,417,26,5,1,20,3,24.498408
2019-12-18,443,417,26,5,1,20,3,24.479254
2019-12-19,443,417,26,5,1,20,3,24.588067
2019-12-20,443,417,26,5,1,20,3,24.713791
2019-12-23,443,417,26,5,1,20,3,24.772209
2019-12-24,443,417,26,5,1,20,3,24.772331
2019-12-26,443,417,26,5,1,20,3,24.896289
2019-12-27,443,417,26,5,1,20,3,24.901296
2019-12-30,443,417,26,5,1,20,3,24.766601
2019-12-31,442,416,26,5,1,20,3,24.820317
2020-01-02,442,416,26,5,1,20,3,25.025832
2020-01-03,442,416,26,5,1,20,3,24.839750
2020-01-06,442,416,26,5,1,20,3,24.903009
2020-01-07,442,416,26,5,1,20,3,24.828400
2020-01-08,442,416,26,5,1,20,3,24.953316
2020-01-09,442,416,26,5,1,20,3,25.117236
2020-01-10,442,416,26,5,1,20,3,25.041971
2020-01-13,442,416,26,5,1,20,3,25.211936
2020-01-14,442,416,26,5,1,20,3,25.177642
2020-01-15,442,416,26,5,1,20,3,25.216141
2020-01-16,442,416,26,5,1,20,3,25.431946
2020-01-17,442,416,26,5,1,20,3,25.516988
2020-01-21,442,416,26,5,1,20,3,25.448994
2020-01-22,442,416,26,5,1,20,3,25.461387
2020-01-23,442,416,26,5,1,20,3,25.499089
2020-01-24,442,416,26,5,1,20,3,25.274555
2020-01-27,442,416,26,5,1,20,3,24.882645
2020-01-28,443,416,27,6,1,20,3,25.131441
2020-01-29,443,416,27,6,1,20,3,25.070464
2020-01-30,443,416,27,6,1,20,3,25.192825
2020-01-31,443,416,27,6,1,20,3,24.768206
2020-02-03,443,416,27,6,1,20,3,24.931109
2020-02-04,443,416,27,6,1,20,3,25.342857
2020-02-05,443,416,27,6,1,20,3,25.632118
2020-02-06,443,416,27,6,1,20,3,25.703795
2020-02-07,443,416,27,6,1,20,3,25.557193
2020-02-10,443,416,27,6,1,20,3,25.745071
2020-02-11,443,416,27,6,1,20,3,25.817639
2020-02-12,443,416,27,6,1,20,3,25.981570
2020-02-13,443,416,27,6,1,20,3,25.932401
2020-02-14,443,416,27,6,1,20,3,25.976315
2020-02-18,443,416,27,6,1,20,3,25.904645
2020-02-19,443,416,27,6,1,20,3,26.023492
2020-02-20,443,416,27,6,1,20,3,25.917172
2020-02-21,443,416,27,6,1,20,3,25.634759
2020-02-24,443,416,27,6,1,20,3,24.824063
2020-02-25,443,416,27,6,1,20,3,24.052596
2020-02-26,442,415,27,6,1,20,3,23.928858
2020-02-27,442,415,27,6,1,20,3,22.877788
2020-02-28,442,415,27,6,1,20,3,22.653391
2020-03-02,443,416,27,6,1,20,3,23.728508
2020-03-03,443,416,27,6,1,20,3,23.103882
2020-03-04,443,416,27,6,1,20,3,24.097297
2020-03-05,443,416,27,6,1,20,3,23.295856
2020-03-06,443,416,27,6,1,20,3,22.910858
2020-03-09,443,416,27,6,1,20,3,21.178662
2020-03-10,444,417,27,6,1,20,3,22.231077
2020-03-11,445,418,27,6,1,20,3,21.151079
2020-03-12,445,418,27,6,1,20,3,19.123051
2020-03-13,445,418,27,6,1,20,3,20.904615
2020-03-16,445,418,27,6,1,20,3,18.406980
2020-03-17,445,418,27,6,1,20,3,19.535750
2020-03-18,446,419,27,6,1,20,3,18.545486
2020-03-19,446,419,27,6,1,20,3,18.602050
2020-03-20,446,419,27,6,1,20,3,17.778576
2020-03-23,446,419,27,6,1,20,3,17.261513
2020-03-24,446,419,27,6,1,20,3,18.883893
2020-03-25,446,419,27,6,1,20,3,19.130866
2020-03-26,446,419,27,6,1,20,3,20.345855
2020-03-27,446,419,27,6,1,20,3,19.669612
2020-03-30,446,419,27,6,1,20,3,20.330053
2020-03-31,446,419,27,6,1,20,3,19.967131
2020-04-01,447,420,27,6,1,20,3,19.105638
2020-04-02,447,420,27,6,1,20,3,19.570886
2020-04-03,447,420,27,6,1,20,3,19.263852
2020-04-06,446,419,27,6,1,20,3,20.624492
2020-04-07,446,419,27,6,1,20,3,20.569483
2020-04-08,446,419,27,6,1,20,3,21.269747
2020-04-09,446,419,27,6,1,20,3,21.583068
2020-04-13,446,419,27,6,1,20,3,21.378269
2020-04-14,446,419,27,6,1,20,3,22.040965
2020-04-15,446,419,27,6,1,20,3,21.546386
2020-04-16,446,419,27,6,1,20,3,21.689855
2020-04-17,446,419,27,6,1,20,3,22.272155
2020-04-20,446,419,27,6,1,20,3,21.864520
2020-04-21,446,419,27,6,1,20,3,21.203351
2020-04-22,446,419,27,6,1,20,3,21.661254
2020-04-23,446,419,27,6,1,20,3,21.629013
2020-04-24,446,419,27,6,1,20,3,21.926991
2020-04-27,446,419,27,6,1,20,3,22.266373
2020-04-28,446,419,27,6,1,20,3,22.160545
2020-04-29,446,419,27,6,1,20,3,22.667530
2020-04-30,446,419,27,6,1,20,3,22.435484
2020-05-01,446,419,27,6,1,20,3,21.768366
2020-05-04,446,419,27,6,1,20,3,21.869056
2020-05-05,446,419,27,6,1,20,3,22.057454
2020-05-06,446,419,27,6,1,20,3,21.924417
2020-05-07,446,419,27,6,1,20,3,22.168689
2020-05-08,446,419,27,6,1,20,3,22.543047
2020-05-11,446,419,27,6,1,20,3,22.541532
2020-05-12,447,420,27,6,1,20,3,22.123078
2020-05-13,447,420,27,6,1,20,3,21.755151
2020-05-14,447,420,27,6,1,20,3,22.014117
2020-05-15,447,420,27,6,1,20,3,22.096992
2020-05-18,447,420,27,6,1,20,3,22.806669
2020-05-19,447,420,27,6,1,20,3,22.556991
2020-05-20,447,420,27,6,1,20,3,22.896031
2020-05-21,447,420,27,6,1,20,3,22.703119
2020-05-22,448,421,27,6,1,20,3,22.776900
2020-05-26,448,421,27,6,1,20,3,23.057519
2020-05-27,448,421,27,6,1,20,3,23.410946
2020-05-28,448,421,27,6,1,20,3,23.378569
2020-05-29,448,421,27,6,1,20,3,23.488906
2020-06-01,448,421,27,6,1,20,3,23.565157
2020-06-02,448,421,27,6,1,20,3,23.762359
2020-06-03,448,421,27,6,1,20,3,24.103600
2020-06-04,448,421,27,6,1,20,3,24.028284
2020-06-05,448,421,27,6,1,20,3,24.644006
2020-06-08,448,421,27,6,1,20,3,24.946071
2020-06-09,449,422,27,6,1,20,3,24.766521
2020-06-10,449,422,27,6,1,20,3,24.652662
2020-06-11,449,422,27,6,1,20,3,23.198676
2020-06-12,449,422,27,6,1,20,3,23.496195
2020-06-15,449,422,27,6,1,20,3,23.684977
2020-06-16,449,422,27,6,1,20,3,24.142622
2020-06-17,449,422,27,6,1,20,3,24.049274
2020-06-18,449,422,27,6,1,20,3,24.075401
2020-06-19,449,422,27,6,1,20,3,23.930052
2020-06-22,451,424,27,6,1,20,3,24.122339
2020-06-23,451,424,27,6,1,20,3,24.221763
2020-06-24,451,424,27,6,1,20,3,23.606289
2020-06-25,451,424,27,6,1,20,3,23.871269
2020-06-26,451,424,27,6,1,20,3,23.346082
2020-06-29,451,424,27,6,1,20,3,23.673414
2020-06-30,451,424,27,6,1,20,3,24.030141
2020-07-01,451,424,27,6,1,20,3,24.128812
2020-07-02,451,424,27,6,1,20,3,24.235529
2020-07-06,451,424,27,6,1,20,3,24.616499
2020-07-07,451,424,27,6,1,20,3,24.350006
2020-07-08,451,424,27,6,1,20,3,24.543959
2020-07-09,451,424,27,6,1,20,3,24.409379
2020-07-10,451,424,27,6,1,20,3,24.658476
2020-07-13,451,424,27,6,1,20,3,24.436145
2020-07-14,451,424,27,6,1,20,3,24.761567
2020-07-15,451,424,27,6,1,20,3,24.986985
2020-07-16,451,424,27,6,1,20,3,24.888651
2020-07-17,451,424,27,6,1,20,3,24.960677
2020-07-20,451,424,27,6,1,20,3,25.172306
2020-07-21,451,424,27,6,1,20,3,25.219447
2020-07-22,451,424,27,6,1,20,3,25.368997
2020-07-23,451,424,27,6,1,20,3,25.068031
2020-07-24,451,424,27,6,1,20,3,24.914803
2020-07-27,451,424,27,6,1,20,3,25.098353
2020-07-28,451,424,27,6,1,20,3,24.949136
2020-07-29,451,424,27,6,1,20,3,25.257352
2020-07-30,451,424,27,6,1,20,3,25.147745
2020-07-31,450,423,27,6,1,20,3,25.267021
2020-08-03,450,423,27,6,1,20,3,25.460635
2020-08-04,450,423,27,6,1,20,3,25.608093
2020-08-05,450,423,27,6,1,20,3,25.785415
2020-08-06,450,423,27,6,1,20,3,25.915946
2020-08-07,450,423,27,6,1,20,3,25.923094
2020-08-10,450,423,27,6,1,20,3,26.018161
2020-08-11,450,423,27,6,1,20,3,25.821416
2020-08-12,450,423,27,6,1,20,3,26.182955
2020-08-13,450,423,27,6,1,20,3,26.121442
2020-08-14,450,423,27,6,1,20,3,26.124719
2020-08-17,450,423,27,6,1,20,3,26.208626
2020-08-18,450,423,27,6,1,20,3,26.257285
2020-08-19,450,423,27,6,1,20,3,26.142401
2020-08-20,450,423,27,6,1,20,3,26.206490
2020-08-21,450,423,27,6,1,20,3,26.312743
2020-08-24,450,423,27,6,1,20,3,26.570474
2020-08-25,450,423,27,6,1,20,3,26.638336
2020-08-26,450,423,27,6,1,20,3,26.859631
2020-08-27,450,423,27,6,1,20,3,26.940746
2020-08-28,450,423,27,6,1,20,3,27.137473
2020-08-31,450,423,27,6,1,20,3,27.087007
2020-09-01,450,423,27,6,1,20,3,27.304548
2020-09-02,450,423,27,6,1,20,3,27.685694
2020-09-03,450,423,27,6,1,20,3,26.710469
2020-09-04,450,423,27,6,1,20,3,26.521785
2020-09-08,450,423,27,6,1,20,3,25.786478
2020-09-09,450,423,27,6,1,20,3,26.329851
2020-09-10,450,423,27,6,1,20,3,25.858707
2020-09-11,450,423,27,6,1,20,3,25.882371
2020-09-14,450,423,27,6,1,20,3,26.231913
2020-09-15,450,423,27,6,1,20,3,26.348127
2020-09-16,450,423,27,6,1,20,3,26.234865
2020-09-17,450,423,27,6,1,20,3,26.032935
2020-09-18,450,423,27,6,1,20,3,25.740916
2020-09-21,449,422,27,6,1,20,3,25.489583
2020-09-22,449,422,27,6,1,20,3,25.751194
2020-09-23,449,422,27,6,1,20,3,25.143585
2020-09-24,449,422,27,6,1,20,3,25.220368
2020-09-25,449,422,27,6,1,20,3,25.627561
2020-09-28,449,422,27,6,1,20,3,26.046522
2020-09-29,449,422,27,6,1,20,3,25.904605
2020-09-30,449,422,27,6,1,20,3,26.127452
2020-10-01,449,422,27,6,1,20,3,26.261242
2020-10-02,449,422,27,6,1,20,3,26.013305
2020-10-05,449,422,27,6,1,20,3,26.482999
2020-10-06,449,422,27,6,1,20,3,26.120170
2020-10-07,450,423,27,6,1,20,3,26.612793
2020-10-08,450,423,27,6,1,20,3,26.806271
2020-10-09,450,423,27,6,1,20,3,27.053745
2020-10-12,450,423,27,6,1,20,3,27.479093
2020-10-13,450,423,27,6,1,20,3,27.303015
2020-10-14,450,423,27,6,1,20,3,27.112533
2020-10-15,450,423,27,6,1,20,3,27.074021
2020-10-16,450,423,27,6,1,20,3,27.065721
2020-10-19,451,424,27,6,1,20,4,26.641528
2020-10-20,451,424,27,6,1,20,4,26.749148
2020-10-21,451,424,27,6,1,20,4,26.629376
2020-10-22,451,424,27,6,1,20,4,26.759785
2020-10-23,451,424,27,6,1,20,4,26.808964
2020-10-26,451,424,27,6,1,20,4,26.334389
2020-10-27,451,424,27,6,1,20,4,26.227679
2020-10-28,451,424,27,6,1,20,4,25.329376
2020-10-29,451,424,27,6,1,20,4,25.601110
2020-10-30,451,424,27,6,1,20,4,25.261981
2020-11-02,451,424,27,6,1,20,4,25.577017
2020-11-03,451,424,27,6,1,20,4,26.050057
2020-11-04,453,426,27,6,1,20,4,26.610215
2020-11-05,453,426,27,6,1,20,4,27.144559
2020-11-06,453,426,27,6,1,20,4,27.145297
2020-11-09,453,426,27,6,1,20,4,27.477458
2020-11-10,453,426,27,6,1,20,4,27.436832
2020-11-11,453,426,27,6,1,20,4,27.659647
2020-11-12,453,426,27,6,1,20,4,27.377050
2020-11-13,453,426,27,6,1,20,4,27.746079
2020-11-16,453,426,27,6,1,20,4,28.069436
2020-11-17,453,426,27,6,1,20,4,27.939238
2020-11-18,453,426,27,6,1,20,4,27.624519
2020-11-19,453,426,27,6,1,20,4,27.736897
2020-11-20,453,426,27,6,1,20,4,27.553885
2020-11-23,453,426,27,6,1,20,4,27.716651
2020-11-24,453,426,27,6,1,20,4,28.150611
2020-11-25,453,426,27,6,1,20,4,28.110363
2020-11-27,453,426,27,6,1,20,4,28.165405
2020-11-30,453,426,27,6,1,20,4,28.056062
2020-12-01,453,426,27,6,1,20,4,28.348784
2020-12-02,453,426,27,6,1,20,4,28.380589
2020-12-03,453,426,27,6,1,20,4,28.363042
2020-12-04,453,426,27,6,1,20,4,28.630934
2020-12-07,453,426,27,6,1,20,4,28.568098
2020-12-08,453,426,27,6,1,20,4,28.665501
2020-12-09,453,426,27,6,1,20,4,28.448594
2020-12-10,453,426,27,6,1,20,4,28.410017
2020-12-11,453,426,27,6,1,20,4,28.375162
2020-12-14,453,426,27,6,1,20,4,28.250423
2020-12-15,453,426,27,6,1,20,4,28.630719
2020-12-16,453,426,27,6,1,20,4,28.694997
2020-12-17,453,426,27,6,1,20,4,28.875606
2020-12-18,453,426,27,6,1,20,4,28.775795
2020-12-21,453,427,26,5,1,20,4,29.320715
2020-12-22,453,427,26,5,1,20,4,29.280446
2020-12-23,453,427,26,5,1,20,4,29.280953
2020-12-24,453,427,26,5,1,20,4,29.390568
2020-12-28,453,427,26,5,1,20,4,29.629778
2020-12-29,453,427,26,5,1,20,4,29.573012
2020-12-30,454,428,26,5,1,20,4,29.659010
2020-12-31,454,428,26,5,1,20,4,29.840591
2021-01-04,454,428,26,5,1,20,4,29.404491
2021-01-05,454,428,26,5,1,20,4,29.607903
2021-01-06,454,428,26,5,1,20,4,29.786421
2021-01-07,455,429,26,5,1,20,4,30.240272
2021-01-08,455,429,26,5,1,20,4,30.423594
2021-01-11,455,429,26,5,1,20,4,30.244574
2021-01-12,455,429,26,5,1,20,4,30.287725
2021-01-13,455,429,26,5,1,20,4,30.355980
2021-01-14,455,429,26,5,1,20,4,30.237342
2021-01-15,455,429,26,5,1,20,4,29.992039
2021-01-19,455,429,26,5,1,20,4,30.194655
2021-01-20,455,429,26,5,1,20,4,30.584614
2021-01-21,456,430,26,5,1,20,4,30.607133
2021-01-22,456,430,26,5,1,20,4,30.498187
2021-01-25,456,430,26,5,1,20,4,30.614578
2021-01-26,456,430,26,5,1,20,4,30.545953
2021-01-27,456,430,26,5,1,20,4,29.782121
2021-01-28,456,430,26,5,1,20,4,30.047302
2021-01-29,456,430,26,5,1,20,4,29.449022
2021-02-01,456,430,26,5,1,20,4,29.913053
2021-02-02,456,430,26,5,1,20,4,30.338905
2021-02-03,456,430,26,5,1,20,4,30.283927
2021-02-04,456,430,26,5,1,20,4,30.640126
2021-02-05,456,430,26,5,1,20,4,30.728854
2021-02-08,456,430,26,5,1,20,4,30.963668
2021-02-09,456,430,26,5,1,20,4,30.905927
2021-02-10,456,430,26,5,1,20,4,30.852344
2021-02-11,456,430,26,5,1,20,4,30.915935
2021-02-12,456,430,26,5,1,20,4,31.052316
2021-02-16,456,430,26,5,1,20,4,31.021192
2021-02-17,456,430,26,5,1,20,4,31.025528
2021-02-18,456,430,26,5,1,20,4,30.885122
2021-02-19,456,430,26,5,1,20,4,30.836573
2021-02-22,456,430,26,5,1,20,4,30.582569
2021-02-23,456,430,26,5,1,20,4,30.612672
2021-02-24,456,430,26,5,1,20,4,30.972392
2021-02-25,457,431,26,5,1,20,4,30.251605
2021-02-26,457,431,26,5,1,20,4,30.093734
2021-03-01,457,431,26,5,1,20,4,30.806788
2021-03-02,457,431,26,5,1,20,4,30.552155
2021-03-03,457,431,26,5,1,20,4,30.149591
2021-03-04,457,431,26,5,1,20,4,29.707064
2021-03-05,457,431,26,5,1,20,4,30.250868
2021-03-08,457,431,26,5,1,20,4,30.137188
2021-03-09,457,431,26,5,1,20,4,30.579390
2021-03-10,457,431,26,5,1,20,4,30.769227
2021-03-11,457,431,26,5,1,20,4,31.043946
2021-03-12,457,431,26,5,1,20,4,31.115286
2021-03-15,457,431,26,5,1,20,4,31.318852
2021-03-16,457,431,26,5,1,20,4,31.241669
2021-03-17,457,431,26,5,1,20,4,31.327317
2021-03-18,459,433,26,5,1,20,4,30.925912
2021-03-19,459,433,26,5,1,20,4,30.866245
2021-03-22,460,433,27,5,2,20,4,31.173533
2021-03-23,460,433,27,5,2,20,4,30.940301
2021-03-24,460,433,27,5,2,20,4,30.790449
2021-03-25,460,433,27,5,2,20,4,30.966427
2021-03-26,460,433,27,5,2,20,4,31.510080
2021-03-29,460,433,27,5,2,20,4,31.454810
2021-03-30,460,433,27,5,2,20,4,31.353607
2021-03-31,460,433,27,5,2,20,4,31.464931
2021-04-01,460,433,27,5,2,20,4,31.802480
2021-04-05,460,433,27,5,2,20,4,32.230658
2021-04-06,460,433,27,5,2,20,4,32.205521
2021-04-07,460,433,27,5,2,20,4,32.232511
2021-04-08,460,433,27,5,2,20,4,32.380113
2021-04-09,460,433,27,5,2,20,4,32.641198
2021-04-12,460,433,27,5,2,20,4,32.654321
2021-04-13,460,433,27,5,2,20,4,32.781357
2021-04-14,460,433,27,5,2,20,4,32.649860
2021-04-15,460,433,27,5,2,20,4,33.004924
2021-04-16,460,433,27,5,2,20,4,33.133277
2021-04-19,460,433,27,5,2,20,4,32.953557
2021-04-20,461,434,27,5,2,20,4,32.733423
2021-04-21,461,434,27,5,2,20,4,33.049641
2021-04-22,461,434,27,5,2,20,4,32.749141
2021-04-23,461,434,27,5,2,20,4,33.082885
2021-04-26,461,434,27,5,2,20,4,33.136518
2021-04-27,461,434,27,5,2,20,4,33.130653
2021-04-28,461,434,27,5,2,20,4,33.201450
2021-04-29,461,434,27,5,2,20,4,33.338457
2021-04-30,461,434,27,5,2,20,3,33.132449
2021-05-03,461,434,27,5,2,20,3,33.241298
2021-05-04,461,434,27,5,2,20,3,33.018402
2021-05-05,461,434,27,5,2,20,3,33.045503
2021-05-06,461,434,27,5,2,20,3,33.302282
2021-05-07,461,434,27,5,2,20,2,33.545454
2021-05-10,461,434,27,5,2,20,2,33.244419
2021-05-11,461,434,27,5,2,20,2,32.963456
2021-05-12,461,434,27,5,2,20,2,32.255876
2021-05-13,461,434,27,5,2,20,2,32.652532
2021-05-14,462,435,27,5,2,20,2,33.137214
2021-05-17,462,435,27,5,2,20,2,33.041721
2021-05-18,462,435,27,5,2,20,2,32.769618
2021-05-19,462,435,27,5,2,20,2,32.651911
2021-05-20,462,435,27,5,2,20,2,32.986853
2021-05-21,462,435,27,5,2,20,2,32.968233
2021-05-24,462,435,27,5,2,20,2,33.265099
2021-05-25,462,435,27,5,2,20,2,33.177216
2021-05-26,462,435,27,5,2,20,2,33.232963
2021-05-27,462,435,27,5,2,20,2,33.263482
2021-05-28,462,435,27,5,2,20,2,33.293677
2021-06-01,462,435,27,5,2,20,2,33.256102
2021-06-02,462,435,27,5,2,20,2,33.311493
2021-06-03,462,435,27,5,2,20,2,33.188329
2021-06-04,462,435,27,5,2,20,2,33.466110
2021-06-07,462,435,27,5,2,20,2,33.423940
2021-06-08,462,435,27,5,2,20,2,33.442627
2021-06-09,462,435,27,5,2,20,2,33.381472
2021-06-10,462,435,27,5,2,20,2,33.536423
2021-06-11,462,435,27,5,2,20,2,33.608575
2021-06-14,462,435,27,5,2,20,2,33.662154
2021-06-15,462,435,27,5,2,20,2,33.596121
2021-06-16,462,435,27,5,2,20,2,33.424086
2021-06-17,462,435,27,5,2,20,2,33.412296
2021-06-18,462,435,27,5,2,20,2,32.986442
2021-06-21,462,435,27,5,2,20,2,33.443032
2021-06-22,462,435,27,5,2,20,2,33.614807
2021-06-23,462,435,27,5,2,20,2,33.579886
2021-06-24,462,435,27,5,2,20,2,33.767967
2021-06-25,462,435,27,5,2,20,2,33.892905
2021-06-28,462,435,27,5,2,20,2,33.945297
2021-06-29,462,435,27,5,2,20,2,33.971521
2021-06-30,462,435,27,5,2,20,2,34.031566
2021-07-01,462,435,27,5,2,20,2,34.199153
2021-07-02,462,435,27,5,2,20,2,34.458071
2021-07-06,462,435,27,5,2,20,2,34.397079
2021-07-07,462,435,27,5,2,20,2,34.533724
2021-07-08,462,435,27,5,2,20,2,34.263461
2021-07-09,462,435,27,5,2,20,2,34.640739
2021-07-12,462,435,27,5,2,20,2,34.750601
2021-07-13,462,435,27,5,2,20,2,34.626214
2021-07-14,462,435,27,5,2,20,2,34.676778
2021-07-15,462,435,27,5,2,20,2,34.575086
2021-07-16,462,435,27,5,2,20,2,34.309117
2021-07-19,462,435,27,5,2,20,2,33.771409
2021-07-20,462,435,27,5,2,20,2,34.280842
2021-07-21,463,436,27,5,2,20,2,34.667889
2021-07-22,463,436,27,5,2,20,2,34.732162
2021-07-23,463,436,27,5,2,20,2,35.007262
2021-07-26,463,436,27,5,2,20,2,35.085280
2021-07-27,463,436,27,5,2,20,2,34.809477
2021-07-28,463,436,27,5,2,20,2,34.734878
2021-07-29,463,436,27,5,2,20,2,34.923882
2021-07-30,463,436,27,5,2,20,2,34.729582
2021-08-02,464,437,27,5,2,20,2,34.745800
2021-08-03,464,437,27,5,2,20,2,35.049393
2021-08-04,464,437,27,5,2,20,2,34.859997
2021-08-05,464,437,27,5,2,20,2,35.053006
2021-08-06,464,437,27,5,2,20,2,35.101340
2021-08-09,464,437,27,5,2,20,2,35.062291
2021-08-10,464,437,27,5,2,20,2,35.092592
2021-08-11,464,437,27,5,2,20,2,35.174848
2021-08-12,464,437,27,5,2,20,2,35.276936
2021-08-13,464,437,27,5,2,20,2,35.339041
2021-08-16,464,437,27,5,2,20,2,35.421794
2021-08-17,464,437,27,5,2,20,2,35.193870
2021-08-18,464,437,27,5,2,20,2,34.810569
2021-08-19,464,437,27,5,2,20,2,34.851655
2021-08-20,464,437,27,5,2,20,2,35.127409
2021-08-23,464,437,27,5,2,20,2,35.413399
2021-08-24,464,437,27,5,2,20,2,35.443416
2021-08-25,464,437,27,5,2,20,2,35.508331
2021-08-26,464,437,27,5,2,20,2,35.299819
2021-08-27,464,437,27,5,2,20,2,35.588366
2021-08-30,465,438,27,5,2,20,2,35.765011
2021-08-31,465,438,27,5,2,20,2,35.711922
2021-09-01,465,438,27,5,2,20,2,35.710090
2021-09-02,465,438,27,5,2,20,2,35.843439
2021-09-03,465,438,27,5,2,20,2,35.831866
2021-09-07,465,438,27,5,2,20,2,35.700021
2021-09-08,465,438,27,5,2,20,2,35.671624
2021-09-09,465,438,27,5,2,20,2,35.492213
2021-09-10,465,438,27,5,2,20,2,35.222314
2021-09-13,465,438,27,5,2,20,2,35.277599
2021-09-14,465,438,27,5,2,20,2,35.059369
2021-09-15,465,438,27,5,2,20,2,35.358101
2021-09-16,465,438,27,5,2,20,2,35.314220
2021-09-17,465,438,27,5,2,20,2,35.019256
2021-09-20,464,438,26,4,2,20,2,34.441101
2021-09-21,464,438,26,4,2,20,2,34.406081
2021-09-22,464,438,26,4,2,20,2,34.778854
2021-09-23,464,438,26,4,2,20,2,35.202725
2021-09-24,464,438,26,4,2,20,2,35.224186
2021-09-27,464,438,26,4,2,20,2,35.118622
2021-09-28,464,438,26,4,2,20,2,34.440960
2021-09-29,464,438,26,4,2,20,2,34.522710
2021-09-30,464,438,26,4,2,20,2,34.095088
2021-10-01,464,438,26,4,2,20,2,34.456802
2021-10-04,464,438,26,4,2,20,2,34.042518
2021-10-05,464,438,26,4,2,20,2,34.378635
2021-10-06,464,438,26,4,2,20,2,34.515047
2021-10-07,464,438,26,4,2,20,2,34.808576
2021-10-08,464,438,26,4,2,20,2,34.721125
2021-10-11,464,438,26,4,2,20,2,34.492991
2021-10-12,464,438,26,4,2,20,2,34.440839
2021-10-13,464,438,26,4,2,20,2,34.536275
2021-10-14,464,438,26,4,2,20,2,35.109104
2021-10-15,464,438,26,4,2,20,2,35.412867
2021-10-18,464,438,26,4,2,20,2,35.514993
2021-10-19,464,438,26,4,2,20,2,35.775411
2021-10-20,464,438,26,4,2,20,2,35.926103
2021-10-21,464,438,26,4,2,20,2,36.030030
2021-10-22,464,438,26,4,2,20,2,36.071728
2021-10-25,464,438,26,4,2,20,2,36.277442
2021-10-26,464,438,26,4,2,20,2,36.357602
2021-10-27,464,438,26,4,2,20,2,36.101752
2021-10-28,464,438,26,4,2,20,2,36.471077
2021-10-29,464,438,26,4,2,20,2,36.482968
2021-11-01,464,438,26,4,2,20,2,36.581801
2021-11-02,464,438,26,4,2,20,2,36.694837
2021-11-03,464,438,26,4,2,20,2,36.937758
2021-11-04,464,438,26,4,2,20,2,37.085886
2021-11-05,464,438,26,4,2,20,2,37.213546
2021-11-08,464,438,26,4,2,20,2,37.228662
2021-11-09,464,438,26,4,2,20,2,37.078379
2021-11-10,464,438,26,4,2,20,2,36.814931
2021-11-11,464,438,26,4,2,20,2,36.825344
2021-11-12,464,438,26,4,2,20,2,37.038630
2021-11-15,464,438,26,4,2,20,2,37.021271
2021-11-16,464,438,26,4,2,20,2,37.203359
2021-11-17,464,438,26,4,2,20,2,37.116481
2021-11-18,464,438,26,4,2,20,2,37.256684
2021-11-19,464,438,26,4,2,20,2,37.205661
2021-11-22,464,438,26,4,2,20,2,37.109222
2021-11-23,464,438,26,4,2,20,2,37.169252
2021-11-24,464,438,26,4,2,20,2,37.250944
2021-11-26,464,438,26,4,2,20,2,36.413235
2021-11-29,464,438,26,4,2,20,2,36.888806
2021-11-30,464,438,26,4,2,20,2,36.232880
2021-12-01,464,438,26,4,2,20,2,35.805379
2021-12-02,464,438,26,4,2,20,2,36.307479
2021-12-03,464,438,26,4,2,20,2,36.022599
2021-12-06,464,438,26,4,2,20,2,36.419751
2021-12-07,464,438,26,4,2,20,2,37.170142
2021-12-08,464,438,26,4,2,20,2,37.262129
2021-12-09,464,438,26,4,2,20,2,36.974904
2021-12-10,464,438,26,4,2,20,2,37.355267
2021-12-13,464,438,26,4,2,20,2,36.993473
2021-12-14,465,439,26,4,2,20,2,36.753144
2021-12-15,465,439,26,4,2,20,2,37.362193
2021-12-16,465,439,26,4,2,20,2,37.033502
2021-12-17,465,439,26,4,2,20,2,36.661582
2021-12-20,466,439,27,5,2,20,2,36.241386
2021-12-21,466,439,27,5,2,20,2,36.880443
2021-12-22,466,439,27,5,2,20,2,37.264576
2021-12-23,466,439,27,5,2,20,2,37.506164
2021-12-27,466,439,27,5,2,20,2,38.017641
2021-12-28,466,439,27,5,2,20,2,37.993035
2021-12-29,466,439,27,5,2,20,2,38.053466
2021-12-30,466,439,27,5,2,20,2,37.925835
2021-12-31,466,439,27,5,2,20,2,37.853045
2022-01-03,466,439,27,5,2,20,2,38.128977
2022-01-04,466,439,27,5,2,20,2,38.084557
2022-01-05,466,439,27,5,2,20,2,37.395272
2022-01-06,466,439,27,5,2,20,2,37.322854
2022-01-07,466,439,27,5,2,20,2,37.141120
2022-01-10,467,440,27,5,2,20,2,37.111971
2022-01-11,467,440,27,5,2,20,2,37.441720
2022-01-12,467,440,27,5,2,20,2,37.542348
2022-01-13,467,440,27,5,2,20,2,37.004566
2022-01-14,467,440,27,5,2,20,2,37.010811
2022-01-18,467,440,27,5,2,20,2,36.348301
2022-01-19,467,440,27,5,2,20,2,35.970128
2022-01-20,467,440,27,5,2,20,2,35.581462
2022-01-21,467,440,27,5,2,20,2,34.923438
2022-01-24,467,440,27,5,2,20,2,35.007683
2022-01-25,467,440,27,5,2,20,2,34.601126
2022-01-26,467,440,27,5,2,20,2,34.537927
2022-01-27,467,440,27,5,2,20,2,34.330212
2022-01-28,467,440,27,5,2,20,2,35.162541
2022-01-31,467,440,27,5,2,20,2,35.833665
2022-02-01,467,440,27,5,2,20,2,36.051365
2022-02-02,467,440,27,5,2,20,2,36.269385
2022-02-03,467,440,27,5,2,20,2,35.583395
2022-02-04,467,440,27,5,2,20,2,35.797011
2022-02-07,467,440,27,5,2,20,2,35.721886
2022-02-08,467,440,27,5,2,20,2,36.046671
2022-02-09,467,440,27,5,2,20,2,36.533394
2022-02-10,467,440,27,5,2,20,2,35.863588
2022-02-11,467,440,27,5,2,20,2,35.192769
2022-02-14,467,440,27,5,2,20,2,35.060737
2022-02-15,468,441,27,5,2,20,2,35.648288
2022-02-16,468,441,27,5,2,20,2,35.684349
2022-02-17,468,441,27,5,2,20,2,34.950432
2022-02-18,468,441,27,5,2,20,2,34.697389
2022-02-22,468,441,27,5,2,20,2,34.313577
2022-02-23,468,441,27,5,2,20,2,33.668599
2022-02-24,468,441,27,5,2,20,2,34.133571
2022-02-25,468,441,27,5,2,20,2,34.893320
2022-02-28,468,441,27,5,2,20,2,34.789850
2022-03-01,468,441,27,5,2,20,2,34.251216
2022-03-02,469,442,27,5,2,20,2,34.918382
2022-03-03,469,442,27,5,2,20,2,34.730655
2022-03-04,469,442,27,5,2,20,2,34.474979
2022-03-07,469,442,27,5,2,20,2,33.478220
2022-03-08,469,442,27,5,2,20,2,33.198774
2022-03-09,469,442,27,5,2,20,2,34.014435
2022-03-10,469,442,27,5,2,20,2,33.892054
2022-03-11,469,442,27,5,2,20,2,33.471747
2022-03-14,469,442,27,5,2,20,2,33.244265
2022-03-15,469,442,27,5,2,20,2,33.964946
2022-03-16,469,442,27,5,2,20,2,34.696501
2022-03-17,469,442,27,5,2,20,2,35.127866
2022-03-18,469,442,27,5,2,20,2,35.529397
2022-03-21,469,442,27,5,2,20,2,35.509865
2022-03-22,469,442,27,5,2,20,2,35.894585
2022-03-23,469,442,27,5,2,20,2,35.453009
2022-03-24,469,442,27,5,2,20,2,35.939270
2022-03-25,469,442,27,5,2,20,2,36.109486
2022-03-28,469,442,27,5,2,20,2,36.409552
2022-03-29,469,442,27,5,2,20,2,36.864980
2022-03-30,469,442,27,5,2,20,2,36.628419
2022-03-31,469,442,27,5,2,20,2,36.068703
2022-04-01,469,442,27,5,2,20,2,36.190901
2022-04-04,470,443,27,5,2,20,2,36.488985
2022-04-05,470,443,27,5,2,20,2,36.026873
2022-04-06,470,443,27,5,2,20,2,35.716120
2022-04-07,470,443,27,5,2,20,2,35.884626
2022-04-08,470,443,27,5,2,20,2,35.789018
2022-04-11,471,444,27,5,2,20,2,35.203115
2022-04-12,471,444,27,5,2,20,2,35.101704
2022-04-13,471,444,27,5,2,20,2,35.511737
2022-04-14,471,444,27,5,2,20,2,35.100450
2022-04-18,471,444,27,5,2,20,2,35.076028
2022-04-19,471,444,27,5,2,20,2,35.639479
2022-04-20,471,444,27,5,2,20,2,35.667181
2022-04-21,471,444,27,5,2,20,2,35.201259
2022-04-22,471,444,27,5,2,20,2,34.225871
2022-04-25,471,444,27,5,2,20,2,34.412485
2022-04-26,471,444,27,5,2,20,2,33.468701
2022-04-27,471,444,27,5,2,20,2,33.619384
2022-04-28,471,444,27,5,2,20,2,34.371839
2022-04-29,471,444,27,5,2,20,2,33.053055
2022-05-02,471,444,27,5,2,20,2,33.201955
2022-05-03,471,444,27,5,2,20,2,33.294090
2022-05-04,471,444,27,5,2,20,2,34.340028
2022-05-05,471,444,27,5,2,20,2,33.130845
2022-05-06,471,444,27,5,2,20,2,32.951774
2022-05-09,471,444,27,5,2,20,2,31.857023
2022-05-10,471,444,27,5,2,20,2,31.914838
2022-05-11,471,444,27,5,2,20,2,31.360119
2022-05-12,472,445,27,5,2,20,2,31.331547
2022-05-13,472,445,27,5,2,20,2,32.083769
2022-05-16,472,445,27,5,2,20,2,31.956005
2022-05-17,472,445,27,5,2,20,2,32.589337
2022-05-18,472,445,27,5,2,20,2,31.256075
2022-05-19,472,445,27,5,2,20,2,31.074317
2022-05-20,472,445,27,5,2,20,2,31.081663
2022-05-23,472,445,27,5,2,20,2,31.661937
2022-05-24,472,445,27,5,2,20,2,31.479627
2022-05-25,472,445,27,5,2,20,2,31.791348
2022-05-26,472,445,27,5,2,20,2,32.418399
2022-05-27,472,445,27,5,2,20,2,33.211285
2022-05-31,472,445,27,5,2,20,2,32.992899
2022-06-01,472,445,27,5,2,20,2,32.745807
2022-06-02,472,445,27,5,2,20,2,33.324519
2022-06-03,472,445,27,5,2,20,2,32.777745
2022-06-06,472,445,27,5,2,20,2,32.855364
2022-06-07,472,445,27,5,2,20,2,33.174062
2022-06-08,473,446,27,5,2,20,2,32.830245
2022-06-09,473,446,27,5,2,20,2,32.058205
2022-06-10,473,446,27,5,2,20,2,31.131895
2022-06-13,473,446,27,5,2,20,2,29.937966
2022-06-14,473,446,27,5,2,20,2,29.834172
2022-06-15,473,446,27,5,2,20,2,30.255844
2022-06-16,473,446,27,5,2,20,2,29.286806
2022-06-17,473,446,27,5,2,20,2,29.346347
2022-06-21,472,447,25,5,2,18,2,30.150603
2022-06-22,472,447,25,5,2,18,2,30.118119
2022-06-23,472,447,25,5,2,18,2,30.419387
2022-06-24,472,447,25,5,2,18,2,31.303037
2022-06-27,472,447,25,5,2,18,2,31.221216
2022-06-28,472,447,25,5,2,18,2,30.603596
2022-06-29,472,447,25,5,2,18,2,30.589495
2022-06-30,472,447,25,5,2,18,2,30.346945
2022-07-01,472,447,25,5,2,18,2,30.692403
2022-07-05,472,447,25,5,2,18,2,30.687485
2022-07-06,472,447,25,5,2,18,2,30.790571
2022-07-07,472,447,25,5,2,18,2,31.219716
2022-07-08,472,447,25,5,2,18,2,31.192263
2022-07-11,472,447,25,5,2,18,2,30.870730
2022-07-12,472,447,25,5,2,18,2,30.588337
2022-07-13,472,447,25,5,2,18,2,30.473741
2022-07-14,472,447,25,5,2,18,2,30.419663
2022-07-15,472,447,25,5,2,18,2,31.005459
2022-07-18,472,447,25,5,2,18,2,30.751695
2022-07-19,472,447,25,5,2,18,2,31.569789
2022-07-20,472,447,25,5,2,18,2,31.747057
2022-07-21,472,447,25,5,2,18,2,32.097129
2022-07-22,472,447,25,5,2,18,2,31.890146
2022-07-25,472,447,25,5,2,18,2,31.939095
2022-07-26,472,447,25,5,2,18,2,31.577270
2022-07-27,472,447,25,5,2,18,2,32.327616
2022-07-28,472,447,25,5,2,18,2,32.731883
2022-07-29,472,447,25,5,2,18,2,33.198053
2022-08-01,472,447,25,5,2,18,2,33.120119
2022-08-02,472,447,25,5,2,18,2,32.878524
2022-08-03,472,447,25,5,2,18,2,33.368873
2022-08-04,472,447,25,5,2,18,2,33.326330
2022-08-05,472,447,25,5,2,18,2,33.256175
2022-08-08,472,447,25,5,2,18,2,33.203444
2022-08-09,472,447,25,5,2,18,2,33.061005
2022-08-10,472,447,25,5,2,18,2,33.749727
2022-08-11,472,447,25,5,2,18,2,33.718243
2022-08-12,472,447,25,5,2,18,2,34.302198
2022-08-15,472,447,25,5,2,18,2,34.451089
2022-08-16,472,447,25,5,2,18,2,34.526985
2022-08-17,472,447,25,5,2,18,2,34.300462
2022-08-18,472,447,25,5,2,18,2,34.369855
2022-08-19,472,447,25,5,2,18,2,33.957878
2022-08-22,472,447,25,5,2,18,2,33.240042
2022-08-23,472,447,25,5,2,18,2,33.167002
2022-08-24,472,447,25,5,2,18,2,33.255308
2022-08-25,472,447,25,5,2,18,2,33.691949
2022-08-26,472,447,25,5,2,18,2,32.578392
2022-08-29,472,447,25,5,2,18,2,32.368714
2022-08-30,472,447,25,5,2,18,2,32.005371
2022-08-31,472,447,25,5,2,18,2,31.740761
2022-09-01,472,447,25,5,2,18,2,31.829857
2022-09-02,472,447,25,5,2,18,2,31.497686
2022-09-06,472,447,25,5,2,18,2,31.384710
2022-09-07,472,447,25,5,2,18,2,31.957449
2022-09-08,472,447,25,5,2,18,2,32.182431
2022-09-09,472,447,25,5,2,18,2,32.658763
2022-09-12,472,447,25,5,2,18,2,33.025334
2022-09-13,472,447,25,5,2,18,2,31.629309
2022-09-14,472,447,25,5,2,18,2,31.745210
2022-09-15,472,447,25,5,2,18,2,31.391610
2022-09-16,472,447,25,5,2,18,2,31.169398
2022-09-19,472,447,25,5,2,18,2,31.429638
2022-09-20,472,447,25,5,2,18,2,31.090370
2022-09-21,472,447,25,5,2,18,2,30.561353
2022-09-22,472,447,25,5,2,18,2,30.277695
2022-09-23,472,447,25,5,2,18,2,29.743648
2022-09-26,472,447,25,5,2,18,2,29.448388
2022-09-27,472,447,25,5,2,18,2,29.393019
2022-09-28,472,447,25,5,2,18,2,29.945553
2022-09-29,472,447,25,5,2,18,2,29.311699
2022-09-30,472,447,25,5,2,18,2,28.859143
2022-10-03,474,449,25,5,2,18,2,29.634857
2022-10-04,474,449,25,5,2,18,2,30.540786
2022-10-05,474,449,25,5,2,18,2,30.483803
2022-10-06,474,449,25,5,2,18,2,30.154769
2022-10-07,474,449,25,5,2,18,2,29.305083
2022-10-10,474,449,25,5,2,18,2,29.090384
2022-10-11,474,449,25,5,2,18,2,28.909356
2022-10-12,475,450,25,5,2,18,2,28.823802
2022-10-13,475,450,25,5,2,18,2,29.576946
2022-10-14,475,450,25,5,2,18,2,28.877883
2022-10-17,475,450,25,5,2,18,2,29.637412
2022-10-18,475,450,25,5,2,18,2,29.986409
2022-10-19,475,450,25,5,2,18,2,29.792941
2022-10-20,475,450,25,5,2,18,2,29.551972
2022-10-21,475,450,25,5,2,18,2,30.283772
2022-10-24,475,450,25,5,2,18,2,30.644702
2022-10-25,475,450,25,5,2,18,2,31.117709
2022-10-26,475,450,25,5,2,18,2,31.004588
2022-10-27,475,450,25,5,2,18,2,30.890262
2022-10-28,475,450,25,5,2,18,2,31.624790
2022-10-31,475,450,25,5,2,18,2,31.420937
2022-11-01,476,451,25,5,2,18,2,31.327921
2022-11-02,476,451,25,5,2,18,2,30.541626
2022-11-03,476,451,25,5,2,18,2,30.235260
2022-11-04,476,451,25,5,2,18,2,30.612830
2022-11-07,476,451,25,5,2,18,2,30.877876
2022-11-08,476,451,25,5,2,18,2,31.042745
2022-11-09,476,451,25,5,2,18,2,30.375516
2022-11-10,476,451,25,5,2,18,2,32.022152
2022-11-11,476,451,25,5,2,18,2,32.281608
2022-11-14,476,451,25,5,2,18,2,31.984209
2022-11-15,476,451,25,5,2,18,2,32.243445
2022-11-16,476,451,25,5,2,18,2,31.979817
2022-11-17,476,451,25,5,2,18,2,31.888344
2022-11-18,476,451,25,5,2,18,2,32.042694
2022-11-21,476,451,25,5,2,18,2,31.931745
2022-11-22,476,451,25,5,2,18,2,32.352854
2022-11-23,476,451,25,5,2,18,2,32.539093
2022-11-25,476,451,25,5,2,18,2,32.545523
2022-11-28,476,451,25,5,2,18,2,32.050833
2022-11-29,476,451,25,5,2,18,2,31.993440
2022-11-30,476,451,25,5,2,18,2,32.952649
2022-12-01,476,451,25,5,2,18,2,32.922790
2022-12-02,476,451,25,5,2,18,2,32.880207
2022-12-05,476,451,25,5,2,18,2,32.280453
2022-12-06,476,451,25,5,2,18,2,31.836270
2022-12-07,476,451,25,5,2,18,2,31.800788
2022-12-08,476,451,25,5,2,18,2,32.064711
2022-12-09,476,451,25,5,2,18,2,31.824418
2022-12-12,476,451,25,5,2,18,2,32.286252
2022-12-13,476,451,25,5,2,18,2,32.481393
2022-12-14,476,451,25,5,2,18,2,32.274759
2022-12-15,476,451,25,5,2,18,2,31.495076
2022-12-16,476,451,25,5,2,18,2,31.130875
2022-12-19,477,452,25,5,2,18,2,30.884843
2022-12-20,477,452,25,5,2,18,2,30.897525
2022-12-21,477,452,25,5,2,18,2,31.363406
2022-12-22,478,453,25,5,2,18,2,30.934926
2022-12-23,478,453,25,5,2,18,2,31.096348
2022-12-27,478,453,25,5,2,18,2,30.982052
2022-12-28,478,453,25,5,2,18,2,30.613425
2022-12-29,478,453,25,5,2,18,2,31.129623
2022-12-30,478,453,25,5,2,18,2,31.051101
2023-01-03,478,453,25,5,2,18,2,30.900886
2023-01-04,478,453,25,5,2,18,2,31.139751
2023-01-05,477,452,25,5,2,18,2,30.785481
2023-01-06,477,452,25,5,2,18,2,31.504466
2023-01-09,477,452,25,5,2,18,2,31.481348
2023-01-10,477,452,25,5,2,18,2,31.699777
2023-01-11,477,452,25,5,2,18,2,32.095695
2023-01-12,477,452,25,5,2,18,2,32.205554
2023-01-13,477,452,25,5,2,18,2,32.335188
2023-01-17,477,452,25,5,2,18,2,32.282978
2023-01-18,477,452,25,5,2,18,2,31.770037
2023-01-19,478,453,25,5,2,18,2,31.509520
2023-01-20,478,453,25,5,2,18,2,32.062122
2023-01-23,478,453,25,5,2,18,2,32.429194
2023-01-24,478,453,25,5,2,18,2,32.429650
2023-01-25,478,453,25,5,2,18,2,32.454519
2023-01-26,478,453,25,5,2,18,2,32.795212
2023-01-27,478,453,25,5,2,18,2,32.863920
2023-01-30,478,453,25,5,2,18,2,32.455589
2023-01-31,478,453,25,5,2,18,2,32.922031
2023-02-01,478,453,25,5,2,18,2,33.271695
2023-02-02,478,453,25,5,2,18,2,33.619546
2023-02-03,478,453,25,5,2,18,2,33.292858
2023-02-06,478,453,25,5,2,18,2,33.101226
2023-02-07,478,453,25,5,2,18,2,33.466612
2023-02-08,478,453,25,5,2,18,2,33.193695
2023-02-09,478,453,25,5,2,18,2,32.957273
2023-02-10,478,453,25,5,2,18,2,33.009298
2023-02-13,478,453,25,5,2,18,2,33.391111
2023-02-14,478,453,25,5,2,18,1,33.383796
2023-02-15,478,453,25,5,2,18,1,33.461556
2023-02-16,478,453,25,5,2,18,1,32.990945
2023-02-17,478,453,25,5,2,18,1,32.912762
2023-02-21,478,453,25,5,2,18,1,32.253220
2023-02-22,478,453,25,5,2,18,1,32.196902
2023-02-23,478,453,25,5,2,18,1,32.360969
2023-02-24,478,453,25,5,2,18,1,32.022978
2023-02-27,478,453,25,5,2,18,1,32.122308
2023-02-28,478,453,25,5,2,18,1,32.003812
2023-03-01,478,453,25,5,2,18,1,31.835496
2023-03-02,478,453,25,5,2,18,1,32.053489
2023-03-03,478,453,25,5,2,18,1,32.556918
2023-03-06,478,453,25,5,2,18,1,32.564089
2023-03-07,478,453,25,5,2,18,1,32.063066
2023-03-08,478,453,25,5,2,18,1,32.100832
2023-03-09,478,453,25,5,2,18,1,31.528780
2023-03-10,478,453,25,5,2,18,1,31.079237
2023-03-13,478,453,25,5,2,18,1,31.041456
2023-03-14,478,453,25,5,2,18,1,31.530880
2023-03-15,480,455,25,5,2,18,2,31.321958
2023-03-16,480,455,25,5,2,18,2,31.831910
2023-03-17,480,455,25,5,2,18,2,31.492353
2023-03-20,480,455,25,5,2,18,2,31.793585
2023-03-21,480,455,25,5,2,18,2,32.174623
2023-03-22,480,455,25,5,2,18,2,31.645307
2023-03-23,480,455,25,5,2,18,2,31.714978
2023-03-24,480,455,25,5,2,18,2,31.890858
2023-03-27,480,455,25,5,2,18,2,31.982011
2023-03-28,480,455,25,5,2,18,2,31.943381
2023-03-29,480,455,25,5,2,18,2,32.405722
2023-03-30,480,455,25,5,2,18,2,32.603549
2023-03-31,480,455,25,5,2,18,2,33.063940
2023-04-03,480,455,25,5,2,18,2,33.173549
2023-04-04,480,455,25,5,2,18,2,32.966932
2023-04-05,480,455,25,5,2,18,2,32.890165
2023-04-06,480,455,25,5,2,18,2,32.958764
2023-04-10,480,455,25,5,2,18,2,33.007723
2023-04-11,480,455,25,5,2,18,2,33.011805
2023-04-12,480,455,25,5,2,18,2,32.868620
2023-04-13,480,455,25,5,2,18,2,33.288566
2023-04-14,480,455,25,5,2,18,2,33.198533
2023-04-17,480,455,25,5,2,18,2,33.347946
2023-04-18,480,455,25,5,2,18,2,33.393412
2023-04-19,480,455,25,5,2,18,2,33.397806
2023-04-20,480,455,25,5,2,18,2,33.173848
2023-04-21,480,455,25,5,2,18,2,33.209803
2023-04-24,480,455,25,5,2,18,2,33.228277
2023-04-25,480,455,25,5,2,18,2,32.711749
2023-04-26,480,455,25,5,2,18,2,32.593833
2023-04-27,480,455,25,5,2,18,2,33.149863
2023-04-28,480,455,25,5,2,18,2,33.428102
2023-05-01,480,455,25,5,2,18,2,33.404130
2023-05-02,480,455,25,5,2,18,2,33.028283
2023-05-03,480,455,25,5,2,18,2,32.805328
2023-05-04,481,456,25,5,2,18,2,32.593914
2023-05-05,481,456,25,5,2,18,2,33.207142
2023-05-08,481,456,25,5,2,18,2,33.200915
2023-05-09,481,456,25,5,2,18,2,33.041882
2023-05-10,481,456,25,5,2,18,2,33.161493
2023-05-11,481,456,25,5,2,18,2,33.048858
2023-05-12,481,456,25,5,2,18,2,32.980661
2023-05-15,481,456,25,5,2,18,2,33.073305
2023-05-16,481,456,25,5,2,18,2,32.820018
2023-05-17,481,456,25,5,2,18,2,33.204811
2023-05-18,481,456,25,5,2,18,2,33.507813
2023-05-19,481,456,25,5,2,18,2,33.451418
2023-05-22,481,456,25,5,2,18,2,33.420109
2023-05-23,481,456,25,5,2,18,2,33.048932
2023-05-24,481,456,25,5,2,18,2,32.810769
2023-05-25,481,456,25,5,2,18,2,33.080907
2023-05-26,481,456,25,5,2,18,2,33.511955
2023-05-30,481,456,25,5,2,18,2,33.522002
2023-05-31,481,456,25,5,2,18,2,33.319366
2023-06-01,481,456,25,5,2,18,2,33.634947
2023-06-02,481,456,25,5,2,18,2,34.126742
2023-06-05,481,456,25,5,2,18,2,34.047613
2023-06-06,481,456,25,5,2,18,2,34.107988
2023-06-07,481,456,25,5,2,18,2,34.020149
2023-06-08,481,456,25,5,2,18,2,34.261863
2023-06-09,481,456,25,5,2,18,2,34.310200
2023-06-12,481,456,25,5,2,18,2,34.641601
2023-06-13,481,456,25,5,2,18,2,34.884346
2023-06-14,481,456,25,5,2,18,2,34.924503
2023-06-15,481,456,25,5,2,18,2,35.337226
2023-06-16,481,456,25,5,2,18,2,35.215498
2023-06-20,482,457,25,5,2,18,2,35.112764
2023-06-21,482,457,25,5,2,18,2,34.951945
2023-06-22,482,457,25,5,2,18,2,35.069720
2023-06-23,482,457,25,5,2,18,2,34.787783
2023-06-26,482,457,25,5,2,18,2,34.677444
2023-06-27,482,457,25,5,2,18,2,35.089073
2023-06-28,482,457,25,5,2,18,2,35.062437
2023-06-29,482,457,25,5,2,18,2,35.249278
2023-06-30,482,457,25,5,2,18,2,35.687978
2023-07-03,482,457,25,5,2,18,2,35.734510
2023-07-05,482,457,25,5,2,18,2,35.624682
2023-07-06,482,457,25,5,2,18,2,35.347101
2023-07-07,482,457,25,5,2,18,2,35.239794
2023-07-10,482,457,25,5,2,18,2,35.348098
2023-07-11,482,457,25,5,2,18,2,35.569726
2023-07-12,482,457,25,5,2,18,2,35.805119
2023-07-13,482,457,25,5,2,18,2,36.061141
2023-07-14,482,457,25,5,2,18,2,36.035540
2023-07-17,482,457,25,5,2,18,2,36.182840
2023-07-18,482,457,25,5,2,18,2,36.459269
2023-07-19,482,457,25,5,2,18,2,36.563495
2023-07-20,482,457,25,5,2,18,2,36.348707
2023-07-21,482,457,25,5,2,18,2,36.374413
2023-07-24,482,457,25,5,2,18,2,36.518140
2023-07-25,482,457,25,5,2,18,2,36.607970
2023-07-26,482,457,25,5,2,18,2,36.507715
2023-07-27,482,457,25,5,2,18,2,36.213152
2023-07-28,482,457,25,5,2,18,2,36.527213
2023-07-31,482,457,25,5,2,18,2,36.595347
2023-08-01,482,457,25,5,2,18,2,36.490789
2023-08-02,482,457,25,5,2,18,2,36.002067
2023-08-03,482,457,25,5,2,18,2,35.898543
2023-08-04,482,457,25,5,2,18,2,35.697105
2023-08-07,482,457,25,5,2,18,2,35.973838
2023-08-08,482,457,25,5,2,18,2,35.822645
2023-08-09,482,457,25,5,2,18,2,35.604034
2023-08-10,482,457,25,5,2,18,2,35.617939
2023-08-11,482,457,25,5,2,18,2,35.585758
2023-08-14,482,457,25,5,2,18,2,35.780767
2023-08-15,482,457,25,5,2,18,2,35.373268
2023-08-16,482,457,25,5,2,18,2,35.116530
2023-08-17,482,457,25,5,2,18,2,34.826534
2023-08-18,482,457,25,5,2,18,2,34.854717
2023-08-21,482,457,25,5,2,18,2,35.094057
2023-08-22,482,457,25,5,2,18,2,34.994052
2023-08-23,482,457,25,5,2,18,2,35.349961
2023-08-24,482,457,25,5,2,18,2,34.873519
2023-08-25,481,456,25,5,2,18,2,35.130826
2023-08-28,481,456,25,5,2,18,2,35.345996
2023-08-29,481,456,25,5,2,18,2,35.845981
2023-08-30,481,456,25,5,2,18,2,35.975751
2023-08-31,481,456,25,5,2,18,2,35.912355
2023-09-01,481,456,25,5,2,18,2,35.976924
2023-09-05,481,456,25,5,2,18,2,35.814322
2023-09-06,481,456,25,5,2,18,2,35.560694
2023-09-07,481,456,25,5,2,18,2,35.441596
2023-09-08,481,456,25,5,2,18,2,35.483636
2023-09-11,481,456,25,5,2,18,2,35.730432
2023-09-12,481,456,25,5,2,18,2,35.519741
2023-09-13,481,456,25,5,2,18,2,35.556931
2023-09-14,481,456,25,5,2,18,2,35.837652
2023-09-15,481,456,25,5,2,18,2,35.409084
2023-09-18,481,455,26,5,2,19,2,35.488837
2023-09-19,481,455,26,5,2,19,2,35.404477
2023-09-20,481,455,26,5,2,19,2,35.114942
2023-09-21,481,455,26,5,2,19,2,34.539029
2023-09-22,481,455,26,5,2,19,2,34.449383
2023-09-25,481,455,26,5,2,19,2,34.579449
2023-09-26,481,455,26,5,2,19,2,34.060002
2023-09-27,481,455,26,5,2,19,2,34.045400
2023-09-28,481,455,26,5,2,19,2,34.230821
2023-09-29,481,455,26,5,2,19,2,34.165950
2023-10-02,481,455,26,5,2,19,2,34.129654
2023-10-03,480,454,26,5,2,19,2,33.661837
2023-10-04,480,454,26,5,2,19,2,33.930854
2023-10-05,480,454,26,5,2,19,2,33.888814
2023-10-06,480,454,26,5,2,19,2,34.258513
2023-10-09,480,454,26,5,2,19,2,34.475963
2023-10-10,480,454,26,5,2,19,2,34.661743
2023-10-11,480,454,26,5,2,19,2,34.783444
2023-10-12,480,454,26,5,2,19,2,34.587717
2023-10-13,480,454,26,5,2,19,2,34.436476
2023-10-16,480,454,26,5,2,19,2,34.794425
2023-10-17,480,454,26,5,2,19,2,34.771280
2023-10-18,481,455,26,5,2,19,2,34.368526
2023-10-19,481,455,26,5,2,19,2,34.063953
2023-10-20,481,455,26,5,2,19,2,33.629997
2023-10-23,481,455,26,5,2,19,2,33.549178
2023-10-24,481,455,26,5,2,19,2,33.771166
2023-10-25,481,455,26,5,2,19,2,33.425881
2023-10-26,481,455,26,5,2,19,2,33.042748
2023-10-27,481,455,26,5,2,19,2,32.847741
2023-10-30,481,455,26,5,2,19,2,33.228202
2023-10-31,481,455,26,5,2,19,2,33.458230
2023-11-01,481,455,26,5,2,19,2,33.809333
2023-11-02,481,455,26,5,2,19,2,34.466225
2023-11-03,481,455,26,5,2,19,2,34.753624
2023-11-06,481,455,26,5,2,19,2,34.826515
2023-11-07,481,455,26,5,2,19,2,34.925487
2023-11-08,481,455,26,5,2,19,2,34.957597
2023-11-09,481,455,26,5,2,19,2,34.660279
2023-11-10,481,455,26,5,2,19,2,35.195865
2023-11-13,481,455,26,5,2,19,2,35.176714
2023-11-14,481,455,26,5,2,19,2,35.848715
2023-11-15,481,455,26,5,2,19,2,35.896283
2023-11-16,481,455,26,5,2,19,2,35.896235
2023-11-17,481,455,26,5,2,19,2,35.959275
2023-11-20,481,455,26,5,2,19,2,36.221456
2023-11-21,481,455,26,5,2,19,2,36.143899
2023-11-22,481,455,26,5,2,19,2,36.271024
2023-11-24,481,455,26,5,2,19,2,36.320823
2023-11-27,481,455,26,5,2,19,2,36.260217
2023-11-28,481,455,26,5,2,19,2,36.287528
2023-11-29,481,455,26,5,2,19,2,36.290793
2023-11-30,481,455,26,5,2,19,2,36.467740
2023-12-01,481,455,26,5,2,19,2,36.703366
2023-12-04,481,455,26,5,2,19,2,36.525716
2023-12-05,481,455,26,5,2,19,2,36.501604
2023-12-06,481,455,26,5,2,19,2,36.363294
2023-12-07,481,455,26,5,2,19,2,36.571129
2023-12-08,481,455,26,5,2,19,2,36.735559
2023-12-11,481,455,26,5,2,19,2,36.912445
2023-12-12,481,455,26,5,2,19,2,37.069223
2023-12-13,481,455,26,5,2,19,2,37.599527
2023-12-14,481,455,26,5,2,19,2,37.760575
2023-12-15,482,456,26,5,2,19,2,37.795613
2023-12-18,483,458,25,4,2,19,2,38.080638
2023-12-19,483,458,25,4,2,19,2,38.289493
2023-12-20,483,458,25,4,2,19,2,37.684125
2023-12-21,483,458,25,4,2,19,2,38.066477
2023-12-22,483,458,25,4,2,19,2,38.114104
2023-12-26,483,458,25,4,2,19,2,38.282162
2023-12-27,483,458,25,4,2,19,2,38.345660
2023-12-28,483,458,25,4,2,19,2,38.359762
2023-12-29,483,458,25,4,2,19,2,38.260183
2024-01-02,483,458,25,4,2,19,2,38.046921
2024-01-03,483,458,25,4,2,19,2,37.710107
2024-01-04,483,458,25,4,2,19,2,37.593361
2024-01-05,483,458,25,4,2,19,2,37.654353
2024-01-08,483,458,25,4,2,19,2,38.175014
2024-01-09,483,458,25,4,2,19,2,38.091977
2024-01-10,483,458,25,4,2,19,2,38.286001
2024-01-11,483,458,25,4,2,19,2,38.269995
2024-01-12,483,458,25,4,2,19,2,38.287344
2024-01-16,483,458,25,4,2,19,2,38.160382
2024-01-17,483,458,25,4,2,19,2,37.940798
2024-01-18,483,458,25,4,2,19,2,38.265313
2024-01-19,483,458,25,4,2,19,2,38.716779
2024-01-22,483,458,25,4,2,19,2,38.811038
2024-01-23,483,458,25,4,2,19,2,38.902914
2024-01-24,483,458,25,4,2,19,2,38.899571
2024-01-25,483,458,25,4,2,19,2,39.050903
2024-01-26,483,458,25,4,2,19,2,39.009632
2024-01-29,483,458,25,4,2,19,2,39.305040
2024-01-30,483,458,25,4,2,19,2,39.289840
2024-01-31,483,458,25,4,2,19,2,38.767560
2024-02-01,483,458,25,4,2,19,2,39.274034
2024-02-02,483,458,25,4,2,19,2,39.517445
2024-02-05,483,458,25,4,2,19,2,39.391186
2024-02-06,483,458,25,4,2,19,2,39.492846
2024-02-07,483,458,25,4,2,19,2,39.792132
2024-02-08,483,458,25,4,2,19,2,39.803449
2024-02-09,483,458,25,4,2,19,2,40.029136
2024-02-12,483,458,25,4,2,19,2,39.990134
2024-02-13,483,458,25,4,2,19,2,39.454629
2024-02-14,483,458,25,4,2,19,2,39.814875
2024-02-15,483,458,25,4,2,19,2,40.058966
2024-02-16,483,458,25,4,2,19,2,39.890607
2024-02-20,483,458,25,4,2,19,2,39.614652
2024-02-21,483,458,25,4,2,19,2,39.677243
2024-02-22,483,458,25,4,2,19,2,40.520467
2024-02-23,483,458,25,4,2,19,2,40.539873
2024-02-26,483,458,25,4,2,19,2,40.472554
2024-02-27,483,458,25,4,2,19,2,40.516667
2024-02-28,483,458,25,4,2,19,2,40.471752
2024-02-29,483,458,25,4,2,19,2,40.635138
2024-03-01,483,458,25,4,2,19,2,40.977206
2024-03-04,483,458,25,4,2,19,2,40.976575
2024-03-05,483,458,25,4,2,19,2,40.548679
2024-03-06,483,458,25,4,2,19,2,40.766462
2024-03-07,483,458,25,4,2,19,2,41.148661
2024-03-08,483,458,25,4,2,19,2,40.852167
2024-03-11,483,458,25,4,2,19,2,40.820771
2024-03-12,483,458,25,4,2,19,2,41.287908
2024-03-13,483,458,25,4,2,19,2,41.185293
2024-03-14,483,458,25,4,2,19,2,41.033066
2024-03-15,483,458,25,4,2,19,2,40.774406
2024-03-18,483,458,25,4,2,19,2,41.031871
2024-03-19,483,458,25,4,2,19,2,41.285160
2024-03-20,483,458,25,4,2,19,2,41.634939
2024-03-21,483,458,25,4,2,19,2,41.780911
2024-03-22,483,458,25,4,2,19,2,41.675934
2024-03-25,484,459,25,4,2,19,2,41.580413
2024-03-26,484,459,25,4,2,19,2,41.460709
2024-03-27,484,459,25,4,2,19,2,41.832687
2024-03-28,484,459,25,4,2,19,2,41.884599
2024-04-01,484,459,25,4,2,19,2,41.735012
2024-04-02,484,459,25,4,2,19,2,41.403079
2024-04-03,482,458,24,3,2,19,2,41.428681
2024-04-04,482,458,24,3,2,19,2,40.925175
2024-04-05,482,458,24,3,2,19,2,41.356804
2024-04-08,482,458,24,3,2,19,2,41.340759
2024-04-09,482,458,24,3,2,19,2,41.381819
2024-04-10,482,458,24,3,2,19,2,40.972737
2024-04-11,482,458,24,3,2,19,2,41.266671
2024-04-12,482,458,24,3,2,19,2,40.678183
2024-04-15,482,458,24,3,2,19,2,40.208872
2024-04-16,482,458,24,3,2,19,2,40.131822
2024-04-17,482,458,24,3,2,19,2,39.875206
2024-04-18,482,458,24,3,2,19,2,39.733767
2024-04-19,482,458,24,3,2,19,2,39.409269
2024-04-22,482,458,24,3,2,19,2,39.745963
2024-04-23,482,458,24,3,2,19,2,40.203882
2024-04-24,482,458,24,3,2,19,1,40.215927
2024-04-25,482,458,24,3,2,19,1,40.167163
2024-04-26,482,458,24,3,2,19,1,40.437440
2024-04-29,482,458,24,3,2,19,1,40.686388
2024-04-30,482,458,24,3,2,19,1,40.040234
2024-05-01,482,458,24,3,2,19,1,39.858786
2024-05-02,482,458,24,3,2,19,1,40.192683
2024-05-03,483,459,24,3,2,19,1,40.725217
2024-05-06,483,459,24,3,2,19,1,41.140869
2024-05-07,483,459,24,3,2,19,1,41.169763
2024-05-08,484,460,24,3,2,19,1,41.211544
2024-05-09,484,460,24,3,2,19,1,41.419367
2024-05-10,484,460,24,3,2,19,1,41.494325
2024-05-13,484,460,24,3,2,19,1,41.496852
2024-05-14,484,460,24,3,2,19,1,41.699739
2024-05-15,484,460,24,3,2,19,1,42.175725
2024-05-16,484,460,24,3,2,19,1,42.095609
2024-05-17,484,460,24,3,2,19,1,42.129954
2024-05-20,484,460,24,3,2,19,1,42.177691
2024-05-21,484,460,24,3,2,19,1,42.298750
2024-05-22,484,460,24,3,2,19,1,42.186918
2024-05-23,484,460,24,3,2,19,1,41.898048
2024-05-24,484,460,24,3,2,19,1,42.165541
2024-05-28,484,460,24,3,2,19,1,42.162364
2024-05-29,484,460,24,3,2,19,1,41.803698
2024-05-30,484,460,24,3,2,19,1,41.583022
2024-05-31,484,460,24,3,2,19,1,41.925604
2024-06-03,484,460,24,3,2,19,1,41.948069
2024-06-04,484,460,24,3,2,19,1,42.032983
2024-06-05,484,460,24,3,2,19,1,42.511918
2024-06-06,484,460,24,3,2,19,1,42.495229
2024-06-07,484,460,24,3,2,19,1,42.469315
2024-06-10,484,460,24,3,2,19,1,42.585276
2024-06-11,484,460,24,3,2,19,1,42.690543
2024-06-12,484,460,24,3,2,19,1,43.073262
2024-06-13,484,460,24,3,2,19,1,43.240317
2024-06-14,484,460,24,3,2,19,1,43.203688
2024-06-17,484,460,24,3,2,19,1,43.564166
2024-06-18,484,460,24,3,2,19,1,43.721599
2024-06-20,484,460,24,3,2,19,1,43.576717
2024-06-21,484,460,24,3,2,19,1,43.487150
2024-06-24,485,460,25,3,2,20,1,43.415675
2024-06-25,485,460,25,3,2,20,1,43.517618
2024-06-26,485,460,25,3,2,20,1,43.603338
2024-06-27,485,460,25,3,2,20,1,43.625057
2024-06-28,485,460,25,3,2,20,1,43.488042
2024-07-01,485,460,25,3,2,20,1,43.623413
2024-07-02,485,460,25,3,2,20,1,43.896057
2024-07-03,485,460,25,3,2,20,1,44.134614
2024-07-05,485,460,25,3,2,20,1,44.279888
2024-07-08,485,460,25,3,2,20,1,44.370548
2024-07-09,485,460,25,3,2,20,1,44.406332
2024-07-10,485,460,25,3,2,20,1,44.851406
2024-07-11,485,460,25,3,2,20,1,44.512993
2024-07-12,485,460,25,3,2,20,1,44.805965
2024-07-15,485,460,25,3,2,20,1,44.920466
2024-07-16,485,460,25,3,2,20,1,45.262097
2024-07-17,485,460,25,3,2,20,1,44.666203
2024-07-18,485,460,25,3,2,20,1,44.291139
2024-07-19,485,460,25,3,2,20,1,43.968191
2024-07-22,485,460,25,3,2,20,1,44.414294
2024-07-23,485,460,25,3,2,20,1,44.294695
2024-07-24,485,460,25,3,2,20,1,43.336808
2024-07-25,485,460,25,3,2,20,1,43.158957
2024-07-26,485,460,25,3,2,20,1,43.632573
2024-07-29,485,460,25,3,2,20,1,43.650897
2024-07-30,485,460,25,3,2,20,1,43.408009
2024-07-31,485,460,25,3,2,20,1,44.120935
2024-08-01,485,460,25,3,2,20,1,43.437331
2024-08-02,485,460,25,3,2,20,1,42.612768
2024-08-05,485,460,25,3,2,20,1,41.406613
2024-08-06,485,460,25,3,2,20,1,41.802902
2024-08-07,485,460,25,3,2,20,1,41.454848
2024-08-08,485,460,25,3,2,20,1,42.399270
2024-08-09,485,460,25,3,2,20,1,42.590745
2024-08-12,485,460,25,3,2,20,1,42.619474
2024-08-13,485,460,25,3,2,20,1,43.340857
2024-08-14,485,460,25,3,2,20,1,43.553541
2024-08-15,485,460,25,3,2,20,1,44.293742
2024-08-16,485,460,25,3,2,20,1,44.388829
2024-08-19,485,460,25,3,2,20,1,44.792955
2024-08-20,485,460,25,3,2,20,1,44.713973
2024-08-21,485,460,25,3,2,20,1,44.913878
2024-08-22,485,460,25,3,2,20,1,44.506467
2024-08-23,485,460,25,3,2,20,1,45.032493
2024-08-26,485,460,25,3,2,20,1,44.890656
2024-08-27,485,460,25,3,2,20,1,44.978452
2024-08-28,485,460,25,3,2,20,1,44.690686
2024-08-29,485,460,25,3,2,20,1,44.691824
2024-08-30,485,460,25,3,2,20,1,45.144731
2024-09-03,485,460,25,3,2,20,1,44.218383
2024-09-04,485,460,25,3,2,20,1,44.147166
2024-09-05,485,460,25,3,2,20,1,44.015116
2024-09-06,485,460,25,3,2,20,1,43.302970
2024-09-09,485,460,25,3,2,20,1,43.864338
2024-09-10,485,460,25,3,2,20,1,44.109148
2024-09-11,485,460,25,3,2,20,1,44.591128
2024-09-12,485,460,25,3,2,20,1,44.895983
2024-09-13,485,460,25,3,2,20,1,45.128866
2024-09-16,485,460,25,3,2,20,1,45.158308
2024-09-17,485,460,25,3,2,20,1,45.123330
2024-09-18,485,460,25,3,2,20,1,44.970645
2024-09-19,485,460,25,3,2,20,1,45.706975
2024-09-20,485,460,25,3,2,20,1,45.609639
2024-09-23,485,457,28,3,2,23,1,45.746123
2024-09-24,485,457,28,3,2,23,1,45.860563
2024-09-25,485,457,28,3,2,23,1,45.775816
2024-09-26,485,457,28,3,2,23,1,45.949012
2024-09-27,485,457,28,3,2,23,1,45.867972
2024-09-30,485,457,28,3,2,23,1,46.043459
2024-10-01,484,456,28,3,2,23,1,45.571651
2024-10-02,484,456,28,3,2,23,1,45.589464
2024-10-03,485,457,28,3,2,23,1,45.505765
2024-10-04,485,457,28,3,2,23,1,45.888821
2024-10-07,485,457,28,3,2,23,1,45.487752
2024-10-08,485,457,28,3,2,23,1,45.933053
2024-10-09,485,457,28,3,2,23,1,46.319214
2024-10-10,485,457,28,3,2,23,1,46.218900
2024-10-11,485,457,28,3,2,23,1,46.481809
2024-10-14,485,457,28,3,2,23,1,46.846498
2024-10-15,485,457,28,3,2,23,1,46.474647
2024-10-16,485,457,28,3,2,23,1,46.730952
2024-10-17,485,457,28,3,2,23,1,46.745785
2024-10-18,485,457,28,3,2,23,1,46.937974
2024-10-21,485,457,28,3,2,23,1,46.833631
2024-10-22,485,457,28,3,2,23,1,46.793940
2024-10-23,485,457,28,3,2,23,1,46.395857
2024-10-24,485,457,28,3,2,23,1,46.514024
2024-10-25,485,457,28,3,2,23,1,46.453002
2024-10-28,485,457,28,3,2,23,1,46.548452
2024-10-29,485,457,28,3,2,23,1,46.560795
2024-10-30,485,457,28,3,2,23,1,46.335072
2024-10-31,485,457,28,3,2,23,1,45.486282
2024-11-01,485,457,28,3,2,23,1,45.685161
2024-11-04,485,457,28,3,2,23,1,45.586395
2024-11-05,485,457,28,3,2,23,1,46.129945
2024-11-06,485,457,28,3,2,23,0,47.283117
2024-11-07,485,457,28,3,2,23,0,47.598819
2024-11-08,485,457,28,3,2,23,0,47.843122
2024-11-11,485,457,28,3,2,23,0,47.882325
2024-11-12,485,457,28,3,2,23,0,47.724187
2024-11-13,485,457,28,3,2,23,0,47.778511
2024-11-14,485,457,28,3,2,23,0,47.484191
2024-11-15,485,457,28,3,2,23,0,46.872975
2024-11-18,485,457,28,3,2,23,0,47.040305
2024-11-19,485,457,28,3,2,23,0,47.204087
2024-11-20,485,457,28,3,2,23,0,47.213852
2024-11-21,485,457,28,3,2,23,0,47.573782
2024-11-22,485,457,28,3,2,23,0,47.779995
2024-11-25,485,457,28,3,2,23,0,47.883513
2024-11-26,486,458,28,3,2,23,0,48.200451
2024-11-27,486,458,28,3,2,23,0,48.005726
2024-11-29,486,458,28,3,2,23,0,48.296560
2024-12-02,486,458,28,3,2,23,0,48.365428
2024-12-03,486,458,28,3,2,23,0,48.352624
2024-12-04,486,458,28,3,2,23,0,48.643997
2024-12-05,486,458,28,3,2,23,0,48.578740
2024-12-06,486,458,28,3,2,23,0,48.671535
2024-12-09,486,458,28,3,2,23,0,48.353839
2024-12-10,486,458,28,3,2,23,0,48.099488
2024-12-11,486,458,28,3,2,23,0,48.392244
2024-12-12,486,458,28,3,2,23,0,48.149586
2024-12-13,486,458,28,3,2,23,0,48.193491
2024-12-16,486,458,28,3,2,23,0,48.322525
2024-12-17,486,458,28,3,2,23,0,48.152598
2024-12-18,486,458,28,3,2,23,0,46.744098
2024-12-19,486,458,28,3,2,23,0,46.698787
2024-12-20,486,458,28,3,2,23,0,47.203467
2024-12-23,488,460,28,3,2,23,0,47.673772
2024-12-24,488,460,28,3,2,23,0,48.224362
2024-12-26,488,460,28,3,2,23,0,48.214934
2024-12-27,488,460,28,3,2,23,0,47.678590
2024-12-30,488,460,28,3,2,23,0,47.161901
2024-12-31,488,460,28,3,2,23,0,46.975160
