date,configuration,nav_pre,gamma_risk,information_ratio,information_ratio_diagonal,information_ratio_without_identity,lowest_volatility_asset,lowest_volatility,alpha_dispersion,cos_theta,psi_unit,psi_mis,forecast_volatility,turnover,trading_cost,status,attempt,rung,relaxed,fell_back,at_lower_bound,largest_weight,effective_assets,family4_has_short,family4_l1_distance,term_alpha,term_risk,term_misalignment,term_trading_cost,adv_participation_binding,adv_participation_multiplier,adv_participation_value,position_box_binding,position_box_multiplier,position_box_value,turnover_binding,turnover_multiplier,turnover_value,w_commodity,w_dev_ex_us_equity,w_em_equity,w_gold,w_govt_10y,w_govt_2y,w_govt_30y,w_govt_5y,w_hy_credit,w_ig_credit,w_tips_10y,w_us_large_equity,w_us_small_equity
2009-05-29,rstr/A_low/spread_low,405994.6505,85.02373363,3.830555351,2.51339121,2.874314644,govt_2y,0.004272390349,0.01339088673,0.842825607,0.08068016538,119.4919709,0.004399652152,1,0.0003818493874,optimal,CLARABEL,0,,False,9,0.9246466456,1.165766983,True,0.670104648,0.009278176868,0.00164579923,0.005176647893,0.0003818493874,False,1.417598756e-11,0.004936170521,False,2.526145251e-10,0.9246466456,False,1.979028493e-11,1,7.393245619e-10,3.497895887e-08,8.118988922e-10,1.36971145e-09,5.50817666e-09,0.9246466456,5.371427435e-10,4.535856935e-08,0.0447895595,1.298289281e-08,0.02869389636,1.771629701e-08,0.001869778511
2009-06-30,rstr/A_low/spread_low,405873.1,29.56211418,1.331855352,0.7989205257,1.205186683,govt_2y,0.006350889451,0.009387951574,0.7000349895,0.03659395991,62.63194736,0.006448131452,0.08934873148,8.936976268e-05,optimal,CLARABEL,0,,False,9,0.909221801,1.204403011,True,0.9938235971,0.004098284023,0.001229145386,0.0005741197017,8.936976268e-05,False,4.196113226e-12,0.0001326686252,False,6.310757816e-11,0.909221801,False,3.074350805e-12,0.08934873148,5.230979712e-10,5.878774858e-10,0.00884626877,0.0318033948,5.11279997e-10,0.909221801,1.745420217e-10,1.53358211e-09,0.05012852722,2.62279362e-09,1.267469834e-09,5.146157113e-10,4.844901609e-10
2009-07-31,rstr/A_low/spread_low,408468.4477,31.57242536,1.422425454,0.8788492776,1.171868984,govt_2y,0.005795750219,0.008003918355,0.7471750311,0.03624261359,98.51774886,0.005831158833,0.02253408798,1.523666011e-05,optimal,CLARABEL,0,,False,10,0.9104558583,1.200005705,True,1.00219856,0.004116470031,0.001073538657,0.0005059002339,1.523666011e-05,False,1.564367793e-12,5.260630229e-05,False,2.314842707e-11,0.9104558583,False,1.055098366e-12,0.02253408798,1.143793505e-10,2.006903148e-10,5.117346444e-10,0.03080020909,3.385744036e-10,0.9104558583,8.560944152e-11,9.948759414e-10,0.05874392387,5.340984775e-09,7.322605798e-10,1.87170956e-10,2.088643213e-10
2009-08-31,rstr/A_low/spread_low,409818.3655,33.95305023,1.529679217,0.6208649107,1.565892531,govt_2y,0.005389281136,0.007182833553,0.7622048832,0.03052659153,108.6135542,0.007654070666,0.4606343472,0.0003096188814,optimal,CLARABEL,0,,False,9,0.6814192425,1.951138894,True,1.448443493,0.001377930093,0.001989132581,2.99011589e-06,0.0003096188814,False,4.122735852e-12,0.001192719539,False,1.676583115e-11,0.6814192425,False,3.484137524e-12,0.4606343472,2.335531082e-10,3.90268608e-10,2.721547196e-09,0.03071520041,8.240263375e-10,0.6814192425,2.092790786e-10,2.217711252e-09,0.09002414219,0.197841406,1.327450388e-09,4.155614803e-10,4.980050063e-10
2009-09-30,rstr/A_low/spread_low,414696.6814,38.85776396,1.750650193,0.6558045996,2.171443475,govt_2y,0.004804675397,0.006493626752,0.8709214257,0.02408293624,181.9205377,0.007226280267,0.08387724353,7.680768573e-05,optimal,CLARABEL,0,,False,9,0.6715406628,1.947340475,True,1.438713992,0.0008138933686,0.002029118492,2.469714455e-07,7.680768573e-05,False,3.069527869e-12,0.0002626654766,False,1.126668015e-11,0.6715406628,False,1.94331774e-12,0.08387724353,1.630390739e-10,6.486504829e-10,2.946336553e-09,0.02449824089,5.659877114e-10,0.6715406628,1.509142323e-10,1.674364512e-09,0.0632176982,0.2407433899,7.41738121e-10,5.70725797e-10,7.300724665e-10
2009-10-30,rstr/A_low/spread_low,414586.4946,59.56165657,2.683418059,0.9116090106,3.264481796,govt_2y,0.004550291059,0.006903827677,0.8430862886,0.04205473974,234.684901,0.00728887702,0.04428553605,1.238122799e-05,optimal,CLARABEL,0,,False,8,0.6795245879,1.940990651,True,1.444853441,-0.0007423689999,0.003164375502,0.0003338712482,1.238122799e-05,False,1.000513219e-11,6.454214554e-05,False,3.457978349e-11,0.6795245879,False,5.6915363e-12,0.04428553605,4.125308136e-10,6.314852341e-10,0.008087204888,0.03285550758,2.392082002e-09,0.6795245879,4.364475331e-10,9.074546647e-09,0.05842440907,0.2211082732,2.517147478e-09,8.654858932e-10,1.076852171e-09
2009-11-30,rstr/A_low/spread_low,420081.0069,72.6327747,3.272308236,1.144057494,3.263079404,govt_2y,0.004310852875,0.006923504703,0.8960789573,0.04017486502,327.1893636,0.007693104314,0.2005314817,5.081411474e-05,optimal,CLARABEL,0,,False,8,0.5952918726,2.419789564,True,1.608010696,-0.001061873841,0.004298687532,0.001184317902,5.081411474e-05,False,9.840951044e-12,0.002237171553,False,2.437971742e-11,0.5952918726,False,5.486415561e-12,0.2005314817,4.816894619e-10,3.698534659e-10,2.290348544e-09,0.05347140316,5.373235615e-09,0.5952918726,3.044165063e-10,0.03883163949,0.1027183738,0.2096866978,2.947933548e-09,8.18119895e-10,5.130559582e-10
2009-12-31,rstr/A_low/spread_low,416845.2775,116.6428918,5.255086246,1.74468073,5.384419136,govt_2y,0.004230732022,0.009571728017,0.9181341339,0.04645910702,248.4076533,0.007813293438,0.2514700736,5.349395458e-05,optimal,CLARABEL,0,,False,8,0.5099297037,3.062780873,True,1.798250938,-0.002164911672,0.007120763273,0.002206511347,5.349395458e-05,False,3.24287554e-11,0.006232096444,False,6.064694313e-11,0.5099297037,False,1.712066682e-11,0.2514700736,1.280150005e-09,8.07250073e-10,5.349329592e-09,0.0606102166,8.15036839e-09,0.5099297037,6.670679422e-10,0.1444905574,0.1168189239,0.1681504815,9.334174453e-08,5.190804037e-09,2.219414992e-09
2010-01-29,rstr/A_low/spread_low,419316.7215,86.44376899,3.894531888,1.492219918,3.741466049,govt_2y,0.004069319326,0.009648294364,0.9512455286,0.03203788945,278.2871053,0.007234584123,0.3451748164,7.069947493e-05,optimal,CLARABEL,0,,False,8,0.5958505895,2.443546283,True,1.658505916,-0.001855509943,0.004524398357,0.001351752336,7.069947493e-05,False,2.728388659e-11,0.008572926738,False,5.922219307e-11,0.5958505895,False,1.593951944e-11,0.3451748164,1.015469765e-09,7.650383974e-10,2.132917739e-09,0.03321043025,5.530439408e-09,0.5958505895,6.79773186e-10,1.048110961e-07,0.1209857865,0.1850789033,0.06487416884,2.535486057e-09,4.108181232e-09
2010-02-26,rstr/A_low/spread_low,422921.0298,62.65346716,2.822712714,0.9096311025,2.970495344,govt_2y,0.003997730605,0.008336975754,0.9492348437,0.02468116025,276.0420529,0.00712086968,0.07599219416,1.102181493e-05,optimal,CLARABEL,0,,False,8,0.5833830192,2.526804969,True,1.713007511,0.0002419194181,0.003176955888,0.0005671109783,1.102181493e-05,False,5.346090992e-12,0.0001204417645,False,1.307777938e-11,0.5833830192,False,2.885103137e-12,0.07599219416,2.030168037e-10,2.444763943e-10,4.934019342e-10,0.0206133052,1.526194216e-09,0.5833830192,1.655353729e-10,6.147272976e-09,0.1293990825,0.1701324547,0.09647212777,6.903189452e-10,1.201471349e-09
2010-03-31,rstr/A_low/spread_low,423790.3471,78.27418496,3.526469437,1.196261241,3.645775271,govt_2y,0.003844726634,0.008068917543,0.9071744134,0.03457273255,230.7287352,0.00705942036,0.2242738325,4.632509556e-05,optimal,CLARABEL,0,,False,9,0.5763678431,2.358792661,True,1.7172396,-0.0004836616783,0.003900826555,0.0009595206666,4.632509556e-05,False,1.004232246e-11,0.0004397470189,False,2.405869609e-11,0.5763678431,False,5.744567989e-12,0.2242738325,3.694663183e-10,3.14863528e-10,6.64507518e-10,0.02673495824,4.923289874e-09,0.5763678431,3.573044202e-10,5.251891205e-08,0.1201306379,0.2767664698,2.834335377e-08,1.132525727e-09,2.293826989e-09
2010-04-30,rstr/A_low/spread_low,430019.3174,84.86499271,3.823403632,1.485660548,3.921994151,govt_2y,0.003705025495,0.009946963094,0.9455766079,0.03667140168,269.2583633,0.007191489392,0.1270413936,6.538469836e-06,optimal,CLARABEL,0,,False,9,0.5213339126,2.470408177,True,1.829384675,-0.0007986405269,0.00438900693,0.0007725693999,6.538469836e-06,False,2.190049967e-12,0.0003284009469,False,4.524904835e-12,0.5213339126,False,1.158694254e-12,0.1270413936,8.609843975e-11,9.85673676e-11,5.292551194e-10,0.01390473559,3.391993152e-10,0.5213339126,5.087268143e-11,7.171614117e-10,0.1210086066,0.3437527212,4.124843672e-10,9.80782109e-10,2.078540122e-08
2010-05-28,rstr/A_low/spread_low,426884.9225,106.6638119,4.80550098,1.871661262,4.996258847,govt_2y,0.004041485501,0.008552079937,0.8263020368,0.06015687974,199.4486573,0.007599197292,0.2345398078,3.942639041e-05,optimal,CLARABEL,0,,False,8,0.4825391562,2.999704754,True,1.949651856,-0.002851010505,0.00615960042,0.001723749168,3.942639041e-05,False,2.254245654e-11,0.0003601259108,False,4.389248605e-11,0.4825391562,False,1.287036762e-11,0.2345398078,5.947795434e-10,5.407989878e-10,1.257375533e-09,0.03682706441,2.85732961e-08,0.4825391562,1.345699095e-09,1.797622126e-08,0.1041121582,0.2816478428,0.09487372044,1.998092601e-09,5.572750419e-09
2010-06-30,rstr/A_low/spread_low,433465.643,51.69591915,2.329044742,0.7779311286,2.974786512,govt_2y,0.003880962955,0.008635698075,0.8028300911,0.03799608133,110.2567337,0.007227456601,0.4505563788,0.0001150643451,optimal,CLARABEL,0,,False,7,0.5878889441,2.536714655,True,1.668751711,0.001574804083,0.002700394698,0.0002839742994,0.0001150643451,False,7.422180085e-12,0.0008254668914,False,1.810538411e-11,0.5878889441,False,4.956169625e-12,0.4505563788,2.315397922e-10,3.119416655e-10,8.783952741e-10,0.08914929572,0.04883445033,0.5878889441,1.067708202e-09,0.01403841223,0.08397560971,0.1761132737,7.993573531e-09,9.909136275e-10,2.660383616e-09
2010-07-30,rstr/A_low/spread_low,436046.9474,66.95822747,3.016654122,1.01874853,3.743718388,govt_2y,0.003699605987,0.009839899421,0.8502823771,0.04672421509,134.0004966,0.007353948173,0.2878982482,4.104419125e-05,optimal,CLARABEL,0,,False,7,0.4904045148,2.86573577,True,1.841330142,0.002145803831,0.003621138018,0.0001657566699,4.104419125e-05,False,4.489346052e-12,0.0006304931522,False,9.22346297e-12,0.4904045148,False,3.094100811e-12,0.2878982482,1.457130653e-10,2.160601083e-10,6.663624793e-10,0.05785021965,0.06099442465,0.4904045148,5.112280641e-10,0.01149776642,0.06851021769,0.310742852,2.156191243e-09,4.109152471e-10,7.19604089e-10
2010-08-31,rstr/A_low/spread_low,443064.9874,111.197005,5.009733922,1.800215512,5.310991631,govt_2y,0.003490908069,0.004624542602,0.6188778834,0.06000601557,349.812744,0.00801400161,0.8821462761,0.0002531604928,optimal,CLARABEL,0,,False,8,0.3747698474,3.803252487,True,2.252980031,-0.0003078596628,0.007141541113,0.000740410739,0.0002531604928,False,3.43650864e-11,0.01911736917,False,4.269826987e-11,0.3747698474,False,2.396263937e-11,0.8821462761,1.149880158e-09,1.266334021e-09,4.246159139e-08,0.03278550184,1.369050896e-08,0.2138346717,6.551767173e-10,0.3747698474,0.1445415663,0.2340683384,3.399671398e-09,2.80373688e-09,8.951288133e-09
2010-09-30,rstr/A_low/spread_low,447530.4124,109.4829818,4.932512418,1.785031155,5.631282537,govt_2y,0.003357459231,0.009410250429,0.8730737874,0.06628782265,242.2042905,0.007905052411,0.4521474787,8.258012168e-05,optimal,CLARABEL,0,,False,7,0.3246137604,4.009336311,True,2.021444161,0.001032003569,0.006841575509,0.0007456473797,8.258012168e-05,False,2.753138435e-11,0.009381752363,False,4.272076281e-11,0.3246137604,False,2.127770682e-11,0.4521474787,9.797906436e-10,1.1011205e-09,4.783478629e-09,0.04892677546,0.02201419406,0.3246137604,1.055124593e-09,0.1787133664,0.1164216492,0.3093102392,3.648952954e-09,1.932901811e-09,1.739353873e-09
2010-10-29,rstr/A_low/spread_low,449392.4136,169.3268545,7.628645097,3.220161273,7.938359256,govt_2y,0.003125909133,0.005587178232,0.4971385268,0.06715339376,219.8007714,0.007688107673,0.3799341878,6.744194305e-05,optimal,CLARABEL,0,,False,7,0.3097471646,4.112715762,True,2.050265189,-0.003031914751,0.01000840232,0.001739560763,6.744194305e-05,False,2.721262146e-11,0.006190164572,False,4.47371108e-11,0.3097471646,False,2.007003147e-11,0.3799341878,8.678320552e-10,6.292314005e-10,1.28887978e-09,0.03392316639,0.005396181647,0.2716000616,9.06656706e-10,0.3097471646,0.1771843647,0.2021490514,3.138712947e-09,1.576337342e-09,1.382887754e-09
2010-11-30,rstr/A_low/spread_low,446143.2081,148.8466496,6.705954984,3.358070608,6.622484838,govt_2y,0.003216265235,0.006896162883,0.7029772815,0.04690270189,149.98263,0.007937612834,0.1968413143,3.243467277e-05,optimal,CLARABEL,0,,False,8,0.3439210089,3.874759183,True,1.757631027,-0.004395177362,0.009378186982,0.003113303318,3.243467277e-05,False,1.654431546e-11,0.001986272362,False,3.286147189e-11,0.3439210089,False,1.197702806e-11,0.1968413143,6.367150424e-10,4.466692403e-10,7.870521176e-10,0.02081458893,8.515586548e-09,0.3439210089,6.301624208e-10,0.2642906573,0.2042665288,0.1667071715,3.137729224e-08,1.117691361e-09,1.011224676e-09
2010-12-30,rstr/A_low/spread_low,444483.8572,115.3693877,5.197711352,2.612465332,5.092102604,govt_2y,0.003437182403,0.006715014238,0.6715662587,0.04265101286,132.5320017,0.00748631902,0.3203566133,5.419078102e-05,optimal,CLARABEL,0,,False,8,0.4792337462,3.180251121,True,1.46822839,-0.004137464442,0.006465874158,0.002507127031,5.419078102e-05,False,1.967219921e-11,0.00373154357,False,4.791775414e-11,0.4792337462,False,1.522865752e-11,0.3203566133,7.39912434e-10,5.151811478e-10,8.05407212e-10,0.04638522442,3.194945666e-08,0.4792337462,1.319775281e-09,0.1744066335,0.2100456095,0.08992871327,3.439768382e-08,1.557703408e-09,1.934324543e-09
2011-01-31,rstr/A_low/spread_low,445572.44,117.4211047,5.290146903,3.082868234,4.824438522,govt_2y,0.0032662151,0.01031471231,0.9039913803,0.04561608545,180.4202244,0.00742181119,0.0983984821,1.133913709e-05,optimal,CLARABEL,0,,False,8,0.4789886254,3.188484002,True,1.453904031,-0.005081195975,0.006467939748,0.002164737622,1.133913709e-05,False,4.767796681e-12,0.001920770517,False,1.362138705e-11,0.4789886254,False,3.853904504e-12,0.0983984821,2.236938418e-10,1.66408721e-10,2.53405698e-10,0.05280929664,3.397203166e-09,0.4789886254,4.279555138e-10,0.1257869689,0.2302132009,0.1122019004,1.993676744e-09,6.226840513e-10,6.933681325e-10
2011-02-28,rstr/A_low/spread_low,448495.3105,105.4913399,4.752677863,2.561017465,4.140306873,govt_2y,0.00351746477,0.01060998642,0.9734233732,0.008856070645,115.3846238,0.006558555352,0.1688123603,1.349101648e-05,optimal,CLARABEL,0,,False,8,0.5212681668,2.783135457,True,1.429965763,-0.004684486679,0.004537672886,0.001809279973,1.349101648e-05,False,7.757705684e-12,0.0009700123367,False,2.461730472e-11,0.5212681668,False,6.461866376e-12,0.1688123603,1.226351638e-09,5.821339354e-10,4.990712192e-10,0.01488029466,4.871714161e-09,0.5212681668,4.975507146e-10,0.149215239,0.2456410559,0.06899522203,3.312364655e-09,8.496770591e-09,2.147719116e-09
2011-03-31,rstr/A_low/spread_low,448170.9119,130.7480381,5.890562266,3.100138203,4.963067354,govt_2y,0.003577817813,0.01085061366,0.9499783468,0.02546606743,170.5776398,0.007430125832,0.1963695537,6.218667026e-05,optimal,CLARABEL,0,,False,8,0.444871042,3.330120903,True,1.618891367,-0.005340623956,0.007218176852,0.002252336857,6.218667026e-05,False,1.232211225e-11,0.0008485210529,False,3.381331242e-11,0.444871042,False,1.050349854e-11,0.1963695537,1.115390755e-09,4.770994952e-10,4.484089641e-10,0.04355520423,1.646158685e-08,0.444871042,8.187666143e-10,0.127224391,0.2644029771,0.1199463122,5.053558913e-08,1.988558055e-09,1.570578627e-09
2011-04-29,rstr/A_low/spread_low,455169.9138,129.2413895,5.82268356,3.026596148,5.077957328,govt_2y,0.003495458406,0.009893369658,0.9499529705,0.01820152083,146.5795585,0.006940014001,0.06520723611,1.020901051e-05,optimal,CLARABEL,0,,False,8,0.4729218145,3.161482086,True,1.612760046,-0.005486348053,0.006224755702,0.001893003349,1.020901051e-05,False,3.90274051e-12,0.000749453787,False,1.120919894e-11,0.4729218145,False,3.062932083e-12,0.06520723611,3.235806198e-10,1.458660565e-10,1.709136516e-10,0.04410911501,4.921883503e-09,0.4729218145,2.966364916e-10,0.1082860765,0.2536255174,0.1210574632,6.371870143e-09,6.045624087e-10,5.909816903e-10
2011-05-31,rstr/A_low/spread_low,457421.7805,164.3452644,7.404210624,3.755865108,6.679144203,govt_2y,0.003316059517,0.009980775208,0.9138350195,0.03794065253,177.6632507,0.007225368484,0.1488116967,2.358691412e-05,optimal,CLARABEL,0,,False,8,0.3980082433,3.682863948,True,1.803534442,-0.006401001842,0.008579800609,0.001837131239,2.358691412e-05,False,7.552226417e-12,0.0004368328294,False,1.843857062e-11,0.3980082433,False,6.169695351e-12,0.1488116967,3.713661586e-10,2.251785652e-10,2.325028912e-10,0.05446772594,3.695303017e-09,0.3980082433,3.775380362e-10,0.1097865701,0.2527094765,0.1850279692,8.069942126e-09,1.115061551e-09,8.019011536e-10
2011-06-30,rstr/A_low/spread_low,455445.963,136.6486396,6.156400753,2.829802303,5.815069151,govt_2y,0.003230646812,0.004880893629,0.6408943772,0.04502538323,246.7246533,0.007739788878,0.3446766968,8.2235106e-05,optimal,CLARABEL,0,,False,8,0.2846777563,4.121040331,True,2.017427177,-0.00377195398,0.008185845457,0.001426412709,8.2235106e-05,False,8.549678536e-12,0.006586190649,False,1.660243099e-11,0.2846777563,False,7.186128034e-12,0.3446766968,5.083439758e-10,3.20020417e-10,3.590999662e-10,0.05442181443,1.031466663e-08,0.2846777563,4.331463502e-10,0.2814466511,0.2507564609,0.1286972996,2.498958211e-09,2.196864507e-09,1.072507925e-09
2011-07-29,rstr/A_low/spread_low,462845.1167,111.0173847,5.00164153,2.150437432,4.709961684,govt_2y,0.003271475482,0.005046341799,0.8065669297,0.03398835297,293.797882,0.00776684599,0.2593539997,3.621595273e-05,optimal,CLARABEL,0,,False,9,0.3706093482,3.365406275,True,2.002921697,-0.002565789803,0.006697001242,0.001573737316,3.621595273e-05,False,7.353713374e-12,0.003290567167,False,1.752954288e-11,0.3706093482,False,6.47628096e-12,0.2593539997,4.950156591e-10,4.376728638e-10,5.17692065e-10,0.07524031689,3.685451546e-09,0.2942110266,4.63370808e-10,0.3706093482,0.2599392664,1.189039983e-08,1.522778351e-08,7.688833269e-09,1.391173702e-09
2011-08-31,rstr/A_low/spread_low,467899.072,124.5118275,5.609603659,2.247587236,5.479218077,govt_2y,0.003443367393,0.006600273207,0.8522865036,0.05242243082,338.3152986,0.008832674974,0.1040528735,0.0001155932434,optimal,CLARABEL,0,,False,9,0.3834894492,3.255434821,True,1.861393975,-0.002567275439,0.009713933065,0.002745098221,0.0001155932434,False,5.221676547e-12,0.0003279711311,False,1.411928906e-11,0.3834894492,False,4.939996042e-12,0.1040528735,4.160384662e-10,2.466481149e-10,2.788931534e-10,0.07634644923,1.698107183e-09,0.3348781724,2.626577399e-10,0.3834894492,0.2052858961,3.265218376e-09,1.844293026e-08,7.724270309e-09,7.392790097e-10
2011-09-30,rstr/A_low/spread_low,459067.9219,120.2536478,5.417760835,2.157781727,5.387285133,govt_2y,0.00337103791,0.01060092538,0.9143202353,0.06960020219,290.4602714,0.00860501189,0.3088486852,0.0002261482512,optimal,CLARABEL,0,,False,7,0.4214517989,3.243766163,True,1.670702799,-0.002415230374,0.00890432922,0.003760342317,0.0002261482512,False,2.530657756e-11,0.002154816555,False,7.27483789e-11,0.4214517989,False,2.55741897e-11,0.3088486852,1.663857415e-09,1.277203902e-09,9.324805548e-10,0.04493964926,0.04565830773,0.4214517989,5.52924101e-09,0.3299994447,0.1298865765,5.075324995e-09,3.794989474e-09,0.02806420181,2.736020651e-09
2011-10-31,rstr/A_low/spread_low,463895.7272,37.14951395,1.673688785,1.02376807,2.407460269,govt_2y,0.003265293124,0.0179953118,0.9830770315,0.02959123221,209.4521468,0.00903960718,0.4186716135,0.0001921566765,optimal,CLARABEL,0,,False,6,0.5594098653,2.669083848,True,1.371371258,0.002988641144,0.003035653882,0.0001359476578,0.0001921566765,False,1.643695962e-12,0.00319217093,False,6.460756481e-12,0.5594098653,False,1.80167792e-12,0.4186716135,2.886418491e-10,2.968185733e-10,1.167949911e-10,0.04183668306,0.04423055656,0.5594098653,0.04093500971,0.2288191962,0.02846350165,1.736187913e-09,9.530592044e-10,0.05630518373,4.098946528e-10
2011-11-30,rstr/A_low/spread_low,464228.4282,103.1661543,4.647921793,1.974314406,4.969614205,govt_2y,0.003095996698,0.009426370262,0.8875376445,0.08184966794,333.7965035,0.007974011783,0.2955422019,3.138949391e-05,optimal,CLARABEL,0,,False,6,0.4948307501,3.097742959,True,1.520773759,-0.002444730893,0.006559805883,0.003457676015,3.138949391e-05,False,6.652888612e-12,0.0005526459403,False,2.685970342e-11,0.4948307501,False,8.087742881e-12,0.2955422019,4.295925971e-10,3.352325346e-10,2.298555296e-10,0.0332469858,9.67849249e-09,0.4948307501,0.01429684641,0.22829976,0.02664961957,0.1418267697,3.039222106e-09,0.06084925412,6.297096874e-10
2011-12-30,rstr/A_low/spread_low,466991.0201,102.9264891,4.637124209,2.001050717,5.21269611,govt_2y,0.002941484034,0.01173679705,0.9207430284,0.07767795994,284.9367914,0.007399741591,0.2917740834,2.269768331e-05,optimal,CLARABEL,0,,False,7,0.5456672748,2.603313655,True,1.42052772,-0.002187144357,0.005635860912,0.003262602033,2.269768331e-05,False,1.978129515e-11,0.001446458484,False,8.919259319e-11,0.5456672748,False,2.452377291e-11,0.2917740834,1.573458187e-09,1.132484575e-09,7.933084833e-10,0.02961312903,6.560588228e-08,0.5456672748,0.03282103048,0.279200845,0.04875267434,3.477619745e-09,3.060216572e-08,0.0639449408,2.306544511e-09
2012-01-31,rstr/A_low/spread_low,471578.7413,96.27829399,4.337604555,1.875813806,4.730614002,govt_2y,0.002753656891,0.01262350441,0.976064981,0.04994175304,509.7128246,0.008645864767,0.393494991,0.000128787339,optimal,CLARABEL,0,,False,5,0.3812874083,3.887722372,True,1.70968874,3.336759902e-05,0.007196896595,0.003186557167,0.000128787339,False,3.957413347e-12,0.000763464685,False,1.430236928e-11,0.3812874083,False,5.523047823e-12,0.393494991,4.817505559e-10,2.220971633e-10,1.532467962e-10,2.402842762e-09,0.06416493334,0.3812874083,0.02790061037,0.2999767583,0.09072947954,0.04401540826,0.01015799813,0.08176740024,3.134799138e-10
2012-02-29,rstr/A_low/spread_low,472316.1805,157.5533043,7.09821396,3.310945495,7.594848961,govt_2y,0.002567030845,0.008966637307,0.8824961901,0.08020245102,346.8957889,0.00853252494,0.2905735563,0.000115022348,optimal,CLARABEL,0,,False,4,0.3207887252,4.879830671,True,1.844545063,-0.002904178375,0.01147050791,0.006432506925,0.000115022348,False,1.396123379e-11,0.001067467748,False,4.815594295e-11,0.3207887252,False,1.970312886e-11,0.2905735563,1.226235309e-09,5.804229922e-10,5.12063295e-10,6.538787064e-06,0.08766090083,0.3207887252,0.003772651113,0.2551377882,0.1159176954,0.07140732321,0.08079666951,0.06451170428,1.103403978e-09
2012-03-30,rstr/A_low/spread_low,469479.4013,179.8816615,8.104168467,3.750566528,8.143411749,govt_2y,0.002581262378,0.005697992853,0.7853282729,0.04266288803,263.7364558,0.00754509901,0.342435692,2.641455163e-05,optimal,CLARABEL,0,,False,6,0.4108159149,4.041354065,True,1.659130684,-0.004923805173,0.0102403966,0.005788139925,2.641455163e-05,False,3.449545644e-12,0.001183586351,False,1.386997094e-11,0.4108159149,False,4.936093313e-12,0.342435692,4.668468653e-10,1.638818697e-10,1.249423871e-10,4.455549256e-10,0.01654429769,0.4108159149,6.5926696e-10,0.2072447232,0.06486796088,0.1141784446,0.1136747334,0.07267392319,2.21484493e-10
2012-04-30,rstr/A_low/spread_low,472397.8091,133.8298875,6.029408142,2.80946451,6.248131065,govt_2y,0.002458893174,0.004995179286,0.7484276846,0.04770469398,334.3528885,0.007378539006,0.5423258419,6.39137807e-05,optimal,CLARABEL,0,,False,7,0.510145953,2.904537834,True,1.474875795,-0.002737124116,0.007286078868,0.003245903959,6.39137807e-05,False,1.138356488e-11,0.00507079332,False,5.225811281e-11,0.510145953,False,1.758637611e-11,0.5423258419,1.038106521e-09,5.635770286e-10,3.844170876e-10,1.705774563e-09,0.01294405502,0.510145953,2.272343276e-08,2.55975061e-07,0.005763051388,0.2345014014,0.1389114925,0.09773376347,8.545398345e-10
2012-05-31,rstr/A_low/spread_low,472011.2105,127.0563543,5.724241658,2.55690606,5.903207239,govt_2y,0.002364545996,0.004345942284,0.7393071524,0.03106356006,279.019507,0.006740671974,0.2633231833,2.494939964e-05,optimal,CLARABEL,0,,False,7,0.5508874744,2.824754805,True,1.405966061,-0.002168355193,0.005773016203,0.00232045639,2.494939964e-05,False,7.062620694e-12,0.0003785768948,False,4.067916421e-11,0.5508874744,False,1.069822859e-11,0.2633231833,9.015026418e-10,4.881045572e-10,3.168334647e-10,1.078690959e-09,0.06674632236,0.5508874744,2.254028365e-09,6.02954204e-08,0.02022247863,0.1047786349,0.1567454557,0.1006195681,5.867267419e-10
2012-06-29,rstr/A_low/spread_low,473742.4633,67.85120597,3.056885284,1.392688852,3.964315716,govt_2y,0.002208346785,0.01112455711,0.9796821131,0.01752858883,270.8720188,0.006948260788,0.07299778639,2.207302901e-05,optimal,CLARABEL,0,,False,7,0.5332222116,2.949997722,True,1.398627396,0.001524378439,0.003275742776,0.0002994553917,2.207302901e-05,False,3.053273779e-12,0.0001038763649,False,1.686200272e-11,0.5332222116,False,4.096489071e-12,0.07299778639,4.118625355e-10,3.328748572e-10,2.403849581e-10,4.996752827e-10,0.08696104709,0.5332222116,0.01043380677,1.217768761e-08,1.741284732e-07,0.1104635997,0.154604439,0.1043147075,5.480685285e-10
2012-07-31,rstr/A_low/spread_low,479381.6887,110.2231306,4.965858175,2.377836845,5.617270932,govt_2y,0.002097781313,0.007904226079,0.9478923778,0.03863442927,468.6474172,0.007267843178,0.3576003641,9.497870913e-05,optimal,CLARABEL,0,,False,7,0.4664236577,3.497191248,True,1.558960455,-0.0002506161491,0.005822155993,0.001221053956,9.497870913e-05,False,7.897688579e-12,0.000514846822,False,3.687303728e-11,0.4664236577,False,1.216956224e-11,0.3576003641,8.215866647e-10,6.633397827e-10,4.435487989e-10,1.869275754e-09,0.1800444199,0.4664236577,3.575426805e-09,3.149126487e-08,0.05922392146,0.1399992299,0.05520118067,0.09910755056,9.586744364e-10
2012-08-31,rstr/A_low/spread_low,480714.8477,119.2737719,5.373614704,2.453584172,5.663330728,govt_2y,0.002107848138,0.008911800447,0.9615439666,0.007762341787,99.66805172,0.005053587568,0.5512190206,3.586017543e-05,optimal,CLARABEL,0,,False,6,0.6817591327,1.984521737,True,1.137120286,-0.001821640518,0.003046102721,0.0007094876322,3.586017543e-05,False,4.282565721e-12,0.0009950730333,False,3.261534013e-11,0.6817591327,False,7.21394462e-12,0.5512190206,8.32527063e-10,5.391971742e-10,3.570023974e-10,5.999251804e-10,0.005972260882,0.6817591327,0.01379365425,1.297199296e-08,0.04962853933,0.184877571,0.02224826901,0.04172055688,6.820023097e-10
2012-09-28,rstr/A_low/spread_low,482251.6804,143.6010366,6.469625548,3.038590104,6.358602787,govt_2y,0.002019137767,0.005299128173,0.8420450052,0.03823551789,359.9823237,0.006346575735,0.3145929271,1.28377474e-05,optimal,CLARABEL,0,,False,7,0.5356012299,2.768218496,True,1.411400438,-0.002274484032,0.005784109538,0.001644990041,1.28377474e-05,False,3.206150943e-12,0.0006789661156,False,1.696245485e-11,0.5356012299,False,5.582959153e-12,0.3145929271,6.186754751e-10,3.186099589e-10,1.383803272e-10,4.010444759e-10,0.01182531485,0.5356012299,2.392664178e-09,1.175056804e-08,0.04972794638,0.2410472968,0.09776102908,0.06403716689,5.077361693e-10
2012-10-26,rstr/A_low/spread_low,482214.0777,191.2986159,8.618533975,4.230254773,8.911938462,govt_2y,0.00185181351,0.004758650493,0.6952474681,0.05835745068,383.7115885,0.006796406498,0.2149408527,2.54517913e-05,optimal,CLARABEL,0,,False,8,0.4561642769,3.240314106,True,1.548651954,-0.002868862442,0.008836301397,0.002915145295,2.54517913e-05,False,1.379830505e-11,0.0003714677139,False,6.23556581e-11,0.4561642769,False,1.936951716e-11,0.2149408527,1.795467644e-09,1.098823466e-09,6.067717894e-10,5.232906635e-09,4.374842136e-08,0.4561642769,3.169371705e-09,3.23997488e-08,0.09638164979,0.266146263,0.1351887265,0.04611899324,2.523709363e-09
2012-11-30,rstr/A_low/spread_low,481846.0502,129.9559668,5.854877253,2.843546496,6.113034377,govt_2y,0.001728486192,0.003496523419,0.6665634654,0.03003628416,340.0908352,0.005523190232,0.4174915768,0.0001170814526,optimal,CLARABEL,0,,False,9,0.5813890455,2.163595109,True,1.257699165,-0.0008607280482,0.003964388683,0.0003848942234,0.0001170814526,False,7.909635596e-12,0.0007021207178,False,3.954589492e-11,0.5813890455,False,1.051896513e-11,0.4174915768,1.320832763e-09,1.228274196e-09,6.782949994e-10,2.118015736e-09,2.948498099e-09,0.5813890455,8.8545232e-10,6.520114938e-09,0.04231722595,0.3487570034,1.333694923e-08,0.02753669393,2.224307283e-09
2012-12-31,rstr/A_low/spread_low,481675.861,159.5246617,7.187029085,3.45460153,7.447115476,govt_2y,0.001643330363,0.003330026501,0.7953734319,0.01664258476,314.2427243,0.005400715845,0.05192959863,5.20930697e-06,optimal,CLARABEL,0,,False,7,0.5596703691,2.296888635,True,1.281304557,-0.002201572643,0.004652972522,0.001519343812,5.20930697e-06,False,8.319640886e-12,0.0002386177807,False,3.939900275e-11,0.5596703691,False,8.96701053e-12,0.05192959863,1.582278108e-09,1.465986924e-09,6.577120781e-10,1.87586541e-09,2.575065153e-05,0.5596703691,1.212765371e-09,0.008327005007,0.0487190101,0.3437053473,6.520500406e-08,0.03955244362,2.21974233e-09
2013-01-31,rstr/A_low/spread_low,480595.1465,154.4908969,6.960244,3.313859036,7.285650402,govt_2y,0.00163145347,0.003587598951,0.8612266575,0.02239917515,518.2932868,0.006086062088,0.4568203366,4.192034659e-05,optimal,CLARABEL,0,,False,7,0.3463798354,3.543880592,True,1.730333885,-0.00179211812,0.005722366264,0.001982132141,4.192034659e-05,False,4.070212994e-12,0.00576200375,False,1.191496859e-11,0.3463798354,False,5.050281209e-12,0.4568203366,1.66540805e-09,0.00643969286,9.116700255e-10,4.665277608e-10,3.870923926e-09,0.3463798354,2.830901775e-10,0.2115694045,0.06769472841,0.3341758221,4.570136709e-09,0.03374049496,9.953104659e-09
2013-02-28,rstr/A_low/spread_low,483647.336,159.7792511,7.198499044,3.5674031,7.278555845,govt_2y,0.001543101133,0.005690522205,0.9578217599,0.006308734853,181.4817976,0.004119326477,0.539452667,4.378884566e-05,optimal,CLARABEL,0,,False,7,0.6045473544,2.372244143,True,1.204985899,-0.003203192643,0.002711270244,0.001436128658,4.378884566e-05,False,1.137995714e-11,0.003541905749,False,5.644913541e-11,0.6045473544,False,1.565306576e-11,0.539452667,2.469756088e-09,1.422572702e-08,1.382556452e-09,1.466384132e-09,1.132385498e-08,0.6045473544,1.518287567e-09,0.08860982927,0.0530926565,0.2101120844,4.685699852e-08,0.0339538865,0.009684109725
2013-03-28,rstr/A_low/spread_low,485191.7668,137.8256192,6.209426952,3.012158043,6.723594543,govt_2y,0.00144010245,0.005573114999,0.947356626,0.02832482618,684.2876202,0.005645959492,0.3821667748,1.674613403e-05,optimal,CLARABEL,0,,False,7,0.4117822792,3.077413289,True,1.541821229,-0.0009434199636,0.004393447773,0.0008496282022,1.674613403e-05,False,4.647623161e-12,0.001376032624,False,1.691521463e-11,0.4117822792,False,6.2648883e-12,0.3821667748,1.00296184e-09,1.181857349e-08,5.86007012e-10,4.350383741e-10,3.557001225e-09,0.4117822792,4.532678811e-10,0.09635616864,0.0534189289,0.3746541251,7.716044988e-08,0.05245262111,0.011335782
2013-04-30,rstr/A_low/spread_low,490683.7796,148.1957441,6.676629882,3.18097474,7.147704774,govt_2y,0.001358928398,0.005903383082,0.9493955748,0.0277913601,621.836262,0.005419735675,0.4851298445,6.871956971e-05,optimal,CLARABEL,0,,False,8,0.2903481062,4.054436658,True,1.789333257,-0.0008652426253,0.004353032845,0.0009914372153,6.871956971e-05,False,1.037874432e-11,0.005162844276,False,2.852676642e-11,0.2903481062,False,1.349259605e-11,0.4851298445,1.846226411e-09,3.369989301e-09,7.491869418e-10,6.305777679e-10,4.951583004e-08,0.2903481062,1.317701326e-09,0.2795183972,0.09972276183,0.264403656,1.250178026e-07,0.06600689248,3.800971493e-09
2013-05-31,rstr/A_low/spread_low,483466.5666,156.582487,7.054475941,3.08641021,8.319382019,govt_2y,0.001406059547,0.008289510353,0.9683959729,0.03230246525,581.2723513,0.005550567604,0.2226774858,1.802814137e-05,optimal,CLARABEL,0,,False,7,0.3711521331,3.650778746,True,1.615726456,-0.0002615340898,0.004824118638,0.001174428015,1.802814137e-05,False,5.117962677e-12,0.0009679637077,False,1.878771935e-11,0.3711521331,False,6.706105058e-12,0.2226774858,8.437088797e-10,0.006334614375,4.70791092e-10,3.036798063e-10,1.270425957e-08,0.3711521331,7.298064659e-10,0.2412058046,0.02508065947,0.261366292,2.205772203e-09,0.09486047784,1.380860379e-09
2013-06-28,rstr/A_low/spread_low,476462.9302,68.27157411,3.075824036,1.541292773,3.496715732,govt_2y,0.001506710823,0.009833118155,0.9601423291,0.0330053523,336.0926238,0.005035482454,0.8078779396,5.182786518e-05,optimal,CLARABEL,0,,False,9,0.6752823658,2.008546022,True,0.9499301641,0.0009725030372,0.001731099737,3.469196934e-05,5.182786518e-05,False,2.505396902e-12,0.002864913379,False,1.786829278e-11,0.6752823658,False,4.911550955e-12,0.8078779396,2.700304757e-10,6.088656552e-10,2.033568855e-10,1.895375099e-10,0.04380869489,0.6752823658,5.254475718e-09,0.1247669122,2.432545219e-09,5.130976389e-09,7.253844556e-10,0.1561420099,2.46318386e-09
2013-07-31,rstr/A_low/spread_low,481027.5688,95.96958785,4.323696486,1.950384655,4.151279114,govt_2y,0.001471685979,0.0113702069,0.9784179976,0.01629755528,227.108079,0.00298469482,0.659565093,5.444709606e-05,optimal,CLARABEL,0,,False,9,0.9220400498,1.169462934,True,0.4390538447,0.00370814436,0.0008549357807,0.001630122486,5.444709606e-05,False,6.657985577e-12,0.002983763652,False,2.023457615e-10,0.9220400498,False,1.204515956e-11,0.659565093,8.03957616e-10,1.267815754e-09,6.641089726e-10,3.742853415e-10,4.168989722e-09,0.9220400498,0.003093217814,6.416809882e-09,0.004849323882,6.949460792e-09,4.39150453e-09,1.984431894e-08,0.07001736362
2013-08-30,rstr/A_low/spread_low,479355.9911,51.99471655,2.342506395,1.302511659,2.362366537,govt_2y,0.001476879331,0.01280576687,0.9646953072,0.03202895725,216.6010817,0.005402625032,0.1341311924,4.647800836e-06,optimal,CLARABEL,0,,False,10,0.8649233854,1.313565653,True,0.5769990222,0.004081262024,0.001517640361,0.0004108471562,4.647800836e-06,False,1.376827395e-12,0.0004609898588,False,2.559007239e-11,0.8649233854,False,1.973970183e-12,0.1341311924,1.905372063e-10,3.002946143e-10,1.481769526e-10,9.009366613e-11,9.400773593e-10,0.8649233854,8.597797336e-10,1.843298216e-09,8.879484987e-10,1.124405564e-09,5.013760861e-10,0.02241987112,0.1126567366
2013-09-30,rstr/A_low/spread_low,484312.3796,50.35316822,2.268550083,1.134744835,2.721622233,govt_2y,0.001658503956,0.009959525929,0.9157176417,0.03844544156,184.6528394,0.004507122458,0.06182003493,4.865948573e-06,optimal,CLARABEL,0,,False,11,0.889280451,1.245208225,True,0.5829222038,0.003199917917,0.001022881956,0.0006973394304,4.865948573e-06,False,8.729769772e-13,0.0002379381172,False,2.051368722e-11,0.889280451,False,1.17562661e-12,0.06182003493,3.085852303e-10,2.512721039e-10,1.07233099e-10,8.743837904e-11,5.656772312e-10,0.889280451,3.588656683e-10,9.920495441e-10,8.05600527e-10,1.129406114e-09,3.249809848e-10,1.658300028e-09,0.1107195424
2013-10-31,rstr/A_low/spread_low,485845.7674,27.92706946,1.258192046,1.071899774,1.297856804,govt_2y,0.001619130367,0.01176274588,0.9703709588,0.01915569505,182.419616,0.009313228033,0.2236354145,1.098486383e-05,optimal,CLARABEL,0,,False,11,0.7757076759,1.533673079,True,0.8240325029,0.004410456121,0.00242228834,3.174626794e-05,1.098486383e-05,False,3.320062313e-13,0.0008568142919,False,4.027501695e-12,0.7757076759,False,5.108298607e-13,0.2236354145,5.48515383e-11,2.416955837e-10,4.659262162e-11,3.361193728e-11,1.32169489e-09,0.7757076759,1.961197958e-10,6.196167368e-09,2.758018197e-10,6.336501981e-10,1.723539646e-10,5.683172072e-10,0.2242923144
2013-11-29,rstr/A_low/spread_low,490438.7545,70.37128441,3.170421817,1.782408848,3.356461024,govt_2y,0.001537122243,0.01077450603,0.971960333,0.04263489214,510.9237056,0.005707076906,0.8723742658,0.0002331380421,optimal,CLARABEL,0,,False,9,0.5388932797,2.519945771,True,1.300220808,0.0008420271089,0.00229204388,0.0004695457896,0.0002331380421,False,2.732123196e-12,0.006480216938,False,1.425056641e-11,0.5388932797,False,6.033117613e-12,0.8723742658,3.43863714e-10,2.183468618e-08,2.192077244e-10,2.475110881e-10,3.290352719e-08,0.5388932797,9.432096029e-10,0.2911644291,3.235724374e-09,1.252737611e-08,6.200934267e-10,0.1450171995,0.02492501878
2013-12-31,rstr/A_low/spread_low,489911.366,41.74244451,1.880613064,1.337119813,1.950430566,govt_2y,0.001509942198,0.01271218598,0.9847520916,0.02655532561,417.6872891,0.007769602263,0.1307194098,9.955304576e-06,optimal,CLARABEL,0,,False,9,0.5466063067,2.653783617,True,1.286283242,0.003719870956,0.002519854432,6.20864938e-06,9.955304576e-06,False,9.227289231e-13,0.00146515205,False,5.323842637e-12,0.5466063067,False,1.306623444e-12,0.1307194098,1.246844277e-10,4.303616028e-10,7.51406769e-11,4.193423855e-11,1.034929094e-09,0.5466063067,3.582428569e-10,0.2209408605,8.660178854e-10,3.297220655e-09,2.849552466e-10,0.1494679331,0.08298489316
2014-01-31,rstr/A_low/spread_low,488304.8326,28.6068595,1.288818475,1.297454401,1.209904615,govt_2y,0.001522174167,0.01348985402,0.9872893706,0.01717079918,287.3455607,0.01065614057,0.4498758546,5.803390483e-05,optimal,CLARABEL,0,,False,9,0.6423333804,2.101011283,True,1.13458496,0.006109121214,0.00324840421,3.576044307e-06,5.803390483e-05,False,1.574767627e-12,0.005200866527,False,1.043212467e-11,0.6423333804,False,2.459515359e-12,0.4498758546,2.133774961e-10,5.762680747e-10,1.323162446e-10,1.230407177e-10,1.646188166e-09,0.6423333804,8.408523061e-10,6.617843428e-09,1.174117565e-09,0.04210430303,6.341436651e-10,0.2346139016,0.08094840311
2014-02-28,rstr/A_low/spread_low,494393.1901,24.80271184,1.117431057,0.8059127387,1.198259498,govt_2y,0.001514245014,0.008456115363,0.916697713,0.01719985876,115.8855217,0.008727996277,0.5233083966,3.321962761e-05,optimal,CLARABEL,0,,False,9,0.5660439602,2.508615628,True,1.293783645,0.003499638368,0.001889418974,9.588988565e-06,3.321962761e-05,False,8.723960408e-13,0.0005243881591,False,5.413583358e-12,0.5660439602,False,1.771881665e-12,0.5233083966,1.811518774e-10,4.162795286e-10,8.485117686e-11,1.167878167e-10,1.61171992e-09,0.5660439602,1.043590299e-09,4.056315209e-09,2.558672164e-09,0.2198201744,4.967456871e-10,0.04802354723,0.1661123076
2014-03-31,rstr/A_low/spread_low,493548.312,87.22204549,3.929595406,2.115534422,3.90788348,govt_2y,0.001593822275,0.008434234412,0.9244494301,0.0585529781,435.4818449,0.005570117429,0.3305869643,5.025791024e-05,optimal,CLARABEL,0,,False,10,0.6131329026,2.180226986,True,1.262023905,-1.68010685e-05,0.002706169341,0.0007996760417,5.025791024e-05,False,3.099997178e-12,0.00034511846,False,2.239135243e-11,0.6131329026,False,5.374003919e-12,0.3305869643,5.789895381e-10,2.604462638e-09,1.786757862e-10,5.965007468e-10,5.160779404e-09,0.6131329026,1.938589668e-09,9.203433288e-09,3.051544454e-09,0.2562937691,1.013640793e-09,0.1305732994,4.612800353e-09
2014-04-30,rstr/A_low/spread_low,496073.4271,77.87754912,3.508599891,2.034636876,3.456542759,govt_2y,0.001572847343,0.00765070568,0.9760036631,0.01926217344,533.8586078,0.00537652153,0.01239666355,2.804650447e-07,optimal,CLARABEL,0,,False,10,0.6150240437,2.166478688,True,1.253876665,-9.432200286e-05,0.002251205048,0.0004316261678,2.804650447e-07,False,3.870016923e-12,3.097318584e-05,False,2.751746177e-11,0.6150240437,False,5.552332668e-12,0.01239666355,9.738447033e-10,2.282530263e-09,3.932137715e-10,5.443993193e-10,1.039314427e-08,0.6150240437,2.888185043e-09,1.233005413e-08,3.005139222e-09,0.2603875336,1.161056517e-09,0.1245883858,2.949534012e-09
2014-05-30,rstr/A_low/spread_low,500011.8912,93.94116412,4.232310363,2.328227194,4.120148711,govt_2y,0.001498412527,0.006295091575,0.9265318478,0.01942124695,266.3510075,0.004554815426,0.1141953953,3.811243395e-06,optimal,CLARABEL,0,,False,10,0.6683768321,1.969974519,True,1.136828405,-0.0007119456321,0.001948935666,0.000256654771,3.811243395e-06,False,1.731042116e-12,0.0004364378121,False,1.384327073e-11,0.6683768321,False,2.442992514e-12,0.1141953953,5.422020461e-10,1.202488078e-09,1.812936847e-10,2.433476876e-10,2.80349732e-09,0.6683768321,3.648903912e-09,3.959264352e-09,1.091754704e-09,0.220154154,7.119871154e-10,0.1114689991,4.283650256e-10
2014-06-30,rstr/A_low/spread_low,501079.559,129.7857713,5.847209473,2.984327726,5.905430325,govt_2y,0.001511018476,0.006977656144,0.9165946521,0.02584900088,255.4801199,0.004557372514,0.09307265282,4.793566341e-06,optimal,CLARABEL,0,,False,9,0.6535547683,2.088583363,True,1.192264551,-0.00123250343,0.002695604296,0.0006996205355,4.793566341e-06,False,1.387655533e-12,0.0002131644828,False,1.030157857e-11,0.6535547683,False,1.876866036e-12,0.09307265282,3.208164522e-10,1.241786857e-09,1.408166804e-10,1.470961449e-10,0.03469402966,0.6535547683,1.956176391e-09,4.673929522e-08,6.836764722e-10,0.186384042,6.963920895e-10,0.1253671078,1.919961777e-10
2014-07-31,rstr/A_low/spread_low,499724.5603,157.9945998,7.118095549,3.755821193,6.903933085,govt_2y,0.001518586464,0.006627824527,0.9492396437,0.03060914977,541.7214261,0.005711118903,0.4482329681,3.508209772e-05,optimal,CLARABEL,0,,False,9,0.465573739,2.862763424,True,1.605214884,-0.001451879606,0.005153290765,0.001420691123,3.508209772e-05,False,1.80673819e-12,0.001544277114,False,8.174999563e-12,0.465573739,False,2.831474729e-12,0.4482329681,4.884124753e-10,7.172629375e-10,1.441639845e-10,3.969213451e-10,7.508796333e-09,0.465573739,4.308245848e-10,0.05596989526,1.176573238e-09,0.3257182207,6.318052324e-10,0.1527381333,2.303183791e-10
2014-08-29,rstr/A_low/spread_low,506623.563,86.17861297,3.882585873,2.054566051,3.980931925,govt_2y,0.001537376633,0.005374518954,0.9326528893,0.009721741831,198.906376,0.004338409817,0.3861990339,3.202449183e-05,optimal,CLARABEL,0,,False,9,0.6431435022,2.097145249,True,1.263357664,-0.000390292016,0.001622036595,2.564276757e-05,3.202449183e-05,False,2.447899665e-12,0.00151253658,False,1.684980356e-11,0.6431435022,False,3.727221581e-12,0.3861990339,5.520553789e-10,1.09280466e-09,6.286658043e-10,4.917369161e-10,3.632250456e-09,0.6431435022,0.009928031248,3.454187021e-09,1.386075692e-09,0.2117192071,1.686647578e-09,0.135209246,5.041793091e-10
2014-09-30,rstr/A_low/spread_low,503575.9827,146.7378291,6.610946761,3.257870431,6.82632269,govt_2y,0.001557049931,0.006850802699,0.9505411949,0.01510142712,256.5623779,0.004500757984,0.1463100319,6.676202388e-06,optimal,CLARABEL,0,,False,8,0.6232687789,2.270407193,True,1.341707392,-0.001403710578,0.002972442148,0.0004735894313,6.676202388e-06,False,5.917748707e-12,0.0003853877811,False,3.799338772e-11,0.6232687789,False,7.978541452e-12,0.1463100319,9.485890229e-10,1.202335323e-09,9.472125756e-10,1.008668818e-09,0.06495557929,0.6232687789,0.003627452987,1.731104075e-08,2.506149572e-09,0.1658134423,2.358488082e-09,0.1423347193,9.761059092e-10
2014-10-31,rstr/A_low/spread_low,508858.5262,30.71711857,1.383891508,0.8003198151,1.936598849,govt_2y,0.001852775804,0.007618198554,0.958020325,0.003074576804,49.57710365,0.008588892999,0.4748113436,4.763252377e-05,optimal,CLARABEL,0,,False,10,0.612272785,2.179310469,True,1.409107524,0.004349192486,0.002265973668,0.0001308772,4.763252377e-05,False,5.348833416e-13,0.0005519127552,False,3.473960499e-12,0.612272785,False,9.048796208e-13,0.4748113436,6.465296498e-11,1.412289245e-10,1.121619307e-10,7.976722646e-11,1.492880124e-09,0.612272785,0.127468659,1.073082579e-09,6.086536742e-10,5.582124749e-09,2.212003927e-10,0.2602585465,1.339530535e-10
2014-11-28,rstr/A_low/spread_low,516717.9437,42.65947574,1.921927867,0.8951053662,3.258624246,govt_2y,0.001816349942,0.007896483699,0.950953334,0.008213558838,105.8922463,0.007231613668,0.1159164621,2.417568294e-05,optimal,CLARABEL,0,,False,10,0.6620476023,1.981482552,True,1.301562532,0.003265034229,0.002230930021,3.36925794e-05,2.417568294e-05,False,1.192634667e-12,0.0004743854742,False,9.097717975e-12,0.6620476023,False,1.652438373e-12,0.1159164621,1.482482548e-10,2.405620789e-10,2.006700762e-10,1.59932832e-10,9.382755994e-09,0.6620476023,0.1009332159,5.99000661e-09,9.355404028e-10,2.505339973e-09,5.54267755e-10,0.2370191613,3.470196403e-10
2014-12-31,rstr/A_low/spread_low,517218.4523,44.09847588,1.986758821,0.9983731919,4.117726735,govt_2y,0.00190279191,0.009836032553,0.9584970217,0.01109104064,108.489286,0.007750449989,0.01536614356,6.574542373e-07,optimal,CLARABEL,0,,False,10,0.6574642669,2.008943536,True,1.365092701,0.004416301027,0.002648972296,6.089564142e-05,6.574542373e-07,False,8.074476942e-13,1.621151327e-05,False,6.350284282e-12,0.6574642669,False,1.099814749e-12,0.01536614356,5.008433328e-11,1.965753958e-10,9.24468838e-11,1.234563004e-10,5.931109e-08,0.6574642669,0.1127466101,6.636088195e-09,2.656891793e-10,1.319543423e-09,3.536203925e-10,0.2297890545,1.759961661e-10
2015-01-30,rstr/A_low/spread_low,526115.4641,39.11398893,1.762193839,1.107038251,4.192695933,govt_2y,0.002166487331,0.01312108759,0.960756851,0.01882359798,109.3029859,0.009635542261,0.1106940062,3.644921525e-06,optimal,CLARABEL,0,,False,10,0.5945013692,2.242360196,True,1.540416558,0.006565722862,0.003631486463,0.0001159043641,3.644921525e-06,False,8.53129075e-13,0.0004505828508,False,6.257555043e-12,0.5945013692,False,1.356491545e-12,0.1106940062,7.150311487e-11,2.022800697e-10,1.187899601e-10,1.432230866e-10,5.034945139e-09,0.5945013692,0.1309431862,1.659025295e-09,3.137709897e-10,1.169775426e-09,3.138261363e-10,0.2745554352,3.807771174e-10
2015-02-27,rstr/A_low/spread_low,527961.6416,72.7300169,3.276689267,1.515482839,7.047293639,govt_2y,0.002398905105,0.01615759145,0.9852973605,0.04356917294,439.8067036,0.00728410818,0.262954782,3.042566556e-05,optimal,CLARABEL,0,,False,10,0.7229397207,1.768328387,True,1.33469008,0.00291963276,0.003858926109,0.0004843192419,3.042566556e-05,False,2.77164471e-12,0.001100067401,False,3.026816737e-11,0.7229397207,False,4.904345708e-12,0.262954782,1.912869584e-10,5.11353301e-10,3.837551485e-10,6.21780619e-09,7.196548264e-08,0.7229397207,0.09118660546,8.224603718e-09,4.536418341e-09,2.872071187e-09,1.15737283e-09,0.1858735765,1.32679601e-09
2015-03-31,rstr/A_low/spread_low,527889.6135,63.11261027,2.843398386,1.249915769,5.615716354,govt_2y,0.00250217212,0.01169303236,0.9855711981,0.03280521739,644.2130647,0.007321002651,0.04897766,2.254573717e-05,optimal,CLARABEL,0,,False,10,0.7220555579,1.756501983,True,1.3733252,0.002215662368,0.00338265161,0.0004436974395,2.254573717e-05,False,2.611099925e-12,2.270280021e-05,False,2.857037346e-11,0.7220555579,False,4.075277622e-12,0.04897766,2.005681133e-10,5.988608677e-10,2.747783881e-10,8.67291433e-10,6.982939681e-08,0.7220555579,0.07069855533,6.123592142e-09,5.643318525e-09,5.256699225e-09,1.987867291e-09,0.2072457948,1.204760121e-09
2015-04-30,rstr/A_low/spread_low,526167.8936,52.07177416,2.345978054,1.130632862,5.512761308,govt_2y,0.002390950342,0.01229523784,0.9954499324,0.03713433759,2081.132707,0.007783996196,0.5853577599,0.0001986501325,optimal,CLARABEL,0,,False,9,0.4960503071,2.671366661,True,1.867142467,0.002625024928,0.003155059872,0.0002455271204,0.0001986501325,False,8.801849e-13,0.001903061423,False,5.628288899e-12,0.4960503071,False,2.008847731e-12,0.5853577599,7.232086054e-11,2.75267192e-10,1.228654707e-10,2.33624835e-10,0.2870178257,0.4960503071,0.002717695051,1.191581142e-08,1.787178966e-09,3.583379758e-09,6.465739377e-10,0.2142141473,6.235507936e-09
2015-05-29,rstr/A_low/spread_low,526615.612,76.18719576,3.432444777,1.20164677,5.926189725,govt_2y,0.002403890154,0.008586751573,0.9946861717,0.008032720103,790.6411022,0.006050433414,0.2998578629,3.557234016e-05,optimal,CLARABEL,0,,False,9,0.6263521733,2.195532494,True,1.621644077,0.0003405927808,0.002789041396,0.0006085593141,3.557234016e-05,False,2.765164114e-12,0.001078137601,False,2.497604141e-11,0.6263521733,False,6.352282456e-12,0.2998578629,3.284905339e-10,1.07762938e-09,8.273248986e-10,8.503816063e-10,0.1811180692,0.6263521733,1.01125687e-09,0.01940226453,3.864747061e-09,2.641309164e-09,3.513793672e-09,0.1731274768,1.966330944e-09
2015-06-30,rstr/A_low/spread_low,523079.1467,27.71298024,1.248546732,0.7239078795,2.854251658,govt_2y,0.002435609881,0.007799624402,0.9866055719,0.01305077871,620.1687391,0.007321986277,0.1289634864,4.364765513e-06,optimal,CLARABEL,0,,False,9,0.5665109845,2.447243698,True,1.707059754,0.002573348232,0.00148573397,3.31366792e-05,4.364765513e-06,False,2.855392082e-13,0.0005152135616,False,2.264372752e-12,0.5665109845,False,5.252630263e-13,0.1289634864,3.451159181e-11,1.585023435e-10,9.211022061e-11,9.261358582e-11,0.1788286625,0.5665109845,4.311334616e-10,0.01943521869,4.335627503e-10,5.671623457e-10,3.473153693e-10,0.2352251285,3.695432648e-09
2015-07-31,rstr/A_low/spread_low,528232.729,35.08066242,1.580481278,0.9322069432,0.7912130373,govt_2y,0.002377623905,0.006573926045,0.9883269343,0.01538659551,1179.985931,0.005334537185,0.5227677837,8.877981559e-05,optimal,CLARABEL,0,,False,10,0.563117036,2.381473355,True,1.716240253,0.002854406277,0.0009983004778,0.000143419435,8.877981559e-05,False,9.438546281e-13,0.004341211505,False,7.195956784e-12,0.563117036,False,2.144503065e-12,0.5227677837,1.340394825e-10,4.283232342e-10,2.798284041e-10,2.902637862e-10,4.892423378e-09,0.563117036,3.749749354e-10,0.2791622309,7.514328755e-10,2.411800416e-09,1.234734137e-09,0.1577205531,1.691194669e-07
2015-08-31,rstr/A_low/spread_low,523031.3731,50.14659308,2.259243299,1.402572459,1.147453213,govt_2y,0.002369090478,0.01034292025,0.9891213492,0.02717301204,902.9667609,0.005383698677,0.2550297563,0.0001508951166,optimal,CLARABEL,0,,False,10,0.4950947685,2.369679151,True,1.899787218,0.003828064962,0.001453459457,0.0003940281585,0.0001508951166,False,6.066441238e-13,0.002053094577,False,4.322533141e-12,0.4950947685,False,1.27522189e-12,0.2550297563,6.117472304e-11,2.27023643e-10,1.581651599e-10,1.293206985e-10,3.912544779e-09,0.4950947685,4.044785458e-10,0.4096381506,4.692968333e-10,5.01213371e-09,6.694256234e-10,0.09526706638,3.514504991e-09
2015-09-30,rstr/A_low/spread_low,525125.7745,91.16402794,4.107192664,2.215496664,2.225882154,govt_2y,0.002392079683,0.009256990857,0.974347651,0.04660287206,825.9978052,0.005625244931,0.3142794363,0.0001044385274,optimal,CLARABEL,0,,False,10,0.5699083025,2.161463778,True,2.207148718,0.005539435489,0.002884738027,0.001210191046,0.0001044385274,False,2.686379385e-12,0.002443074372,False,2.228731459e-11,0.5699083025,False,5.697756658e-12,0.3142794363,4.158884814e-10,1.348161041e-09,9.850425245e-10,6.102569294e-10,1.99771375e-09,0.3656521807,3.200041613e-10,0.5699083025,2.441127295e-09,2.296653549e-08,2.825957852e-09,0.06443947952,3.342611171e-09
2015-10-30,rstr/A_low/spread_low,525992.2414,120.0972743,5.410715777,3.071303029,3.280360498,govt_2y,0.002319384601,0.009990220162,0.9684084687,0.0542674863,672.605372,0.006233245796,0.1757226341,1.196912631e-05,optimal,CLARABEL,0,,False,9,0.525550922,2.569349388,True,2.303189928,0.007025269996,0.004666181814,0.003056104895,1.196912631e-05,False,4.008226532e-12,0.0008974669054,False,2.773605955e-11,0.525550922,False,7.339638978e-12,0.1757226341,6.213897432e-10,1.355040863e-09,1.464041948e-09,7.840722392e-10,1.602888577e-09,0.3169002077,3.347276464e-10,0.525550922,4.972516842e-09,3.63453435e-09,0.08780918338,0.06973967114,9.684455247e-10
2015-11-30,rstr/A_low/spread_low,524693.6674,52.49784434,2.365173699,1.509297166,1.010237365,govt_2y,0.002348519617,0.008687397406,0.9745067372,0.0271281432,549.3046774,0.005219718692,0.2279391274,1.304870396e-05,optimal,CLARABEL,0,,False,10,0.4988077627,2.284188496,True,2.079120241,0.004141657793,0.001430328087,0.0002411195954,1.304870396e-05,False,6.800680792e-13,0.0008825472968,False,4.353238081e-12,0.4988077627,False,1.246716448e-12,0.2279391274,1.108337957e-10,2.830564794e-10,1.25415839e-10,1.698481216e-10,1.43156595e-09,0.428621718,2.133744692e-10,0.4988077627,4.526798155e-10,8.913021451e-10,5.807550737e-10,0.07257051462,4.434382134e-10
2015-12-31,rstr/A_low/spread_low,523178.923,61.07106017,2.751420884,1.682830863,0.941639312,govt_2y,0.002249800981,0.009600732448,0.9928329225,0.03102950023,1813.04969,0.005912904317,0.3334688846,1.825788506e-05,optimal,CLARABEL,0,,False,10,0.641067881,2.043922121,True,2.404043051,0.004578672223,0.002135193122,0.0002251590828,1.825788506e-05,False,2.541818175e-12,0.002155674652,False,2.242772617e-11,0.641067881,False,4.83252519e-12,0.3334688846,2.692961452e-10,9.846086619e-10,4.382792116e-10,3.884028902e-10,3.926557707e-09,0.2627465312,6.021018989e-10,0.641067881,1.422511577e-09,3.160162304e-09,3.082870103e-09,0.09618557168,1.843017026e-09
2016-01-29,rstr/A_low/spread_low,528324.3584,101.8317577,4.587803518,2.296024015,2.011573455,govt_2y,0.002361415259,0.009798845689,0.9869943692,0.02740531853,849.5982458,0.005672068581,0.2096886744,3.45977977e-05,optimal,CLARABEL,0,,False,9,0.5807631383,2.151825839,True,2.215615308,0.005523073512,0.00327616817,0.001011752637,3.45977977e-05,False,2.855360368e-12,0.001014894898,False,2.035629037e-11,0.5807631383,False,4.880631877e-12,0.2096886744,2.922261246e-10,9.729753826e-10,5.221011981e-10,5.42545267e-10,1.227442158e-09,0.3528216185,2.344865361e-10,0.5807631383,1.797508417e-09,1.471185197e-09,1.488066838e-09,0.052536555,0.01387867962
2016-02-29,rstr/A_low/spread_low,530631.4557,151.4758094,6.824405933,3.568560019,4.155116999,govt_2y,0.002407244006,0.01243327263,0.9836084353,0.02858293362,437.4376664,0.005225061901,0.2442621672,8.693461071e-06,optimal,CLARABEL,0,,False,9,0.5076735355,2.15668566,True,2.04400429,0.008261307554,0.004135482254,0.001851312027,8.693461071e-06,False,3.50089346e-12,0.001096868196,False,2.088451138e-11,0.5076735355,False,6.059692387e-12,0.2442621672,4.793327397e-10,2.439248749e-08,9.720972854e-10,8.872909896e-10,1.083486888e-09,0.4524178882,1.881892988e-10,0.5076735355,6.072805438e-09,1.838810643e-09,1.388292359e-09,0.004727274873,0.03518126408
2016-03-31,rstr/A_low/spread_low,533643.1913,63.2053833,2.847578069,1.827345452,1.067312639,govt_2y,0.002461719998,0.01087969468,0.9608622565,0.03068331781,259.8260435,0.004074414252,0.4785051812,4.594577159e-05,optimal,CLARABEL,0,,False,9,0.6603100383,1.886389856,True,1.602566347,0.004314016863,0.001049263182,7.637331604e-06,4.594577159e-05,False,1.228736683e-12,0.002811359249,False,1.057697203e-11,0.6603100383,False,2.539382761e-12,0.4785051812,1.216222171e-10,3.798837619e-10,2.396780948e-10,0.0006954302247,4.450626149e-09,0.6603100383,3.929468882e-10,0.3048572261,1.091714403e-09,8.335815568e-10,9.992382614e-10,0.03413729649,3.472178858e-10
2016-04-29,rstr/A_low/spread_low,533544.7563,30.35115595,1.367403875,0.8134885689,3.55339115,govt_2y,0.002398135997,0.008454512184,0.9674086619,0.01088893402,182.7545228,0.008267247778,1.230603895,7.875550691e-05,optimal,CLARABEL,0,,False,7,0.699280607,1.931036124,True,2.810376086,0.003510812108,0.002074422166,9.724499552e-05,7.875550691e-05,False,2.846256286e-13,0.005317899115,False,2.818205433e-12,0.699280607,False,1.101813863e-12,1.230603895,3.289482293e-11,7.510318351e-11,7.416757823e-11,0.02412661083,0.09321384914,0.04531209003,1.530042888e-10,0.699280607,2.095916043e-10,0.0057562198,3.813684744e-10,0.1323106222,8.241593235e-11
2016-05-31,rstr/A_low/spread_low,532840.1473,70.63989941,3.182523669,0.9166876173,4.420166919,govt_2y,0.002339663376,0.005466439027,0.8813213068,0.03538544152,407.9777894,0.00561654635,1.709251745,0.0002979083324,optimal,CLARABEL,0,,False,9,0.6417284263,2.102231764,True,1.635048329,0.000162205992,0.002228377509,0.0003912601921,0.0002979083324,False,1.07741644e-12,0.009284843819,False,8.881104325e-12,0.6417284263,False,1.106744202e-11,1.709251745,1.646843058e-10,2.586238048e-10,1.619583983e-10,0.04930505954,4.62525668e-09,0.6417284263,3.311448165e-10,1.193734084e-08,4.182698012e-09,0.2372734509,8.636992604e-10,0.07169304039,3.014356386e-10
2016-06-30,rstr/A_low/spread_low,541365.2414,55.59191533,2.504570191,0.6688930289,3.241232292,govt_2y,0.002573841927,0.004661786457,0.9487377946,0.02448932336,867.7167621,0.006092156948,0.0655447678,7.005883797e-05,optimal,CLARABEL,0,,False,9,0.6270101925,2.134848648,True,1.652246124,0.0002095411121,0.002063259264,0.0003935647047,7.005883797e-05,False,3.274641293e-12,3.506885991e-05,False,2.662912649e-11,0.6270101925,False,5.144533206e-12,0.0655447678,8.257225476e-10,1.040987234e-09,3.969364588e-10,0.02879033856,3.98068807e-08,0.6270101925,1.201102539e-09,2.580164206e-08,1.05955703e-08,0.2593063661,1.536132053e-09,0.08489302031,1.369519827e-09
2016-07-29,rstr/A_low/spread_low,544914.974,111.4829104,5.022614756,1.305469713,5.67340427,govt_2y,0.002587166152,0.006733836272,0.9587393528,0.02844595221,597.0893626,0.006088883008,0.1253851838,2.803044889e-05,optimal,CLARABEL,0,,False,6,0.6043237501,2.363558482,True,1.711394141,-0.001042550354,0.004133172748,0.002430141498,2.803044889e-05,False,4.357679335e-12,0.0005446456991,False,3.235464161e-11,0.6043237501,False,7.40408116e-12,0.1253851838,1.703227508e-09,5.813242019e-10,6.688391751e-10,0.02917041113,0.007407259607,0.6043237501,7.864457354e-10,0.04167433117,0.01357627477,0.2186136751,1.148049475e-09,0.08523429243,8.368463088e-10
2016-08-31,rstr/A_low/spread_low,543915.3438,136.3154147,6.141388043,1.788829134,8.06229642,govt_2y,0.002391096647,0.007054555757,0.8534366627,0.0467284313,265.8859652,0.005076053897,0.3110923147,0.0001199947581,optimal,CLARABEL,0,,False,7,0.7071969092,1.91102422,True,1.506266638,-0.001938313675,0.003512347026,0.002561248432,0.0001199947581,False,2.246283737e-12,0.0005621977615,False,2.203156971e-11,0.7071969092,False,3.835318874e-12,0.3110923147,3.183109151e-10,2.340361304e-10,3.409466356e-10,0.05608777426,0.007342183294,0.7071969092,5.399228868e-09,7.490965283e-09,0.03858351803,0.1068701569,5.253536689e-10,0.08391944289,1.173968399e-09
2016-09-30,rstr/A_low/spread_low,544691.1291,152.515011,6.871224853,2.124753125,8.275527826,govt_2y,0.002365077665,0.006366856747,0.8980241743,0.04819810052,472.538767,0.005785264673,0.3003416464,2.068238762e-05,optimal,CLARABEL,0,,False,8,0.5998633085,2.372927284,True,1.734211175,-0.002146487809,0.005104568727,0.00354366512,2.068238762e-05,False,3.095635425e-12,0.000469729008,False,2.235288446e-11,0.5998633085,False,5.283266817e-12,0.3003416464,4.93956603e-10,3.398904816e-10,4.110518353e-10,0.03598651794,3.511818314e-09,0.5998633085,6.590597438e-10,1.17261419e-08,0.07049553826,0.2249402374,6.606017071e-10,0.0687143728,7.309348695e-09
2016-10-31,rstr/A_low/spread_low,540578.0923,178.4556494,8.039922662,2.369313539,8.758268406,govt_2y,0.002344547672,0.004750349602,0.8431111837,0.05145794864,606.6168236,0.006193777315,1.275402236,0.0001460129831,optimal,CLARABEL,0,,False,7,0.530220917,2.702290977,True,2.467494625,-0.002730892702,0.006846072204,0.004148454258,0.0001460129831,False,3.959832902e-12,0.007152817693,False,2.548960306e-11,0.530220917,False,1.724036767e-11,1.275402236,1.467724297e-09,4.812005869e-10,5.987839033e-10,0.009379185309,4.042049946e-09,0.2411999032,5.182628886e-10,0.530220917,0.169903386,1.041975282e-08,1.119602402e-09,0.04159753047,0.007699059357
2016-11-30,rstr/A_low/spread_low,534708.1332,68.90662787,3.104434972,0.7831510057,3.279921656,govt_2y,0.002873247458,0.002155709019,0.8045150975,0.01707824672,801.3936771,0.005722838004,1.337629698,0.0001078362557,optimal,CLARABEL,0,,False,8,0.6641443454,2.030904914,True,1.504271673,-0.0009459419785,0.002256752343,0.001495267733,0.0001078362557,False,1.824466034e-12,0.006909257678,False,1.713554056e-11,0.6641443454,False,8.865778286e-12,1.337629698,1.431443498e-09,4.267594771e-10,5.685583413e-10,0.0002971213074,1.046137618e-09,0.6641443454,2.560894484e-10,4.012965084e-09,0.04444491274,0.2045255552,1.964844055e-09,0.08658805402,1.620672432e-09
2016-12-30,rstr/A_low/spread_low,537074.2538,17.98699939,0.810364281,0.5631847893,1.073053316,govt_2y,0.002824398479,0.006266305227,0.9971103026,0.002549360228,865.3869491,0.0089167075,0.5870560147,4.239947816e-05,optimal,CLARABEL,0,,False,10,0.7449338821,1.693597332,True,1.334768224,0.002784279523,0.001430104459,2.775673382e-05,4.239947816e-05,False,7.01881895e-13,0.0004037357854,False,8.12523774e-12,0.7449338821,False,1.500741259e-12,0.5870560147,3.642069293e-10,1.424140878e-10,1.55899665e-10,3.855605425e-10,8.098591143e-10,0.7449338821,4.985449965e-10,2.335354283e-09,0.08878205249,1.081603287e-08,1.771666402e-09,1.110452283e-09,0.1662840471
2017-01-31,rstr/A_low/spread_low,537489.5588,21.81645528,0.9828919049,0.8028931436,0.969979122,govt_2y,0.002741683471,0.007244289492,0.9981470904,0.003055945419,1209.842866,0.009457055141,0.4622889667,1.839041047e-05,optimal,CLARABEL,0,,False,9,0.54158863,2.710300975,True,1.749385101,0.002747755009,0.001951174137,6.636368813e-05,1.839041047e-05,False,1.114185387e-13,0.001015978037,False,7.485324257e-13,0.54158863,False,2.232061704e-13,0.4622889667,1.455829477e-10,2.525266892e-11,1.9199512e-11,5.069904962e-11,8.430040484e-11,0.54158863,4.098978636e-11,2.764772754e-10,0.2115489924,0.1089229842,1.473181495e-10,3.571692881e-10,0.1379393922
2017-02-28,rstr/A_low/spread_low,541604.6619,51.98924557,2.342259912,1.224852544,1.611779921,govt_2y,0.002668850637,0.006799362703,0.988103303,0.01114457044,784.0038905,0.00641122966,0.4212477884,1.041829772e-05,optimal,CLARABEL,0,,False,9,0.6208831441,2.29764154,True,1.613408495,2.817790512e-05,0.00213695897,0.0009343465075,1.041829772e-05,False,4.335476194e-13,0.0004324811864,False,3.549146018e-12,0.6208831441,False,8.584163483e-13,0.4212477884,3.769786756e-10,9.007834006e-11,8.148363004e-11,1.375631071e-09,2.711949782e-10,0.6208831441,1.643565346e-10,1.216066161e-09,0.1559645328,0.09561357133,5.241758816e-09,0.1275387424,5.453840856e-10
2017-03-31,rstr/A_low/spread_low,541711.3227,74.92280073,3.375480269,1.456731356,2.89945541,govt_2y,0.00267193761,0.006739825941,0.9582108153,0.01634688865,338.2758916,0.005573056673,0.3111701753,1.555120745e-05,optimal,CLARABEL,0,,False,8,0.7174073642,1.811516321,True,1.398870417,-0.0002796874104,0.002327024322,0.000682003003,1.555120745e-05,False,2.442483525e-12,0.0005485078957,False,2.721118251e-11,0.7174073642,False,4.55408793e-12,0.3111701753,8.833438105e-10,4.380239638e-10,3.598628641e-10,0.0068538853,1.84529743e-09,0.7174073642,9.782097987e-10,3.661869775e-09,0.03677974812,0.05865195125,2.282873049e-09,0.18030704,6.826479891e-10
2017-04-28,rstr/A_low/spread_low,543778.2075,90.71149304,4.08680471,1.587149516,4.128079311,govt_2y,0.002595908408,0.005745154148,0.9484024129,0.02049047607,475.0040072,0.005491785261,0.1276021344,2.379957049e-05,optimal,CLARABEL,0,,False,8,0.6773670555,1.983935108,True,1.474534258,-0.001242762723,0.002735831902,0.001372360546,2.379957049e-05,False,8.764520485e-13,0.0002247905002,False,8.588347567e-12,0.6773670555,False,1.657477506e-12,0.1276021344,2.977448702e-10,1.770158908e-10,2.163776145e-10,0.0210466544,6.935934038e-10,0.6773670555,2.548233351e-10,1.6981919e-09,0.01165484766,0.1088153385,9.33877269e-10,0.1811160994,2.200799819e-10
2017-05-31,rstr/A_low/spread_low,546495.0906,109.3404265,4.926089904,1.73059662,5.236690844,govt_2y,0.002460389705,0.006193346379,0.9675697337,0.01887122274,593.0964171,0.005904823918,0.2883712647,1.407946515e-05,optimal,CLARABEL,0,,False,8,0.559868908,2.655669697,True,1.648548742,-0.001004942137,0.003812366692,0.001779810566,1.407946515e-05,False,1.875744502e-12,0.000724914809,False,1.34087495e-11,0.559868908,False,3.87499584e-12,0.2883712647,4.406398179e-10,4.857748128e-10,2.942154279e-10,0.02091596077,1.465312609e-09,0.559868908,2.770462574e-10,5.445868718e-09,0.08925412654,0.1763548808,1.496583053e-09,0.1536061133,6.97218599e-10
2017-06-30,rstr/A_low/spread_low,547066.2907,127.3219798,5.736208825,2.270090969,6.388408363,govt_2y,0.002352235593,0.006009173045,0.9643799424,0.01680201364,511.5268688,0.006001586414,0.1576280498,2.275375011e-05,optimal,CLARABEL,0,,False,8,0.4963516658,2.941448506,True,1.766765708,-0.001339243121,0.004586015419,0.001350098925,2.275375011e-05,False,2.334017722e-12,0.0004050046403,False,1.428700237e-11,0.4963516658,False,3.913765179e-12,0.1576280498,4.942622234e-10,9.628586715e-10,3.266376621e-10,0.004122817862,2.035701485e-09,0.4963516658,3.3968558e-10,3.709372149e-08,0.0975207599,0.2414522543,1.335186534e-09,0.160552459,5.63038371e-10
2017-07-31,rstr/A_low/spread_low,551042.8551,111.2816254,5.013546305,2.108673476,5.886474069,govt_2y,0.002253981912,0.006029042918,0.9799287458,0.01202858068,640.5458328,0.00588835467,0.06564827291,3.020962876e-06,optimal,CLARABEL,0,,False,9,0.477455426,2.975224935,True,1.785515794,-0.0009594929995,0.003858436717,0.0008267508731,3.020962876e-06,False,5.99727442e-13,0.0001091969444,False,3.486498681e-12,0.477455426,False,9.503315067e-13,0.06564827291,1.394787122e-10,4.278434238e-10,1.048884806e-10,3.173037163e-10,3.408315528e-10,0.477455426,8.966663205e-11,4.367865141e-09,0.09188661078,0.2743589293,2.137238388e-10,0.1562990274,5.221608866e-10
2017-08-31,rstr/A_low/spread_low,552916.4129,153.0111989,6.893579496,2.934192352,7.228221894,govt_2y,0.002078237676,0.006050128575,0.9624940179,0.01493649124,426.4490424,0.005317418046,0.2502883131,2.149654186e-05,optimal,CLARABEL,0,,False,8,0.4959284097,2.980148356,True,1.736258042,-0.002352323724,0.004326381654,0.001283663332,2.149654186e-05,False,1.839500592e-12,0.001096374243,False,1.042774015e-11,0.4959284097,False,3.015453616e-12,0.2502883131,1.62331445e-09,6.736886914e-10,4.768641757e-10,1.176911088e-09,1.152440312e-09,0.4959284097,2.349531667e-10,0.07941183713,0.01932785137,0.2224396522,8.732820987e-10,0.1828922428,5.237854541e-10
2017-09-29,rstr/A_low/spread_low,554058.9524,163.5687723,7.3692275,2.844961664,8.052417528,govt_2y,0.002084683005,0.005613004438,0.933315945,0.02173733934,411.6683015,0.005297004996,0.1146172596,8.482792911e-06,optimal,CLARABEL,0,,False,7,0.4636088434,3.322394033,True,1.783653404,-0.002528948796,0.004589455456,0.002007221034,8.482792911e-06,False,1.321985422e-12,0.000249310764,False,6.919779366e-12,0.4636088434,False,1.988093442e-12,0.1146172596,6.413905228e-10,3.114663378e-10,3.9229538e-10,2.572461401e-05,1.244114986e-09,0.4636088434,1.961854465e-10,0.09686329727,0.05837220142,0.2083806124,8.191738641e-10,0.1727493168,5.304114329e-10
2017-10-31,rstr/A_low/spread_low,556325.3119,176.1886291,7.937787099,3.325481992,8.180672517,govt_2y,0.002005302975,0.006590630034,0.9523395768,0.01640425325,312.2094138,0.005053785887,0.3798168682,3.75050408e-05,optimal,CLARABEL,0,,False,8,0.5227423915,2.780059355,True,1.696632409,-0.002717317416,0.004499990043,0.001765086567,3.75050408e-05,False,1.614971392e-12,0.00132949756,False,8.964359125e-12,0.5227423915,False,2.681952063e-12,0.3798168682,1.972179922e-09,7.102871525e-10,2.757634557e-10,1.563803224e-09,7.716034172e-10,0.5227423915,1.934865008e-10,6.871897386e-09,0.08373298255,0.2655988605,8.186947797e-10,0.08278409089,0.0451416614
2017-11-30,rstr/A_low/spread_low,558375.9869,184.0250663,8.290840361,3.513106515,7.974226236,govt_2y,0.001955484588,0.006533868688,0.9629596724,0.01619732988,401.3960307,0.005065171528,0.2963005485,1.652847681e-05,optimal,CLARABEL,0,,False,8,0.5119940016,2.769667424,True,1.782939759,-0.002956409279,0.00472134022,0.001828843794,1.652847681e-05,False,1.551817167e-12,0.0006317413422,False,8.333377844e-12,0.5119940016,False,2.418361985e-12,0.2963005485,0.009265034727,4.215930661e-10,2.756852059e-10,5.696481658e-10,1.041245795e-09,0.5119940016,1.694523302e-10,0.04554196193,6.019605118e-09,0.2548468998,1.032009901e-09,0.1783520918,6.864465912e-10
2017-12-29,rstr/A_low/spread_low,561384.0067,201.7008215,9.087182229,3.902433677,8.676298545,govt_2y,0.001923651396,0.006515839705,0.9618005977,0.01413358345,341.709239,0.00480020652,0.4971050252,3.953319875e-05,optimal,CLARABEL,0,,False,8,0.3885377329,3.545616911,True,2.102126071,-0.003435131931,0.004647586827,0.001370727733,3.953319875e-05,False,3.744206404e-12,0.00315645202,False,1.66591673e-11,0.3885377329,False,6.795581584e-12,0.4971050252,0.008964494427,9.922782333e-10,5.502138046e-10,1.466491325e-09,3.140853516e-09,0.3885377329,6.1941669e-10,0.2704665213,1.063794662e-07,0.1291241222,2.109939609e-09,0.202907013,9.452640384e-10
2018-01-31,rstr/A_low/spread_low,563025.4738,229.4650163,10.33803632,4.368520859,9.517435933,govt_2y,0.001899761567,0.006571587132,0.9618030985,0.008515371715,202.4119582,0.004128442857,0.5593245276,3.458295435e-05,optimal,CLARABEL,0,,False,8,0.5913451705,2.442233952,True,1.678803049,-0.00471130649,0.003911011013,0.002085988134,3.458295435e-05,False,4.250140905e-12,0.00287161484,False,2.8516662e-11,0.5913451705,False,8.252402283e-12,0.5593245276,0.01484590407,1.667594936e-09,6.378372433e-10,1.20685484e-09,2.181924542e-09,0.5913451705,5.719339843e-10,0.06962395125,1.881085012e-08,0.1949271831,3.376690137e-09,0.1292577609,1.702461305e-09
2018-02-28,rstr/A_low/spread_low,556297.381,254.5487565,11.46812849,5.247089672,10.71828992,govt_2y,0.001939655923,0.01009466439,0.955228787,0.06441438913,555.4683605,0.005120531181,1.138470053,0.0001377869373,optimal,CLARABEL,0,,False,9,0.6263224348,2.140179284,True,2.346391829,-0.007836622178,0.006674227561,0.002039979164,0.0001377869373,False,5.011719846e-12,0.008170995321,False,3.750722924e-11,0.6263224348,False,1.653971967e-11,1.138470053,0.02749617782,1.016485035e-09,1.172037043e-09,9.731225476e-10,1.512156251e-09,0.2576305376,3.574768688e-10,0.6263224348,2.712443211e-09,6.482072062e-09,2.040051637e-09,0.08855082469,8.880584055e-09
2018-03-29,rstr/A_low/spread_low,557111.3094,123.9425919,5.583958013,2.889533358,4.923879964,govt_2y,0.001872469933,0.007176316099,0.9635722144,0.04029440655,841.4312581,0.004678150089,0.2511060693,4.031303776e-05,optimal,CLARABEL,0,,False,9,0.5060054322,2.449562929,True,2.09835265,-0.0041648064,0.002712494562,0.001345948872,4.031303776e-05,False,4.986953831e-12,0.001823619345,False,2.84942148e-11,0.5060054322,False,8.078690382e-12,0.2511060693,0.03047114535,1.669499983e-09,4.139370215e-09,2.792820475e-09,2.398952743e-09,0.3798142834,9.010219961e-10,0.5060054322,3.910386009e-09,5.425986302e-09,5.628223192e-09,0.08370911045,1.815455756e-09
2018-04-30,rstr/A_low/spread_low,553765.9201,131.9543222,5.944908714,2.707277018,5.248920548,govt_2y,0.001904754769,0.005343615521,0.9196028665,0.04626638853,807.6066545,0.004620664484,0.1689044244,0.0001511774599,optimal,CLARABEL,0,,False,8,0.5033829193,2.383878713,True,2.047917678,-0.004140613163,0.00281729607,0.001738767219,0.0001511774599,False,2.364619773e-12,0.0001640110801,False,1.435461435e-11,0.5033829193,False,3.914714513e-12,0.1689044244,0.03163596359,1.742109821e-09,0.02040557153,7.667892508e-10,1.917107329e-09,0.4037390588,5.771072532e-10,0.5033829193,5.550147494e-09,2.749829981e-09,1.630938837e-09,1.603751409e-08,0.04083645583
2018-05-31,rstr/A_low/spread_low,557233.5753,75.46784867,3.400036192,1.973623247,2.492265811,govt_2y,0.002214322692,0.005500823235,0.9723293748,0.009697960148,451.734489,0.004056018874,1.045901044,0.0001055655812,optimal,CLARABEL,0,,False,8,0.8190044219,1.470075481,True,1.271759947,-0.002312047137,0.001241543397,0.0008844703268,0.0001055655812,False,2.624243121e-12,0.00688567352,False,4.590379794e-11,0.8190044219,False,8.841186306e-12,1.045901044,0.04200472158,2.2517015e-09,1.340513227e-09,2.626547795e-09,2.513888204e-09,0.8190044219,0.01743134129,8.438506062e-09,0.05829642715,1.844520191e-09,3.241095808e-09,1.623276369e-09,0.06326306418
2018-06-29,rstr/A_low/spread_low,556127.75,97.40987887,4.388585597,2.175187181,3.384134472,govt_2y,0.002126331328,0.00561014971,0.9201644447,0.01191537289,189.9680699,0.00414887897,0.1165879064,3.44748448e-06,optimal,CLARABEL,0,,False,9,0.8381948021,1.401781722,True,1.228845948,-0.001968522875,0.001676735406,0.0008358860784,3.44748448e-06,False,3.293889535e-13,0.0001233937951,False,6.895327986e-12,0.8381948021,False,5.929672919e-13,0.1165879064,0.04341094068,1.194219906e-10,8.747895792e-11,2.637908532e-10,3.53028571e-10,0.8381948021,0.02826015899,7.432865517e-10,9.368425122e-10,2.254240803e-10,3.332016279e-10,1.416121381e-10,0.09013409508
2018-07-31,rstr/A_low/spread_low,554465.1451,57.66260546,2.597860532,1.573463858,1.865534088,govt_2y,0.002073645122,0.005360584662,0.9607825173,0.008903239241,309.9354357,0.005285101302,0.120427163,3.490752748e-06,optimal,CLARABEL,0,,False,9,0.7783192057,1.595648295,True,1.368022032,-0.0001377623323,0.001610648951,0.0002080827813,3.490752748e-06,False,1.378974779e-12,0.0003640092679,False,2.340912849e-11,0.7783192057,False,2.941287979e-12,0.120427163,0.04509199715,6.104048134e-10,2.631664067e-10,6.226742798e-10,1.412879389e-09,0.7783192057,0.04768252483,3.636846945e-09,2.701436849e-09,9.565295811e-10,1.888196308e-09,1.172668337e-09,0.1289062591
2018-08-31,rstr/A_low/spread_low,558399.6285,41.93197193,1.889151801,1.392274007,1.304865056,govt_2y,0.001976026413,0.005981661734,0.9928353503,0.004505362938,678.3851807,0.00594791616,0.08064087397,6.559857715e-06,optimal,CLARABEL,0,,False,8,0.7737262141,1.587279665,True,1.396205488,0.0005730103318,0.001483457002,0.0001534511334,6.559857715e-06,False,3.468604904e-13,0.0003981222,False,5.902879247e-12,0.7737262141,False,6.962120481e-13,0.08064087397,0.01928606687,2.337967269e-10,8.909168224e-11,1.16666967e-10,5.08577994e-10,0.7737262141,0.03345971825,1.541764784e-09,4.516707603e-09,6.869907719e-10,3.95670746e-10,0.0007147098657,0.1728132829
2018-09-28,rstr/A_low/spread_low,554009.4707,75.92450567,3.420609859,1.801406456,2.836492381,govt_2y,0.002002944226,0.006350850254,0.9890015022,0.006410612499,558.8869186,0.004767149253,0.3550354069,1.295344909e-05,optimal,CLARABEL,0,,False,6,0.6869649225,2.009255471,True,1.601139518,-0.000563626067,0.00172543845,0.0006209726163,1.295344909e-05,False,1.246508063e-12,0.001655291607,False,1.563711129e-11,0.6869649225,False,3.37324892e-12,0.3550354069,0.01338859464,5.320411493e-10,2.283577093e-10,4.51457544e-10,7.62910221e-09,0.6869649225,0.02053562227,0.1128119386,0.02456344745,1.4699355e-09,1.687370706e-09,0.04086229188,0.1008731706
2018-10-31,rstr/A_low/spread_low,544415.8058,32.54687079,1.466326927,1.140627773,0.9857533484,govt_2y,0.002015752218,0.006382197387,0.9686794048,0.007022863195,215.0925599,0.006175740729,0.4999142875,9.433128951e-05,optimal,CLARABEL,0,,False,10,0.8040996271,1.50060071,True,1.494602832,0.001119475678,0.001241330282,3.401575042e-06,9.433128951e-05,False,5.152346635e-13,0.001547001183,False,1.088576719e-11,0.8040996271,False,1.440665226e-12,0.4999142875,0.08013017602,2.444404426e-10,9.368290263e-11,2.391202995e-10,1.036722796e-09,0.8040996271,2.138878015e-09,2.457710019e-09,1.84858155e-09,1.553746185e-09,8.232843171e-10,0.1157701853,1.116603871e-09
2018-11-30,rstr/A_low/spread_low,543093.3209,103.392289,4.658109787,1.55246278,5.493707277,govt_2y,0.002081769434,0.004235821396,0.7839486005,0.03052788044,339.5772596,0.002152797301,0.3342063469,0.0001704986271,optimal,CLARABEL,0,,False,9,0.9633536516,1.076664522,True,1.07128678,0.003096142725,0.0004791753081,0.002296115437,0.0001704986271,False,2.759209666e-12,0.0007118302877,False,3.144078449e-10,0.9633536516,False,7.062076856e-12,0.3342063469,0.02551196116,6.571566425e-09,1.565187539e-09,7.738440262e-10,1.329447633e-08,0.9633536516,1.089251104e-09,4.207542058e-08,0.001610039046,8.203438581e-08,2.845927671e-08,2.449019814e-08,0.009524147791
2018-12-31,rstr/A_low/spread_low,545063.6489,83.02797296,3.74064079,1.355143299,3.017560529,govt_2y,0.002274920808,0.003681072991,0.8884450315,0.00931885469,251.1175488,0.002189473011,0.08786995116,5.717448871e-05,optimal,CLARABEL,0,,False,10,0.9462440195,1.114193664,True,0.9873683885,0.002887597892,0.0003980188381,0.001196231412,5.717448871e-05,False,1.832245253e-12,0.0003345262289,False,1.481276399e-10,0.9462440195,False,4.437495872e-12,0.08786995116,1.166200471e-09,2.088834475e-09,1.228498778e-09,1.373233633e-09,3.83227177e-09,0.9462440195,7.158520483e-10,1.30163818e-08,0.04541772417,6.783182495e-09,4.31617603e-09,1.025959619e-08,0.008338211557
2019-01-31,rstr/A_low/spread_low,547184.9974,123.3675529,5.558050907,2.411549884,4.395432414,govt_2y,0.002298578931,0.006647862003,0.9199820219,0.01451002981,164.3903142,0.002385745172,0.07598506645,1.075126315e-05,optimal,CLARABEL,0,,False,10,0.94319909,1.12180488,True,1.029111651,0.00495184045,0.0007021809732,0.001601376136,1.075126315e-05,False,1.434927554e-12,0.0004481397423,False,1.017480379e-10,0.94319909,False,3.010859813e-12,0.07598506645,7.773054896e-10,2.24995486e-09,1.760048415e-09,3.225634471e-09,6.325788637e-09,0.94319909,5.31647614e-10,0.0379640586,0.01883681414,4.857662973e-09,1.090718452e-08,2.795262728e-09,3.879389589e-09
2019-02-28,rstr/A_low/spread_low,546529.915,23.57000819,1.061894334,0.6593260913,0.7764692558,govt_2y,0.002110045226,0.003121419652,0.8290483448,0.003455374149,87.24668045,0.003782680924,0.4206697069,5.161217978e-05,optimal,CLARABEL,0,,False,8,0.732820053,1.780785708,True,1.393026618,0.001414828374,0.0003372555863,1.729879741e-05,5.161217978e-05,False,2.625595354e-13,0.0007086846256,False,3.733120077e-12,0.732820053,False,6.318205324e-13,0.4206697069,2.354028539e-10,1.674999281e-10,3.061034786e-10,0.01929230919,0.1231597825,0.732820053,2.330488295e-10,0.03781187937,0.08691597099,2.664282663e-09,2.772165751e-10,8.024082796e-10,1.840450631e-10
2019-03-29,rstr/A_low/spread_low,551137.3648,36.36823868,1.638490164,0.4194555086,1.821599155,govt_2y,0.002308096422,0.002079538941,0.7230798219,0.008356864063,311.5343017,0.003996666636,0.1988516437,7.72059993e-06,optimal,CLARABEL,0,,False,8,0.7223651277,1.799388366,True,1.427401726,-0.000168988645,0.0005809223944,8.255919892e-05,7.72059993e-06,False,9.684649442e-13,0.0001448446777,False,1.235579058e-11,0.7223651277,False,1.907519948e-12,0.1988516437,6.088108634e-10,4.955390651e-10,3.904680492e-10,0.03111499429,0.03425672461,0.7223651277,6.010016096e-10,0.03807447419,0.1741886511,7.824263368e-09,1.157279399e-09,1.592103125e-08,1.146185584e-09
2019-04-30,rstr/A_low/spread_low,551482.6499,73.80919787,3.325309367,0.8775294943,3.728486612,govt_2y,0.002264558994,0.003068071023,0.8774435195,0.01032521101,366.70903,0.004502700254,0.7779602827,5.371826571e-05,optimal,CLARABEL,0,,False,7,0.4537932967,2.721370253,True,1.955087713,-0.0004547225514,0.001496430527,0.000254960905,5.371826571e-05,False,5.487156978e-13,0.003669955656,False,3.153030559e-12,0.4537932967,False,1.417034647e-12,0.7779602827,3.902783819e-10,2.510327594e-10,1.702528657e-10,2.960002087e-10,0.01084918327,0.4537932967,1.999745702e-10,0.3854362829,0.1084224424,0.009834895857,4.732064812e-10,0.03166389682,1.507345591e-10
2019-05-31,rstr/A_low/spread_low,554378.1036,62.70892466,2.825211228,0.7869247439,2.864000939,govt_2y,0.002605400742,0.002715821542,0.8287839271,0.008238949162,274.4221011,0.00445350789,0.5604911152,3.572942811e-05,optimal,CLARABEL,0,,False,8,0.631716176,2.210254877,True,1.634887837,-0.0006767531813,0.001243752039,0.0001922863843,3.572942811e-05,False,1.008424346e-12,0.001898441428,False,7.806418652e-12,0.631716176,False,2.000499641e-12,0.5604911152,8.272464931e-10,5.554623951e-10,3.070590289e-10,4.277175751e-10,2.765984946e-09,0.631716176,2.829955316e-10,0.2071925749,0.01928064757,0.07369391888,8.366910883e-10,0.06811667634,2.719892215e-10
2019-06-28,rstr/A_low/spread_low,560537.7523,34.635708,1.560434845,0.6316548304,1.87628149,govt_2y,0.002750228601,0.005313285875,0.947657496,0.005492052787,146.7904841,0.006285695931,0.6371255386,5.886097177e-05,optimal,CLARABEL,0,,False,7,0.3878644332,3.514221745,True,2.415903423,0.001695784029,0.001368455899,7.205135336e-08,5.886097177e-05,False,2.855324268e-13,0.001771634407,False,1.166843411e-12,0.3878644332,False,5.273222635e-13,0.6371255386,1.225503391e-10,1.187622086e-10,8.518673955e-11,9.707593723e-11,0.07550891418,0.3363998706,1.523040013e-10,0.3878644332,0.05490935152,0.101633903,2.159571969e-10,0.04368352667,8.239888744e-11
2019-07-31,rstr/A_low/spread_low,559252.7205,101.5983953,4.577289896,1.375869394,5.100407161,govt_2y,0.002715152263,0.004129285453,0.8343759306,0.01016099257,150.879826,0.005202242106,0.5181252643,2.734182651e-05,optimal,CLARABEL,0,,False,8,0.5151881547,2.801305724,True,2.220665534,-0.001131364598,0.002749590181,0.0005184151872,2.734182651e-05,False,4.65881398e-12,0.001326432472,False,2.033160355e-11,0.5151881547,False,6.714870757e-12,0.5181252643,2.973017175e-09,1.174735695e-09,7.589041123e-10,1.335598403e-09,7.140235282e-09,0.5151881547,6.054325326e-10,0.2421064644,0.01656369956,0.1726427681,1.693397948e-09,0.05349889694,7.002920297e-10
2019-08-30,rstr/A_low/spread_low,567001.9004,84.66406555,3.814351305,0.9940893714,4.500376761,govt_2y,0.003403878606,0.006541800428,0.9244210882,0.01036846266,128.1373363,0.005366783406,0.5139086859,2.797631324e-05,optimal,CLARABEL,0,,False,8,0.734611314,1.737414911,True,1.800612526,-0.0008110614363,0.002438525244,0.0008849265634,2.797631324e-05,False,2.125552766e-12,0.002091006758,False,1.549411898e-11,0.734611314,False,2.771569952e-12,0.5139086859,5.763836739e-10,3.42818198e-10,1.938396417e-10,1.583194621e-09,0.0193379663,0.734611314,3.074371045e-10,1.136360829e-07,0.003419070891,0.176512212,1.037273785e-09,0.06611931876,3.048747082e-10
2019-09-30,rstr/A_low/spread_low,565086.0094,113.9899333,5.135563099,1.361663506,5.986094624,govt_2y,0.003731620195,0.01046950672,0.9526733768,0.01625792304,123.4622387,0.005241092116,0.6315322734,3.368351294e-05,optimal,CLARABEL,0,,False,9,0.6505001233,2.042463709,True,1.91151077,-0.00224234938,0.003131194786,0.00171901436,3.368351294e-05,False,1.895073655e-12,0.0002335397602,False,9.878368139e-12,0.6505001233,False,2.555884558e-12,0.6315322734,5.176048816e-10,2.403345694e-10,1.419712586e-10,1.188314315e-08,0.1016047443,0.6505001233,4.102271805e-10,4.967475689e-09,0.2366526056,7.904976998e-08,9.506141303e-10,0.0112424284,2.711377983e-10
2019-10-31,rstr/A_low/spread_low,565220.1852,73.01120685,3.289357655,0.9074652334,4.113757375,govt_2y,0.003865833569,0.008429514275,0.961684436,0.01025601738,147.7154513,0.005196939056,0.3402166711,3.774037147e-05,optimal,CLARABEL,0,,False,7,0.7119269275,1.85249892,True,1.764360989,-0.0009648347575,0.001971899492,0.0007931872978,3.774037147e-05,False,7.170829847e-13,0.0001717675684,False,3.960075802e-12,0.7119269275,False,6.874314921e-13,0.3402166711,1.433234129e-10,1.215897413e-10,8.860198866e-11,0.006607979875,0.01508502867,0.7119269275,1.769737607e-10,2.999838514e-09,0.1521155517,0.09607373097,2.072558295e-10,0.01819077739,1.296434119e-10
2019-11-29,rstr/A_low/spread_low,564798.0649,90.71443184,4.086937112,1.097999932,4.748869031,govt_2y,0.003633690182,0.0046388633,0.8420848924,0.01308449109,160.7892512,0.00487762639,0.2318203836,7.805005296e-06,optimal,CLARABEL,0,,False,8,0.7690237419,1.645614692,True,1.638316133,-0.002271871589,0.002158208747,0.00119555813,7.805005296e-06,False,1.372744211e-12,0.0001658638868,False,8.787409494e-12,0.7690237419,False,1.152774667e-12,0.2318203836,5.13010638e-10,3.850061192e-10,1.651148334e-10,0.01100898152,2.770032658e-09,0.7690237419,2.05302151e-10,2.768372923e-09,0.07064985698,0.07763386791,3.123119948e-10,0.07168354433,2.055599845e-10
2019-12-31,rstr/A_low/spread_low,566581.0482,90.53711341,4.078948424,1.292867826,4.887886331,govt_2y,0.003328754354,0.005423455071,0.896785355,0.0135026125,180.3693947,0.00532419605,0.2148457041,6.368966655e-06,optimal,CLARABEL,0,,False,10,0.7416331781,1.710837704,True,1.715523548,-0.001807125891,0.00256646131,0.0009665681755,6.368966655e-06,False,4.991125877e-12,7.813839792e-05,False,2.781179711e-11,0.7416331781,False,4.43694273e-12,0.2148457041,1.241190505e-09,9.680101273e-10,4.288496075e-10,5.649037556e-09,3.679941822e-09,0.7416331781,1.076186118e-09,8.524924952e-09,1.949752488e-07,0.1527688647,1.31433021e-09,0.1055977385,8.182195463e-10
2020-01-31,rstr/A_low/spread_low,570122.633,109.5082559,4.933651083,1.58760708,5.289011269,govt_2y,0.003334514336,0.003529893013,0.6751936604,0.01173095348,133.0997859,0.004733834914,0.3780563009,2.767821852e-05,optimal,CLARABEL,0,,False,8,0.7047104375,1.884921981,True,1.762703201,-0.003156906198,0.00245399164,0.0009418943008,2.767821852e-05,False,4.228359622e-12,0.0001179912885,False,2.067014766e-11,0.7047104375,False,3.767374405e-12,0.3780563009,3.236944252e-09,6.901297004e-10,5.364675618e-10,0.02254187051,1.649193445e-09,0.7047104375,4.756430245e-10,5.107818245e-09,0.1664833111,0.05750536602,1.01906239e-09,0.04875900116,1.013570227e-09
2020-02-28,rstr/A_low/spread_low,569956.3428,106.206354,4.784891232,1.280845293,5.769489986,govt_2y,0.004158239903,0.006313657323,0.9224166978,0.01270862309,164.4285941,0.005083484766,0.137971665,4.286183709e-06,optimal,CLARABEL,0,,False,8,0.7303871991,1.766250123,True,2.131457584,-0.003303354552,0.002744565203,0.000954357821,4.286183709e-06,False,1.118472423e-11,6.963358126e-05,False,5.976054516e-11,0.7303871991,False,8.702042286e-12,0.137971665,1.266806299e-09,1.569403264e-09,1.580630051e-09,0.07167359959,5.357532406e-09,0.7303871991,8.419821452e-10,2.641979087e-08,0.1640726941,0.02307099955,4.236289304e-09,0.01079546341,2.966527699e-09
2020-03-31,rstr/A_low/spread_low,562939.4524,65.93041704,2.970348408,0.6752350238,3.663027711,govt_2y,0.005109513644,0.01062468356,0.9808814853,0.02440414133,439.1122262,0.007118639385,0.37279858,0.0008180036295,optimal,CLARABEL,0,,False,8,0.7472528533,1.683962903,True,1.696999947,-0.001068920149,0.003341025643,0.001813018113,0.0008180036295,False,2.455451202e-11,0.001262349089,False,1.439152431e-10,0.7472528533,False,2.303017495e-11,0.37279858,5.08147735e-09,1.926271837e-09,7.893638127e-09,0.0311362097,3.512918936e-08,0.7472528533,9.421585838e-10,0.1834855846,0.02566911642,1.474562247e-09,4.661568359e-09,0.01245617601,2.925176335e-09
2020-04-30,rstr/A_low/spread_low,566264.1557,85.70057132,3.861048769,2.326396087,1.916592757,govt_2y,0.004727286429,0.02073459179,0.9670294561,0.06635663764,183.0682647,0.004829015024,0.3951437804,0.0002043711712,optimal,CLARABEL,0,,False,10,0.9410764845,1.126326764,True,1.230540811,0.008602456486,0.001998484712,0.005332470228,0.0002043711712,False,2.944863191e-11,0.0008623052669,False,7.483970813e-10,0.9410764845,False,2.78535527e-11,0.3951437804,2.538585824e-09,2.836780839e-09,2.168700482e-09,1.566585822e-08,1.357835558e-08,0.9410764845,9.708236904e-09,0.04496789499,3.74689642e-09,3.286953707e-08,6.1699823e-08,0.01395547031,5.391448572e-09
2020-05-29,rstr/A_low/spread_low,567174.8407,27.8570264,1.255036412,1.166242138,3.073749046,govt_2y,0.004383017864,0.01776793468,0.9875010971,0.02575286472,252.5974868,0.008053647989,0.6760711571,0.0001689755313,optimal,CLARABEL,0,,False,9,0.6024076406,2.164179689,True,1.877502711,0.004253818907,0.001806841441,0.0001652664264,0.0001689755313,False,3.210190486e-12,0.001447789364,False,1.192168819e-11,0.6024076406,False,3.587108227e-12,0.6760711571,4.426954772e-11,4.85334604e-10,5.608677895e-10,0.0783207129,2.099661091e-08,0.6024076406,1.689889935e-08,0.3046746978,4.17878579e-10,7.428881672e-10,1.222485337e-09,0.01459690682,4.742529343e-10
2020-06-30,rstr/A_low/spread_low,568878.4932,53.98435134,2.432144968,0.7998313904,3.891923578,govt_2y,0.004038143159,0.01168479052,0.9726101482,0.04900865299,511.0420141,0.007287445213,0.03578122833,1.592465444e-05,optimal,CLARABEL,0,,False,9,0.6079419567,2.136844056,True,1.791874924,0.001371279837,0.002866939267,0.0001724269243,1.592465444e-05,False,9.720005169e-12,1.952121115e-05,False,3.526446973e-11,0.6079419567,False,7.119147265e-12,0.03578122833,5.445530123e-10,1.569381555e-09,2.137204333e-09,0.06224910939,7.405743426e-09,0.6079419567,5.059315417e-10,0.3065457893,2.094215273e-09,8.729500293e-10,2.513476626e-09,0.0232631262,7.660560523e-10
2020-07-31,rstr/A_low/spread_low,574608.8108,77.12019611,3.474479034,0.9690702486,4.91139219,govt_2y,0.003690095653,0.009569728277,0.9270607319,0.07253362998,433.4510347,0.006520829147,0.07467597935,4.773776542e-06,optimal,CLARABEL,0,,False,9,0.6398625557,2.047917888,True,1.678304809,-0.0005699679211,0.003279244267,0.0003660672997,4.773776542e-06,False,1.315686642e-11,0.0001672746215,False,5.228681813e-11,0.6398625557,False,9.900997512e-12,0.07467597935,9.076059268e-10,1.665782561e-09,1.074838089e-08,0.06318946486,5.168548944e-09,0.6398625557,5.329468071e-10,0.2725602082,1.656509451e-09,1.305724423e-09,3.705481443e-09,0.02438774461,8.526630942e-10
2020-08-31,rstr/A_low/spread_low,574941.8472,149.5185804,6.736227333,2.127543254,8.054831868,govt_2y,0.003441996165,0.01045982626,0.8567935409,0.1648101656,435.7781773,0.007269838969,0.3073935888,3.86349466e-05,optimal,CLARABEL,0,,False,8,0.4948866741,2.367785314,True,1.93041978,-0.003541629942,0.007902140502,0.002111392636,3.86349466e-05,False,1.449254326e-11,0.000754604366,False,4.113350781e-11,0.4948866741,False,1.241388656e-11,0.3073935888,8.424124917e-10,8.452021535e-10,0.008486417125,0.05367035071,2.170544782e-09,0.4948866741,2.497428606e-10,0.416881689,1.968145179e-09,6.168650602e-10,2.902241732e-09,0.02607485877,7.357128142e-10
2020-09-30,rstr/A_low/spread_low,573341.0513,162.778261,7.333612769,2.38711285,8.47236371,govt_2y,0.003128672477,0.007225670185,0.6510864149,0.1666730173,426.2633495,0.007243093105,0.1273760189,1.936933313e-05,optimal,CLARABEL,0,,False,9,0.4596015868,2.434082804,True,2.006818409,-0.003693137679,0.00853973787,0.002934730032,1.936933313e-05,False,1.687602036e-11,0.0002130566434,False,4.513103458e-11,0.4596015868,False,1.726226382e-11,0.1273760189,1.012939214e-09,8.111493717e-10,1.769902253e-09,0.05676684629,2.171144203e-09,0.4410976554,2.923540984e-10,0.4596015868,1.484087849e-09,7.812019264e-10,9.062983054e-09,0.04253389358,5.208600384e-10
2020-10-30,rstr/A_low/spread_low,570873.2598,129.9366612,5.854007483,1.848255323,7.235003214,govt_2y,0.002911811362,0.006741390899,0.8517563824,0.08007688654,493.747547,0.006709430777,0.1925353543,9.872204297e-06,optimal,CLARABEL,0,,False,9,0.5500781806,2.250482736,True,2.132571843,-0.00245459504,0.005849288686,0.001720254863,9.872204297e-06,False,2.741998141e-11,0.0004594245951,False,8.851709976e-11,0.5500781806,False,2.234278478e-11,0.1925353543,2.408108947e-09,1.441415808e-09,3.803344975e-09,0.03115960861,5.379745322e-09,0.3723401366,7.470471994e-10,0.5500781806,3.166496997e-09,2.088200718e-09,9.291469034e-09,0.04642204459,1.22486641e-09
2020-11-30,rstr/A_low/spread_low,572929.4478,103.1750974,4.648324702,1.54128841,6.039993103,govt_2y,0.002657192025,0.006138163929,0.8774033393,0.06383002088,566.1981443,0.006949305796,0.2082264778,2.127326701e-05,optimal,CLARABEL,0,,False,7,0.4791519349,2.712808377,True,2.094304567,-0.001538309982,0.004982619609,0.003249433362,2.127326701e-05,False,6.512305436e-12,0.000347312626,False,1.847908625e-11,0.4791519349,False,6.315513875e-12,0.2082264778,8.122202842e-10,3.172833491e-10,0.006176173999,0.02088021514,1.174500926e-09,0.3570176208,2.456150717e-10,0.4791519349,2.063340523e-09,1.199695319e-09,0.09793215956,0.03884188813,1.753411525e-09
2020-12-31,rstr/A_low/spread_low,575571.0028,209.747161,9.449692168,3.627366842,10.29499657,govt_2y,0.002489805908,0.007160533314,0.90816203,0.06184511527,529.4607697,0.007132752902,0.8389338537,0.0001658309633,optimal,CLARABEL,0,,False,7,0.8431640669,1.386173329,True,2.614250768,-0.006103645527,0.01067113095,0.004301526263,0.0001658309633,False,8.773681811e-12,0.001892049772,False,8.470370993e-11,0.8431640669,False,1.159004054e-11,0.8389338537,0.0028112179,0.01584002169,0.0189363461,1.093440346e-09,9.52425448e-10,0.09675490554,1.659623943e-10,0.8431640669,1.070316175e-09,7.478984287e-10,9.036552996e-09,2.487741044e-09,0.02249342633
2021-01-29,rstr/A_low/spread_low,574365.5263,249.2830085,11.23089191,4.427837389,11.81286309,govt_2y,0.002415254066,0.008365207999,0.8839870169,0.1022237275,514.1269536,0.007628256463,0.2130478159,0.0001676384019,optimal,CLARABEL,0,,False,7,0.898353546,1.234193481,True,2.749238103,-0.006995520766,0.01450585222,0.006233133441,0.0001676384019,False,2.814361943e-11,0.0003137166276,False,4.430020188e-10,0.898353546,False,2.574355351e-11,0.2130478159,0.01132649996,0.006650589484,1.985258855e-08,5.514980328e-09,2.492349079e-09,0.01860159769,5.18063806e-10,0.898353546,4.974619854e-09,2.239434266e-09,0.01563424527,2.42491107e-09,0.04943348356
2021-02-26,rstr/A_low/spread_low,569544.0747,264.7249998,11.92659651,5.031575673,12.23294484,govt_2y,0.002045227684,0.009905748766,0.8734663252,0.1097650044,362.9893777,0.006415575859,1.052365179,8.913705751e-05,optimal,CLARABEL,0,,False,6,0.453309993,2.720718958,True,1.493321223,-0.007330336413,0.0108959787,0.01249842673,8.913705751e-05,False,3.846552933e-11,0.002487032816,False,1.182023284e-10,0.453309993,False,8.971565948e-11,1.052365179,0.01523121383,3.146737588e-09,0.001961059037,3.26355804e-09,3.986237908e-09,0.453309993,1.244566743e-09,0.3888188841,0.006707701526,5.879608389e-09,0.09548882806,1.636299942e-09,0.0384823013
2021-03-31,rstr/A_low/spread_low,567898.269,223.356436,10.06282781,5.401111166,8.989407446,govt_2y,0.00150502062,0.01291520612,0.9668322406,0.07638896807,540.0091956,0.006467072616,0.1407554767,4.159423212e-05,optimal,CLARABEL,0,,False,7,0.4268737933,2.83957658,True,1.42453847,-0.005969390932,0.009341442524,0.008055451492,4.159423212e-05,False,9.249287009e-12,0.0004680469331,False,2.776666178e-11,0.4268737933,False,8.579306179e-12,0.1407554767,0.02869259063,1.428854838e-09,4.986430948e-09,4.109636214e-10,8.724069891e-10,0.3991609222,2.694640587e-10,0.4268737933,0.02411712923,1.996032286e-09,0.09115774413,7.493585227e-10,0.02999780972
2021-04-30,rstr/A_low/spread_low,572290.039,163.5009701,7.366172823,4.216428986,6.125635607,govt_2y,0.001448125324,0.01290144563,0.9829161098,0.05001097763,682.2666218,0.006035148862,0.3232464904,2.618857887e-05,optimal,CLARABEL,0,,False,7,0.4836292735,2.88856896,True,1.279911633,-0.004569561841,0.005955199397,0.005280033402,2.618857887e-05,False,5.771487545e-12,0.0006184680975,False,2.101172415e-11,0.4836292735,False,6.595578087e-12,0.3232464904,0.02972195648,7.232502365e-10,8.894767386e-10,3.872169009e-10,5.680957609e-10,0.4836292735,2.174227207e-10,0.300730499,4.167120357e-09,1.634502547e-09,0.1412861648,0.02504466923,0.01958742843
2021-05-28,rstr/A_low/spread_low,574804.3434,260.0650203,11.71665149,6.441622497,9.95087768,govt_2y,0.001333639191,0.01303499177,0.9764596311,0.02731795687,265.8166174,0.004472819544,0.2698929255,2.956131464e-05,optimal,CLARABEL,0,,False,8,0.5929876002,2.296171458,True,1.055080383,-0.006627170822,0.005202890618,0.006680751673,2.956131464e-05,False,1.48955675e-11,0.0002793045386,False,8.063313628e-11,0.5929876002,False,1.912109079e-11,0.2698929255,0.0226142499,2.079591679e-09,1.049418126e-09,1.244378449e-09,2.496476879e-09,0.5929876002,8.0246301e-10,0.2788629631,4.084654183e-09,2.821241663e-09,0.05653991261,0.04899525719,2.50317296e-09
2021-06-30,rstr/A_low/spread_low,574922.7148,254.4777285,11.46492847,6.503652559,9.46322286,govt_2y,0.001477812205,0.01239154035,0.9686183312,0.02081917389,168.8231466,0.004103719967,0.06594281494,6.940978292e-06,optimal,CLARABEL,0,,False,8,0.6246176796,2.152449738,True,1.073035227,-0.007486057165,0.004285536656,0.006023768545,6.940978292e-06,False,8.273509943e-12,8.560312317e-05,False,5.973899957e-11,0.6246176796,False,1.405709734e-11,0.06594281494,0.02339972859,2.585915089e-09,8.777787444e-10,1.015379217e-09,2.493721603e-09,0.6246176796,1.078897706e-09,0.2645464093,4.343786402e-09,3.942416906e-09,0.037207111,0.0502290535,1.600074983e-09
2021-07-30,rstr/A_low/spread_low,578590.5518,244.5364922,11.01704817,6.277871563,9.233572312,govt_2y,0.001457101995,0.01046985854,0.960424941,0.01977640669,178.8753984,0.004113410077,0.1205690364,8.065685588e-06,optimal,CLARABEL,0,,False,8,0.5873520771,2.216343715,True,1.176287424,-0.006996631776,0.004137592285,0.005604290726,8.065685588e-06,False,9.498491108e-12,0.0002849208428,False,7.35589189e-11,0.5873520771,False,1.6493352e-11,0.1205690364,0.02515420629,2.231714062e-09,1.094261104e-09,1.135087819e-09,1.028243109e-08,0.5873520771,2.32349894e-09,0.3199415927,7.534267186e-09,3.083051019e-08,0.0121647526,0.05538731373,2.079597995e-09
2021-08-31,rstr/A_low/spread_low,578746.9445,252.6811441,11.38398736,6.205146718,10.02022912,govt_2y,0.001428334441,0.007951189164,0.8717028723,0.05935855269,300.7612902,0.005480414529,0.2349371793,1.076489642e-05,optimal,CLARABEL,0,,False,8,0.4776852417,2.876260766,True,1.413602153,-0.005442684936,0.007589263865,0.006962550797,1.076489642e-05,False,7.442382011e-12,0.0003084472416,False,5.281183681e-11,0.4776852417,False,2.173573562e-11,0.2349371793,0.01675481058,2.86239239e-09,4.88026279e-10,9.384170791e-10,1.107371715e-08,0.4776852417,2.134813254e-09,0.3190533457,3.700729864e-09,8.950270845e-09,0.0965939959,0.0899125753,5.80011549e-10
2021-09-30,rstr/A_low/spread_low,573847.4006,239.9809234,10.81180714,5.718551195,9.549026506,govt_2y,0.001442837201,0.008302567532,0.8884969735,0.05256593096,278.5692827,0.004887562185,0.2480018294,8.995225841e-06,optimal,CLARABEL,0,,False,8,0.5952304814,2.367625499,True,1.186201399,-0.005251348769,0.005732727679,0.007531467694,8.995225841e-06,False,8.592359658e-12,0.0004583714157,False,8.782744233e-11,0.5952304814,False,2.07137385e-11,0.2480018294,0.01259106364,1.803580912e-09,7.235687662e-10,2.165007035e-09,4.531046153e-08,0.5952304814,5.420507795e-08,0.2340789218,1.098999447e-08,1.312572987e-08,0.06150573979,0.09659366424,7.345774779e-10
2021-10-29,rstr/A_low/spread_low,576747.442,127.1039744,5.726387075,3.192807762,3.640011581,govt_2y,0.001652755733,0.008182578347,0.9484508869,0.0413537772,473.0214399,0.005349321332,0.1046638556,8.032681457e-06,optimal,CLARABEL,0,,False,6,0.5780476195,2.49236654,True,1.346139025,-0.002764897457,0.003637110568,0.004495901828,8.032681457e-06,False,2.345949898e-12,0.0003167819178,False,2.51949097e-11,0.5780476195,False,5.656786659e-12,0.1046638556,0.0372192447,8.766412287e-10,2.843378328e-10,4.339036467e-09,1.071713685e-08,0.5780476195,0.008035095318,0.2361197839,0.01517254868,1.820661167e-07,0.03278470438,0.09262080493,3.22468434e-10
2021-11-30,rstr/A_low/spread_low,574968.3467,140.9021429,6.348032888,3.633130536,4.774597758,govt_2y,0.002140875761,0.009282969598,0.9257440853,0.04712960984,294.202942,0.005852707906,0.5460193434,2.755604186e-05,optimal,CLARABEL,0,,False,9,0.6936778179,1.907217034,True,1.405619823,-0.003728641981,0.004826488749,0.004079233029,2.755604186e-05,False,3.105349219e-12,0.001261415322,False,4.984090783e-11,0.6936778179,False,1.077681429e-11,0.5460193434,0.02182610631,1.14465277e-09,3.847067696e-10,6.013812188e-09,5.323241886e-09,0.6936778179,1.386921216e-08,1.460561141e-08,2.957936588e-09,3.550302224e-09,0.1753379453,0.1091580822,4.28761646e-10
2021-12-30,rstr/A_low/spread_low,577368.615,85.49870111,3.851953956,2.325744327,3.230990304,govt_2y,0.002153502307,0.005989039118,0.8622088549,0.02190092267,183.0438169,0.005278516629,0.293716262,1.374237519e-05,optimal,CLARABEL,0,,False,8,0.7948423147,1.540358173,True,1.108700933,-0.001899438509,0.002382227891,0.001352936125,1.374237519e-05,False,1.540293895e-12,0.0003096381462,False,3.675651831e-11,0.7948423147,False,4.470877984e-12,0.293716262,0.01086199006,5.304424176e-10,3.260074485e-10,1.184790522e-09,2.162087464e-09,0.7948423147,0.03380652718,4.202835372e-09,1.322070097e-09,1.146780959e-09,0.0397099976,0.1207791592,2.912505954e-10
2022-01-31,rstr/A_low/spread_low,568962.6574,96.57406373,4.350929803,2.70659387,3.483538719,govt_2y,0.002432421428,0.007331717654,0.8701601205,0.02865446863,168.8692785,0.005390062102,0.07503885388,2.062276707e-05,optimal,CLARABEL,0,,False,8,0.8143481516,1.481556348,True,1.196508998,-0.003340639724,0.002805744009,0.002346585367,2.062276707e-05,False,4.326812588e-13,0.0001512808347,False,1.370080523e-11,0.8143481516,False,1.32994021e-12,0.07503885388,0.02675311213,2.146588946e-10,7.648439879e-11,2.8491758e-09,2.342500672e-09,0.8143481516,0.01921198537,2.475042746e-09,6.375553873e-10,6.142504561e-10,0.04791215764,0.09177458401,6.488688218e-11
2022-02-28,rstr/A_low/spread_low,566401.5352,24.46992019,1.102437869,0.9571000025,1.203080333,govt_2y,0.003012855433,0.008319994304,0.9127888538,0.008353991463,55.65005402,0.01085727649,0.3737334084,0.0004121791267,optimal,CLARABEL,0,,False,10,0.7658906946,1.578874152,True,1.616524282,0.004229815864,0.00288452527,1.051568987e-06,0.0004121791267,False,4.998618674e-13,0.001695506241,False,1.371928884e-11,0.7658906946,False,1.976697036e-12,0.3737334084,0.2154684818,4.266875279e-10,2.180999126e-10,8.169232512e-10,1.95898352e-09,0.7658906946,0.01864080581,1.989164231e-09,8.184170517e-10,7.837653044e-10,1.038838148e-09,9.541495685e-09,1.521262477e-10
2022-03-31,rstr/A_low/spread_low,570324.2183,37.68971187,1.698026202,1.194713483,0.7630733372,govt_2y,0.004116554363,0.01231980936,0.9837396308,0.01125504668,176.8401611,0.00801552943,0.3254500865,0.0001341173723,optimal,CLARABEL,0,,False,10,0.8815201626,1.272661191,True,1.455565547,0.0004188521739,0.002421515445,0.000318947198,0.0001341173723,False,3.198260103e-13,0.0011912506,False,1.939458017e-11,0.8815201626,False,1.389827689e-12,0.3254500865,0.08803707786,4.190656399e-10,1.332224782e-10,3.085923067e-08,2.106962139e-09,0.8815201626,6.010360208e-10,1.519344517e-09,1.279888603e-09,2.779657468e-10,7.95266882e-10,0.0304427214,1.414020725e-10
2022-04-29,rstr/A_low/spread_low,568814.8975,39.23890694,1.767821743,1.547709539,0.9248350977,govt_2y,0.00447979441,0.01390695523,0.9783675688,0.01621957816,150.7369676,0.008712137828,0.08067467579,5.31498855e-05,optimal,CLARABEL,0,,False,9,0.8494487073,1.36584853,True,1.616342554,-0.0001192099625,0.002978285834,0.0002834802112,5.31498855e-05,False,3.836944232e-13,8.037918022e-05,False,2.051875804e-11,0.8494487073,False,1.732140642e-12,0.08067467579,0.08243667582,7.111806706e-10,1.592033383e-10,0.006975075939,6.729016494e-10,0.8494487073,4.775694139e-10,7.845502417e-10,8.902226475e-10,4.130659423e-10,5.843000087e-10,0.06113953612,1.7325532e-10
2022-05-31,rstr/A_low/spread_low,574100.7908,54.1716042,2.440581229,1.027461523,4.124111024,govt_2y,0.004528070033,0.01596989358,0.9835972934,0.0211285838,195.8637059,0.007219079103,0.1378148911,3.593901251e-05,optimal,CLARABEL,0,,False,11,0.916089392,1.181668873,True,1.519759849,0.005926461213,0.002823158737,0.001444726862,3.593901251e-05,False,1.63655043e-12,0.0001518286176,False,1.585558905e-10,0.916089392,False,7.198537754e-12,0.1378148911,0.08391058769,1.651066048e-09,1.397908552e-09,2.68937155e-09,1.376739974e-09,0.916089392,5.148192086e-10,3.378915861e-09,1.753252521e-09,1.249395644e-09,2.900484648e-09,1.917690285e-09,1.464555896e-09
2022-06-30,rstr/A_low/spread_low,567160.6798,46.86176201,2.111252536,0.8849528635,3.702142295,govt_2y,0.005953569722,0.01605047826,0.9825586007,0.0205722527,177.6458987,0.008107819594,0.01107766298,1.141344241e-05,optimal,CLARABEL,0,,False,11,0.9159122759,1.182080549,True,1.617099935,0.006366394299,0.003080539398,0.001219380048,1.141344241e-05,False,1.775549703e-12,3.654268881e-05,False,1.912782495e-10,0.9159122759,False,8.096559692e-12,0.01107766298,0.08408770568,1.487950226e-09,1.631052492e-09,2.221059495e-09,1.205438729e-09,0.9159122759,4.229471907e-10,3.238153061e-09,2.244581092e-09,1.363816464e-09,1.549191086e-09,1.641797807e-09,1.416936235e-09
2022-07-29,rstr/A_low/spread_low,568252.8905,81.26674502,3.661292579,1.322435571,4.910135327,govt_2y,0.006006530021,0.01408827986,0.9735670549,0.01957680471,145.440405,0.006805881014,0.04394389425,5.810662552e-06,optimal,CLARABEL,0,,False,11,0.9397212331,1.127765039,True,1.387868946,0.008759305746,0.00376427696,0.005243375199,5.810662552e-06,False,1.441461657e-12,0.0001384101736,False,2.271023659e-10,0.9397212331,False,7.264461226e-12,0.04394389425,0.06027874701,1.257242771e-09,2.382266174e-09,1.765532116e-09,1.063074222e-09,0.9397212331,3.69496925e-10,3.086547448e-09,2.644094121e-09,1.448202533e-09,3.084513352e-09,1.09053518e-09,1.708638882e-09
2022-08-31,rstr/A_low/spread_low,562137.1588,39.33978183,1.772366437,0.7883982849,2.647816416,govt_2y,0.005881998391,0.009715878319,0.9776769508,0.01895302893,349.8342047,0.006981121217,0.01235525585,1.29211369e-06,optimal,CLARABEL,0,,False,11,0.9339389258,1.14076338,True,1.35474685,0.005112254405,0.00191726571,0.001716559294,1.29211369e-06,False,7.459860191e-13,3.724110335e-05,False,1.122212325e-10,0.9339389258,False,3.780417413e-12,0.01235525585,0.06606105037,5.582949437e-10,1.071489205e-09,8.550633177e-10,1.019262847e-09,0.9339389258,2.781103605e-10,8.050111156e-09,2.375680463e-09,1.231305999e-09,1.845422457e-09,3.936139431e-09,2.573088995e-09
2022-09-30,rstr/A_low/spread_low,551441.4171,65.98628945,2.972865615,1.106923152,3.799087277,govt_2y,0.006317105234,0.01020668636,0.9809633358,0.009971965212,195.254286,0.006893690443,0.01721502584,2.816870267e-06,optimal,CLARABEL,0,,False,11,0.9461366568,1.113491722,True,1.272776506,0.007372034287,0.003135864317,0.004884207392,2.816870267e-06,False,9.26134625e-13,5.021508558e-05,False,1.765181922e-10,0.9461366568,False,4.820097307e-12,0.01721502584,0.05386329318,7.003121621e-10,2.10402327e-09,1.315375577e-09,7.728975768e-10,0.9461366568,2.905420374e-10,2.99446687e-09,2.993216054e-08,1.181024574e-09,1.509287447e-09,7.654762931e-09,1.571498152e-09
2022-10-31,rstr/A_low/spread_low,551416.9422,111.5294711,5.024712442,2.008807618,5.798215475,govt_2y,0.0064420269,0.01100403593,0.9377047482,0.01710643405,90.02633833,0.006637471226,0.04268097124,2.404466671e-05,optimal,CLARABEL,0,,False,10,0.9470837552,1.112914915,True,1.267079545,0.0125277757,0.004913545086,0.008611225567,2.404466671e-05,False,6.978959238e-13,0.0001250774262,False,1.347416599e-10,0.9470837552,False,3.643621793e-12,0.04268097124,0.03577432227,3.684974178e-10,8.38696676e-10,6.589664583e-10,3.295124937e-10,0.9470837552,1.255350084e-10,1.062302915e-09,0.01714191555,5.991177146e-10,6.842873734e-10,1.83679379e-09,4.984466972e-10
2022-11-30,rstr/A_low/spread_low,554103.2928,88.9568096,4.007751348,1.574196913,4.864769848,govt_2y,0.006938511543,0.01431240866,0.9551594585,0.04649169814,199.1377377,0.008051027627,0.1190528064,5.584657227e-05,optimal,CLARABEL,0,,False,8,0.8875610097,1.262556949,True,1.295462708,0.009969459025,0.00576609552,0.01022846439,5.584657227e-05,False,2.938854757e-12,8.00983325e-05,False,2.653613045e-10,0.8875610097,False,1.606614921e-11,0.1190528064,0.04371892348,8.229588927e-10,5.48590471e-08,1.869102798e-09,1.702374346e-09,0.8875610097,4.418299278e-10,7.083661244e-08,0.0395045389,4.719761248e-09,0.02839558218,0.0008198078404,2.615088113e-09
2022-12-30,rstr/A_low/spread_low,551186.3575,32.9151087,1.482917068,0.6446570725,1.994419986,govt_2y,0.006880551974,0.009193309689,0.942246842,0.02066827656,167.7015091,0.007499331932,0.09920542545,8.518223208e-05,optimal,CLARABEL,0,,False,9,0.9270713968,1.159044018,True,1.208593864,0.003603317239,0.001851145036,0.001181272171,8.518223208e-05,False,5.527231188e-13,7.266296531e-05,False,7.744351236e-11,0.9270713968,False,3.085098358e-12,0.09920542545,0.05498319609,8.7037637e-10,6.876794513e-09,7.16228816e-10,4.270768042e-10,0.9270713968,1.513101672e-10,1.489042894e-09,0.01717199913,6.310103863e-10,5.423721311e-10,0.0007733949831,1.340116193e-09
2023-01-31,rstr/A_low/spread_low,553338.9296,51.15634007,2.304735206,0.8893030339,2.769477294,govt_2y,0.006573388854,0.008005499832,0.9239734781,0.02567966169,210.719553,0.006914034076,0.05459514643,5.690281586e-05,optimal,CLARABEL,0,,False,10,0.9483646612,1.109191636,True,1.189122638,0.005305573681,0.002445470888,0.003421053594,5.690281586e-05,False,3.77146868e-13,5.324635794e-05,False,7.285948574e-11,0.9483646612,False,1.937566285e-12,0.05459514643,0.04617487732,4.688719219e-10,0.005460392001,6.613497756e-10,3.273242855e-10,0.9483646612,1.048478487e-10,1.066125042e-09,6.484954132e-08,3.779383924e-10,6.714474995e-10,4.677322254e-10,5.033089631e-10
2023-02-28,rstr/A_low/spread_low,545416.4584,12.11620915,0.5458688746,0.4765203097,0.6048116037,govt_2y,0.006579942332,0.006260493483,0.9214394517,0.008180158942,106.3579713,0.01188154306,0.4039033229,0.0001006212336,optimal,CLARABEL,0,,False,9,0.7534926035,1.681039187,True,1.621036208,0.001681629738,0.001710458155,3.738586567e-05,0.0001006212336,False,3.355971207e-13,0.0002554850937,False,1.242350503e-11,0.7534926035,False,1.929154135e-12,0.4039033229,0.04458459154,0.05225394055,2.490600777e-09,0.1496688566,3.977839821e-10,0.7534926035,1.673308928e-10,8.231554789e-10,1.75625562e-09,5.277520713e-10,2.947289976e-10,8.175964577e-10,4.728562493e-10
2023-03-31,rstr/A_low/spread_low,557273.2431,35.03647014,1.578490293,0.5633235409,1.676335402,govt_2y,0.008898932917,0.00768032172,0.9233004052,0.02364927101,209.0621384,0.008960105252,0.3546483685,4.433918166e-05,optimal,CLARABEL,0,,False,10,0.9241164884,1.166956461,True,1.793529885,0.003356819695,0.002812849964,0.001660655978,4.433918166e-05,False,1.96430845e-13,0.0002250239946,False,1.961436888e-11,0.9241164884,False,9.132052398e-13,0.3546483685,0.04339912322,0.03248433309,4.987833772e-09,1.370540125e-10,1.01911542e-10,0.9241164884,3.035442682e-11,2.672800388e-10,2.302087807e-09,1.578262549e-10,1.511673431e-10,8.176282046e-10,4.638367673e-08
2023-04-28,rstr/A_low/spread_low,558593.4247,23.87281084,1.075536435,0.5320829235,1.078075497,govt_2y,0.008651361036,0.006416235644,0.8582555255,0.01315942652,93.35152757,0.008967521827,0.0570014942,4.929019949e-05,optimal,CLARABEL,0,,False,9,0.9283649594,1.157677971,True,1.793943354,0.003153819507,0.001919766645,0.0001082579342,4.929019949e-05,False,3.379713056e-13,0.0002561717915,False,3.138168675e-11,0.9283649594,False,1.159354234e-12,0.0570014942,0.01429096455,0.03531175717,5.044590961e-10,0.02203231473,1.963644373e-10,0.9283649594,6.799665824e-11,4.486453846e-10,7.327593207e-10,2.769114369e-10,1.962417205e-10,9.813327115e-10,6.942686639e-10
2023-05-31,rstr/A_low/spread_low,552820.7955,23.15630313,1.043255772,0.5354836221,1.023655422,govt_2y,0.00852612705,0.006527015895,0.7748499692,0.0115734746,52.29466818,0.009067556202,0.134030887,9.284965576e-06,optimal,CLARABEL,0,,False,11,0.898909113,1.222110065,True,1.862994509,0.00304673759,0.00190392457,9.44760682e-05,9.284965576e-06,False,5.610857941e-13,0.0001357046058,False,3.294090721e-11,0.898909113,False,1.788616235e-12,0.134030887,9.043122334e-10,0.1010906148,3.096928744e-10,2.668594029e-07,3.480163007e-10,0.898909113,1.252028565e-10,8.271997855e-10,8.488641305e-10,3.923319472e-10,2.891742874e-10,1.042847927e-09,2.486083298e-10
2023-06-30,rstr/A_low/spread_low,550093.3651,28.68246205,1.29222458,0.5669939348,1.116643653,govt_2y,0.008005084392,0.005318459916,0.7271094241,0.01204522131,69.50103292,0.007983794373,0.2114029608,9.696450632e-06,optimal,CLARABEL,0,,False,11,0.9496556799,1.10572934,True,1.669990156,0.003209186795,0.001828248027,0.0001730176731,9.696450632e-06,False,1.234576765e-12,7.478807409e-05,False,1.252885644e-10,0.9496556799,False,3.546689757e-12,0.2114029608,1.044626979e-09,7.318361493e-08,7.350360511e-10,5.694668529e-09,6.190843815e-10,0.9496556799,2.678392186e-10,1.472236837e-09,2.406653269e-09,8.081471983e-10,5.618866974e-10,0.05034423249,8.086956098e-10
2023-07-31,rstr/A_low/spread_low,550423.6136,21.46901577,0.9672387901,0.4625724448,0.8893258855,govt_2y,0.007871929382,0.005580151808,0.8228179293,0.009244285421,70.70903352,0.009108758757,0.1759434089,3.958087577e-06,optimal,CLARABEL,0,,False,11,0.8602792868,1.316478324,True,1.723702532,0.002388176122,0.001781273205,0.0001372334236,3.958087577e-06,False,3.189681365e-13,0.0001222027883,False,1.017718266e-11,0.8602792868,False,8.16389641e-13,0.1759434089,2.01206133e-10,6.737542807e-10,1.408982286e-10,5.201128794e-10,1.499078359e-10,0.8602792868,6.936215273e-11,3.164582786e-10,4.555633302e-10,2.036283506e-10,1.324689527e-10,0.1397207101,1.825431223e-10
2023-08-31,rstr/A_low/spread_low,548759.9674,20.51928183,0.9244506383,0.5764350718,0.9749799696,govt_2y,0.007479188891,0.008062937642,0.9527698584,0.007086466936,90.91373494,0.009390553049,0.05648377331,1.201816658e-05,optimal,CLARABEL,0,,False,11,0.834526688,1.38156619,True,1.712974483,0.002687879742,0.001809441294,0.0001007839478,1.201816658e-05,False,6.128699055e-13,3.942280783e-05,False,1.345947334e-11,0.834526688,False,1.158534648e-12,0.05648377331,3.816624774e-09,5.564008068e-10,2.714237859e-10,7.705817025e-10,2.058980872e-10,0.834526688,7.359704141e-11,4.411355903e-10,6.035497139e-10,2.66190308e-10,1.878729062e-10,0.1654733044,4.593726004e-10
2023-09-29,rstr/A_low/spread_low,542075.7969,27.04471276,1.218439426,0.5566394224,1.232446719,govt_2y,0.00722939867,0.006501009085,0.8688168387,0.008101252227,60.145401,0.008232046059,0.06834245762,1.916660885e-05,optimal,CLARABEL,0,,False,10,0.8700370248,1.294404158,True,1.666957708,0.002321873676,0.001832727754,0.0001288477967,1.916660885e-05,False,1.105133547e-12,9.7495195e-05,False,2.718659996e-11,0.8700370248,False,1.843629872e-12,0.06834245762,0.005204309011,6.955019069e-10,3.416439587e-10,9.409699406e-10,2.897800676e-10,0.8700370248,1.281599772e-10,6.463448421e-10,1.35611616e-09,4.204479866e-10,2.646268513e-10,0.1247586607,4.376442886e-10
2023-10-31,rstr/A_low/spread_low,539490.745,70.53943363,3.177997406,1.151217911,3.165031897,govt_2y,0.006817823064,0.009827267387,0.9345546895,0.01270669195,79.93998448,0.006707105203,0.1966039907,6.819296333e-05,optimal,CLARABEL,0,,False,10,0.93761094,1.134824236,True,1.462525672,0.006869616079,0.003173234776,0.002329201951,6.819296333e-05,False,1.939724586e-12,0.0006581814678,False,9.627915855e-11,0.93761094,False,3.339371775e-12,0.1966039907,0.0393571454,8.418384421e-10,5.993064151e-10,4.703602324e-10,2.825276171e-10,0.93761094,9.953897879e-11,6.925769334e-10,2.23531271e-09,4.65644e-10,3.839060588e-10,0.02303190579,2.732902019e-09
2023-11-30,rstr/A_low/spread_low,543029.3141,89.13733924,4.01588471,1.407618468,3.877451731,govt_2y,0.006691056177,0.01075076824,0.8893099739,0.02295385345,73.05022297,0.006595712288,0.0489130821,1.049321921e-06,optimal,CLARABEL,0,,False,11,0.9604975417,1.082115267,True,1.426132079,0.008060242231,0.003877779159,0.002526452411,1.049321921e-06,False,1.468610359e-12,3.403414799e-05,False,1.113864082e-10,0.9604975417,False,2.307838356e-12,0.0489130821,0.03950244111,1.023026255e-09,5.068968606e-10,4.480941873e-10,1.742815004e-10,0.9604975417,5.903330886e-11,4.316566982e-10,2.262351214e-09,2.953624283e-10,2.489469215e-10,1.118005263e-08,5.943067379e-10
2023-12-29,rstr/A_low/spread_low,546544.9767,29.76898144,1.341175296,0.5785475576,1.31243949,govt_2y,0.00672767721,0.00633858309,0.7682011,0.01085000227,50.68262198,0.007348683097,0.2068119367,2.219615659e-05,optimal,CLARABEL,0,,False,10,0.8965945369,1.231935102,True,1.614979087,0.002202588147,0.001607618569,0.0001103105955,2.219615659e-05,False,3.959784039e-13,0.0007648523091,False,1.120725525e-11,0.8965945369,False,6.492084418e-13,0.2068119367,1.77223325e-09,2.942959348e-10,1.128363488e-10,0.01632644383,8.924199613e-11,0.8965945369,3.806292547e-11,2.217264474e-10,1.110708898e-09,1.756532804e-10,8.110373982e-11,0.08707901527,7.298993854e-11
2024-01-31,rstr/A_low/spread_low,546356.8864,20.8261447,0.938275663,0.5748736587,1.035000993,govt_2y,0.006493328534,0.005528862974,0.863332702,0.008051737728,79.56454808,0.009678836296,0.260723173,2.566136516e-05,optimal,CLARABEL,0,,False,10,0.7654916957,1.610520115,True,1.907694789,0.000506880705,0.001950990571,1.078359372e-05,2.566136516e-05,False,8.272069662e-13,0.0001864998854,False,9.508014741e-12,0.7654916957,False,1.288242458e-12,0.260723173,3.475767772e-10,7.164588004e-10,1.989686497e-10,0.05625080199,3.803866537e-10,0.7654916957,1.568403173e-10,8.168229921e-10,3.298645732e-09,1.075534091e-09,2.177365175e-10,0.1782574949,2.259203107e-10
2024-02-29,rstr/A_low/spread_low,547501.2885,20.23592939,0.9116848238,0.5878705667,0.9096918823,govt_2y,0.006212624623,0.006524777038,0.9070450616,0.007829403101,79.80324059,0.01071372804,0.1400438834,6.577514693e-05,optimal,CLARABEL,0,,False,11,0.7435679975,1.616421055,True,1.89904846,0.002771879043,0.002322760282,3.287685328e-05,6.577514693e-05,False,1.157818807e-12,2.570823537e-05,False,1.180655389e-11,0.7435679975,False,1.631576329e-12,0.1400438834,3.482181336e-10,4.97172975e-10,1.743966432e-10,8.963325623e-08,4.768385158e-10,0.7435679975,1.584443468e-10,1.177565531e-09,2.048618378e-09,1.052985815e-09,3.74393889e-10,0.2564319064,1.95283512e-10
2024-03-28,rstr/A_low/spread_low,551136.2337,19.6438228,0.8850087774,0.7143203702,0.9310639962,govt_2y,0.005944391753,0.007292322067,0.9316324424,0.008751863396,95.86298323,0.01269394769,0.1492440584,2.834042101e-06,optimal,CLARABEL,0,,False,11,0.6633824839,1.807051474,True,1.965413692,0.00430074359,0.003165333078,5.682807157e-05,2.834042101e-06,False,1.236571205e-12,0.0001138815312,False,9.234033185e-12,0.6633824839,False,1.732243878e-12,0.1492440584,2.80116527e-10,5.450769341e-10,2.140089745e-10,1.627244121e-09,4.48052985e-10,0.6633824839,1.841430015e-10,1.052142428e-09,1.174057586e-09,6.732888804e-10,4.104184649e-10,0.3366175093,1.997549151e-10
2024-04-30,rstr/A_low/spread_low,539884.9617,36.38823516,1.639391061,0.9762935468,1.712743899,govt_2y,0.00570594919,0.008106483597,0.8741555454,0.02029811654,100.7413248,0.009993896443,0.2616680763,0.0001202109141,optimal,CLARABEL,0,,False,10,0.7121076101,1.80416699,True,1.861919514,0.001536899616,0.003634382918,8.556830123e-05,0.0001202109141,False,1.475104739e-12,6.11401291e-05,False,1.349979023e-11,0.7121076101,False,2.245581852e-12,0.2616680763,3.758033541e-10,6.646143826e-10,2.297837043e-10,0.09040108529,3.862494281e-10,0.7121076101,1.692380269e-10,8.142262036e-10,1.424583491e-09,6.373545474e-10,3.419295909e-10,0.1974912993,1.844753693e-10
2024-05-31,rstr/A_low/spread_low,546274.0417,20.71133717,0.9331032647,0.7667075062,0.8329784866,govt_2y,0.005496181511,0.007754828792,0.8243562499,0.01189187647,47.47011228,0.01155189579,0.1190068965,6.453259145e-05,optimal,CLARABEL,0,,False,10,0.646008849,2.077026102,True,2.00346397,0.003625682993,0.002763851237,6.552972974e-05,6.453259145e-05,False,1.142361075e-12,9.721000587e-05,False,8.541649687e-12,0.646008849,False,1.651331004e-12,0.1190068965,3.19404831e-10,5.962788285e-10,3.52756656e-10,0.14983586,3.275507277e-10,0.646008849,1.262956916e-10,7.246258508e-10,1.351214715e-09,4.826023846e-10,3.070352807e-10,0.2041552862,1.955151344e-10
2024-06-28,rstr/A_low/spread_low,550096.907,27.59707142,1.243324718,0.9342495259,1.224321298,govt_2y,0.005304900274,0.008638599901,0.9061586932,0.01110514728,63.99427884,0.01131066743,0.07503478076,5.074410356e-05,optimal,CLARABEL,0,,False,10,0.6418747083,2.060804608,True,1.939821336,0.003440438472,0.003530526398,3.129836938e-07,5.074410356e-05,False,1.023263698e-12,1.657393619e-05,False,7.397456516e-12,0.6418747083,False,1.380475345e-12,0.07503478076,3.139648938e-10,4.160543229e-10,2.509937955e-10,0.1115446468,2.378998839e-10,0.6418747083,8.935093405e-11,5.401641124e-10,8.053726585e-10,3.623555649e-10,2.399754111e-10,0.2465806415,1.277223147e-10
2024-07-31,rstr/A_low/spread_low,556744.187,36.07313234,1.625194804,0.9207033803,1.702065261,govt_2y,0.005214230873,0.007454846068,0.9196541625,0.01270586086,114.0241925,0.009892408936,0.1500139882,5.932204367e-06,optimal,CLARABEL,0,,False,10,0.7139079295,1.760766968,True,1.807404954,0.002324023198,0.003530107877,0.0001902531031,5.932204367e-06,False,1.780638964e-12,0.0001363142492,False,1.623682378e-11,0.7139079295,False,2.531127602e-12,0.1500139882,5.338017225e-10,4.559003926e-10,3.343910828e-10,0.04991854136,4.452081812e-10,0.7139079295,1.961730696e-10,1.058641785e-09,2.343103966e-09,6.398751797e-10,3.944365452e-10,0.2361735225,1.778694186e-10
2024-08-30,rstr/A_low/spread_low,562027.7972,54.25358844,2.444274847,0.788556967,2.920413223,govt_2y,0.005590807678,0.006203445693,0.7937227139,0.02914900026,157.4735529,0.007919194806,0.324592078,0.0001485581445,optimal,CLARABEL,0,,False,9,0.8318879935,1.418409943,True,1.648285932,-0.0007939723419,0.003402440361,0.0009403111937,0.0001485581445,False,2.473340951e-12,0.0002200268406,False,3.737676412e-11,0.8318879935,False,3.883558109e-12,0.324592078,4.038357321e-10,5.853426804e-10,3.9409977e-10,0.08445654644,6.044655119e-10,0.8318879935,2.872299013e-10,1.429709675e-09,0.007584926931,9.006485828e-10,5.189847657e-10,0.0760705276,4.359198608e-10
2024-09-30,rstr/A_low/spread_low,566786.929,69.2267081,3.118855476,1.001973334,3.590198852,govt_2y,0.005525330653,0.006572192525,0.7771102686,0.03528053079,158.6232218,0.007844838553,0.1554249572,7.790128042e-05,optimal,CLARABEL,0,,False,9,0.788809236,1.566982783,True,1.65176637,-0.00190743189,0.004260314897,0.001151027493,7.790128042e-05,False,2.259839089e-12,7.223186774e-05,False,2.669013104e-11,0.788809236,False,3.133204454e-12,0.1554249572,3.52143802e-10,8.530932389e-10,2.621887775e-10,0.08234025674,4.586452061e-10,0.788809236,2.059211343e-10,1.089173196e-09,0.08525732034,7.324506405e-10,4.116969066e-10,0.04359318233,2.160977335e-10
2024-10-31,rstr/A_low/spread_low,562403.8727,91.97814212,4.143870769,1.22784152,4.452686442,govt_2y,0.005721359914,0.006743864306,0.7962205731,0.03945883954,182.3321728,0.008346267325,0.2536542666,4.463193379e-05,optimal,CLARABEL,0,,False,10,0.7161737444,1.776645203,True,1.861946723,-0.003334664805,0.006407213776,0.001702125967,4.463193379e-05,False,1.78074082e-12,0.000130125854,False,1.475721785e-11,0.7161737444,False,2.461989228e-12,0.2536542666,4.454029719e-10,1.911550233e-10,3.329797226e-10,0.07236070103,2.484984219e-10,0.7161737444,1.025574437e-10,5.774940844e-10,0.2114655504,3.98361339e-10,2.654710059e-10,1.487941414e-09,1.071181711e-10
2024-11-29,rstr/A_low/spread_low,563006.3224,50.45018201,2.272920823,1.038509652,2.574206039,govt_2y,0.0055294835,0.008712660206,0.7188202975,0.0347999932,72.96587795,0.00885093053,0.4282373377,1.322588412e-05,optimal,CLARABEL,0,,False,10,0.7934245546,1.535551133,True,1.734293931,0.0007297763927,0.003952215358,0.0001390896427,1.322588412e-05,False,1.965519775e-12,0.0001559780125,False,2.074352979e-11,0.7934245546,False,2.728245581e-12,0.4282373377,2.65209933e-10,2.426062718e-10,2.854510631e-10,0.1169395846,2.976272296e-10,0.7934245546,1.463112466e-10,7.054346821e-10,2.455562451e-09,4.214202179e-10,3.23695127e-10,0.08963585552,1.985215754e-10
2009-05-29,rstr/A_low/spread_high,405994.6505,85.02373363,3.830555351,2.51339121,2.874314644,govt_2y,0.004272390349,0.01339088673,0.842825607,0.08068016538,119.4919709,0.004399333842,1,0.0004317689268,optimal,CLARABEL,0,,False,9,0.9246515298,1.165760214,True,0.6700948781,0.009277595283,0.001645561096,0.005176337613,0.0004317689268,False,1.232551722e-11,0.004936196595,False,2.198271665e-10,0.9246515298,False,1.667663508e-11,1,6.460056083e-10,2.94050164e-08,7.0586669e-10,1.194470625e-09,4.87969243e-09,0.9246515298,4.663213166e-10,4.011376825e-08,0.04474180088,1.159714064e-08,0.02869505584,2.007938418e-08,0.001911504422
2009-06-30,rstr/A_low/spread_high,405852.4916,29.56211418,1.331855352,0.7989205257,1.205186683,govt_2y,0.006350889451,0.009387951574,0.7000349895,0.03659395991,62.63194736,0.00642900127,0.08591417612,9.019236583e-05,optimal,CLARABEL,0,,False,9,0.9110110739,1.199934056,True,0.9902450523,0.004087212067,0.001221862998,0.0005739415936,9.019236583e-05,False,3.483461356e-12,0.0001326739872,False,5.347114313e-11,0.9110110739,False,2.533024481e-12,0.08591417612,4.332798805e-10,4.906322913e-10,0.009070201005,0.0309542418,4.223816214e-10,0.9110110739,1.415848536e-10,1.259501779e-09,0.04896447643,2.236882528e-09,1.05435143e-09,4.234109796e-10,4.044452524e-10
2009-07-31,rstr/A_low/spread_high,408417.5323,31.57242536,1.422425454,0.8788492776,1.171868984,govt_2y,0.005795750219,0.008003918355,0.7471750311,0.03624261359,98.51774886,0.00584457317,0.01992809314,1.510511646e-05,optimal,CLARABEL,0,,False,10,0.9099706951,1.201251436,True,1.003168869,0.004120625337,0.0010784836,0.0005069457243,1.510511646e-05,False,4.087067869e-12,6.246219231e-05,False,6.019405902e-11,0.9099706951,False,2.743176116e-12,0.01992809314,3.159346758e-10,5.294520234e-10,1.371664528e-09,0.03148903631,8.991888394e-10,0.9099706951,2.551300985e-10,2.660349963e-09,0.05854024686,1.272567585e-08,1.87042797e-09,5.038037481e-10,5.565485458e-10
2009-08-31,rstr/A_low/spread_high,409767.963,33.95305023,1.529679217,0.6208649107,1.565892531,govt_2y,0.005389281136,0.007182833553,0.7622048832,0.03052659153,108.6135542,0.007617924617,0.4547066321,0.0003281679166,optimal,CLARABEL,0,,False,9,0.6838958056,1.942615594,True,1.443490367,0.001354013727,0.001970389741,2.355234546e-06,0.0003281679166,False,2.141160146e-12,0.00117722626,False,8.777271568e-12,0.6838958056,False,1.879270936e-12,0.4547066321,1.211529849e-10,2.028535671e-10,1.495566408e-09,0.03140207309,4.274396107e-10,0.6838958056,1.089160804e-10,1.134712656e-09,0.08970758207,0.1949945346,6.948033447e-10,2.159724652e-10,2.598091305e-10
2009-09-30,rstr/A_low/spread_high,414628.9648,38.85776396,1.750650193,0.6558045996,2.171443475,govt_2y,0.004804675397,0.006493626752,0.8709214257,0.02408293624,181.9205377,0.007200462902,0.08440998881,8.049709045e-05,optimal,CLARABEL,0,,False,9,0.6734009272,1.942309159,True,1.434993464,0.0007955624862,0.00201464551,5.752212518e-08,8.049709045e-05,False,1.777357196e-12,0.0002559033164,False,6.562798319e-12,0.6734009272,False,1.120954413e-12,0.08440998881,9.395728524e-11,3.695357774e-10,1.651498559e-09,0.02477208541,3.293837717e-10,0.6734009272,8.784802624e-11,9.617048944e-10,0.06368142253,0.2381455602,4.275948154e-10,3.26001576e-10,4.170865433e-10
2009-10-30,rstr/A_low/spread_high,414530.3343,59.56165657,2.683418059,0.9116090106,3.264481796,govt_2y,0.004550291059,0.006903827677,0.8430862886,0.04205473974,234.684901,0.007312556017,0.03546272582,1.144036852e-05,optimal,CLARABEL,0,,False,8,0.6776210988,1.9479735,True,1.448660418,-0.0007274891986,0.003184968783,0.0003293560748,1.144036852e-05,False,1.398312484e-11,4.977531333e-05,False,4.804711539e-11,0.6776210988,False,7.972054106e-12,0.03546272582,5.731553806e-10,8.857830845e-10,0.0077610557,0.03279917369,3.334020884e-09,0.6776210988,6.081753189e-10,1.286084895e-08,0.05924918134,0.2225694659,3.527238136e-09,1.212827666e-09,1.508774276e-09
2009-11-30,rstr/A_low/spread_high,420022.3035,72.6327747,3.272308236,1.144057494,3.263079404,govt_2y,0.004310852875,0.006923504703,0.8960789573,0.04017486502,327.1893636,0.007677000214,0.1741085371,5.487508655e-05,optimal,CLARABEL,0,,False,8,0.602565053,2.363945323,True,1.593464332,-0.001070072961,0.004280709344,0.001199659935,5.487508655e-05,False,2.000795936e-11,0.001646896954,False,5.097009695e-11,0.602565053,False,1.125385548e-11,0.1741085371,9.608454803e-10,7.572598629e-10,4.830485358e-09,0.0535474871,1.168233615e-08,0.602565053,6.281126809e-10,0.02858996696,0.1004385067,0.2148589585,6.136186373e-09,1.669356878e-09,1.054183588e-09
2009-12-31,rstr/A_low/spread_high,416792.3612,116.6428918,5.255086246,1.74468073,5.384419136,govt_2y,0.004230732022,0.009571728017,0.9181341339,0.04645910702,248.4076533,0.007798979574,0.2540269639,6.680712484e-05,optimal,CLARABEL,0,,False,8,0.5161338058,3.016440225,True,1.785842739,-0.002173199569,0.00709469686,0.002231366375,6.680712484e-05,False,2.659621918e-11,0.006284206139,False,5.03384597e-11,0.5161338058,False,1.433578403e-11,0.2540269639,1.105043192e-09,6.624672401e-10,4.394126575e-09,0.06069059865,6.942721418e-09,0.5161338058,5.500003023e-10,0.1353017011,0.1148083954,0.1730653789,1.0050972e-07,4.263741922e-09,1.821290274e-09
2010-01-29,rstr/A_low/spread_high,419247.4022,86.44376899,3.894531888,1.492219918,3.741466049,govt_2y,0.004069319326,0.009648294364,0.9512455286,0.03203788945,278.2871053,0.007236945039,0.3261887148,8.324340297e-05,optimal,CLARABEL,0,,False,8,0.5958190552,2.443692468,True,1.658568988,-0.001854144438,0.0045273518,0.001350497358,8.324340297e-05,False,2.017463783e-11,0.008026711874,False,4.427987067e-11,0.5958190552,False,1.078571522e-11,0.3261887148,7.647988816e-10,5.69401426e-10,1.592593509e-09,0.03347748023,4.181893506e-09,0.5958190552,5.066473326e-10,1.27801773e-07,0.1207737002,0.1852848403,0.06464478359,1.903755077e-09,3.0863395e-09
2010-02-26,rstr/A_low/spread_high,422845.2106,62.65346716,2.822712714,0.9096311025,2.970495344,govt_2y,0.003997730605,0.008336975754,0.9492348437,0.02468116025,276.0420529,0.007108569045,0.06787432187,1.270488526e-05,optimal,CLARABEL,0,,False,8,0.5845006322,2.517705881,True,1.710772282,0.0002344666772,0.003165989582,0.00057270609,1.270488526e-05,False,8.5991792e-12,0.0001091129959,False,2.109913943e-11,0.5845006322,False,4.559805685e-12,0.06787432187,3.293632087e-10,3.96279393e-10,8.001324685e-10,0.02093949547,2.434070726e-09,0.5845006322,2.665703623e-10,9.775420912e-09,0.1281437986,0.1731951482,0.09322090844,1.112349112e-09,1.90866272e-09
2010-03-31,rstr/A_low/spread_high,423716.0811,78.27418496,3.526469437,1.196261241,3.645775271,govt_2y,0.003844726634,0.008068917543,0.9071744134,0.03457273255,230.7287352,0.007038621083,0.2125202521,5.441022849e-05,optimal,CLARABEL,0,,False,9,0.5783440896,2.352694302,True,1.71328711,-0.0004943831825,0.003877874289,0.0009723997233,5.441022849e-05,False,2.642613769e-12,0.0004171242388,False,6.361696471e-12,0.5783440896,False,1.503260751e-12,0.2125202521,9.573777727e-11,8.055680882e-11,1.73839251e-10,0.02661063257,1.334200382e-09,0.5783440896,9.325364333e-11,1.480471979e-08,0.1206324137,0.2744128375,9.170038428e-09,2.969532186e-10,6.17118599e-10
2010-04-30,rstr/A_low/spread_high,429917.9583,84.86499271,3.823403632,1.485660548,3.921994151,govt_2y,0.003705025495,0.009946963094,0.9455766079,0.03667140168,269.2583633,0.007174927834,0.126819893,1.287949576e-05,optimal,CLARABEL,0,,False,9,0.5230664414,2.468194415,True,1.825919602,-0.000807490067,0.004368814981,0.000784288106,1.287949576e-05,False,1.781792422e-11,0.0003300415779,False,3.695299836e-11,0.5230664414,False,9.635883368e-12,0.126819893,6.975424664e-10,7.978426152e-10,4.247503631e-09,0.01414430617,2.783537387e-09,0.5230664414,4.1640877e-10,5.798572542e-09,0.1212377801,0.3415513243,3.361685138e-09,7.761870347e-09,1.221662263e-07
2010-05-28,rstr/A_low/spread_high,426795.9901,106.6638119,4.80550098,1.871661262,4.996258847,govt_2y,0.004041485501,0.008552079937,0.8263020368,0.06015687974,199.4486573,0.007593296849,0.2306610764,5.020540164e-05,optimal,CLARABEL,0,,False,8,0.4830766968,2.99170689,True,1.948576779,-0.002853543373,0.006150038815,0.001731211996,5.020540164e-05,False,1.20064104e-11,0.0003539383343,False,2.340137058e-11,0.4830766968,False,6.925848746e-12,0.2306610764,3.166618049e-10,2.893014715e-10,6.683176758e-10,0.03674349228,1.557201166e-08,0.4830766968,7.231632138e-10,9.40891615e-09,0.1040327109,0.2828840075,0.09326306068,1.058504222e-09,3.746694528e-09
2010-06-30,rstr/A_low/spread_high,433374.6077,51.69591915,2.329044742,0.7779311286,2.974786512,govt_2y,0.003880962955,0.008635698075,0.8028300911,0.03799608133,110.2567337,0.00725346196,0.4380545554,0.0001348041834,optimal,CLARABEL,0,,False,7,0.5829426068,2.561445387,True,1.678644386,0.00158778771,0.002719862424,0.0002795399263,0.0001348041834,False,6.293187061e-12,0.0008553974461,False,1.518242758e-11,0.5829426068,False,4.055956689e-12,0.4380545554,1.989441443e-10,2.649186078e-10,7.305833738e-10,0.0887632754,0.04784709043,0.5829426068,9.086596312e-10,0.01455047676,0.08369367981,0.1822028583,7.36028466e-09,8.308033067e-10,2.159800931e-09
2010-07-30,rstr/A_low/spread_high,435996.0852,66.95822747,3.016654122,1.01874853,3.743718388,govt_2y,0.003699605987,0.009839899421,0.8502823771,0.04672421509,134.0004966,0.007325867231,0.2659933811,5.169160675e-05,optimal,CLARABEL,0,,False,7,0.4921753598,2.872765824,True,1.83778845,0.002122272509,0.003593536294,0.0001719088406,5.169160675e-05,False,1.196826003e-11,0.0005808533859,False,2.478666336e-11,0.4921753598,False,7.357840038e-12,0.2659933811,4.013029777e-10,5.294851488e-10,1.622130148e-09,0.05814734482,0.05941200152,0.4921753598,1.410781325e-09,0.01464115326,0.06909390254,0.3065302258,5.592555942e-09,1.017143108e-09,1.691764802e-09
2010-08-31,rstr/A_low/spread_high,442946.0663,111.197005,5.009733922,1.800215512,5.310991631,govt_2y,0.003490908069,0.004624542602,0.6188778834,0.06000601557,349.812744,0.007998934044,0.8541184492,0.0002861029303,optimal,CLARABEL,0,,False,8,0.3666964152,3.834015167,True,2.243572037,-0.0003292027766,0.007114711949,0.0007531432911,0.0002861029303,False,2.09415432e-11,0.01852190457,False,2.606856756e-11,0.3666964152,False,1.484404867e-11,0.8541184492,7.10270166e-10,7.861547944e-10,2.501249579e-08,0.03319321751,9.183902352e-09,0.2185386731,4.037063419e-10,0.3666964152,0.1423218742,0.2392497744,2.12082737e-09,1.738162333e-09,5.593932553e-09
2010-09-30,rstr/A_low/spread_high,447363.918,109.4829818,4.932512418,1.785031155,5.631282537,govt_2y,0.003357459231,0.009410250429,0.8730737874,0.06628782265,242.2042905,0.007927503544,0.3849376601,8.950874807e-05,optimal,CLARABEL,0,,False,7,0.3105050751,4.04008385,True,2.049661541,0.00105552843,0.0068804922,0.0007392709358,8.950874807e-05,False,1.34664405e-11,0.007932956662,False,2.106690374e-11,0.3105050751,False,9.143532845e-12,0.3849376601,4.900799442e-10,5.455839721e-10,2.321863575e-09,0.04839438489,0.01541653764,0.3105050751,5.399815751e-10,0.2006593925,0.1178038556,0.3072207468,1.823683961e-09,9.593610795e-10,8.612121735e-10
2010-10-29,rstr/A_low/spread_high,449300.7356,169.3268545,7.628645097,3.220161273,7.938359256,govt_2y,0.003125909133,0.005587178232,0.4971385268,0.06715339376,219.8007714,0.007680497597,0.312879291,7.345709058e-05,optimal,CLARABEL,0,,False,7,0.300178618,4.152593175,True,2.038976766,-0.003040203756,0.009988598487,0.001754686155,7.345709058e-05,False,2.194430238e-11,0.00469387184,False,3.658309596e-11,0.300178618,False,1.558936538e-11,0.312879291,7.020466469e-10,5.209048272e-10,1.070627655e-09,0.03428781043,0.008195155792,0.2772442741,7.377640604e-10,0.300178618,0.1765711531,0.2035229805,2.605193606e-09,1.309777518e-09,1.147269044e-09
2010-11-30,rstr/A_low/spread_high,446065.8727,148.8466496,6.705954984,3.358070608,6.622484838,govt_2y,0.003216265235,0.006896162883,0.7029772815,0.04690270189,149.98263,0.007950967305,0.1823221368,4.086563649e-05,optimal,CLARABEL,0,,False,8,0.3416357937,3.88050011,True,1.76220146,-0.004381799888,0.009409769797,0.003095396399,4.086563649e-05,False,1.142187957e-11,0.001473607203,False,2.281066611e-11,0.3416357937,False,8.454711818e-12,0.1823221368,4.179959532e-10,3.109402215e-10,5.498291505e-10,0.02070636534,5.731702528e-09,0.3416357937,4.287005663e-10,0.2662493123,0.2043340709,0.1670744291,1.965315789e-08,7.816759057e-10,7.069776932e-10
2010-12-30,rstr/A_low/spread_high,444382.0737,115.3693877,5.197711352,2.612465332,5.092102604,govt_2y,0.003437182403,0.006715014238,0.6715662587,0.04265101286,132.5320017,0.007502501819,0.3168634934,6.926203282e-05,optimal,CLARABEL,0,,False,8,0.4755150697,3.201976611,True,1.475665745,-0.004124771882,0.00649385828,0.002493398587,6.926203282e-05,False,1.382608477e-11,0.003658210498,False,3.349507451e-11,0.4755150697,False,1.04487126e-11,0.3168634934,5.154876967e-10,3.607495325e-10,5.678461082e-10,0.04597557015,1.828676174e-08,0.4755150697,9.061066083e-10,0.1779717627,0.2104493279,0.09008822522,2.126992913e-08,1.106826332e-09,1.379535222e-09
2011-01-31,rstr/A_low/spread_high,445484.5137,117.4211047,5.290146903,3.082868234,4.824438522,govt_2y,0.0032662151,0.01031471231,0.9039913803,0.04561608545,180.4202244,0.007426344788,0.0906564324,1.531599949e-05,optimal,CLARABEL,0,,False,8,0.4752572516,3.210588142,True,1.461366775,-0.005083987125,0.006475844017,0.002155281108,1.531599949e-05,False,1.130343663e-11,0.001769672136,False,3.215369775e-11,0.4752572516,False,9.157683054e-12,0.0906564324,5.338145026e-10,3.966952456e-10,6.047768166e-10,0.05251921415,7.732428219e-09,0.4752572516,9.83289004e-10,0.1332222923,0.2312767993,0.1077244246,4.650519616e-09,1.494809436e-09,1.669282966e-09
2011-02-28,rstr/A_low/spread_high,448364.9136,105.4913399,4.752677863,2.561017465,4.140306873,govt_2y,0.00351746477,0.01060998642,0.9734233732,0.008856070645,115.3846238,0.006565097628,0.1497160313,1.852695277e-05,optimal,CLARABEL,0,,False,8,0.5214935559,2.788958998,True,1.429514998,-0.004682175718,0.00454673022,0.00180385533,1.852695277e-05,False,2.41021913e-12,0.0005241531589,False,7.711930601e-12,0.5214935559,False,1.995917092e-12,0.1497160313,3.930505028e-10,1.827209223e-10,1.565297109e-10,0.01510764191,1.50282307e-09,0.5214935559,1.546312436e-10,0.1451016698,0.2447696148,0.07352751072,1.03878877e-09,2.740584962e-09,6.756457463e-10
2011-03-31,rstr/A_low/spread_high,448031.7815,130.7480381,5.890562266,3.100138203,4.963067354,govt_2y,0.003577817813,0.01085061366,0.9499783468,0.02546606743,170.5776398,0.007419013662,0.1820835523,6.773006699e-05,optimal,CLARABEL,0,,False,8,0.4448978263,3.328377413,True,1.618837797,-0.005350976661,0.007196602619,0.00226522336,6.773006699e-05,False,1.714968021e-11,0.0005629798899,False,4.730216627e-11,0.4448978263,False,1.461858423e-11,0.1820835523,1.562537124e-09,6.647120962e-10,6.246689361e-10,0.04348651503,2.303948834e-08,0.4448978263,1.155349399e-09,0.1304668103,0.2646107538,0.1165379962,6.62970051e-08,2.77367238e-09,2.217946828e-09
2011-04-29,rstr/A_low/spread_high,455011.8428,129.2413895,5.82268356,3.026596148,5.077957328,govt_2y,0.003495458406,0.009893369658,0.9499529705,0.01820152083,146.5795585,0.006958848726,0.05614965443,1.193605092e-05,optimal,CLARABEL,0,,False,8,0.4684330421,3.190077751,True,1.62173759,-0.005478038146,0.006258588675,0.001870041394,1.193605092e-05,False,5.358438608e-12,0.0006215280183,False,1.529868056e-11,0.4684330421,False,4.191070063e-12,0.05614965443,4.451812398e-10,1.999734225e-10,2.342850184e-10,0.0440141658,6.20087802e-09,0.4684330421,4.07935977e-10,0.1148017553,0.2551291184,0.117621901,8.206981862e-09,8.315202577e-10,8.121489942e-10
2011-05-31,rstr/A_low/spread_high,457292.0397,164.3452644,7.404210624,3.755865108,6.679144203,govt_2y,0.003316059517,0.009980775208,0.9138350195,0.03794065253,177.6632507,0.007219782499,0.1436460596,2.985701902e-05,optimal,CLARABEL,0,,False,8,0.3963858375,3.701512383,True,1.806779253,-0.006413448192,0.008566539526,0.001837964588,2.985701902e-05,False,9.334234564e-12,0.0004197389274,False,2.273665941e-11,0.3963858375,False,7.415980976e-12,0.1436460596,4.598789318e-10,2.76846057e-10,2.86266576e-10,0.05417922415,4.546170661e-09,0.3963858375,4.713750291e-10,0.1163848158,0.25388211,0.1791679945,9.699232836e-09,1.373131394e-09,9.931648477e-10
2011-06-30,rstr/A_low/spread_high,455332.8547,136.6486396,6.156400753,2.829802303,5.815069151,govt_2y,0.003230646812,0.004880893629,0.6408943772,0.04502538323,246.7246533,0.007733348342,0.3133085196,9.011102137e-05,optimal,CLARABEL,0,,False,8,0.2880844942,4.153272365,True,2.010613699,-0.003777390863,0.008172227696,0.001439716382,9.011102137e-05,False,1.221651497e-11,0.00597327296,False,2.411579613e-11,0.2880844942,False,1.026476539e-11,0.3133085196,7.32164217e-10,4.605403547e-10,5.168198079e-10,0.05435071428,1.594005434e-08,0.2880844942,6.241216307e-10,0.2721630146,0.2496542019,0.1357475484,3.635982259e-09,3.099782675e-09,1.532331718e-09
2011-07-29,rstr/A_low/spread_high,462705.0156,111.0173847,5.00164153,2.150437432,4.709961684,govt_2y,0.003271475482,0.005046341799,0.8065669297,0.03398835297,293.797882,0.007765609755,0.2735734103,5.323347506e-05,optimal,CLARABEL,0,,False,9,0.3703439996,3.365993297,True,2.002347983,-0.0025666028,0.006694869512,0.001575142046,5.323347506e-05,False,5.775494702e-12,0.003632368217,False,1.368211682e-11,0.3703439996,False,5.067032434e-12,0.2735734103,3.874204528e-10,3.423880621e-10,4.051091059e-10,0.0752752692,2.945721457e-09,0.2944978851,3.646693422e-10,0.3703439996,0.2598828111,1.052623298e-08,1.274774598e-08,6.188463613e-09,1.092200349e-09
2011-08-31,rstr/A_low/spread_high,467750.1398,124.5118275,5.609603659,2.247587236,5.479218077,govt_2y,0.003443367393,0.006600273207,0.8522865036,0.05242243082,338.3152986,0.008838313375,0.1030959547,0.0001198124057,optimal,CLARABEL,0,,False,9,0.3833476073,3.257255534,True,1.862029875,-0.002562986645,0.00972633894,0.002737820509,0.0001198124057,False,1.737318897e-11,0.0003321696447,False,4.700664436e-11,0.3833476073,False,1.531191023e-11,0.1030959547,1.375782288e-09,7.62169814e-10,8.849262638e-10,0.07649747559,5.721531963e-09,0.3345602032,8.585797571e-10,0.3833476073,0.2055946058,1.101574429e-08,6.770987499e-08,1.753919678e-08,2.160172058e-09
2011-09-30,rstr/A_low/spread_high,458904.395,120.2536478,5.417760835,2.157781727,5.387285133,govt_2y,0.00337103791,0.01060092538,0.9143202353,0.06960020219,290.4602714,0.008626529764,0.2789429077,0.0002291908075,optimal,CLARABEL,0,,False,7,0.4127152127,3.223609609,True,1.688175978,-0.002404816665,0.008948917606,0.003737805827,0.0002291908075,False,1.811494176e-11,0.001667611917,False,5.174548709e-11,0.4127152127,False,1.820678335e-11,0.2789429077,1.210150232e-09,9.196887121e-10,6.747938629e-10,0.04474470373,0.04026327292,0.4127152127,4.38380573e-09,0.3438612169,0.1314854606,3.69108983e-09,2.740951633e-09,0.02693011756,1.994735805e-09
2011-10-31,rstr/A_low/spread_high,463772.1976,37.14951395,1.673688785,1.02376807,2.407460269,govt_2y,0.003265293124,0.0179953118,0.9830770315,0.02959123221,209.4521468,0.009125237139,0.3916234154,0.0002051908511,optimal,CLARABEL,0,,False,6,0.5377609977,2.757411481,True,1.41466899,0.003031330627,0.003093438275,0.0001338528663,0.0002051908511,False,3.221581603e-12,0.002812619241,False,1.215310941e-11,0.5377609977,False,3.507359847e-12,0.3916234154,5.738621652e-10,5.833207444e-10,2.3147108e-10,0.04135374828,0.03899923436,0.5377609977,0.04061704902,0.2540359784,0.03238742308,3.372011889e-09,1.844629081e-09,0.05484556183,7.090247174e-10
2011-11-30,rstr/A_low/spread_high,464046.018,103.1661543,4.647921793,1.974314406,4.969614205,govt_2y,0.003095996698,0.009426370262,0.8875376445,0.08184966794,333.7965035,0.007977096708,0.2893733244,4.508006555e-05,optimal,CLARABEL,0,,False,6,0.4923353619,3.107320118,True,1.525772769,-0.002442759333,0.00656488248,0.003455940525,4.508006555e-05,False,1.039815925e-11,0.000612905271,False,4.138611145e-11,0.4923353619,False,1.245296427e-11,0.2893733244,6.661969178e-10,5.196566987e-10,3.560394715e-10,0.03324323972,1.418281936e-08,0.4923353619,0.01429272939,0.2339231174,0.02803949326,0.1376582047,4.623436195e-09,0.06050783231,9.799084657e-10
2011-12-30,rstr/A_low/spread_high,466779.6813,102.9264891,4.637124209,2.001050717,5.21269611,govt_2y,0.002941484034,0.01173679705,0.9207430284,0.07767795994,284.9367914,0.007401588486,0.2832006407,3.616637381e-05,optimal,CLARABEL,0,,False,7,0.5453636815,2.604316934,True,1.421134907,-0.002185922726,0.005638674561,0.003260888661,3.616637381e-05,False,1.649561728e-11,0.001293846274,False,7.456862494e-11,0.5453636815,False,1.98605679e-11,0.2832006407,1.317279031e-09,9.470687364e-10,6.631254571e-10,0.02959373943,5.779231888e-08,0.5453636815,0.03281727949,0.2795255961,0.04865646081,2.931621316e-09,2.669119405e-08,0.06404315042,1.949756999e-09
2012-01-31,rstr/A_low/spread_high,471360.5739,96.27829399,4.337604555,1.875813806,4.730614002,govt_2y,0.002753656891,0.01262350441,0.976064981,0.04994175304,509.7128246,0.008623214463,0.3772041761,0.0001475329901,optimal,CLARABEL,0,,False,5,0.3892560712,3.889174613,True,1.693751415,2.343244274e-05,0.00715923735,0.00321415222,0.0001475329901,False,3.26081785e-12,0.0007236623,False,1.200659736e-11,0.3892560712,False,4.531393709e-12,0.3772041761,4.001929939e-10,1.929778351e-10,1.568453702e-10,2.141126018e-09,0.06821680218,0.3892560712,0.02775064857,0.2885897064,0.09021937697,0.04351017473,0.01024814289,0.08220907379,3.596119147e-10
2012-02-29,rstr/A_low/spread_high,472095.979,157.5533043,7.09821396,3.310945495,7.594848961,govt_2y,0.002567030845,0.008966637307,0.8824961901,0.08020245102,346.8957889,0.008523503975,0.2672778029,0.0001249500487,optimal,CLARABEL,0,,False,4,0.317437789,4.832729387,True,1.849044614,-0.002909895221,0.01144626647,0.00645454171,0.0001249500487,False,2.067845853e-11,0.0005158656256,False,7.168760879e-11,0.317437789,False,2.856569933e-11,0.2672778029,1.833115651e-09,8.654295304e-10,7.592758658e-10,9.257820294e-05,0.08189172614,0.317437789,0.004873811494,0.265766261,0.1156403206,0.06997453755,0.07958628215,0.06473668877,1.652218528e-09
2012-03-30,rstr/A_low/spread_high,469272.7527,179.8816615,8.104168467,3.750566528,8.143411749,govt_2y,0.002581262378,0.005697992853,0.7853282729,0.04266288803,263.7364558,0.007555065292,0.3316427506,4.206184711e-05,optimal,CLARABEL,0,,False,6,0.4040309321,4.061535524,True,1.672700643,-0.004925019608,0.01026746744,0.005762131361,4.206184711e-05,False,1.415413992e-11,0.001146080729,False,5.631976882e-11,0.4040309321,False,2.107286022e-11,0.3316427506,1.936486337e-09,6.752195606e-10,5.138489542e-10,1.731662246e-09,0.01444076034,0.4040309321,2.790345259e-09,0.2193474144,0.06603673259,0.1121719885,0.1117749408,0.0721972227,9.111715781e-10
2012-04-30,rstr/A_low/spread_high,472194.2486,133.8298875,6.029408142,2.80946451,6.248131065,govt_2y,0.002458893174,0.004995179286,0.7484276846,0.04770469398,334.3528885,0.007381187425,0.5586877957,9.37823622e-05,optimal,CLARABEL,0,,False,6,0.509732102,2.915779003,True,1.475509099,-0.002733583118,0.00729131027,0.003245367321,9.37823622e-05,False,8.308052854e-12,0.005364518585,False,3.79144517e-11,0.509732102,False,1.312492812e-11,0.5586877957,7.564208777e-10,4.099488014e-10,2.798027378e-10,1.240875224e-09,0.01462092059,0.509732102,1.508388567e-08,1.783507668e-06,0.007067157749,0.2330653227,0.1379853994,0.09752729567,6.211945761e-10
2012-05-31,rstr/A_low/spread_high,471801.7336,127.0563543,5.724241658,2.55690606,5.903207239,govt_2y,0.002364545996,0.004345942284,0.7393071524,0.03106356006,279.019507,0.006744892641,0.2537465582,3.660870657e-05,optimal,CLARABEL,0,,False,7,0.5502061431,2.828412894,True,1.407328726,-0.002168346929,0.005780248006,0.002314269123,3.660870657e-05,False,4.395283271e-12,0.000364688694,False,2.529308009e-11,0.5502061431,False,6.719009062e-12,0.2537465582,5.631619349e-10,3.047995571e-10,1.977927297e-10,6.729955442e-10,0.06556106289,0.5502061431,1.423635221e-09,7.894483388e-08,0.01956689633,0.1081084007,0.1561083084,0.1004491062,3.668672583e-10
2012-06-29,rstr/A_low/spread_high,473529.4962,67.85120597,3.056885284,1.392688852,3.964315716,govt_2y,0.002208346785,0.01112455711,0.9796821131,0.01752858883,270.8720188,0.006911646294,0.06150486617,2.431327891e-05,optimal,CLARABEL,0,,False,7,0.5376035658,2.918575063,True,1.388255086,0.001496777048,0.003241310087,0.0003073239768,2.431327891e-05,False,2.024304969e-12,9.602961486e-05,False,1.128757415e-11,0.5376035658,False,2.730164627e-12,0.06150486617,2.733219095e-10,2.212533888e-10,1.602707364e-10,3.335662763e-10,0.08421868001,0.5376035658,0.0112382434,9.500304218e-09,5.379162483e-07,0.1088234797,0.1539768764,0.1041386059,3.638059564e-10
2012-07-31,rstr/A_low/spread_high,479137.6147,110.2231306,4.965858175,2.377836845,5.617270932,govt_2y,0.002097781313,0.007904226079,0.9478923778,0.03863442927,468.6474172,0.007253682568,0.3567892051,0.0001106156701,optimal,CLARABEL,0,,False,7,0.4674780249,3.495811501,True,1.556851723,-0.0002660478524,0.005799490408,0.001231346908,0.0001106156701,False,5.388975054e-12,0.0004941465154,False,2.522477485e-11,0.4674780249,False,8.181623449e-12,0.3567892051,5.586361209e-10,4.515790471e-10,3.020127883e-10,1.276885442e-09,0.1779505353,0.4674780249,2.54326845e-09,2.086984422e-08,0.05812935243,0.1383560102,0.05857952059,0.0995065299,6.523859265e-10
2012-08-31,rstr/A_low/spread_high,480463.6496,119.2737719,5.373614704,2.453584172,5.663330728,govt_2y,0.002107848138,0.008911800447,0.9615439666,0.007762341787,99.66805172,0.00507118468,0.532260511,5.747767143e-05,optimal,CLARABEL,0,,False,6,0.6775758264,2.012417185,True,1.148083188,-0.001807872309,0.003067353342,0.0007052427194,5.747767143e-05,False,3.917377854e-12,0.000970466858,False,2.946561339e-11,0.6775758264,False,6.508968111e-12,0.532260511,7.638442551e-10,4.933314787e-10,3.26269734e-10,5.490658755e-10,0.01182369314,0.6775758264,0.01249550955,1.198439477e-08,0.05160213617,0.1802941865,0.02446271416,0.0417459194,6.233163532e-10
2012-09-28,rstr/A_low/spread_high,481996.8738,143.6010366,6.469625548,3.038590104,6.358602787,govt_2y,0.002019137767,0.005299128173,0.8420450052,0.03823551789,359.9823237,0.006336282565,0.3028468043,2.655571246e-05,optimal,CLARABEL,0,,False,7,0.5360491162,2.770872771,True,1.410504661,-0.002279685033,0.00576536288,0.001658564385,2.655571246e-05,False,5.457862668e-12,0.0006568700883,False,2.892271326e-11,0.5360491162,False,8.116482271e-12,0.3028468043,1.042412737e-09,5.382359176e-10,2.342297595e-10,6.785611198e-10,0.01237673969,0.5360491162,4.192903775e-09,1.96298375e-08,0.05170576914,0.2392249787,0.09749808231,0.06314528672,8.60415233e-10
2012-10-26,rstr/A_low/spread_high,481957.8979,191.2986159,8.618533975,4.230254773,8.911938462,govt_2y,0.00185181351,0.004758650493,0.6952474681,0.05835745068,383.7115885,0.006787066507,0.2124545382,3.467252498e-05,optimal,CLARABEL,0,,False,8,0.4571641511,3.235038938,True,1.546652215,-0.00287614975,0.008812031434,0.002932540246,3.467252498e-05,False,3.275950607e-12,0.0003686751287,False,1.483940564e-11,0.4571641511,False,4.556332479e-12,0.2124545382,4.246326904e-10,2.595688832e-10,1.429835138e-10,1.251026575e-09,1.196223284e-08,0.4571641511,7.646649633e-10,7.628082066e-09,0.09571594888,0.265651778,0.1349973727,0.04647072627,5.955781288e-10
2012-11-30,rstr/A_low/spread_high,481587.2436,129.9559668,5.854877253,2.843546496,6.113034377,govt_2y,0.001728486192,0.003496523419,0.6665634654,0.03003628416,340.0908352,0.005526045368,0.4147469355,0.0001370552631,optimal,CLARABEL,0,,False,9,0.5808343264,2.167203171,True,1.258808603,-0.0008569849995,0.003968488413,0.0003847527919,0.0001370552631,False,5.957862689e-12,0.0007007544285,False,2.976538616e-11,0.5808343264,False,7.896840406e-12,0.4147469355,9.939670459e-10,9.214127002e-10,5.099006237e-10,1.598513251e-09,2.086212701e-09,0.5808343264,6.624240034e-10,4.96753964e-09,0.04367037314,0.3484495942,1.110473389e-08,0.02704568169,1.668894407e-09
2012-12-31,rstr/A_low/spread_high,481414.9579,159.5246617,7.187029085,3.45460153,7.447115476,govt_2y,0.001643330363,0.003330026501,0.7953734319,0.01664258476,314.2427243,0.005395816641,0.03044401681,4.514560296e-06,optimal,CLARABEL,0,,False,8,0.5658865035,2.248816315,True,1.268872292,-0.002204890649,0.004644534559,0.001526540212,4.514560296e-06,False,2.900426216e-12,8.510260376e-05,False,1.399488741e-11,0.5658865035,False,3.121894133e-12,0.03044401681,5.553987961e-10,5.169962989e-10,2.335748683e-10,6.595502422e-10,3.456481841e-06,0.5658865035,4.275208385e-10,5.537757257e-07,0.04699574453,0.3473647454,2.470910788e-08,0.03974896834,7.819650974e-10
2013-01-31,rstr/A_low/spread_high,480336.7582,154.4908969,6.960244,3.313859036,7.285650402,govt_2y,0.00163145347,0.003587598951,0.8612266575,0.02239917515,518.2932868,0.006076831173,0.4382835214,6.183494859e-05,optimal,CLARABEL,0,,False,7,0.3568215468,3.472509967,True,1.709450436,-0.001795971186,0.005705020854,0.002000503954,6.183494859e-05,False,9.910076975e-12,0.00555351964,False,2.960619636e-11,0.3568215468,False,1.287179226e-11,0.4382835214,4.085808636e-09,0.005504351672,2.254176436e-09,1.141770984e-09,1.080165463e-08,0.3568215468,6.885069364e-10,0.1960202196,0.06487814677,0.3417031427,1.101173935e-08,0.0350725395,2.303034956e-08
2013-02-28,rstr/A_low/spread_high,483370.5447,159.7792511,7.198499044,3.5674031,7.278555845,govt_2y,0.001543101133,0.005690522205,0.9578217599,0.006308734853,181.4817976,0.004147863232,0.499115461,6.1888694e-05,optimal,CLARABEL,0,,False,7,0.5957145823,2.427069268,True,1.222651445,-0.003189854938,0.002748965169,0.001414932067,6.1888694e-05,False,5.606564677e-12,0.002823299554,False,2.757042243e-11,0.5957145823,False,7.855130966e-12,0.499115461,1.235130967e-09,7.251750919e-09,6.880684968e-10,7.297922298e-10,5.332566804e-09,0.5957145823,7.507927362e-10,0.09797597204,0.05423858434,0.2080397768,1.959570122e-08,0.03529447332,0.008736575612
2013-03-28,rstr/A_low/spread_high,484924.7901,137.8256192,6.209426952,3.012158043,6.723594543,govt_2y,0.00144010245,0.005573114999,0.947356626,0.02832482618,684.2876202,0.005633722699,0.364149927,3.312501997e-05,optimal,CLARABEL,0,,False,7,0.411960049,3.089032553,True,1.54146569,-0.0009512465018,0.004374424097,0.0008608970751,3.312501997e-05,False,2.012228295e-12,0.00131051192,False,7.356157713e-12,0.411960049,False,2.681681845e-12,0.364149927,4.441927571e-10,5.367249831e-09,2.549001948e-10,1.890726393e-10,1.57645204e-09,0.411960049,2.232873885e-10,0.09798546753,0.0545706863,0.3723199422,3.103688554e-08,0.0518153447,0.01134847121
2013-04-30,rstr/A_low/spread_high,490392.2752,148.1957441,6.676629882,3.18097474,7.147704774,govt_2y,0.001358928398,0.005903383082,0.9493955748,0.0277913601,621.836262,0.005408234992,0.4359684755,8.328703841e-05,optimal,CLARABEL,0,,False,8,0.3025893103,4.031806431,True,1.764850854,-0.000873836222,0.004334578169,0.001008370786,8.328703841e-05,False,4.941812437e-12,0.004542925038,False,1.398523476e-11,0.3025893103,False,6.252483625e-12,0.4359684755,8.951625681e-10,1.626981903e-09,3.625570148e-10,3.047758582e-10,3.287747082e-08,0.3025893103,6.434198318e-10,0.2591913184,0.09756551809,0.2746001583,9.548248218e-08,0.06605356095,1.830377527e-09
2013-05-31,rstr/A_low/spread_high,483190.4165,156.582487,7.054475941,3.08641021,8.319382019,govt_2y,0.001406059547,0.008289510353,0.9683959729,0.03230246525,581.2723513,0.005572660881,0.1855458624,2.442297165e-05,optimal,CLARABEL,0,,False,7,0.3668905479,3.668792642,True,1.624249629,-0.0002443662041,0.00486259856,0.001153849718,2.442297165e-05,False,1.614236898e-12,0.0004673102765,False,5.948275605e-12,0.3668905479,False,2.080268137e-12,0.1855458624,2.686964616e-10,0.005767716803,1.504044121e-10,9.663802488e-11,3.426461698e-09,0.3668905479,2.274025329e-10,0.2439381712,0.0261379525,0.2620561592,7.018853094e-10,0.09520944713,4.446864995e-10
2013-06-28,rstr/A_low/spread_high,476154.0126,68.27157411,3.075824036,1.541292773,3.496715732,govt_2y,0.001506710823,0.009833118155,0.9601423291,0.0330053523,336.0926238,0.005036620615,0.6763839071,6.828480685e-05,optimal,CLARABEL,0,,False,9,0.6350706052,2.150687252,True,1.030353697,0.0009475342526,0.00173188238,2.898455308e-05,6.828480685e-05,False,7.754727652e-13,0.002006249494,False,5.067970387e-12,0.6350706052,False,1.490236761e-12,0.6763839071,8.604937096e-11,1.952297169e-10,6.539423948e-11,6.066842794e-11,0.01701091448,0.6350706052,2.875212911e-09,0.1944528253,8.115290265e-10,1.774614174e-09,2.335280288e-10,0.1534656481,8.29591653e-10
2013-07-31,rstr/A_low/spread_high,480814.5853,95.96958785,4.323696486,1.950384655,4.151279114,govt_2y,0.001471685979,0.0113702069,0.9784179976,0.01629755528,227.108079,0.002987833078,0.7396640753,0.0001066266002,optimal,CLARABEL,0,,False,9,0.9220006304,1.169534473,True,0.4393620406,0.003709873753,0.0008567345703,0.001630006999,0.0001066266002,False,4.169725708e-12,0.00464726667,False,1.230445012e-10,0.9220006304,False,7.654806821e-12,0.7396640753,4.896635059e-10,7.725787562e-10,4.030363595e-10,2.24283356e-10,2.591467349e-09,0.9220006304,0.003130156293,4.102952127e-09,0.004697713708,4.3197066e-09,2.670407086e-09,1.305096776e-08,0.070171471
2013-08-30,rstr/A_low/spread_high,479116.8508,51.99471655,2.342506395,1.302511659,2.362366537,govt_2y,0.001476879331,0.01280576687,0.9646953072,0.03202895725,216.6010817,0.005386367225,0.1325517224,9.619373251e-06,optimal,CLARABEL,0,,False,10,0.8655857271,1.311511445,True,0.5756743366,0.004070575052,0.00150852021,0.0004093201099,9.619373251e-06,False,2.259523858e-12,0.0004557058507,False,4.224109321e-11,0.8655857271,False,3.180996717e-12,0.1325517224,3.125311969e-10,4.947399239e-10,2.43490053e-10,1.477739697e-10,1.5112095e-09,0.8655857271,1.377494994e-09,2.937254043e-09,1.471442815e-09,1.814885052e-09,8.148745374e-10,0.02134428324,0.1130699786
2013-09-30,rstr/A_low/spread_high,484065.7571,50.35316822,2.268550083,1.134744835,2.721622233,govt_2y,0.001658503956,0.009959525929,0.9157176417,0.03844544156,184.6528394,0.004523546516,0.05966133215,7.073075111e-06,optimal,CLARABEL,0,,False,11,0.8888648483,1.246211928,True,0.5837533933,0.003207553191,0.001030350349,0.0006977354246,7.073075111e-06,False,3.044599166e-12,0.0002294929921,False,7.130860672e-11,0.8888648483,False,4.105586963e-12,0.05966133215,1.076130402e-09,8.655656466e-10,3.730025674e-10,3.016876818e-10,1.988807824e-09,0.8888648483,1.275426389e-09,3.53018067e-09,2.81613738e-09,4.0399621e-09,1.143916599e-09,5.859418722e-09,0.1111351284
2013-10-31,rstr/A_low/spread_high,485600.897,27.92706946,1.258192046,1.071899774,1.297856804,govt_2y,0.001619130367,0.01176274588,0.9703709588,0.01915569505,182.419616,0.009283527637,0.2213804139,1.915977711e-05,optimal,CLARABEL,0,,False,11,0.7764146704,1.531838989,True,0.8226185099,0.004394557181,0.002406863354,3.137794929e-05,1.915977711e-05,False,1.583121883e-12,0.0008477557947,False,1.927796497e-11,0.7764146704,False,2.424609609e-12,0.2213804139,2.606926093e-10,1.158108367e-09,2.223480618e-10,1.601238175e-10,5.693554886e-09,0.7764146704,9.141320343e-10,2.008714765e-08,1.277480575e-09,2.922140454e-09,8.125425353e-10,2.720480587e-09,0.2235852933
2013-11-29,rstr/A_low/spread_high,490174.9082,70.37128441,3.170421817,1.782408848,3.356461024,govt_2y,0.001537122243,0.01077450603,0.971960333,0.04263489214,510.9237056,0.005672831847,0.8538134965,0.0002629453245,optimal,CLARABEL,0,,False,9,0.5469512072,2.494124732,True,1.28410496,0.0008285624283,0.002264619793,0.0004877338007,0.0002629453245,False,6.559416118e-13,0.006319498201,False,3.494428839e-12,0.5469512072,False,1.390347474e-12,0.8538134965,8.189864256e-11,8.476585759e-09,5.153835223e-11,5.888102336e-11,1.42829783e-08,0.5469512072,2.366163864e-10,0.2840959827,8.139275198e-10,3.634699857e-09,1.50061484e-10,0.1428012809,0.02615150138
2013-12-31,rstr/A_low/spread_high,489673.001,41.74244451,1.880613064,1.337119813,1.950430566,govt_2y,0.001509942198,0.01271218598,0.9847520916,0.02655532561,417.6872891,0.007750718143,0.1150304218,1.340688461e-05,optimal,CLARABEL,0,,False,9,0.5466864038,2.653676444,True,1.286123044,0.003707777976,0.002507620239,6.103574298e-06,1.340688461e-05,False,2.076063341e-12,0.001289324831,False,1.202169704e-11,0.5466864038,False,2.894006785e-12,0.1150304218,2.86006422e-10,9.89952209e-10,2.186331332e-10,1.602402699e-10,2.271125157e-09,0.5466864038,8.029964359e-10,0.2218027797,1.915404235e-09,6.996238685e-09,6.547601206e-10,0.1471764879,0.08433431427
2014-01-31,rstr/A_low/spread_high,488093.0908,28.6068595,1.288818475,1.297454401,1.209904615,govt_2y,0.001522174167,0.01348985402,0.9872893706,0.01717079918,287.3455607,0.0106717115,0.4516035599,7.8826819e-05,optimal,CLARABEL,0,,False,9,0.6421206104,2.103525488,True,1.135010503,0.006118139511,0.003257904393,3.533329997e-06,7.8826819e-05,False,6.270509364e-13,0.005218615528,False,4.152937926e-12,0.6421206104,False,9.735644697e-13,0.4516035599,8.293563352e-11,2.272246487e-10,4.016532814e-11,3.571888464e-11,6.716557576e-10,0.6421206104,3.382465676e-10,3.216894729e-09,4.757444121e-10,0.0420916573,2.520605251e-10,0.2335273726,0.08226035436
2014-02-28,rstr/A_low/spread_high,494166.8125,24.80271184,1.117431057,0.8059127387,1.198259498,govt_2y,0.001514245014,0.008456115363,0.916697713,0.01719985876,115.8855217,0.008638029828,0.4920480559,4.895910462e-05,optimal,CLARABEL,0,,False,9,0.5779491237,2.459180489,True,1.269973322,0.003457792445,0.001850668217,9.05736978e-06,4.895910462e-05,False,3.296123368e-13,0.0004314315511,False,2.105847691e-12,0.5779491237,False,5.918450596e-13,0.4920480559,7.637898173e-11,1.563874777e-10,2.774857733e-11,4.116001532e-11,6.365030425e-10,0.5779491237,4.443156515e-10,1.523721043e-09,9.545293045e-10,0.2083995521,1.892716893e-10,0.05043184645,0.1632194737
2014-03-31,rstr/A_low/spread_high,493334.9059,87.22204549,3.929595406,2.115534422,3.90788348,govt_2y,0.001593822275,0.008434234412,0.9244494301,0.0585529781,435.4818449,0.005571420384,0.3248051878,5.978985888e-05,optimal,CLARABEL,0,,False,10,0.6131863153,2.180182708,True,1.261917084,-1.549026405e-05,0.002707435536,0.0007997175066,5.978985888e-05,False,1.88445125e-12,0.0002573938994,False,1.362058682e-11,0.6131863153,False,3.156581882e-12,0.3248051878,3.546310096e-10,1.590494393e-09,1.129617344e-10,3.646964142e-10,3.254678214e-09,0.6131863153,1.201780815e-09,5.919486586e-09,1.882129562e-09,0.2561256126,6.210144303e-10,0.1306880539,2.872252806e-09
2014-04-30,rstr/A_low/spread_high,495853.5534,77.87754912,3.508599891,2.034636876,3.456542759,govt_2y,0.001572847343,0.00765070568,0.9760036631,0.01926217344,533.8586078,0.005384891939,0.01180772167,7.191550268e-07,optimal,CLARABEL,0,,False,10,0.6146877074,2.168115925,True,1.254549347,-8.823764564e-05,0.002258220057,0.0004307264747,7.191550268e-07,False,7.3080837e-13,2.801565404e-05,False,5.194287236e-12,0.6146877074,False,1.023563809e-12,0.01180772167,1.838305876e-10,4.271307212e-10,7.411355799e-11,1.026140454e-10,2.119855583e-09,0.6146877074,5.652722152e-10,2.524390771e-09,5.709602014e-10,0.2603177781,2.209453493e-10,0.1249945071,5.520574964e-10
2014-05-30,rstr/A_low/spread_high,499793.9034,93.94116412,4.232310363,2.328227194,4.120148711,govt_2y,0.001498412527,0.006295091575,0.9265318478,0.01942124695,266.3510075,0.004582606949,0.1085236903,8.590626045e-06,optimal,CLARABEL,0,,False,10,0.6652020129,1.981272676,True,1.143178035,-0.000695271699,0.001972791356,0.000249904868,8.590626045e-06,False,3.6102182e-12,0.0004145786974,False,2.860410196e-11,0.6652020129,False,5.309601784e-12,0.1085236903,1.10505101e-09,2.474020487e-09,3.774693812e-10,4.957337942e-10,5.661458839e-09,0.6652020129,6.647889732e-09,8.207652292e-09,2.278863458e-09,0.223020604,1.477292287e-09,0.1117773535,8.946368177e-10
2014-06-30,rstr/A_low/spread_high,500862.4417,129.7857713,5.847209473,2.984327726,5.905430325,govt_2y,0.001511018476,0.006977656144,0.9165946521,0.02584900088,255.4801199,0.004549948927,0.0767863814,7.353118444e-06,optimal,CLARABEL,0,,False,9,0.6536648065,2.07864778,True,1.192044462,-0.001234003659,0.00268682961,0.0007081298411,7.353118444e-06,False,4.065958018e-12,0.0001748360819,False,3.018325383e-11,0.6536648065,False,6.09334245e-12,0.0767863814,9.443178475e-10,3.701237165e-09,4.167849902e-10,4.347103862e-10,0.02846814945,0.6536648065,6.141361885e-09,1.130377389e-07,1.986611829e-09,0.1941057649,2.058510865e-09,0.1237611499,5.673089279e-10
2014-07-31,rstr/A_low/spread_high,499507.784,157.9945998,7.118095549,3.755821193,6.903933085,govt_2y,0.001518586464,0.006627824527,0.9492396437,0.03060914977,541.7214261,0.00570156256,0.4244424563,5.343306785e-05,optimal,CLARABEL,0,,False,9,0.4713407284,2.811121489,True,1.593680906,-0.001447406527,0.005136059321,0.001443760267,5.343306785e-05,False,9.910434003e-13,0.00149749782,False,4.550883272e-12,0.4713407284,False,1.541926104e-12,0.4244424563,2.731135203e-10,3.986888094e-10,8.784635958e-11,2.237877449e-10,5.669877892e-09,0.4713407284,2.441941182e-10,0.04749287889,6.491882998e-10,0.3287640049,3.535090573e-10,0.1524023798,1.302697117e-10
2014-08-29,rstr/A_low/spread_high,506383.54,86.17861297,3.882585873,2.054566051,3.980931925,govt_2y,0.001537376633,0.005374518954,0.9326528893,0.009721741831,198.906376,0.004359345392,0.3583338655,4.664892559e-05,optimal,CLARABEL,0,,False,9,0.6366045729,2.117954767,True,1.279808054,-0.0003804955819,0.001637729075,2.16730389e-05,4.664892559e-05,False,2.030889701e-12,0.001410659774,False,1.37767938e-11,0.6366045729,False,3.184038674e-12,0.3583338655,4.598376037e-10,9.102542559e-10,5.225265236e-10,3.915297869e-10,2.999404208e-09,0.6366045729,0.008241766252,2.962619543e-09,1.157851181e-09,0.2208968476,1.407280351e-09,0.1342568021,4.223059301e-10
2014-09-30,rstr/A_low/spread_high,503284.5761,146.7378291,6.610946761,3.257870431,6.82632269,govt_2y,0.001557049931,0.006850802699,0.9505411949,0.01510142712,256.5623779,0.004498697439,0.1278947969,1.187655782e-05,optimal,CLARABEL,0,,False,8,0.623918539,2.258417215,True,1.338155599,-0.001395540034,0.002969721073,0.000486203241,1.187655782e-05,False,3.824577984e-12,0.0003288289018,False,2.461905274e-11,0.623918539,False,4.96917766e-12,0.1278947969,6.164607902e-10,7.75455364e-10,6.157291579e-10,6.21960417e-10,0.05545489515,0.623918539,0.004753590509,1.127458526e-08,1.609329022e-09,0.1741835337,1.526129997e-09,0.1416894241,6.301932747e-10
2014-10-31,rstr/A_low/spread_high,508524.1598,30.71711857,1.383891508,0.8003198151,1.936598849,govt_2y,0.001852775804,0.007618198554,0.958020325,0.003074576804,49.57710365,0.008528361711,0.4679486145,6.765854061e-05,optimal,CLARABEL,0,,False,10,0.6151975728,2.168240068,True,1.403257931,0.004315087535,0.002234146756,0.0001293237634,6.765854061e-05,False,1.154226859e-12,0.0005794372158,False,7.559063361e-12,0.6151975728,False,1.916619212e-12,0.4679486145,1.570768663e-10,3.115870871e-10,2.281453154e-10,1.700097549e-10,3.323378615e-09,0.6151975728,0.126450299,2.252435701e-09,1.307266331e-09,1.357859391e-08,4.823154509e-10,0.2583521061,2.953677467e-10
2014-11-28,rstr/A_low/spread_high,516315.2128,42.65947574,1.921927867,0.8951053662,3.258624246,govt_2y,0.001816349942,0.007896483699,0.950953334,0.008213558838,105.8922463,0.007275287921,0.1055950769,2.691623995e-05,optimal,CLARABEL,0,,False,10,0.6598371613,1.989668228,True,1.305983414,0.003292034141,0.00225795813,3.459830567e-05,2.691623995e-05,False,8.731124223e-13,0.0004317108791,False,6.622794285e-12,0.6598371613,False,1.199754274e-12,0.1055950769,1.087671161e-10,1.764475879e-10,1.495237414e-10,1.183905545e-10,7.216028346e-09,0.6598371613,0.1016858601,4.731418982e-09,6.885444308e-10,1.879380931e-09,4.08495596e-10,0.2384769629,2.543054648e-10
2014-12-31,rstr/A_low/spread_high,516829.1662,44.09847588,1.986758821,0.9983731919,4.117726735,govt_2y,0.00190279191,0.009836032553,0.9584970217,0.01109104064,108.489286,0.007753152061,0.01368574461,1.034934216e-06,optimal,CLARABEL,0,,False,10,0.6573042784,2.009438206,True,1.365412673,0.004418375313,0.002650819662,6.11272478e-05,1.034934216e-06,False,2.055724269e-12,4.440247284e-06,False,1.616744266e-11,0.6573042784,False,2.817370957e-12,0.01368574461,2.009592109e-10,5.264158634e-10,2.847434159e-10,3.532422389e-10,1.306970912e-07,0.6573042784,0.1126856535,1.733731822e-08,6.970380716e-10,3.389893637e-09,9.190878947e-10,0.2300099133,4.755511469e-10
2015-01-30,rstr/A_low/spread_high,525709.7447,39.11398893,1.762193839,1.107038251,4.192695933,govt_2y,0.002166487331,0.01312108759,0.960756851,0.01882359798,109.3029859,0.009620185968,0.108788855,7.655303243e-06,optimal,CLARABEL,0,,False,10,0.5953077452,2.239662684,True,1.538803805,0.006553128431,0.003619920589,0.0001150225457,7.655303243e-06,False,9.51264002e-13,0.000442487221,False,6.996907627e-12,0.5953077452,False,1.51051989e-12,0.108788855,6.939200961e-11,2.22922237e-10,1.275665256e-10,1.50156364e-10,4.980933299e-09,0.5953077452,0.1308737851,1.800598303e-09,3.470467378e-10,1.274140541e-09,3.45429053e-10,0.27381846,4.252016083e-10
2015-02-27,rstr/A_low/spread_high,527533.4976,72.7300169,3.276689267,1.515482839,7.047293639,govt_2y,0.002398905105,0.01615759145,0.9852973605,0.04356917294,439.8067036,0.007303072542,0.2595467207,4.047703314e-05,optimal,CLARABEL,0,,False,10,0.7220595748,1.771458775,True,1.336450376,0.002935613781,0.003879045891,0.000480506468,4.047703314e-05,False,1.571862102e-12,0.001084912798,False,1.712722305e-11,0.7220595748,False,2.795180508e-12,0.2595467207,1.087608523e-10,2.904861152e-10,2.178436926e-10,3.283613724e-09,3.467200033e-08,0.7220595748,0.09147782987,4.84294839e-09,2.542446559e-09,1.645642974e-09,6.601337409e-10,0.1864625463,7.498891133e-10
2015-03-31,rstr/A_low/spread_high,527452.07,63.11261027,2.843398386,1.249915769,5.615716354,govt_2y,0.00250217212,0.01169303236,0.9855711981,0.03280521739,644.2130647,0.007309112453,0.04693491169,2.442219085e-05,optimal,CLARABEL,0,,False,10,0.722600386,1.754686576,True,1.372235545,0.002207422441,0.003371672858,0.0004464611422,2.442219085e-05,False,2.470646341e-12,1.318585328e-05,False,2.710669359e-11,0.722600386,False,3.874152355e-12,0.04693491169,1.926296514e-10,5.691836389e-10,2.627720541e-10,8.355629395e-10,4.233036486e-08,0.722600386,0.07059773841,5.562809266e-09,5.266375949e-09,4.83892058e-09,1.860658792e-09,0.2068018128,1.144749306e-09
2015-04-30,rstr/A_low/spread_high,525732.8146,52.07177416,2.345978054,1.130632862,5.512761308,govt_2y,0.002390950342,0.01229523784,0.9954499324,0.03713433759,2081.132707,0.007788112336,0.5646485941,0.0002177266558,optimal,CLARABEL,0,,False,9,0.5032619802,2.663698114,True,1.845536929,0.002637592146,0.003158397515,0.0002642660128,0.0002177266558,False,5.792994709e-13,0.001845943218,False,3.761258983e-12,0.5032619802,False,1.330798919e-12,0.5646485941,5.911855921e-11,1.851174237e-10,8.72263576e-11,1.613406499e-10,0.2755880367,0.5032619802,0.006308793667,6.202051724e-09,1.222067648e-09,2.393645557e-09,4.269529606e-10,0.2148411747,4.024518652e-09
2015-05-29,rstr/A_low/spread_high,526118.0457,76.18719576,3.432444777,1.20164677,5.926189725,govt_2y,0.002403890154,0.008586751573,0.9946861717,0.008032720103,790.6411022,0.006084058716,0.2669517635,3.918330311e-05,optimal,CLARABEL,0,,False,9,0.6317615704,2.149184876,True,1.610825294,0.0003660242641,0.00282012775,0.0006093621731,3.918330311e-05,False,7.235845712e-13,0.00106175956,False,6.670041352e-12,0.6317615704,False,1.451617822e-12,0.2669517635,8.609583324e-11,2.815416871e-10,2.150588677e-10,2.236315999e-10,0.1888975581,0.6317615704,2.5550516e-10,0.004799526687,1.017956597e-09,6.887678561e-10,9.131447547e-10,0.1745413406,5.12126059e-10
2015-06-30,rstr/A_low/spread_high,522529.5887,27.71298024,1.248546732,0.7239078795,2.854251658,govt_2y,0.002435609881,0.007799624402,0.9866055719,0.01305077871,620.1687391,0.007311992586,0.1248778589,8.896350171e-06,optimal,CLARABEL,0,,False,9,0.574069093,2.38432622,True,1.69194353,0.002572725351,0.001481681017,3.446065672e-05,8.896350171e-06,False,4.33594903e-13,0.0004983855303,False,3.503187784e-12,0.574069093,False,7.981502204e-13,0.1248778589,5.231831651e-11,2.430837602e-10,1.389359125e-10,1.40218393e-10,0.1865295004,0.574069093,5.697981665e-10,0.004808130187,6.503671151e-10,8.215995813e-10,4.762529578e-10,0.2345932666,6.698671556e-09
2015-07-31,rstr/A_low/spread_high,527703.782,35.08066242,1.580481278,0.9322069432,0.7912130373,govt_2y,0.002377623905,0.006573926045,0.9883269343,0.01538659551,1179.985931,0.005319905259,0.536700594,0.0001170290556,optimal,CLARABEL,0,,False,10,0.5689773328,2.362570541,True,1.704519897,0.002852083866,0.0009928315773,0.0001481971343,0.0001170290556,False,1.183371274e-12,0.004479892096,False,9.128318872e-12,0.5689773328,False,2.916189776e-12,0.536700594,1.289774035e-10,5.208374596e-10,3.295817972e-10,3.472798883e-10,7.77794102e-09,0.5689773328,4.686192582e-10,0.2731408861,9.301411172e-10,3.20700264e-09,1.586201931e-09,0.1578817158,4.995074145e-08
2015-08-31,rstr/A_low/spread_high,522482.9143,50.14659308,2.259243299,1.402572459,1.147453213,govt_2y,0.002369090478,0.01034292025,0.9891213492,0.02717301204,902.9667609,0.005310392256,0.2408976109,0.0001595606473,optimal,CLARABEL,0,,False,10,0.5089730961,2.351879116,True,1.872030541,0.003802984517,0.001414147259,0.0004141939292,0.0001595606473,False,2.244214939e-12,0.001937021298,False,1.649326494e-11,0.5089730961,False,4.646404758e-12,0.2408976109,2.264345191e-10,7.809280871e-10,4.792217971e-10,4.815734847e-10,1.706926956e-08,0.5089730961,1.634691549e-09,0.3964846589,1.716502215e-09,2.677184563e-08,2.566165029e-09,0.09454218141,1.183799168e-08
2015-09-30,rstr/A_low/spread_high,524523.89,91.16402794,4.107192664,2.215496664,2.225882154,govt_2y,0.002392079683,0.009256990857,0.974347651,0.04660287206,825.9978052,0.005588883663,0.3287292923,0.0001225483496,optimal,CLARABEL,0,,False,10,0.563911535,2.171559681,True,2.194417472,0.005530086549,0.002847564989,0.001240125025,0.0001225483496,False,1.857412697e-12,0.002552459369,False,1.521124376e-11,0.563911535,False,4.012993173e-12,0.3287292923,2.886213028e-10,9.470894743e-10,7.339043913e-10,4.225669358e-10,1.446816528e-09,0.3720178045,2.241962505e-10,0.563911535,1.688555171e-09,2.356201368e-08,2.056208361e-09,0.06407062559,3.585388416e-09
2015-10-30,rstr/A_low/spread_high,525377.6456,120.0972743,5.410715777,3.071303029,3.280360498,govt_2y,0.002319384601,0.009990220162,0.9684084687,0.0542674863,672.605372,0.006228808005,0.172353363,2.005869882e-05,optimal,CLARABEL,0,,False,9,0.5288165178,2.55392635,True,2.305538475,0.007039670331,0.004659539955,0.003077480287,2.005869882e-05,False,5.526008907e-12,0.0008791279419,False,3.85371245e-11,0.5288165178,False,1.008308071e-11,0.172353363,8.600710096e-10,1.899599837e-09,2.038666046e-09,1.084341624e-09,2.198040563e-09,0.3157259312,4.682385554e-10,0.5288165178,7.064315419e-09,5.000826852e-09,0.08611549928,0.06934202981,1.31391479e-09
2015-11-30,rstr/A_low/spread_high,524068.487,52.49784434,2.365173699,1.509297166,1.010237365,govt_2y,0.002348519617,0.008687397406,0.9745067372,0.0271281432,549.3046774,0.005312106567,0.2002099497,2.135306354e-05,optimal,CLARABEL,0,,False,10,0.5142430022,2.274916546,True,2.112521568,0.004176159436,0.00148140917,0.0002269939529,2.135306354e-05,False,1.787424305e-12,0.0008645131864,False,1.181881938e-11,0.5142430022,False,3.218477863e-12,0.2002099497,2.092894354e-10,7.455155063e-10,3.271474194e-10,4.473014976e-10,3.495989466e-09,0.4119210535,5.398021135e-10,0.5142430022,1.19770398e-09,2.260517027e-09,1.482117709e-09,0.07383593239,1.168183819e-09
2015-12-31,rstr/A_low/spread_high,522527.1195,61.07106017,2.751420884,1.682830863,0.941639312,govt_2y,0.002249800981,0.009600732448,0.9928329225,0.03102950023,1813.04969,0.005878027605,0.2869119747,2.864706039e-05,optimal,CLARABEL,0,,False,10,0.635011209,2.062190935,True,2.390918358,0.004566441483,0.002110078935,0.0002393151154,2.864706039e-05,False,2.385705481e-12,0.001826785871,False,2.072453963e-11,0.635011209,False,4.495524562e-12,0.2869119747,2.522023122e-10,9.268483697e-10,4.137484224e-10,3.655786655e-10,3.831059343e-09,0.2693088779,5.7324497e-10,0.635011209,1.340937997e-09,3.024467971e-09,3.062702075e-09,0.09567989763,1.716964236e-09
2016-01-29,rstr/A_low/spread_high,527628.363,101.8317577,4.587803518,2.296024015,2.011573455,govt_2y,0.002361415259,0.009798845689,0.9869943692,0.02740531853,849.5982458,0.005705161986,0.1814257761,3.81355243e-05,optimal,CLARABEL,0,,False,9,0.586353213,2.140485394,True,2.227722096,0.005539000147,0.003314508977,0.0009921365222,3.81355243e-05,False,4.636528647e-12,0.0008408903343,False,3.354467531e-11,0.586353213,False,7.770348995e-12,0.1814257761,4.741234278e-10,1.585573867e-09,8.417681905e-10,8.75484855e-10,1.967169023e-09,0.3467682245,3.784563495e-10,0.586353213,2.910700662e-09,2.366304804e-09,2.375489716e-09,0.05452352306,0.01235502571
2016-02-29,rstr/A_low/spread_high,529948.3929,151.4758094,6.824405933,3.568560019,4.155116999,govt_2y,0.002407244006,0.01243327263,0.9836084353,0.02858293362,437.4376664,0.005254260109,0.2455130447,1.926260993e-05,optimal,CLARABEL,0,,False,9,0.5130326764,2.155745602,True,2.05558567,0.008285012891,0.004181830431,0.001829684373,1.926260993e-05,False,5.782628089e-12,0.001098801694,False,3.492061773e-11,0.5130326764,False,9.905457933e-12,0.2455130447,7.954572006e-10,4.078611034e-08,1.603077236e-09,1.457265208e-09,1.766170047e-09,0.4466271941,3.090302942e-10,0.5130326764,1.004894743e-08,2.988546124e-09,2.263798192e-09,0.00630299229,0.0340370752
2016-03-31,rstr/A_low/spread_high,532959.8025,63.2053833,2.847578069,1.827345452,1.067312639,govt_2y,0.002461719998,0.01087969468,0.9608622565,0.03068331781,259.8260435,0.004148441791,0.4619596789,6.55003005e-05,optimal,CLARABEL,0,,False,9,0.6467216194,1.922582209,True,1.629743181,0.004346222924,0.001087737424,5.275185877e-06,6.55003005e-05,False,2.208087035e-12,0.002709670039,False,1.830417454e-11,0.6467216194,False,4.234435653e-12,0.4619596789,2.186291444e-10,6.784627316e-10,4.279759442e-10,0.0007561453209,6.986616853e-09,0.6467216194,6.812115732e-10,0.3172370346,1.97910178e-09,1.470493868e-09,1.728205501e-09,0.0352851859,6.174933626e-10
2016-04-29,rstr/A_low/spread_high,532841.7686,30.35115595,1.367403875,0.8134885689,3.55339115,govt_2y,0.002398135997,0.008454512184,0.9674086619,0.01088893402,182.7545228,0.008050419531,1.041451127,0.0001086558473,optimal,CLARABEL,0,,False,8,0.5943136994,2.484872001,True,2.652063342,0.003373338514,0.001967035794,8.839380098e-05,0.0001086558473,False,1.377536947e-12,0.00373274733,False,1.010680351e-11,0.5943136994,False,4.654259199e-12,1.041451127,1.595384307e-10,3.682902011e-10,3.656570904e-10,0.02361936161,0.1257827115,0.1263074978,7.647139818e-10,0.5943136994,1.019117957e-09,9.815503482e-07,1.935546955e-09,0.1299757431,4.04747585e-10
2016-05-31,rstr/A_low/spread_high,532234.9043,70.63989941,3.182523669,0.9166876173,4.420166919,govt_2y,0.002339663376,0.005466439027,0.8813213068,0.03538544152,407.9777894,0.005618031487,1.559273667,0.0003561476719,optimal,CLARABEL,0,,False,9,0.6416492781,2.102911677,True,1.635206626,0.0001623542905,0.002229556128,0.000390256957,0.0003561476719,False,9.497840789e-13,0.007880726593,False,7.83537777e-12,0.6416492781,False,6.447686349e-12,1.559273667,1.453899569e-10,2.278365475e-10,1.427046463e-10,0.04932536219,4.958302817e-09,0.6416492781,2.995925997e-10,1.589682711e-08,3.777439477e-09,0.2370839403,7.739427481e-10,0.07194139293,2.652565797e-10
2016-06-30,rstr/A_low/spread_high,540717.3472,55.59191533,2.504570191,0.6688930289,3.241232292,govt_2y,0.002573841927,0.004661786457,0.9487377946,0.02448932336,867.7167621,0.006061139043,0.05880988883,7.115483443e-05,optimal,CLARABEL,0,,False,9,0.6298915757,2.125959585,True,1.64648337,0.0001960097902,0.002042302791,0.0004026613254,7.115483443e-05,False,1.666943139e-12,2.343695552e-05,False,1.367799918e-11,0.6298915757,False,2.608570745e-12,0.05880988883,4.203571762e-10,5.316141661e-10,2.02142714e-10,0.0292330673,1.900424571e-08,0.6298915757,6.356465221e-10,1.337549198e-08,5.615770884e-09,0.2560526924,7.817513253e-10,0.0848226234,6.991455052e-10
2016-07-29,rstr/A_low/spread_high,544241.9448,111.4829104,5.022614756,1.305469713,5.67340427,govt_2y,0.002587166152,0.006733836272,0.9587393528,0.02844595221,597.0893626,0.006077013842,0.06641575426,2.121299164e-05,optimal,CLARABEL,0,,False,6,0.62542619,2.217638595,True,1.669189262,-0.001053467692,0.004117074722,0.002447671087,2.121299164e-05,False,1.660740247e-12,0.0001208593121,False,1.305114621e-11,0.62542619,False,2.538988633e-12,0.06641575426,6.743794731e-10,2.21455201e-10,2.55560486e-10,0.02962015395,0.01298903637,0.62542619,3.170227585e-10,0.009259163798,0.01092436755,0.2263082912,4.400614723e-10,0.0854727949,3.18391232e-10
2016-08-31,rstr/A_low/spread_high,543293.0945,136.3154147,6.141388043,1.788829134,8.06229642,govt_2y,0.002391096647,0.007054555757,0.8534366627,0.0467284313,265.8859652,0.005100313986,0.2662849878,0.000119696409,optimal,CLARABEL,0,,False,7,0.7038530274,1.92979566,True,1.512954408,-0.001915727297,0.00354600052,0.00255405174,0.000119696409,False,1.393065819e-12,0.0003328728485,False,1.352477119e-11,0.7038530274,False,2.313821063e-12,0.2662849878,1.46841607e-10,1.474389307e-10,2.09862772e-10,0.05564244945,0.01287323361,0.7038530274,2.348212351e-09,4.695509224e-09,0.03873652052,0.103869669,3.247949274e-10,0.08502509145,7.267203746e-10
2016-09-30,rstr/A_low/spread_high,544068.2976,152.515011,6.871224853,2.124753125,8.275527826,govt_2y,0.002365077665,0.006366856747,0.8980241743,0.04819810052,472.538767,0.005771488269,0.3009773448,3.570414851e-05,optimal,CLARABEL,0,,False,8,0.6016009403,2.365641623,True,1.730735911,-0.002157450006,0.005080286736,0.003557465348,3.570414851e-05,False,4.021747905e-12,0.0004469900979,False,2.920060207e-11,0.6016009403,False,6.863264915e-12,0.3009773448,6.239992694e-10,4.417173667e-10,5.352619911e-10,0.03633470192,4.71565453e-09,0.6016009403,8.216866132e-10,1.467680003e-08,0.06967466127,0.223246696,8.598122061e-10,0.06914296833,9.46656772e-09
2016-10-31,rstr/A_low/spread_high,539959.3178,178.4556494,8.039922662,2.369313539,8.758268406,govt_2y,0.002344547672,0.004750349602,0.8431111837,0.05145794864,606.6168236,0.006170017533,1.260298798,0.0002058082248,optimal,CLARABEL,0,,False,7,0.522676985,2.736238661,True,2.453050411,-0.00274591965,0.006793648883,0.004188643803,0.0002058082248,False,7.99488117e-12,0.007042977045,False,5.069673476e-11,0.522676985,False,3.535203074e-11,1.260298798,2.893818578e-09,9.66005112e-10,1.208549534e-09,0.01022602129,8.671785919e-09,0.2484220094,1.072376592e-09,0.522676985,0.1692431931,2.455642154e-08,2.283857673e-09,0.04190442231,0.007527327277
2016-11-30,rstr/A_low/spread_high,534113.7563,68.90662787,3.104434972,0.7831510057,3.279921656,govt_2y,0.002873247458,0.002155709019,0.8045150975,0.01707824672,801.3936771,0.005732015645,1.316226723,0.0001701438393,optimal,CLARABEL,0,,False,8,0.662746103,2.039715011,True,1.507068157,-0.0009381373296,0.002263996397,0.001496528248,0.0001701438393,False,2.717514511e-12,0.006803157213,False,2.545501268e-11,0.662746103,False,1.287758449e-11,1.316226723,2.094286241e-09,6.347928871e-10,8.381229599e-10,0.0008522813483,1.577131838e-09,0.662746103,3.826624509e-10,6.389144682e-09,0.04703834424,0.2036447217,2.987606927e-09,0.08571853234,2.456255845e-09
2016-12-30,rstr/A_low/spread_high,536450.1296,17.98699939,0.810364281,0.5631847893,1.073053316,govt_2y,0.002824398479,0.006266305227,0.9971103026,0.002549360228,865.3869491,0.008928458059,0.5845726836,6.506331633e-05,optimal_inaccurate,CLARABEL,0,,False,10,0.7450809545,1.692846019,True,1.334474081,0.00278804411,0.001433876165,2.775424364e-05,6.506331633e-05,False,1.198351271e-14,0.0004105438296,False,1.389859308e-13,0.7450809545,False,2.527905011e-14,0.5845726836,2.301284484e-11,0,5.37602008e-12,4.398373489e-12,1.570445164e-11,0.7450809545,7.934110445e-12,5.58993208e-11,0.08819317048,3.975258604e-10,8.583703257e-11,1.882141729e-11,0.1667258744
2017-01-31,rstr/A_low/spread_high,536850.04,21.81645528,0.9828919049,0.8028931436,0.969979122,govt_2y,0.002741683471,0.007244289492,0.9981470904,0.003055945419,1209.842866,0.009387774931,0.4402696059,3.865760192e-05,optimal,CLARABEL,0,,False,9,0.552119122,2.651811752,True,1.728324113,0.002724832528,0.001922691145,7.360340268e-05,3.865760192e-05,False,1.047194192e-12,0.0009630530724,False,7.209171027e-12,0.552119122,False,2.099481837e-12,0.4402696059,1.381636612e-09,2.489887771e-10,1.951637387e-10,4.851432419e-10,7.958478408e-10,0.552119122,3.994491673e-10,2.558818944e-09,0.2056215694,0.1032392073,9.340653077e-10,3.429371706e-09,0.1390200909
2017-02-28,rstr/A_low/spread_high,540875.0625,51.98924557,2.342259912,1.224852544,1.611779921,govt_2y,0.002668850637,0.006799362703,0.988103303,0.01114457044,784.0038905,0.006448519842,0.3855806506,2.163131676e-05,optimal,CLARABEL,0,,False,9,0.6152531969,2.327037411,True,1.624668388,3.796393459e-05,0.002161890018,0.0009200924812,2.163131676e-05,False,9.93477425e-13,0.0003478164591,False,8.024893306e-12,0.6152531969,False,1.915729696e-12,0.3855806506,8.650656129e-10,2.13434595e-10,1.924745956e-10,2.93405427e-09,6.20198056e-10,0.6152531969,3.74683881e-10,2.81963779e-09,0.1597920696,0.09908634004,1.384871089e-08,0.1258683703,1.305329747e-09
2017-03-31,rstr/A_low/spread_high,540963.1498,74.92280073,3.375480269,1.456731356,2.89945541,govt_2y,0.00267193761,0.006739825941,0.9582108153,0.01634688865,338.2758916,0.00559268463,0.3127422286,2.919633794e-05,optimal,CLARABEL,0,,False,8,0.7128300536,1.83220461,True,1.40802504,-0.0002705983827,0.002343444455,0.0006762155935,2.919633794e-05,False,1.564217019e-12,0.0005536533174,False,1.717291745e-11,0.7128300536,False,3.0049311e-12,0.3127422286,5.691395319e-10,2.815743258e-10,2.303031158e-10,0.005913199394,1.172982519e-09,0.7128300536,6.074801711e-10,2.370720717e-09,0.03920817428,0.06272383468,1.526904289e-09,0.1793247308,4.400787189e-10
2017-04-28,rstr/A_low/spread_high,543039.4193,90.71149304,4.08680471,1.587149516,4.128079311,govt_2y,0.002595908408,0.005745154148,0.9484024129,0.02049047607,475.0040072,0.005473439379,0.1156291685,3.076921703e-05,optimal,CLARABEL,0,,False,8,0.6797758621,1.9745638,True,1.467437894,-0.001248378024,0.002717583769,0.001385075022,3.076921703e-05,False,1.241806977e-12,0.0001834430089,False,1.228466154e-11,0.6797758621,False,2.088889962e-12,0.1156291685,4.184199873e-10,2.503973065e-10,3.071397988e-10,0.02127823414,9.857243124e-10,0.6797758621,3.458135637e-10,2.355956025e-09,0.01279422248,0.1057402088,1.314814203e-09,0.1804114662,3.079581041e-10
2017-05-31,rstr/A_low/spread_high,545729.1472,109.3404265,4.926089904,1.73059662,5.236690844,govt_2y,0.002460389705,0.006193346379,0.9675697337,0.01887122274,593.0964171,0.005887393947,0.2847198069,2.73483759e-05,optimal,CLARABEL,0,,False,8,0.5626057946,2.639303773,True,1.643074968,-0.001011357143,0.003789893078,0.001796570464,2.73483759e-05,False,1.876930711e-12,0.0007219627478,False,1.352039227e-11,0.5626057946,False,3.581372851e-12,0.2847198069,4.402076122e-10,4.849054215e-10,2.943444913e-10,0.02114705199,1.485424958e-09,0.5626057946,2.78519024e-10,5.39426481e-09,0.08736499457,0.1744646959,1.507768652e-09,0.1544174523,6.931034669e-10
2017-06-30,rstr/A_low/spread_high,546284.9471,127.3219798,5.736208825,2.270090969,6.388408363,govt_2y,0.002352235593,0.006009173045,0.9643799424,0.01680201364,511.5268688,0.005984706115,0.1576356027,3.015948332e-05,optimal,CLARABEL,0,,False,8,0.4986923503,2.931325722,True,1.76208434,-0.001350777108,0.004560254082,0.001365421994,3.015948332e-05,False,2.036798821e-12,0.000407054887,False,1.254224323e-11,0.4986923503,False,3.549877395e-12,0.1576356027,4.306975241e-10,8.426611645e-10,2.862263574e-10,0.00474507882,1.797973375e-09,0.4986923503,2.998519162e-10,2.796025224e-08,0.09651678219,0.2393433864,1.169346042e-09,0.160702369,4.924209975e-10
2017-07-31,rstr/A_low/spread_high,550249.6283,111.2816254,5.013546305,2.108673476,5.886474069,govt_2y,0.002253981912,0.006029042918,0.9799287458,0.01202858068,640.5458328,0.005873108009,0.0655858586,6.252266052e-06,optimal,CLARABEL,0,,False,9,0.4790357638,2.97225417,True,1.782355113,-0.0009689387412,0.003838481359,0.0008375533935,6.252266052e-06,False,3.74777781e-12,0.0001140652438,False,2.18801379e-11,0.4790357638,False,6.328109531e-12,0.0655858586,8.66389787e-10,2.668643205e-09,6.570443493e-10,2.0282908e-09,2.156534893e-09,0.4790357638,5.698046173e-10,2.72093136e-08,0.09330892386,0.2722170518,1.340864435e-09,0.1554382199,3.230985569e-09
2017-08-31,rstr/A_low/spread_high,552111.748,153.0111989,6.893579496,2.934192352,7.228221894,govt_2y,0.002078237676,0.006050128575,0.9624940179,0.01493649124,426.4490424,0.005332320509,0.2320591042,2.966872357e-05,optimal,CLARABEL,0,,False,8,0.499753493,2.93626058,True,1.728284433,-0.00233183492,0.004350665654,0.001282965525,2.966872357e-05,False,2.786254797e-12,0.0009404671957,False,1.593615286e-11,0.499753493,False,4.633505487e-12,0.2320591042,2.475054968e-09,1.024473146e-09,7.197569903e-10,1.867338987e-09,1.75710433e-09,0.499753493,3.52290577e-10,0.06821858618,0.02068564555,0.2294700158,1.331256141e-09,0.1818722492,7.966146405e-10
2017-09-29,rstr/A_low/spread_high,553289.1897,163.5687723,7.3692275,2.844961664,8.052417528,govt_2y,0.002084683005,0.005613004438,0.933315945,0.02173733934,411.6683015,0.005293914744,0.07385734725,6.925761418e-06,optimal,CLARABEL,0,,False,7,0.4808395181,3.147154779,True,1.749192052,-0.002516889229,0.004584102078,0.002034706114,6.925761418e-06,False,4.934286285e-12,0.0001174229001,False,2.672170373e-11,0.4808395181,False,7.22993824e-12,0.07385734725,2.318269973e-09,1.162157967e-09,1.481594479e-09,0.001167284091,4.741201641e-09,0.4808395181,7.230654153e-10,0.06987172952,0.05412234772,0.2205620424,3.091470745e-09,0.1734370627,1.973589196e-09
2017-10-31,rstr/A_low/spread_high,555580.7089,176.1886291,7.937787099,3.325481992,8.180672517,govt_2y,0.002005302975,0.006590630034,0.9523395768,0.01640425325,312.2094138,0.00505763615,0.3256356069,4.047329924e-05,optimal,CLARABEL,0,,False,8,0.522393217,2.781596506,True,1.697330755,-0.002710048775,0.004506849355,0.001765669158,4.047329924e-05,False,3.918605797e-12,0.0009576921034,False,2.176316731e-11,0.522393217,False,6.455211415e-12,0.3256356069,5.07812305e-09,1.729849459e-09,6.869631454e-10,3.974757256e-09,1.898404711e-09,0.522393217,4.933700562e-10,1.957055774e-08,0.0826796711,0.2657212704,2.012444739e-09,0.08485515485,0.04435065122
2017-11-30,rstr/A_low/spread_high,557653.3269,184.0250663,8.290840361,3.513106515,7.974226236,govt_2y,0.001955484588,0.006533868688,0.9629596724,0.01619732988,401.3960307,0.005069288381,0.2635909948,2.206048846e-05,optimal,CLARABEL,0,,False,8,0.5195510112,2.695701147,True,1.767825713,-0.002942869117,0.004729018129,0.001839329833,2.206048846e-05,False,4.646247849e-12,0.0004454853681,False,2.53705703e-11,0.5195510112,False,7.4004455e-12,0.2635909948,0.009247800518,1.268574977e-09,8.280091492e-10,1.783882287e-09,3.158759117e-09,0.5195510112,5.064433796e-10,0.03215648089,1.832706155e-08,0.26152278,3.144359201e-09,0.1775218962,2.075525904e-09
2017-12-29,rstr/A_low/spread_high,560694.4767,201.7008215,9.087182229,3.902433677,8.676298545,govt_2y,0.001923651396,0.006515839705,0.9618005977,0.01413358345,341.709239,0.004791889904,0.4899986709,6.267795391e-05,optimal,CLARABEL,0,,False,8,0.3984933291,3.536796972,True,2.082215002,-0.003423098247,0.00463149639,0.001403259805,6.267795391e-05,False,2.354727561e-12,0.003105738948,False,1.066358301e-11,0.3984933291,False,4.308723171e-12,0.4899986709,0.009100003418,6.255493172e-10,3.461791652e-10,9.572082081e-10,2.018831182e-09,0.3984933291,3.877052578e-10,0.2538079373,4.475646568e-08,0.1367497002,1.340475517e-09,0.201848979,5.966324707e-10
2018-01-31,rstr/A_low/spread_high,562352.4787,229.4650163,10.33803632,4.368520859,9.517435933,govt_2y,0.001899761567,0.006571587132,0.9618030985,0.008515371715,202.4119582,0.004138890166,0.4892809995,5.155885811e-05,optimal,CLARABEL,0,,False,8,0.5805024707,2.518302702,True,1.700488461,-0.004727585176,0.003930830224,0.002053496508,5.155885811e-05,False,2.689230169e-12,0.002388601717,False,1.760161629e-11,0.5805024707,False,4.925151137e-12,0.4892809995,0.01469394108,1.044183296e-09,4.027876096e-10,7.448565192e-10,1.36550143e-09,0.5805024707,3.632645264e-10,0.08599306986,1.301543186e-08,0.1883789075,2.116523531e-09,0.1304315908,1.062647268e-09
2018-02-28,rstr/A_low/spread_high,555648.42,254.5487565,11.46812849,5.247089672,10.71828992,govt_2y,0.001939655923,0.01009466439,0.955228787,0.06441438913,555.4683605,0.00511200302,1.101595907,0.0001863244144,optimal,CLARABEL,0,,False,9,0.6242722067,2.146914271,True,2.342128634,-0.007835010901,0.00665201444,0.002064591439,0.0001863244144,False,2.208309205e-12,0.007889815708,False,1.645577085e-11,0.6242722067,False,6.897589597e-12,1.101595907,0.02741639601,4.459172683e-10,5.211808831e-10,4.312790932e-10,6.763000982e-10,0.2597621367,1.586810611e-10,0.6242722067,1.190732395e-09,3.022042556e-09,9.111061556e-10,0.08854924948,3.756845498e-09
2018-03-29,rstr/A_low/spread_high,556426.4245,123.9425919,5.583958013,2.889533358,4.923879964,govt_2y,0.001872469933,0.007176316099,0.9635722144,0.04029440655,841.4312581,0.004701047222,0.2343797144,4.921044956e-05,optimal,CLARABEL,0,,False,9,0.512008213,2.440641909,True,2.110733608,-0.004172507712,0.002739112068,0.001314072838,4.921044956e-05,False,2.698083401e-12,0.00170328786,False,1.562530479e-11,0.512008213,False,4.366672308e-12,0.2343797144,0.0303409299,9.111472481e-10,2.297156969e-09,1.504277339e-09,1.272086337e-09,0.3736238092,4.776878496e-10,0.512008213,2.132980932e-09,2.867864204e-09,2.949474963e-09,0.08402703244,9.812511021e-10
2018-04-30,rstr/A_low/spread_high,553055.2139,131.9543222,5.944908714,2.707277018,5.248920548,govt_2y,0.001904754769,0.005343615521,0.9196028665,0.04626638853,807.6066545,0.004637468264,0.1695462884,0.0001557959524,optimal,CLARABEL,0,,False,8,0.5093820547,2.377642909,True,2.060457306,-0.004147076562,0.002837824418,0.001712804107,0.0001557959524,False,1.466943608e-12,0.0001631816905,False,9.025598663e-12,0.5093820547,False,2.420736871e-12,0.1695462884,0.03150246928,1.110988531e-09,0.01986431,4.781664382e-10,1.160487132e-09,0.3974692471,3.61542862e-10,0.5093820547,3.614566291e-09,1.688763702e-09,1.006336244e-09,1.278535163e-08,0.04178189666
2018-05-31,rstr/A_low/spread_high,556567.8866,75.46784867,3.400036192,1.973623247,2.492265811,govt_2y,0.002214322692,0.005500823235,0.9723293748,0.009697960148,451.734489,0.004058578934,1.056754064,0.0001579971981,optimal,CLARABEL,0,,False,8,0.8190474786,1.469934517,True,1.271595273,-0.002310423879,0.001243111155,0.000884530648,0.0001579971981,False,1.537274006e-12,0.0069587921,False,2.696484176e-11,0.8190474786,False,5.181138286e-12,1.056754064,0.04199483074,1.338208083e-09,7.974373746e-10,1.566910592e-09,1.498355435e-09,0.8190474786,0.01747062267,5.404002489e-09,0.05797756585,1.094232211e-09,1.940101887e-09,9.561686822e-10,0.06350948753
2018-06-29,rstr/A_low/spread_high,555435.5231,97.40987887,4.388585597,2.175187181,3.384134472,govt_2y,0.002126331328,0.00561014971,0.9201644447,0.01191537289,189.9680699,0.004151144729,0.1159028772,8.559651611e-06,optimal,CLARABEL,0,,False,9,0.8380972205,1.402068931,True,1.228994664,-0.001967280846,0.001678567282,0.0008353028072,8.559651611e-06,False,1.021479801e-12,0.0001220694025,False,2.139994062e-11,0.8380972205,False,1.884200575e-12,0.1159028772,0.0433818935,3.693935785e-10,1.971903499e-10,8.285351109e-10,1.113524627e-09,0.8380972205,0.02828337999,2.386193141e-09,3.151779341e-09,7.066937436e-10,1.049936645e-09,4.41534176e-10,0.0902374958
2018-07-31,rstr/A_low/spread_high,553773.0964,57.66260546,2.597860532,1.573463858,1.865534088,govt_2y,0.002073645122,0.005360584662,0.9607825173,0.008903239241,309.9354357,0.005256281418,0.1171098502,8.25850821e-06,optimal,CLARABEL,0,,False,9,0.7798805485,1.590054493,True,1.365986287,-0.0001534258495,0.001593130969,0.0002101797931,8.25850821e-06,False,2.824242199e-13,0.0003535560915,False,4.833639924e-12,0.7798805485,False,5.75057028e-13,0.1171098502,0.04458318748,1.253566099e-10,5.411219369e-11,1.285572179e-10,2.881813692e-10,0.7798805485,0.04713905701,7.263248678e-10,5.515380164e-10,1.954297865e-10,3.837587712e-10,2.413381767e-10,0.1283972043
2018-08-31,rstr/A_low/spread_high,557683.5432,41.93197193,1.889151801,1.392274007,1.304865056,govt_2y,0.001976026413,0.005981661734,0.9928353503,0.004505362938,678.3851807,0.005916264332,0.07929536528,9.360482665e-06,optimal,CLARABEL,0,,False,9,0.7751354901,1.582262857,True,1.394093079,0.0005580453059,0.001467710582,0.0001543299868,9.360482665e-06,False,4.41350049e-13,0.0003876140794,False,7.569177565e-12,0.7751354901,False,8.906438055e-13,0.07929536528,0.0194264864,2.985549666e-10,1.140622014e-10,1.488418449e-10,6.334273949e-10,0.7751354901,0.03310664621,1.821494833e-09,5.077637658e-09,8.519625299e-10,4.953427846e-10,9.459197903e-07,0.1723304219
2018-09-28,rstr/A_low/spread_high,553311.9282,75.92450567,3.420609859,1.801406456,2.836492381,govt_2y,0.002002944226,0.006350850254,0.9890015022,0.006410612499,558.8869186,0.004750769278,0.2769127257,2.025994299e-05,optimal,CLARABEL,0,,False,6,0.7203395945,1.858861024,True,1.525319035,-0.0005345662311,0.001713601571,0.0006677844897,2.025994299e-05,False,1.410573649e-12,0.001093700593,False,1.981499248e-11,0.7203395945,False,3.229883073e-12,0.2769127257,0.01378894637,6.00398955e-10,2.641100458e-10,5.24328753e-10,9.636567412e-09,0.7203395945,0.02430743733,0.0746321852,0.02665349551,1.647447734e-09,1.887837347e-09,0.0371669171,0.1031114094
2018-10-31,rstr/A_low/spread_high,543590.0161,32.54687079,1.466326927,1.140627773,0.9857533484,govt_2y,0.002015752218,0.006382197387,0.9686794048,0.007022863195,215.0925599,0.00618083183,0.4378589388,0.0001109077669,optimal,CLARABEL,0,,False,10,0.8039463917,1.501058805,True,1.494909304,0.001121682218,0.001243377759,3.457182122e-06,0.0001109077669,False,4.156220723e-13,0.00102214988,False,8.791006269e-12,0.8039463917,False,1.105707171e-12,0.4378589388,0.08002525652,1.805350474e-10,6.410606054e-11,1.761661564e-10,8.622659976e-10,0.8039463917,1.935981857e-09,2.215488994e-09,1.620280911e-09,1.298825231e-09,6.748141716e-10,0.1160283418,9.250167187e-10
2018-11-30,rstr/A_low/spread_high,542271.0122,103.392289,4.658109787,1.55246278,5.493707277,govt_2y,0.002081769434,0.004235821396,0.7839486005,0.03052788044,339.5772596,0.002157574657,0.3339652998,0.0001835698256,optimal,CLARABEL,0,,False,9,0.9634738849,1.076378109,True,1.072092819,0.003095978791,0.0004813043809,0.002294281332,0.0001835698256,False,7.791268177e-13,0.0007120119743,False,8.941274277e-11,0.9634738849,False,2.034126647e-12,0.3339652998,0.02579687795,1.877090222e-09,4.46616451e-10,2.30084906e-10,4.011356016e-09,0.9634738849,3.303283938e-10,1.425926524e-08,0.001086786812,3.040664074e-08,9.036499554e-09,8.004251964e-09,0.009642381733
2018-12-31,rstr/A_low/spread_high,544223.917,83.02797296,3.74064079,1.355143299,3.017560529,govt_2y,0.002274920808,0.003681072991,0.8884450315,0.00931885469,251.1175488,0.00218250741,0.08591353045,6.172235337e-05,optimal,CLARABEL,0,,False,10,0.9476344491,1.111096798,True,0.9845875314,0.002887440839,0.0003954903479,0.001199114917,6.172235337e-05,False,7.641986685e-13,0.0003377500472,False,6.349885486e-11,0.9476344491,False,1.74118225e-12,0.08591353045,4.916352173e-10,8.928535731e-10,4.561129582e-10,5.641972966e-10,1.550888013e-09,0.9476344491,2.900877993e-10,5.040117852e-09,0.04392353854,2.80791504e-09,1.758054959e-09,4.623109026e-09,0.00844199388
2019-01-31,rstr/A_low/spread_high,546305.6665,123.3675529,5.558050907,2.411549884,4.395432414,govt_2y,0.002298578931,0.006647862003,0.9199820219,0.01451002981,164.3903142,0.002374634972,0.0721430368,1.353919327e-05,optimal,CLARABEL,0,,False,10,0.9446480616,1.118528427,True,1.026213708,0.00494777195,0.0006956562147,0.001604415964,1.353919327e-05,False,1.411916213e-12,0.0004247523509,False,1.02867115e-10,0.9446480616,False,3.095624489e-12,0.0721430368,7.068656331e-10,2.132236485e-09,1.672759749e-09,3.150596793e-09,6.687972482e-09,0.9446480616,5.204837998e-10,0.03604071137,0.01931118918,4.911738381e-09,1.197531717e-08,2.574156922e-09,3.541449445e-09
2019-02-28,rstr/A_low/spread_high,545657.0608,23.57000819,1.061894334,0.6593260913,0.7764692558,govt_2y,0.002110045226,0.003121419652,0.8290483448,0.003455374149,87.24668045,0.003597916474,0.3780828368,6.638882817e-05,optimal,CLARABEL,0,,False,8,0.7555516133,1.691976012,True,1.347563497,0.001376679541,0.0003051138257,1.66342136e-05,6.638882817e-05,False,3.32743083e-13,0.0006359295876,False,5.179852804e-12,0.7555516133,False,7.873860905e-13,0.3780828368,1.951458252e-10,2.152315271e-10,4.065580846e-10,0.01843254328,0.1103180178,0.7555516133,3.163287043e-10,0.03589588288,0.07980193614,3.762213894e-09,3.559419931e-10,1.106017089e-09,2.382580692e-10
2019-03-29,rstr/A_low/spread_high,550031.0811,36.36823868,1.638490164,0.4194555086,1.821599155,govt_2y,0.002308096422,0.002079538941,0.7230798219,0.008356864063,311.5343017,0.003943600983,0.2064613869,1.799687628e-05,optimal,CLARABEL,0,,False,8,0.727891175,1.777556828,True,1.416349642,-0.0001808317286,0.0005655984374,8.66246043e-05,1.799687628e-05,False,5.545818247e-13,0.0001231135839,False,7.233733849e-12,0.727891175,False,1.11014116e-12,0.2064613869,4.218322973e-10,2.526093251e-10,1.83316399e-10,0.02990455905,0.03477512876,0.727891175,3.111736864e-10,0.03615960367,0.1712695148,4.320784995e-09,6.38625708e-10,1.194936873e-08,6.721795959e-10
2019-04-30,rstr/A_low/spread_high,550362.9884,73.80919787,3.325309367,0.8775294943,3.728486612,govt_2y,0.002264558994,0.003068071023,0.8774435195,0.01032521101,366.70903,0.004449286541,0.6449862522,7.551784905e-05,optimal,CLARABEL,0,,False,7,0.4959808497,2.755452139,True,1.870712605,-0.0004798477417,0.001461138006,0.0002765794178,7.551784905e-05,False,1.433621823e-12,0.002992910434,False,8.926973129e-12,0.4959808497,False,3.869092882e-12,0.6449862522,9.189507029e-10,6.384474443e-10,4.269295407e-10,7.866532869e-10,0.03439242924,0.4959808497,5.045047457e-10,0.3200007901,0.1110922052,0.008028619316,1.237657508e-09,0.0305051016,3.649101677e-10
2019-05-31,rstr/A_low/spread_high,553230.4559,62.70892466,2.825211228,0.7869247439,2.864000939,govt_2y,0.002605400742,0.002715821542,0.8287839271,0.008238949162,274.4221011,0.004519110966,0.3578091686,4.095125878e-05,optimal,CLARABEL,0,,False,8,0.5925011669,2.35642492,True,1.69668409,-0.0006566288257,0.00128066448,0.0001852737831,4.095125878e-05,False,1.45856432e-12,0.0007135404682,False,1.022618665e-11,0.5925011669,False,2.541457096e-12,0.3578091686,1.186138112e-09,8.108143286e-10,4.378726796e-10,6.113377167e-10,3.88157069e-09,0.5925011669,4.018213007e-10,0.2549563304,0.03354372126,0.05222680598,1.187406632e-09,0.06677196653,3.977570862e-10
2019-06-28,rstr/A_low/spread_high,559349.7112,34.635708,1.560434845,0.6316548304,1.87628149,govt_2y,0.002750228601,0.005313285875,0.947657496,0.005492052787,146.7904841,0.0061400308,0.3721800696,4.65859849e-05,optimal,CLARABEL,0,,False,7,0.4239682915,3.516141717,True,2.24076658,0.001608005946,0.001305765437,2.844387786e-07,4.65859849e-05,False,5.583003768e-13,0.000492770199,False,2.428858942e-12,0.4239682915,False,8.990761104e-13,0.3721800696,2.391225514e-10,2.268138058e-10,1.123019255e-10,1.929613658e-10,0.1062360461,0.4239682915,3.092772826e-10,0.2811152039,0.03736870483,0.1030203871,4.316038731e-10,0.04829136492,1.592252255e-10
2019-07-31,rstr/A_low/spread_high,558201.3727,101.5983953,4.577289896,1.375869394,5.100407161,govt_2y,0.002715152263,0.004129285453,0.8343759306,0.01016099257,150.879826,0.005230917002,0.2500425447,2.384380442e-05,optimal,CLARABEL,0,,False,8,0.4882935779,2.926181942,True,2.273930735,-0.001114449491,0.002779985349,0.0005110502051,2.384380442e-05,False,2.394725216e-12,0.0001964087032,False,9.918767259e-12,0.4882935779,False,3.032768416e-12,0.2500425447,1.530681424e-09,6.070917038e-10,3.877051602e-10,6.752719748e-10,3.666747147e-09,0.4882935779,3.090353888e-10,0.2725699413,0.02672892405,0.1597964037,8.65659662e-10,0.05261114464,3.633530182e-10
2019-08-30,rstr/A_low/spread_high,565985.3334,84.66406555,3.814351305,0.9940893714,4.500376761,govt_2y,0.003403878606,0.006541800428,0.9244210882,0.01036846266,128.1373363,0.005417813324,0.4233187818,4.265653346e-05,optimal,CLARABEL,0,,False,7,0.6776102943,2.009545468,True,1.89453516,-0.0007685646183,0.002485119019,0.0008972737198,4.265653346e-05,False,1.591814568e-12,0.001699464435,False,9.5699843e-12,0.6776102943,False,1.959250498e-12,0.4233187818,4.293147994e-10,2.555001144e-10,1.421154352e-10,1.066438424e-09,1.321645946e-06,0.6776102943,2.32878803e-10,0.07600246618,0.01345877375,0.1683491058,7.739705446e-10,0.06457803519,2.289921505e-10
2019-09-30,rstr/A_low/spread_high,564028.348,113.9899333,5.135563099,1.361663506,5.986094624,govt_2y,0.003731620195,0.01046950672,0.9526733768,0.01625792304,123.4622387,0.005211530615,0.6220876164,6.059728921e-05,optimal,CLARABEL,0,,False,8,0.6565097289,2.028585188,True,1.899491554,-0.002265361164,0.003095972442,0.001733810087,6.059728921e-05,False,5.0800063e-12,0.000591654671,False,2.699092719e-11,0.6565097289,False,6.990017863e-12,0.6220876164,1.393376501e-09,6.45379235e-10,3.760201468e-10,1.611802034e-08,0.09488657631,0.6565097289,1.134426149e-09,1.552413552e-08,0.2296749396,0.006619166531,2.550673151e-09,0.01230955022,7.234557191e-10
2019-10-31,rstr/A_low/spread_high,564177.4638,73.01120685,3.289357655,0.9074652334,4.113757375,govt_2y,0.003865833569,0.008429514275,0.961684436,0.01025601738,147.7154513,0.005235260819,0.2466637069,3.987230883e-05,optimal,CLARABEL,0,,False,7,0.6982733811,1.910467246,True,1.791668077,-0.0009415203939,0.002001087933,0.0007961499687,3.987230883e-05,False,4.475427918e-12,0.0001159371669,False,2.363906707e-11,0.6982733811,False,4.138259786e-12,0.2466637069,8.981786933e-10,7.605207894e-10,5.086940817e-10,0.005411471811,0.03247382325,0.6982733811,1.035158608e-09,1.965610974e-08,0.167818833,0.07954927256,1.24184116e-09,0.01647319338,8.161985293e-10
2019-11-29,rstr/A_low/spread_high,563672.5403,90.71443184,4.086937112,1.097999932,4.748869031,govt_2y,0.003633690182,0.0046388633,0.8420848924,0.01308449109,160.7892512,0.004891200434,0.2475195879,1.981088084e-05,optimal,CLARABEL,0,,False,8,0.7636789592,1.665538399,True,1.649005692,-0.002267188136,0.002170237706,0.001189412907,1.981088084e-05,False,4.213653893e-12,0.0001886906599,False,2.642055821e-11,0.7636789592,False,3.59771089e-12,0.2475195879,1.568815356e-09,1.182588167e-09,5.095887102e-10,0.01026097308,9.454967323e-09,0.7636789592,6.248382301e-10,9.067097607e-09,0.07707716577,0.07981931786,9.586050854e-10,0.06916356006,6.369086198e-10
2019-12-31,rstr/A_low/spread_high,565459.6183,90.53711341,4.078948424,1.292867826,4.887886331,govt_2y,0.003328754354,0.005423455071,0.896785355,0.0135026125,180.3693947,0.005298055646,0.2109043322,1.58653529e-05,optimal,CLARABEL,0,,False,9,0.7436429653,1.704169816,True,1.710773611,-0.001822972879,0.002541321874,0.0009761478113,1.58653529e-05,False,3.208936525e-12,5.47042096e-05,False,1.803575761e-11,0.7436429653,False,2.627502787e-12,0.2109043322,8.086664086e-10,6.264427462e-10,2.77769944e-10,3.982387087e-09,2.415921886e-09,0.7436429653,7.156566836e-10,5.387551962e-09,0.000365377306,0.1506356964,8.499400666e-10,0.1053559454,5.275468396e-10
2020-01-31,rstr/A_low/spread_high,568965.625,109.5082559,4.933651083,1.58760708,5.289011269,govt_2y,0.003334514336,0.003529893013,0.6751936604,0.01173095348,133.0997859,0.00472838585,0.3646453182,4.346067012e-05,optimal,CLARABEL,0,,False,8,0.7073158502,1.87695387,True,1.757492368,-0.003153283332,0.002448345367,0.00095253359,4.346067012e-05,False,6.938813774e-12,0.0001158813594,False,3.429457076e-11,0.7073158502,False,6.465336161e-12,0.3646453182,5.583402163e-09,1.133856759e-09,8.899826688e-10,0.02167441222,2.649799433e-09,0.7073158502,7.717477447e-10,7.96802826e-09,0.161001031,0.05949683617,1.658425072e-09,0.05051184814,1.655341434e-09
2020-02-28,rstr/A_low/spread_high,568782.5446,106.206354,4.784891232,1.280845293,5.769489986,govt_2y,0.004158239903,0.006313657323,0.9224166978,0.01270862309,164.4285941,0.005099437293,0.1361348113,1.021265092e-05,optimal,CLARABEL,0,,False,8,0.7318460519,1.76468084,True,2.128539892,-0.003285602124,0.002761817717,0.0009565192332,1.021265092e-05,False,4.839763008e-12,6.528308023e-05,False,2.605580721e-11,0.7318460519,False,4.627144955e-12,0.1361348113,5.593969736e-10,6.863994783e-10,7.041315654e-10,0.07097431198,2.26404332e-09,0.7318460519,3.585123142e-10,1.153394132e-08,0.1587779609,0.02594349457,1.821607724e-09,0.01245816144,1.301762715e-09
2020-03-31,rstr/A_low/spread_high,561869.0689,65.93041704,2.970348408,0.6752350238,3.663027711,govt_2y,0.005109513644,0.01062468356,0.9808814853,0.02440414133,439.1122262,0.007115474246,0.3651401281,0.0007957298982,optimal,CLARABEL,0,,False,8,0.7486252832,1.68006751,True,1.694255121,-0.001073678288,0.003338055284,0.00181849905,0.0007957298982,False,6.857678272e-12,0.001246346862,False,4.04903661e-11,0.7486252832,False,6.274143182e-12,0.3651401281,1.419667686e-09,5.236619869e-10,2.282698491e-09,0.03158653404,1.024655575e-08,0.7486252832,2.573404225e-10,0.1815047223,0.02620846878,4.129328396e-10,1.311101451e-09,0.01207497441,8.073428759e-10
2020-04-30,rstr/A_low/spread_high,565203.5988,85.70057132,3.861048769,2.326396087,1.916592757,govt_2y,0.004727286429,0.02073459179,0.9670294561,0.06635663764,183.0682647,0.004868976842,0.3848619825,0.0002231000395,optimal,CLARABEL,0,,False,10,0.9372917239,1.134922446,True,1.23811037,0.008631187124,0.002031697915,0.00532802762,0.0002231000395,False,1.295119373e-11,0.0008220686952,False,3.096860431e-10,0.9372917239,False,1.210820182e-11,0.3848619825,1.13948441e-09,1.345161602e-09,1.176024651e-09,7.237066923e-09,5.484358304e-09,0.9372917239,3.781149683e-09,0.04918020381,1.721541617e-09,1.476259224e-08,2.477900589e-08,0.01352800812,2.722968043e-09
2020-05-29,rstr/A_low/spread_high,566097.0616,27.8570264,1.255036412,1.166242138,3.073749046,govt_2y,0.004383017864,0.01776793468,0.9875010971,0.02575286472,252.5974868,0.007919327128,0.62980475,0.000187011698,optimal,CLARABEL,0,,False,9,0.6217744799,2.108530524,True,1.838769021,0.004174193495,0.001747074085,0.0001572839878,0.000187011698,False,3.214826866e-12,0.001311784419,False,1.257550123e-11,0.6217744799,False,3.493566978e-12,0.62980475,9.822613884e-11,3.884971899e-10,4.079814454e-10,0.07911825558,1.638074518e-08,0.6217744799,2.232833015e-08,0.284957037,4.592414993e-10,7.021722426e-10,1.268126643e-09,0.01415018517,3.693656009e-10
2020-06-30,rstr/A_low/spread_high,567784.0091,53.98435134,2.432144968,0.7998313904,3.891923578,govt_2y,0.004038143159,0.01168479052,0.9726101482,0.04900865299,511.0420141,0.007230991649,0.03379272182,1.686160441e-05,optimal,CLARABEL,0,,False,9,0.6202470733,2.104029811,True,1.767264699,0.001336358792,0.002822692747,0.0001840874925,1.686160441e-05,False,4.098468714e-12,4.481600534e-05,False,1.538146258e-11,0.6202470733,False,3.002066325e-12,0.03379272182,2.291621657e-10,6.696780175e-10,8.936039906e-10,0.06405338287,3.520221554e-09,0.6202470733,2.168378061e-10,0.2931939049,8.941137732e-10,3.721619996e-10,1.086173273e-09,0.0225056307,3.247319776e-10
2020-07-31,rstr/A_low/spread_high,573562.383,77.12019611,3.474479034,0.9690702486,4.91139219,govt_2y,0.003690095653,0.009569728277,0.9270607319,0.07253362998,433.4510347,0.006547135013,0.04203507235,7.16232728e-06,optimal,CLARABEL,0,,False,9,0.6347752358,2.062949337,True,1.688479444,-0.0005547722333,0.003305755424,0.0003551631355,7.16232728e-06,False,1.745838589e-11,7.012812932e-05,False,6.855082272e-11,0.6347752358,False,1.297252399e-11,0.04203507235,1.214242442e-09,2.240302005e-09,1.178327163e-08,0.06277230996,6.61771275e-09,0.6347752358,7.027404101e-10,0.2779625157,2.214210298e-09,1.724127499e-09,4.849621244e-09,0.02448990602,1.142220326e-09
2020-08-31,rstr/A_low/spread_high,573890.8598,149.5185804,6.736227333,2.127543254,8.054831868,govt_2y,0.003441996165,0.01045982626,0.8567935409,0.1648101656,435.7781773,0.007258768475,0.288809088,5.125511366e-05,optimal,CLARABEL,0,,False,8,0.4982255326,2.365921536,True,1.923742059,-0.003544478972,0.007878092104,0.002133880332,5.125511366e-05,False,2.39316921e-11,0.0007063236619,False,6.851147784e-11,0.4982255326,False,2.133283105e-11,0.288809088,1.389302452e-09,1.384174732e-09,0.008234674981,0.05412887483,3.633584495e-09,0.4982255326,4.159423015e-10,0.4132266246,3.255454968e-09,1.025681809e-09,4.86080404e-09,0.02618427578,1.210466969e-09
2020-09-30,rstr/A_low/spread_high,572272.0928,162.778261,7.333612769,2.38711285,8.47236371,govt_2y,0.003128672477,0.007225670185,0.6510864149,0.1666730173,426.2633495,0.00722783661,0.125401342,2.476321906e-05,optimal,CLARABEL,0,,False,9,0.4553153186,2.435638115,True,1.998621196,-0.00370148245,0.008503800389,0.002963138358,2.476321906e-05,False,1.661026769e-11,0.0002093889887,False,4.421110222e-11,0.4553153186,False,1.34030451e-11,0.125401342,9.726823083e-10,7.741554045e-10,1.699332552e-09,0.0571368364,2.181971296e-09,0.445196262,2.873013535e-10,0.4553153186,1.435751732e-09,7.616319287e-10,9.280014926e-09,0.04235156511,4.990844472e-10
2020-10-30,rstr/A_low/spread_high,569821.4006,129.9366612,5.854007483,1.848255323,7.235003214,govt_2y,0.002911811362,0.006741390899,0.8517563824,0.08007688654,493.747547,0.006688575944,0.1906473291,1.915937812e-05,optimal,CLARABEL,0,,False,9,0.5448785606,2.260666817,True,2.122753646,-0.002464317076,0.00581298267,0.001747712645,1.915937812e-05,False,8.980064544e-12,0.0004540005374,False,2.870792627e-11,0.5448785606,False,7.401696824e-12,0.1906473291,7.870818951e-10,4.719871976e-10,1.253946733e-09,0.03166681045,1.801706058e-09,0.377249243,2.465401898e-10,0.5448785606,1.038992627e-09,6.907863133e-10,3.121716994e-09,0.04620537617,4.01452322e-10
2020-11-30,rstr/A_low/spread_high,571844.581,103.1750974,4.648324702,1.54128841,6.039993103,govt_2y,0.002657192025,0.006138163929,0.8774033393,0.06383002088,566.1981443,0.006944941818,0.2030128727,3.018748145e-05,optimal,CLARABEL,0,,False,7,0.4832527336,2.69739669,True,2.098262095,-0.001539271463,0.00497636367,0.003255639661,3.018748145e-05,False,4.124073615e-12,0.0003002653336,False,1.182262276e-11,0.4832527336,False,3.663711125e-12,0.2030128727,5.20830718e-10,2.013499915e-10,0.005944887256,0.02105626205,7.416966339e-10,0.3550388572,1.562572101e-10,0.4832527336,1.315773903e-09,7.659131434e-10,0.09555200686,0.03915524819,1.086415687e-09
2020-12-31,rstr/A_low/spread_high,574464.798,209.747161,9.449692168,3.627366842,10.29499657,govt_2y,0.002489805908,0.007160533314,0.90816203,0.06184511527,529.4607697,0.007118261009,0.8251813469,0.0002048034124,optimal,CLARABEL,0,,False,7,0.8402666498,1.39445325,True,2.608242246,-0.006109287355,0.01062781309,0.004339704716,0.0002048034124,False,2.906228918e-11,0.001852321246,False,2.75780156e-10,0.8402666498,False,3.960655648e-11,0.8251813469,0.002784808592,0.01555494945,0.01901229089,3.685003019e-09,3.193791354e-09,0.09978556703,5.533521968e-10,0.8402666498,3.56647242e-09,2.511582825e-09,3.379382905e-08,8.262841497e-09,0.02259567865
2021-01-29,rstr/A_low/spread_high,573250.6747,249.2830085,11.23089191,4.427837389,11.81286309,govt_2y,0.002415254066,0.008365207999,0.8839870169,0.1022237275,514.1269536,0.007616362425,0.2116163476,0.0001768513833,optimal,CLARABEL,0,,False,7,0.8936974772,1.246744981,True,2.741961103,-0.006998599587,0.01446065221,0.006275763788,0.0001768513833,False,3.426062551e-11,0.0003097533298,False,5.164062435e-10,0.8936974772,False,3.408582227e-11,0.2116163476,0.01120904941,0.006544095616,2.513638008e-08,6.858092997e-09,3.061486221e-09,0.02224009565,6.336430119e-10,0.8936974772,6.090264074e-09,2.753381104e-09,0.01684628525,2.943996091e-09,0.04946294943
2021-02-26,rstr/A_low/spread_high,568438.7601,264.7249998,11.92659651,5.031575673,12.23294484,govt_2y,0.002045227684,0.009905748766,0.8734663252,0.1097650044,362.9893777,0.006427161409,1.029638983,0.0001386640232,optimal,CLARABEL,0,,False,6,0.4488153167,2.715782117,True,1.502310585,-0.00732900069,0.01093536718,0.01246165041,0.0001386640232,False,8.559594436e-12,0.002427297256,False,2.618421545e-11,0.4488153167,False,1.503644436e-11,1.029638983,0.01532700654,7.111710689e-10,0.001991420525,7.26134547e-10,8.852142429e-10,0.4488153167,2.776533855e-10,0.3953562874,0.006621345911,1.30903695e-09,0.09329609339,3.679813004e-10,0.03859252522
2021-03-31,rstr/A_low/spread_high,566754.049,223.356436,10.06282781,5.401111166,8.989407446,govt_2y,0.00150502062,0.01291520612,0.9668322406,0.07638896807,540.0091956,0.006454747267,0.1167273143,4.594677053e-05,optimal,CLARABEL,0,,False,7,0.4216336871,2.847604686,True,1.416598641,-0.00596948719,0.009305869452,0.008091795642,4.594677053e-05,False,2.905647433e-11,0.0004594307569,False,8.660812515e-11,0.4216336871,False,2.849647428e-11,0.1167273143,0.02856690004,4.456179139e-09,1.625370188e-08,1.272980043e-09,2.766880272e-09,0.4031308192,8.515482332e-10,0.4216336871,0.0239942522,6.364851228e-09,0.09269501843,2.351499287e-09,0.02997928871
2021-04-30,rstr/A_low/spread_high,571124.4918,163.5009701,7.366172823,4.216428986,6.125635607,govt_2y,0.001448125324,0.01290144563,0.9829161098,0.05001097763,682.2666218,0.006047287876,0.283722581,3.63317264e-05,optimal,CLARABEL,0,,False,7,0.4743678721,2.903288175,True,1.298434438,-0.00457476958,0.005979179898,0.005253788956,3.63317264e-05,False,4.795424037e-12,0.0005238078618,False,1.719024125e-11,0.4743678721,False,5.344353601e-12,0.283722581,0.02997986889,6.093174856e-10,7.976694333e-10,3.240293973e-10,4.735417618e-10,0.4743678721,1.878870766e-10,0.3145107252,3.533988634e-09,1.352143095e-09,0.1362984993,0.02503386403,0.01980916321
2021-05-28,rstr/A_low/spread_high,573649.0801,260.0650203,11.71665149,6.441622497,9.95087768,govt_2y,0.001333639191,0.01303499177,0.9764596311,0.02731795687,265.8166174,0.004486914079,0.2788875773,4.328542681e-05,optimal,CLARABEL,0,,False,8,0.5881714446,2.308462858,True,1.0647127,-0.00662716547,0.005235732483,0.006649267987,4.328542681e-05,False,1.031839992e-11,0.0002898535304,False,5.530859204e-11,0.5881714446,False,1.360784532e-11,0.2788875773,0.02281734657,1.450860308e-09,7.252112512e-10,8.564234284e-10,1.713491715e-09,0.5881714446,5.544341213e-10,0.285153734,2.838537884e-09,1.945217325e-09,0.05480722232,0.04905024059,1.75877033e-09
2021-06-30,rstr/A_low/spread_high,573759.5039,254.4777285,11.46492847,6.503652559,9.46322286,govt_2y,0.001477812205,0.01239154035,0.9686183312,0.02081917389,168.8231466,0.004119282173,0.06362511638,9.930720423e-06,optimal,CLARABEL,0,,False,8,0.6187019078,2.16803288,True,1.084866784,-0.007485524615,0.004318101676,0.005992894706,9.930720423e-06,False,2.971358326e-12,8.252152249e-05,False,2.119631236e-11,0.6187019078,False,4.318105746e-12,0.06362511638,0.0236101859,9.30220111e-10,3.121787717e-10,3.605634592e-10,8.824339905e-10,0.6187019078,3.824216099e-10,0.2722820419,1.550457755e-09,1.387968021e-09,0.03516850471,0.05023735335,5.795390916e-10
2021-07-30,rstr/A_low/spread_high,577423.7683,244.5364922,11.01704817,6.277871563,9.233572312,govt_2y,0.001457101995,0.01046985854,0.960424941,0.01977640669,178.8753984,0.004096273105,0.0859360583,9.727662337e-06,optimal,CLARABEL,0,,False,8,0.5937294451,2.206849369,True,1.163532707,-0.006998335906,0.004103188663,0.005638816653,9.727662337e-06,False,3.605273511e-12,0.0001970455365,False,2.83991524e-11,0.5937294451,False,6.689258303e-12,0.0859360583,0.02489071518,8.509800355e-10,4.188941845e-10,4.368697503e-10,4.110786465e-09,0.5937294451,9.001618418e-10,0.3109950934,2.898443558e-09,1.308314243e-08,0.01512331217,0.05526141067,7.897495952e-10
2021-08-31,rstr/A_low/spread_high,577572.4211,252.6811441,11.38398736,6.205146718,10.02022912,govt_2y,0.001428334441,0.007951189164,0.8717028723,0.05935855269,300.7612902,0.005465014208,0.233943306,2.156160704e-05,optimal,CLARABEL,0,,False,8,0.4844797474,2.864930124,True,1.400013131,-0.00544508927,0.007546671144,0.007003062666,2.156160704e-05,False,1.125387363e-11,0.0003066646316,False,8.105571582e-11,0.4844797474,False,2.626511827e-11,0.233943306,0.01657930363,4.344253422e-09,7.416095312e-10,1.443749117e-09,1.835839536e-08,0.4844797474,3.355602641e-09,0.3101435108,5.652338137e-09,1.438132387e-08,0.09897741831,0.08981997065,8.761550046e-10
2021-09-30,rstr/A_low/spread_high,572690.4521,239.9809234,10.81180714,5.718551195,9.549026506,govt_2y,0.001442837201,0.008302567532,0.8884969735,0.05256593096,278.5692827,0.004901704612,0.222835807,1.878198014e-05,optimal,CLARABEL,0,,False,8,0.5894043247,2.388104598,True,1.197853798,-0.005248958038,0.005765951595,0.007501441946,1.878198014e-05,False,3.17152755e-12,0.0003697880696,False,3.202759154e-11,0.5894043247,False,7.431935548e-12,0.222835807,0.0128588153,6.675869137e-10,2.674297817e-10,7.835983475e-10,1.382896803e-08,0.5894043247,1.31693624e-08,0.2414183337,4.050781395e-09,4.670021234e-09,0.05973679046,0.09658169818,2.72422233e-10
2021-10-29,rstr/A_low/spread_high,575553.1427,127.1039744,5.726387075,3.192807762,3.640011581,govt_2y,0.001652755733,0.008182578347,0.9484508869,0.0413537772,473.0214399,0.005348066146,0.08981934029,1.174138968e-05,optimal,CLARABEL,0,,False,6,0.5771342806,2.491918813,True,1.348453661,-0.002763473271,0.003635403917,0.004499131439,1.174138968e-05,False,7.659137556e-13,0.000311243876,False,8.225741352e-12,0.5771342806,False,1.824087372e-12,0.08981934029,0.03712850871,2.879514362e-10,9.32712808e-11,1.415437905e-09,3.370167136e-09,0.5771342806,0.007791117022,0.23831052,0.01342777322,5.139044524e-08,0.03279239504,0.0934153488,1.056363892e-10
2021-11-30,rstr/A_low/spread_high,573784.5431,140.9021429,6.348032888,3.633130536,4.774597758,govt_2y,0.002140875761,0.009282969598,0.9257440853,0.04712960984,294.202942,0.005854924436,0.5460279873,5.451385493e-05,optimal,CLARABEL,0,,False,9,0.6935900523,1.907670118,True,1.405795354,-0.003725806981,0.004830145204,0.004078451549,5.451385493e-05,False,2.837912419e-12,0.001270482512,False,4.563202904e-11,0.6935900523,False,9.768037039e-12,0.5460279873,0.02194978309,1.050272085e-09,3.527615984e-10,5.58073737e-09,4.979111175e-09,0.6935900523,1.428069661e-08,1.482676334e-08,2.755629944e-09,3.291379617e-09,0.1753352922,0.1091248249,3.930716961e-10
2021-12-30,rstr/A_low/spread_high,576168.7347,85.49870111,3.851953956,2.325744327,3.230990304,govt_2y,0.002153502307,0.005989039118,0.8622088549,0.02190092267,183.0438169,0.005288154982,0.2880631124,2.771243631e-05,optimal,CLARABEL,0,,False,8,0.7926185467,1.548449875,True,1.114051942,-0.001896054599,0.002390935534,0.001348057185,2.771243631e-05,False,5.868840213e-13,0.0003027440753,False,1.388411019e-11,0.7926185467,False,1.693724239e-12,0.2880631124,0.01100978335,2.027739786e-10,1.245833619e-10,4.520033312e-10,8.354126384e-10,0.7926185467,0.03335479218,1.648330491e-09,5.090616082e-10,4.409901424e-10,0.04250855863,0.1205083148,1.112862479e-10
2022-01-31,rstr/A_low/spread_high,567750.995,96.57406373,4.350929803,2.70659387,3.483538719,govt_2y,0.002432421428,0.007331717654,0.8701601205,0.02865446863,168.8692785,0.005396847655,0.07259831907,2.317053713e-05,optimal,CLARABEL,0,,False,8,0.8143932721,1.481378174,True,1.195914116,-0.003336695569,0.002812812762,0.002343707539,2.317053713e-05,False,1.53668006e-12,0.0001488383698,False,4.877720634e-11,0.8143932721,False,4.712970616e-12,0.07259831907,0.02670681935,7.642585154e-10,2.723502693e-10,1.040832267e-08,8.511734418e-09,0.8143932721,0.01946430369,9.1990788e-09,2.277205407e-09,2.191591684e-09,0.04738598642,0.09204958455,2.344629163e-10
2022-02-28,rstr/A_low/spread_high,565179.6164,24.46992019,1.102437869,0.9571000025,1.203080333,govt_2y,0.003012855433,0.008319994304,0.9127888538,0.008353991463,55.65005402,0.0108237258,0.3725152802,0.0004277285014,optimal,CLARABEL,0,,False,10,0.7663044238,1.577978369,True,1.615206174,0.004210997764,0.002866725544,1.060321802e-06,0.0004277285014,False,1.621583272e-13,0.001686322337,False,4.468638288e-12,0.7663044238,False,6.420512446e-13,0.3725152802,0.2148094328,1.33437046e-10,6.065252801e-11,2.789303241e-10,6.122991959e-10,0.7663044238,0.01888613757,6.276440335e-10,2.695698453e-10,2.483255901e-10,3.346502163e-10,3.294172957e-09,4.488279728e-11
2022-03-31,rstr/A_low/spread_high,569038.7127,37.68971187,1.698026202,1.194713483,0.7630733372,govt_2y,0.004116554363,0.01231980936,0.9837396308,0.01125504668,176.8401611,0.008029032163,0.324153771,0.0001493018264,optimal,CLARABEL,0,,False,10,0.8813143412,1.273195444,True,1.455977187,0.0004267070154,0.002429680749,0.0003187047095,0.0001493018264,False,6.85667699e-13,0.001181459139,False,4.157879847e-11,0.8813143412,False,3.032518938e-12,0.324153771,0.08821550385,9.059016177e-10,2.847084778e-10,7.873940454e-08,4.778712308e-09,0.8813143412,1.341377052e-09,3.377633944e-09,2.759120822e-09,6.003237042e-10,1.735520318e-09,0.03047006009,3.053322638e-10
2022-04-29,rstr/A_low/spread_high,567529.153,39.23890694,1.767821743,1.547709539,0.9248350977,govt_2y,0.00447979441,0.01390695523,0.9783675688,0.01621957816,150.7369676,0.008704004181,0.07735039135,5.434839004e-05,optimal,CLARABEL,0,,False,9,0.8507190461,1.361846539,True,1.613801877,-0.0001235258983,0.002972727378,0.0002866523127,5.434839004e-05,False,3.329831045e-13,7.882842096e-05,False,1.801475604e-11,0.8507190461,False,1.428876918e-12,0.07735039135,0.08281086099,6.193220523e-10,1.351454987e-10,0.005780939922,5.809897729e-10,0.8507190461,4.218451503e-10,6.752714244e-10,7.697199552e-10,3.568900265e-10,5.030437784e-10,0.0606891488,1.487972725e-10
2022-05-31,rstr/A_low/spread_high,572838.5217,54.1716042,2.440581229,1.027461523,4.124111024,govt_2y,0.004528070033,0.01596989358,0.9835972934,0.0211285838,195.8637059,0.007228629616,0.1350770817,4.088455859e-05,optimal,CLARABEL,0,,False,11,0.915934423,1.182029063,True,1.520069796,0.005933492661,0.0028306335,0.001444322998,4.088455859e-05,False,6.94808378e-13,0.0001484827861,False,6.7324631e-11,0.915934423,False,3.095152006e-12,0.1350770817,0.08406556828,7.055271168e-10,5.967318787e-10,1.161245182e-09,5.89198713e-10,0.915934423,2.192097002e-10,1.456294974e-09,7.497711871e-10,5.341395352e-10,1.245501036e-09,8.220759966e-10,6.244470852e-10
2022-06-30,rstr/A_low/spread_high,565904.7368,46.86176201,2.111252536,0.8849528635,3.702142295,govt_2y,0.005953569722,0.01605047826,0.9825586007,0.0205722527,177.6458987,0.00809901476,0.01048254134,1.130908096e-05,optimal,CLARABEL,0,,False,11,0.9160659984,1.181723238,True,1.616792497,0.006359574653,0.003073852295,0.001219576915,1.130908096e-05,False,5.054619845e-13,3.447996284e-05,False,5.467162306e-11,0.9160659984,False,2.316973102e-12,0.01048254134,0.08393399633,4.235476168e-10,4.650376137e-10,6.359402587e-10,3.427545669e-10,0.9160659984,1.207103638e-10,9.143256427e-10,6.371423768e-10,3.872562995e-10,4.403692791e-10,4.674034093e-10,4.038324663e-10
2022-07-29,rstr/A_low/spread_high,566996.6611,81.26674502,3.661292579,1.322435571,4.910135327,govt_2y,0.006006530021,0.01408827986,0.9735670549,0.01957680471,145.440405,0.006809706282,0.04345739315,7.902678938e-06,optimal,CLARABEL,0,,False,11,0.9396285959,1.12797229,True,1.388054217,0.008762513356,0.003768509597,0.005242384594,7.902678938e-06,False,1.938779738e-12,0.0001365753263,False,3.058950405e-10,0.9396285959,False,9.484759964e-12,0.04345739315,0.06037137729,1.698479286e-09,3.132294717e-09,2.334843307e-09,1.438468585e-09,0.9396285959,4.940615991e-10,4.210340367e-09,3.58726342e-09,1.952964691e-09,4.199037804e-09,1.470751997e-09,2.303261908e-09
2022-08-31,rstr/A_low/spread_high,560892.9029,39.33978183,1.772366437,0.7883982849,2.647816416,govt_2y,0.005881998391,0.009715878319,0.9776769508,0.01895302893,349.8342047,0.006972244307,0.01177498024,1.811305109e-06,optimal,CLARABEL,0,,False,11,0.9341379256,1.140313951,True,1.35434885,0.00510801311,0.001912392976,0.001717248,1.811305109e-06,False,8.001354168e-13,3.540629544e-05,False,1.209575603e-10,0.9341379256,False,4.13696152e-12,0.01177498024,0.06586204936,6.038303032e-10,1.195504867e-09,9.44925189e-10,1.091834074e-09,0.9341379256,2.940656243e-10,8.173876052e-09,2.52323387e-09,1.324966483e-09,1.988304504e-09,4.183632054e-09,2.753260345e-09
2022-09-30,rstr/A_low/spread_high,550226.9149,65.98628945,2.972865615,1.106923152,3.799087277,govt_2y,0.006317105234,0.01020668636,0.9809633358,0.009971965212,195.254286,0.006897857081,0.0165840443,3.531308113e-06,optimal,CLARABEL,0,,False,11,0.9460103201,1.113771283,True,1.273029181,0.007374598305,0.003139656179,0.004883031555,3.531308113e-06,False,7.715669733e-13,4.826968223e-05,False,1.471902742e-10,0.9460103201,False,4.01204461e-12,0.0165840443,0.05398964524,5.853798867e-10,1.749491108e-09,1.102054512e-09,6.465303729e-10,0.9460103201,2.409303552e-10,2.549029789e-09,1.773674408e-08,9.913939549e-10,1.269045773e-09,6.508306865e-09,1.314371801e-09
2022-10-31,rstr/A_low/spread_high,550206.5376,111.5294711,5.024712442,2.008807618,5.798215475,govt_2y,0.0064420269,0.01100403593,0.9377047482,0.01710643405,90.02633833,0.006638685325,0.0427698444,2.614640519e-05,optimal,CLARABEL,0,,False,10,0.9470641192,1.112956039,True,1.267118799,0.01252931872,0.004915342781,0.008611078873,2.614640519e-05,False,2.737137241e-12,0.0001250648903,False,5.293875333e-10,0.9470641192,False,1.435344227e-11,0.0427698444,0.03586307771,1.441490272e-09,3.248710425e-09,2.555821418e-09,1.285273099e-09,0.9470641192,4.855306968e-10,4.150446367e-09,0.01707277707,2.336462607e-09,2.697634601e-09,5.885584248e-09,1.964034658e-09
2022-11-30,rstr/A_low/spread_high,552884.3876,88.9568096,4.007751348,1.574196913,4.864769848,govt_2y,0.006938511543,0.01431240866,0.9551594585,0.04649169814,199.1377377,0.008039982842,0.117146833,6.088751643e-05,optimal,CLARABEL,0,,False,8,0.8884977809,1.260062041,True,1.292862016,0.009975443286,0.00575028596,0.01025111103,6.088751643e-05,False,1.037667116e-12,7.864427457e-05,False,9.470058946e-11,0.8884977809,False,5.658033693e-12,0.117146833,0.04368120432,2.926055758e-10,1.99845977e-08,6.667624751e-10,6.048562364e-10,0.8884977809,1.567786417e-10,2.082348008e-08,0.03849955316,1.699201967e-09,0.02813799644,0.001183420034,9.294672467e-10
2022-12-30,rstr/A_low/spread_high,549973.0147,32.9151087,1.482917068,0.6446570725,1.994419986,govt_2y,0.006880551974,0.009193309689,0.942246842,0.02066827656,167.7015091,0.007508087892,0.09403124885,8.497072493e-05,optimal,CLARABEL,0,,False,9,0.9256679063,1.162523974,True,1.210714894,0.003601160122,0.001855470225,0.001178587916,8.497072493e-05,False,1.002874285e-12,7.106792073e-05,False,1.382021941e-10,0.9256679063,False,5.578842083e-12,0.09403124885,0.05470101473,1.52224097e-09,5.414810038e-09,1.298691091e-09,7.60408576e-10,0.9256679063,2.472274139e-10,2.311625872e-09,0.01851469221,1.081572809e-09,9.85190236e-10,0.001116370761,2.3404757e-09
2023-01-31,rstr/A_low/spread_high,552152.7013,51.15634007,2.304735206,0.8893030339,2.769477294,govt_2y,0.006573388854,0.008005499832,0.9239734781,0.02567966169,210.719553,0.006921896155,0.05538835496,5.866196964e-05,optimal,CLARABEL,0,,False,9,0.9476941453,1.110740538,True,1.188722552,0.005308101895,0.002451035632,0.003420590795,5.866196964e-05,False,1.211792059e-12,5.028788554e-05,False,2.314621385e-10,0.9476941453,False,6.524631936e-12,0.05538835496,0.04636370534,1.497509292e-09,0.005071512214,2.137710957e-09,1.025504143e-09,0.9476941453,3.022135039e-10,3.442264625e-09,0.0008706223184,1.165773221e-09,2.158944826e-09,1.51524664e-09,1.62088787e-09
2023-02-28,rstr/A_low/spread_high,544251.8682,12.11620915,0.5458688746,0.4765203097,0.6048116037,govt_2y,0.006579942332,0.006260493483,0.9214394517,0.008180158942,106.3579713,0.01178873337,0.3972545787,0.0001189018184,optimal,CLARABEL,0,,False,9,0.7566359257,1.66994941,True,1.614749573,0.001651478263,0.001683840892,3.585325808e-05,0.0001189018184,False,6.221514696e-14,0.0002499886745,False,2.337929285e-12,0.7566359257,False,3.562698868e-13,0.3972545787,0.04476653678,0.05135047365,4.861309954e-10,0.1472470624,7.966301868e-11,0.7566359257,4.001380064e-11,1.774739678e-10,2.766820215e-10,1.31251528e-10,4.493866203e-11,1.57193267e-10,8.513088576e-11
2023-03-31,rstr/A_low/spread_high,555983.7166,35.03647014,1.578490293,0.5633235409,1.676335402,govt_2y,0.008898932917,0.00768032172,0.9233004052,0.02364927101,209.0621384,0.008966996402,0.3469923368,5.960154008e-05,optimal,CLARABEL,0,,False,10,0.9235294559,1.168377522,True,1.794703939,0.003360252671,0.002817178312,0.00166035715,5.960154008e-05,False,3.730559201e-13,0.0002196440834,False,3.704715092e-11,0.9235294559,False,1.73320134e-12,0.3469923368,0.04358403804,0.03288644389,6.787712931e-09,2.607721678e-10,1.930764529e-10,0.9235294559,5.936785636e-11,5.128322733e-10,4.420688895e-09,2.995591797e-10,2.868760632e-10,1.469121403e-09,4.787773396e-08
2023-04-28,rstr/A_low/spread_high,557296.389,23.87281084,1.075536435,0.5320829235,1.078075497,govt_2y,0.008651361036,0.006416235644,0.8582555255,0.01315942652,93.35152757,0.008962248124,0.05605438287,5.050995321e-05,optimal,CLARABEL,0,,False,9,0.9282187625,1.158057087,True,1.794235749,0.003149612588,0.001917509321,0.0001077872018,5.050995321e-05,False,2.457871226e-13,0.0002514018595,False,2.263919482e-11,0.9282187625,False,9.686732369e-13,0.05605438287,0.01493967815,0.03499888062,5.660533363e-10,0.02184267548,1.438732803e-10,0.9282187625,4.979154064e-11,3.300763686e-10,5.581605453e-10,2.039283569e-10,1.436622196e-10,8.234761092e-10,4.192917104e-10
2023-05-31,rstr/A_low/spread_high,551522.0679,23.15630313,1.043255772,0.5354836221,1.023655422,govt_2y,0.00852612705,0.006527015895,0.7748499692,0.0115734746,52.29466818,0.009053386389,0.1326935081,1.597823575e-05,optimal,CLARABEL,0,,False,10,0.8997394205,1.220174248,True,1.861333893,0.003039966702,0.001897978717,9.38164829e-05,1.597823575e-05,False,8.156046607e-13,0.0001415352723,False,4.837936193e-11,0.8997394205,False,2.614457097e-12,0.1326935081,1.340483736e-09,0.1001200906,4.51879965e-10,0.000140481097,5.039169203e-10,0.8997394205,1.82413356e-10,1.189023641e-09,1.233748454e-09,5.688958005e-10,4.19466123e-10,1.534011191e-09,3.635622617e-10
2023-06-30,rstr/A_low/spread_high,548769.0478,28.68246205,1.29222458,0.5669939348,1.116643653,govt_2y,0.008005084392,0.005318459916,0.7271094241,0.01204522131,69.50103292,0.007985056348,0.2096526998,1.89094529e-05,optimal,CLARABEL,0,,False,11,0.9494660591,1.106146427,True,1.670369402,0.003209939735,0.001828826045,0.0001732004198,1.89094529e-05,False,3.775383346e-13,7.316868223e-05,False,3.825977249e-11,0.9494660591,False,1.088383116e-12,0.2096526998,3.261032227e-10,3.268493822e-07,2.280787868e-10,1.833886556e-09,1.915600007e-10,0.9494660591,8.568280592e-11,4.578839602e-10,7.502666504e-10,2.541777734e-10,1.736655311e-10,0.05053360953,2.489154487e-10
2023-07-31,rstr/A_low/spread_high,549096.5135,21.46901577,0.9672387901,0.4625724448,0.8893258855,govt_2y,0.007871929382,0.005580151808,0.8228179293,0.009244285421,70.70903352,0.00908869423,0.1738553533,1.041863013e-05,optimal,CLARABEL,0,,False,11,0.8611330498,1.314346877,True,1.721995005,0.002379652578,0.001773434368,0.0001366275924,1.041863013e-05,False,4.425293402e-13,0.0001204674869,False,1.424481815e-11,0.8611330498,False,1.107495438e-12,0.1738553533,2.785542635e-10,9.835105585e-10,1.953751422e-10,5.760725997e-10,2.066535018e-10,0.8611330498,9.479731177e-11,4.347125367e-10,6.292551884e-10,2.810923174e-10,1.825981809e-10,0.1388669461,2.545292101e-10
2023-08-31,rstr/A_low/spread_high,547443.0048,20.51928183,0.9244506383,0.5764350718,0.9749799696,govt_2y,0.007479188891,0.008062937642,0.9527698584,0.007086466936,90.91373494,0.009364583091,0.0562332128,1.407229256e-05,optimal,CLARABEL,0,,False,11,0.8354952992,1.379093135,True,1.71103726,0.002677112932,0.001799446966,0.0001004653165,1.407229256e-05,False,6.540904807e-13,3.91582621e-05,False,1.44829017e-11,0.8354952992,False,1.23758522e-12,0.0562332128,3.863322912e-09,5.975949414e-10,2.906794242e-10,8.253553831e-10,2.194558071e-10,0.8354952992,7.857911956e-11,4.685918492e-10,6.425069158e-10,2.835153453e-10,2.001851134e-10,0.1645046928,4.950963227e-10
2023-09-29,rstr/A_low/spread_high,540798.5557,27.04471276,1.218439426,0.5566394224,1.232446719,govt_2y,0.00722939867,0.006501009085,0.8688168387,0.008101252227,60.145401,0.008249593323,0.06472492266,2.059042813e-05,optimal,CLARABEL,0,,False,10,0.8694201838,1.295842632,True,1.668191391,0.002329500224,0.001840549292,0.0001293398607,2.059042813e-05,False,8.192538875e-13,9.252541506e-05,False,2.010401792e-11,0.8694201838,False,1.383859723e-12,0.06472492266,0.004950686433,5.158070289e-10,2.541087985e-10,7.069683691e-10,2.162309141e-10,0.8694201838,9.542534778e-11,4.846679183e-10,1.015269489e-09,3.138928271e-10,1.973294513e-10,0.1256291257,3.240079129e-10
2023-10-31,rstr/A_low/spread_high,538209.7452,70.53943363,3.177997406,1.151217911,3.165031897,govt_2y,0.006817823064,0.009827267387,0.9345546895,0.01270669195,79.93998448,0.006707692799,0.1976198371,7.59483108e-05,optimal,CLARABEL,0,,False,10,0.9373690898,1.135398139,True,1.463009369,0.006870255083,0.003173790802,0.002329534309,7.59483108e-05,False,3.265899458e-12,0.0006594022469,False,1.61796763e-10,0.9373690898,False,5.74330386e-12,0.1976198371,0.03925875575,1.419480835e-09,1.009400903e-09,7.975681051e-10,4.780631145e-10,0.9373690898,1.684493408e-10,1.175523691e-09,3.802825666e-09,7.884466028e-10,6.499954617e-10,0.02337213964,4.538973744e-09
2023-11-30,rstr/A_low/spread_high,541749.4945,89.13733924,4.01588471,1.407618468,3.877451731,govt_2y,0.006691056177,0.01075076824,0.8893099739,0.02295385345,73.05022297,0.006595696882,0.04962797809,2.936096038e-06,optimal,CLARABEL,0,,False,11,0.9605000131,1.082109941,True,1.426127123,0.008060239012,0.003877761044,0.002526467806,2.936096038e-06,False,5.385738814e-12,3.580302485e-05,False,4.09445846e-10,0.9605000131,False,8.414863523e-12,0.04962797809,0.03949991365,3.803843985e-09,1.873598199e-09,1.65569376e-09,6.417940049e-10,0.9605000131,2.14971899e-10,1.594646518e-09,8.533360143e-09,1.089375643e-09,9.174337509e-10,5.069095883e-08,2.198785897e-09
2023-12-29,rstr/A_low/spread_high,545255.9122,29.76898144,1.341175296,0.5785475576,1.31243949,govt_2y,0.00672767721,0.00633858309,0.7682011,0.01085000227,50.68262198,0.007321069121,0.2028267738,2.977453572e-05,optimal,CLARABEL,0,,False,10,0.8985879987,1.226743357,True,1.610992153,0.002188227828,0.001595559447,0.0001084933441,2.977453572e-05,False,1.782316776e-12,0.0007630007254,False,5.154299071e-11,0.8985879987,False,2.938681158e-12,0.2028267738,9.027364577e-09,1.33967405e-09,5.110531758e-10,0.01490207448,4.011242255e-10,0.8985879987,1.643040723e-10,9.926676268e-10,4.957146409e-09,7.896577518e-10,3.652814299e-10,0.08650990791,3.308836074e-10
2024-01-31,rstr/A_low/spread_high,545073.5144,20.8261447,0.938275663,0.5748736587,1.035000993,govt_2y,0.006493328534,0.005528862974,0.863332702,0.008051737728,79.56454808,0.009630211692,0.2595018051,3.624553638e-05,optimal,CLARABEL,0,,False,10,0.768081791,1.601492395,True,1.902514597,0.0004876954339,0.001931437012,1.186158618e-05,3.624553638e-05,False,9.11846857e-13,0.0001851956607,False,1.062037914e-11,0.768081791,False,1.451053687e-12,0.2595018051,1.107888211e-09,7.840859065e-10,1.618382933e-10,0.05441678627,3.865570032e-10,0.768081791,9.821296238e-11,8.742298931e-10,3.577431332e-09,1.164080894e-09,1.854722297e-10,0.1775014142,1.994557236e-10
2024-02-29,rstr/A_low/spread_high,546177.1988,20.23592939,0.9116848238,0.5878705667,0.9096918823,govt_2y,0.006212624623,0.006524777038,0.9070450616,0.007829403101,79.80324059,0.01067552252,0.1391300078,6.899910918e-05,optimal,CLARABEL,0,,False,11,0.744807989,1.613262709,True,1.896568479,0.002754600452,0.002306223735,3.230063439e-05,6.899910918e-05,False,7.817077883e-13,2.481160881e-05,False,8.025368122e-12,0.744807989,False,1.144095707e-12,0.1391300078,2.91763883e-10,3.363161139e-10,1.147753681e-10,1.081840962e-07,3.186928416e-10,0.744807989,1.029522054e-10,7.811843891e-10,1.367804739e-09,7.02609682e-10,2.501946938e-10,0.2551918984,1.292861594e-10
2024-03-28,rstr/A_low/spread_high,549781.6436,19.6438228,0.8850087774,0.7143203702,0.9310639962,govt_2y,0.005944391753,0.007292322067,0.9316324424,0.008751863396,95.86298323,0.01264982001,0.1489700486,8.414055857e-06,optimal,CLARABEL,0,,False,11,0.6647778679,1.804065857,True,1.962622926,0.00427777298,0.003143364184,5.594065552e-05,8.414055857e-06,False,4.845605175e-13,0.0001133955575,False,3.643144688e-12,0.6647778679,False,6.61597973e-13,0.1489700486,1.258390886e-10,2.147275274e-10,8.417647295e-11,6.976543769e-10,1.746561404e-10,0.6647778679,7.185572418e-11,4.063918253e-10,4.579365616e-10,2.643212639e-10,1.600392044e-10,0.3352221294,7.853025607e-11
2024-04-30,rstr/A_low/spread_high,538582.8614,36.38823516,1.639391061,0.9762935468,1.712743899,govt_2y,0.00570594919,0.008106483597,0.8741555454,0.02029811654,100.7413248,0.01001076643,0.2573091828,0.0001295306099,optimal,CLARABEL,0,,False,10,0.7114870499,1.806119183,True,1.863160637,0.001548602712,0.003646663165,8.528708164e-05,0.0001295306099,False,3.954944902e-13,5.797203885e-05,False,3.620240971e-12,0.7114870499,False,6.133289894e-13,0.2573091828,1.021294431e-10,1.784223684e-10,6.176783835e-11,0.09022114049,1.045262205e-10,0.7114870499,4.564661769e-11,2.215078749e-10,3.856622609e-10,1.724663926e-10,9.248418475e-11,0.1982918082,4.950930756e-11
2024-05-31,rstr/A_low/spread_high,544969.3471,20.71133717,0.9331032647,0.7667075062,0.8329784866,govt_2y,0.005496181511,0.007754828792,0.8243562499,0.01189187647,47.47011228,0.01153113872,0.1163581286,6.888575804e-05,optimal,CLARABEL,0,,False,10,0.6466972244,2.073684165,True,2.002087221,0.003611871767,0.002753927686,6.374063746e-05,6.888575804e-05,False,5.620520965e-13,9.482895869e-05,False,4.220380288e-12,0.6466972244,False,8.167757879e-13,0.1163581286,1.555885542e-10,2.909157548e-10,1.728100426e-10,0.1483248237,1.609004467e-10,0.6466972244,6.227627843e-11,3.534509155e-10,6.527939018e-10,2.364351747e-10,1.507537693e-10,0.2049779495,9.576662252e-11
2024-06-28,rstr/A_low/spread_high,548799.83,27.59707142,1.243324718,0.9342495259,1.224321298,govt_2y,0.005304900274,0.008638599901,0.9061586932,0.01110514728,63.99427884,0.01128521985,0.07085243346,5.073517628e-05,optimal,CLARABEL,0,,False,10,0.6429201866,2.057530818,True,1.937730381,0.00342341962,0.003514657794,3.396710137e-07,5.073517628e-05,False,2.358265568e-14,1.576036234e-05,False,1.713943085e-13,0.6429201866,False,3.181817608e-14,0.07085243346,2.151879883e-11,1.279827027e-11,5.130905465e-12,0.111756343,3.734359596e-12,0.6429201866,0,1.239114585e-11,1.969313068e-11,7.538760314e-12,1.168194515e-11,0.2453234702,1.133850699e-11
2024-07-31,rstr/A_low/spread_high,555436.1161,36.07313234,1.625194804,0.9207033803,1.702065261,govt_2y,0.005214230873,0.007454846068,0.9196541625,0.01270586086,114.0241925,0.00992467643,0.1451989209,1.288474294e-05,optimal,CLARABEL,0,,False,10,0.7125356829,1.765573076,True,1.810149449,0.002344997249,0.003553174758,0.0001883141006,1.288474294e-05,False,1.232906388e-12,0.0001316274645,False,1.121492578e-11,0.7125356829,False,1.747835241e-12,0.1451989209,3.698977524e-10,3.154348471e-10,2.315634812e-10,0.05055658758,3.102245862e-10,0.7125356829,1.363873347e-10,7.424941542e-10,1.63460042e-09,4.455127388e-10,2.740896316e-10,0.236907725,1.231694839e-10
2024-08-30,rstr/A_low/spread_high,560712.474,54.25358844,2.444274847,0.788556967,2.920413223,govt_2y,0.005590807678,0.006203445693,0.7937227139,0.02914900026,157.4735529,0.007924807538,0.3241113609,0.0001600341989,optimal,CLARABEL,0,,False,9,0.8322076084,1.417072007,True,1.650267391,-0.0007859324591,0.003407265031,0.0009448970473,0.0001600341989,False,1.262334375e-12,0.0002225966052,False,1.914892982e-11,0.8322076084,False,1.962541638e-12,0.3241113609,2.143360704e-10,3.043288205e-10,2.187663455e-10,0.08447153473,3.161166932e-10,0.8322076084,1.581681347e-10,7.428314222e-10,0.006274583197,4.675406365e-10,2.724711217e-10,0.07704627077,2.29358244e-10
2024-09-30,rstr/A_low/spread_high,565454.8993,69.2267081,3.118855476,1.001973334,3.590198852,govt_2y,0.005525330653,0.006572192525,0.7771102686,0.03528053079,158.6232218,0.007842300789,0.1517148666,8.361352355e-05,optimal,CLARABEL,0,,False,9,0.7905259766,1.561255726,True,1.654686528,-0.001900784369,0.004257558964,0.001163424329,8.361352355e-05,False,2.667842684e-12,6.951595405e-05,False,3.184683784e-11,0.7905259766,False,3.631747526e-12,0.1517148666,4.214780147e-10,1.021682604e-09,3.219198482e-10,0.08276215387,5.459991798e-10,0.7905259766,2.517905898e-10,1.282517031e-09,0.08208050098,8.709990719e-10,4.902993562e-10,0.04463136311,2.664327033e-10
2024-10-31,rstr/A_low/spread_high,561091.1755,91.97814212,4.143870769,1.22784152,4.452686442,govt_2y,0.005721359914,0.006743864306,0.7962205731,0.03945883954,182.3321728,0.008341015411,0.2569651404,5.7217361e-05,optimal,CLARABEL,0,,False,10,0.7172412291,1.773621124,True,1.859811746,-0.003334144576,0.006399152796,0.001711082373,5.7217361e-05,False,4.786805138e-12,0.0001309931238,False,3.992569704e-11,0.7172412291,False,6.500637664e-12,0.2569651404,1.190247567e-09,5.053125691e-10,8.306159918e-10,0.07279718516,6.679879138e-10,0.7172412291,2.758857687e-10,1.546709964e-09,0.2099615746,1.07364552e-09,7.137057471e-10,4.127228676e-09,2.748647687e-10
2024-11-29,rstr/A_low/spread_high,561669.9083,50.45018201,2.272920823,1.038509652,2.574206039,govt_2y,0.0055294835,0.008712660206,0.7188202975,0.0347999932,72.96587795,0.00885291738,0.4251956608,3.209590741e-05,optimal,CLARABEL,0,,False,10,0.7932810595,1.53603357,True,1.734580925,0.0007316671111,0.003953989937,0.0001392148397,3.209590741e-05,False,8.64084653e-13,0.0001531701728,False,9.134624473e-12,0.7932810595,False,1.200129032e-12,0.4251956608,1.822924129e-10,1.071374293e-10,1.428557132e-10,0.1168916354,1.340661795e-10,0.7932810595,7.290793004e-11,3.184022514e-10,1.141801103e-09,1.883010176e-10,1.452439274e-10,0.0898273025,8.752204553e-11
2009-05-29,rstr/A_high/spread_low,40599465.05,85.02373363,3.830555351,2.51339121,2.874314644,govt_2y,0.004272390349,0.01339088673,0.842825607,0.08068016538,119.4919709,0.0259178977,1,0.001792711705,optimal,CLARABEL,0,,False,4,0.252721868,5.912606771,True,2.202082498,0.003870871804,0.05711362355,0.0005777590265,0.001792711705,True,0.1751643429,0.06000000061,False,2.127749794e-11,0.252721868,False,1.597596864e-11,1,0,1.317965271e-10,0,0.2346350464,0.04680446564,0.1123923871,0.04980316274,0.01343935378,0.04178310642,0.1320297484,0.1163908508,0.252721868,1.047581501e-08
2009-06-30,rstr/A_high/spread_low,40226544.21,29.56211418,1.331855352,0.7989205257,1.205186683,govt_2y,0.006350889451,0.009387951574,0.7000349895,0.03659395991,62.63194736,0.01758865231,0.7807081333,0.001151675614,optimal,CLARABEL,0,,False,6,0.288530325,4.804107151,True,2.34398599,0.006304788337,0.009145356043,0.0007250552936,0.001151675614,True,0.02025218764,0.05999999975,False,1.089279329e-11,0.288530325,False,6.356554082e-12,0.7807081333,4.602894636e-10,6.470041452e-10,0.004334785237,0.1856539481,1.899657567e-08,0.2301157582,9.627887188e-11,0.02725446383,0.1016744404,0.288530325,0.162436255,2.808548934e-09,1.309531247e-09
2009-07-31,rstr/A_high/spread_low,41265190.16,31.57242536,1.422425454,0.8788492776,1.171868984,govt_2y,0.005795750219,0.008003918355,0.7471750311,0.03624261359,98.51774886,0.01433898729,0.2566769442,0.0003420613297,optimal,CLARABEL,0,,False,7,0.3392947568,4.169441907,True,2.141542951,0.005932464856,0.006491497663,0.0006672715471,0.0003420613297,True,0.01164711782,0.05999999977,False,5.786675028e-12,0.3392947568,False,2.193639253e-12,0.2566769442,4.775494928e-12,5.524088164e-11,6.193876641e-11,0.08942863702,1.500554664e-09,0.3392947568,0,0.03982841094,0.1043714793,0.2942999556,0.1327767585,1.229554084e-10,1.075900338e-10
2009-08-31,rstr/A_high/spread_low,41434282.35,33.95305023,1.529679217,0.6208649107,1.565892531,govt_2y,0.005389281136,0.007182833553,0.7622048832,0.03052659153,108.6135542,0.01057695839,0.2578532865,0.000256236062,optimal,CLARABEL,0,,False,7,0.4541066473,3.18920429,True,1.903068684,0.002846752785,0.003798397294,0.0001928306797,0.000256236062,True,0.004427556185,0.05999999903,False,8.909271106e-12,0.4541066473,False,2.791980848e-12,0.2578532865,4.036568483e-11,1.807485263e-10,4.255759596e-10,0.07138887148,7.980004483e-10,0.4541066473,2.55124266e-11,0.05244385509,0.1038101874,0.2971107902,0.02113964657,2.551883753e-10,2.570966394e-10
2009-09-30,rstr/A_high/spread_low,42150302.83,38.85776396,1.750650193,0.6558045996,2.171443475,govt_2y,0.004804675397,0.006493626752,0.8709214257,0.02408293624,181.9205377,0.008595812703,0.2158751931,0.0001567007693,optimal,CLARABEL,0,,False,8,0.55532317,2.466243216,True,1.671148976,0.001536729502,0.002871122309,6.885029569e-05,0.0001567007693,False,0.001001222393,0.05999998819,False,2.867740886e-11,0.55532317,False,7.148906753e-12,0.2158751931,1.603733412e-10,1.257175754e-09,1.675974281e-09,0.02691361855,1.475091912e-09,0.55532317,1.121884828e-10,0.04011969491,0.08053983282,0.2971036729,3.61818059e-09,1.249359951e-09,1.291528455e-09
2009-10-30,rstr/A_high/spread_low,42110491.26,59.56165657,2.683418059,0.9116090106,3.264481796,govt_2y,0.004550291059,0.006903827677,0.8430862886,0.04205473974,234.684901,0.007630108619,0.1747551063,0.0001116683767,optimal,CLARABEL,0,,False,7,0.6356398565,2.163284232,True,1.532622904,-0.000565308103,0.00346759373,0.0002678523772,0.0001116683767,False,0.0004971725196,0.05999968565,False,5.974536365e-11,0.6356398565,False,1.19282477e-11,0.1747551063,2.282053603e-10,6.719475784e-10,0.004668242997,0.03174829631,3.296956403e-09,0.6356398565,1.915196858e-10,0.02938145764,0.07260190363,0.225960232,3.902064517e-09,1.148321967e-09,1.528338079e-09
2009-11-30,rstr/A_high/spread_low,42674038.07,72.6327747,3.272308236,1.144057494,3.263079404,govt_2y,0.004310852875,0.006923504703,0.8960789573,0.04017486502,327.1893636,0.007659547373,0.07847026188,6.101522697e-05,optimal,CLARABEL,0,,False,8,0.6029115682,2.354475315,True,1.592771307,-0.001109537348,0.004261267997,0.001189294595,6.101522697e-05,False,6.318274054e-10,0.01684984349,False,1.587591021e-11,0.6029115682,False,3.282460024e-12,0.07847026188,1.03375233e-10,3.081991476e-11,3.375988244e-09,0.05359528818,2.32644262e-09,0.6029115682,0,0.02930159874,0.09333246385,0.2208590731,1.530197007e-09,3.740814044e-10,1.376425932e-10
2009-12-31,rstr/A_high/spread_low,42330406.85,116.6428918,5.255086246,1.74468073,5.384419136,govt_2y,0.004230732022,0.009571728017,0.9181341339,0.04645910702,248.4076533,0.007726640356,0.06678356802,2.059123272e-05,optimal,CLARABEL,0,,False,7,0.575043469,2.552726888,True,1.668023429,-0.002207408397,0.006963693921,0.002448670325,2.059123272e-05,False,0.0004906731042,0.05999977806,False,3.163246468e-11,0.575043469,False,6.9770444e-12,0.06678356802,2.055653358e-10,6.543323708e-12,1.552960046e-09,0.06173454812,7.56292962e-09,0.575043469,0,0.03895041194,0.09819498761,0.214372157,0.01170441472,1.7320333e-09,5.741675957e-10
2010-01-29,rstr/A_high/spread_low,42569340.34,86.44376899,3.894531888,1.492219918,3.741466049,govt_2y,0.004069319326,0.009648294364,0.9512455286,0.03203788945,278.2871053,0.007321001677,0.07381940518,5.954603199e-05,optimal,CLARABEL,0,,False,7,0.5757335339,2.541305785,True,1.698740034,-0.001852082548,0.004633132353,0.001291800585,5.954603199e-05,False,0.0003382756965,0.05999968294,False,3.305625933e-11,0.5757335339,False,7.415529524e-12,0.07381940518,3.458566448e-10,1.803972052e-10,1.264774482e-09,0.03522284728,2.305062285e-09,0.5757335339,8.624068262e-11,0.02936949823,0.1124498722,0.2150486819,0.03217555777,1.437716835e-09,3.057399366e-09
2010-02-26,rstr/A_high/spread_low,42954152.82,62.65346716,2.822712714,0.9096311025,2.970495344,govt_2y,0.003997730605,0.008336975754,0.9492348437,0.02468116025,276.0420529,0.007166661547,0.08722954461,3.758911119e-05,optimal,CLARABEL,0,,False,7,0.5694346256,2.605932762,True,1.7409043,0.0002436388935,0.003217947091,0.0005779767693,3.758911119e-05,False,0.0003438192426,0.05999993042,False,7.348834347e-12,0.5694346256,False,1.659180674e-12,0.08722954461,4.20108022e-11,6.637870428e-11,2.361417154e-10,0.02318542028,7.191588165e-10,0.5694346256,1.470558039e-11,0.01943548462,0.1216378278,0.1976253534,0.06868128608,3.553379756e-10,7.746650757e-10
2010-03-31,rstr/A_high/spread_low,43041213.51,78.27418496,3.526469437,1.196261241,3.645775271,govt_2y,0.003844726634,0.008068917543,0.9071744134,0.03457273255,230.7287352,0.007002387258,0.1193193462,5.953079043e-05,optimal,CLARABEL,0,,False,7,0.5679685165,2.481572357,True,1.734038256,-0.0005191356232,0.003838051559,0.001004318437,5.953079043e-05,False,5.494491263e-10,0.02281983882,False,1.268742045e-11,0.5679685165,False,2.918077372e-12,0.1193193462,5.234247201e-11,2.222013498e-11,2.21556011e-10,0.02772050757,2.619916998e-09,0.5679685165,4.461866255e-11,0.0192232234,0.1239809976,0.2525871152,0.008519634959,4.880334444e-10,1.258702123e-09
2010-04-30,rstr/A_high/spread_low,43677697.44,84.86499271,3.823403632,1.485660548,3.921994151,govt_2y,0.003705025495,0.009946963094,0.9455766079,0.03667140168,269.2583633,0.007100516431,0.1362875174,4.348138997e-05,optimal,CLARABEL,0,,False,8,0.5260610502,2.514757938,True,1.819930394,-0.0008559467011,0.004278666647,0.0008623245532,4.348138997e-05,True,0.002281957566,0.05999995434,False,2.105696697e-11,0.5260610502,False,5.356651444e-12,0.1362875174,1.846100439e-10,2.361072692e-10,2.131728256e-09,0.01569691706,1.497834696e-09,0.5260610502,3.719338046e-11,0.009538082559,0.1245836863,0.3241201867,1.873503046e-09,3.911628558e-09,6.718827149e-08
2010-05-28,rstr/A_high/spread_low,43372612.95,106.6638119,4.80550098,1.871661262,4.996258847,govt_2y,0.004041485501,0.008552079937,0.8263020368,0.06015687974,199.4486573,0.007601235689,0.205814024,8.411984868e-05,optimal,CLARABEL,0,,False,8,0.4827776305,2.955788813,True,1.949174913,-0.002837303707,0.006162905346,0.001741857821,8.411984868e-05,False,8.404949981e-08,0.05917651243,False,2.21445634e-11,0.4827776305,False,6.3855213e-12,0.205814024,0,0,2.613329382e-10,0.03633766906,2.762015967e-08,0.4827776305,4.062522336e-10,2.124917464e-08,0.1045738379,0.2934737242,0.0828370859,6.042690118e-10,2.228801413e-09
2010-06-30,rstr/A_high/spread_low,44045760.58,51.69591915,2.329044742,0.7779311286,2.974786512,govt_2y,0.003880962955,0.008635698075,0.8028300911,0.03799608133,110.2567337,0.007325828638,0.356565833,0.0001964910686,optimal,CLARABEL,0,,False,7,0.567596804,2.567635168,True,1.709335995,0.001574254909,0.002774404453,0.0002490817027,0.0001964910686,False,1.760553784e-09,0.05913362705,False,5.382795402e-12,0.567596804,False,1.416372376e-12,0.356565833,1.35654033e-11,3.357477458e-11,1.613734874e-10,0.0857647962,0.0334928002,0.567596804,3.746698481e-10,0.005729212363,0.07776514579,0.2296512322,7.896830673e-09,2.153277151e-10,4.788697563e-10
2010-07-30,rstr/A_high/spread_low,44332832.79,66.95822747,3.016654122,1.01874853,3.743718388,govt_2y,0.003699605987,0.009839899421,0.8502823771,0.04672421509,134.0004966,0.007165183609,0.1564664896,6.820302714e-05,optimal,CLARABEL,0,,False,7,0.5162653278,2.779215595,True,1.789608517,0.001979963892,0.003437625766,0.0001994832564,6.820302714e-05,False,3.703005751e-10,0.03121130597,False,7.742208709e-12,0.5162653278,False,2.044420454e-12,0.1564664896,1.178488278e-11,4.616608795e-11,3.39582706e-10,0.05996626282,0.06063333697,0.5162653278,4.046249115e-10,0.00596773588,0.07324695312,0.2839203803,1.859786968e-09,1.785026595e-10,3.433169474e-10
2010-08-31,rstr/A_high/spread_low,45011776.03,111.197005,5.009733922,1.800215512,5.310991631,govt_2y,0.003490908069,0.004624542602,0.6188778834,0.06000601557,349.812744,0.007842238719,0.2117842108,0.0001072226772,optimal,CLARABEL,0,,False,7,0.4199466745,3.398692697,True,1.840756041,-0.0009066227319,0.006838694549,0.001266268421,0.0001072226772,True,0.002686404469,0.059999954,False,2.494321002e-11,0.4199466745,False,8.091629618e-12,0.2117842108,0,1.094088186e-10,5.675746799e-08,0.04605367028,0.09528066159,0.4199466745,0,0.01719756092,0.1171115098,0.3044098599,2.15275637e-09,8.362798494e-10,3.14911505e-09
2010-09-30,rstr/A_high/spread_low,45388885.93,109.4829818,4.932512418,1.785031155,5.631282537,govt_2y,0.003357459231,0.009410250429,0.8730737874,0.06628782265,242.2042905,0.007845220274,0.01980229212,8.141796159e-06,optimal,CLARABEL,0,,False,7,0.4220314909,3.393993978,True,1.826608715,0.0009562426098,0.00673840176,0.0007717315641,8.141796159e-06,False,8.410254142e-10,0.007765496207,False,1.589071182e-11,0.4220314909,False,4.646577369e-12,0.01980229212,6.3690574e-11,1.109132996e-10,1.584468228e-09,0.05153445692,0.08614296028,0.4220314909,3.936211621e-11,0.01837038543,0.1184803037,0.3034403994,9.614365795e-10,3.783103451e-10,3.044278827e-10
2010-10-29,rstr/A_high/spread_low,45527270.07,169.3268545,7.628645097,3.220161273,7.938359256,govt_2y,0.003125909133,0.005587178232,0.4971385268,0.06715339376,219.8007714,0.007644257684,0.1490659624,8.123942055e-05,optimal,CLARABEL,0,,False,7,0.4292864654,3.573504627,True,1.734892393,-0.003188822176,0.009894559805,0.002083730771,8.123942055e-05,False,0.001859980417,0.05999990957,False,3.787248374e-11,0.4292864654,False,1.167950622e-11,0.1490659624,0,0,0,0.04311998108,0.09189879957,0.4292864654,0,0.03093094731,0.1679424778,0.236821327,1.642972487e-09,1.343129875e-10,0
2010-11-30,rstr/A_high/spread_low,45241651.87,148.8466496,6.705954984,3.358070608,6.622484838,govt_2y,0.003216265235,0.006896162883,0.7029772815,0.04690270189,149.98263,0.007795361801,0.176208552,8.373242962e-05,optimal,CLARABEL,0,,False,6,0.4674305833,3.267789439,True,1.510611885,-0.004703808833,0.009045063432,0.003399934695,8.373242962e-05,False,0.001184921185,0.05999995334,False,1.444305957e-11,0.4674305833,False,4.301602501e-12,0.176208552,0,0,8.381653262e-12,0.02748178523,0.03435752576,0.4674305833,0,0.04410875317,0.1856541037,0.2208444608,0.0201227878,1.205777601e-10,6.60982048e-11
2010-12-30,rstr/A_high/spread_low,45152177.17,115.3693877,5.197711352,2.612465332,5.092102604,govt_2y,0.003437182403,0.006715014238,0.6715662587,0.04265101286,132.5320017,0.007400562201,0.2145392656,8.730415099e-05,optimal,CLARABEL,0,,False,6,0.5404031764,2.816509204,True,1.345889536,-0.00427880257,0.006318587647,0.002557174777,8.730415099e-05,False,3.60164035e-09,0.04574334671,False,2.48741231e-11,0.5404031764,False,6.454843786e-12,0.2145392656,0,0,0,0.04939123449,0.01418601108,0.5404031764,9.187639276e-11,0.0532273314,0.1931611373,0.142024171,0.007606937436,3.237932881e-10,4.952909326e-10
2011-01-31,rstr/A_high/spread_low,45210306.49,117.4211047,5.290146903,3.082868234,4.824438522,govt_2y,0.0032662151,0.01031471231,0.9039913803,0.04561608545,180.4202244,0.007328392004,0.09084064611,2.631875366e-05,optimal,CLARABEL,0,,False,8,0.5169779138,2.913838104,True,1.377925453,-0.005103014336,0.006306139105,0.002321257326,2.631875366e-05,False,2.886866535e-09,0.03953446681,False,3.108438722e-11,0.5169779138,False,7.882305491e-12,0.09084064611,8.80787365e-11,0,1.627792445e-10,0.05577246827,2.95949189e-08,0.5169779138,4.70188672e-10,0.06346008058,0.2180517186,0.1457377804,5.956303276e-09,9.330842508e-10,1.081209093e-09
2011-02-28,rstr/A_high/spread_low,45537469.87,105.4913399,4.752677863,2.561017465,4.140306873,govt_2y,0.00351746477,0.01060998642,0.9734233732,0.008856070645,115.3846238,0.006485168674,0.1294806808,3.198180616e-05,optimal,CLARABEL,0,,False,8,0.5518429978,2.637305192,True,1.368816114,-0.00475167523,0.004436692823,0.001888052415,3.198180616e-05,False,5.018955858e-09,0.05650049893,False,1.001129398e-11,0.5518429978,False,2.399752122e-12,0.1294806808,3.832168741e-10,1.353153821e-10,1.039468016e-10,0.01749876021,2.192582918e-09,0.5518429978,8.480235871e-11,0.07696432078,0.2309987159,0.122695197,1.431976395e-09,3.297019394e-09,7.122091445e-10
2011-03-31,rstr/A_high/spread_low,45496347.26,130.7480381,5.890562266,3.100138203,4.963067354,govt_2y,0.003577817813,0.01085061366,0.9499783468,0.02546606743,170.5776398,0.007332468819,0.1562466331,7.328823516e-05,optimal,CLARABEL,0,,False,7,0.4737410971,3.143550824,True,1.561151258,-0.005382169143,0.007029681211,0.002400078128,7.328823516e-05,False,2.539745737e-09,0.04304797962,False,4.806971265e-11,0.4737410971,False,1.397284473e-11,0.1562466331,9.347226067e-10,7.252526945e-11,3.3366269e-11,0.04515419272,8.326641374e-08,0.4737410971,5.383737978e-10,0.0820973588,0.2547707451,0.1413709917,0.002865526009,2.13047491e-09,1.580456307e-09
2011-04-29,rstr/A_high/spread_low,46204856.29,129.2413895,5.82268356,3.026596148,5.077957328,govt_2y,0.003495458406,0.009893369658,0.9499529705,0.01820152083,146.5795585,0.006957663207,0.02305426158,8.411134567e-06,optimal,CLARABEL,0,,False,8,0.4804367865,3.100542339,True,1.5977301,-0.005453567845,0.006256456414,0.001888385081,8.411134567e-06,False,1.351502148e-09,0.006489040075,False,3.913010861e-11,0.4804367865,False,1.036895241e-11,0.02305426158,5.295658215e-10,0,0,0.0444217286,1.83579488e-08,0.4804367865,4.075983665e-10,0.08223672283,0.2502180113,0.1426866939,3.476433423e-08,1.43044819e-09,1.357380641e-09
2011-05-31,rstr/A_high/spread_low,46424369.66,164.3452644,7.404210624,3.755865108,6.679144203,govt_2y,0.003316059517,0.009980775208,0.9138350195,0.03794065253,177.6632507,0.007176695458,0.1336226971,4.287703188e-05,optimal,CLARABEL,0,,False,8,0.4131997395,3.559579078,True,1.773151451,-0.006416364328,0.008464595889,0.001946015899,4.287703188e-05,False,2.02317078e-09,0.03981183717,False,2.738966976e-11,0.4131997395,False,8.612547351e-12,0.1336226971,1.352585359e-11,0,0,0.05557005667,7.424885674e-09,0.4131997395,5.24784241e-11,0.08992894902,0.2493685177,0.1919327054,2.256068436e-08,1.068419583e-09,6.310751597e-10
2011-06-30,rstr/A_high/spread_low,46220867.46,136.6486396,6.156400753,2.829802303,5.815069151,govt_2y,0.003230646812,0.004880893629,0.6408943772,0.04502538323,246.7246533,0.007691789146,0.1205549776,4.310746565e-05,optimal,CLARABEL,0,,False,7,0.3649727622,4.054066308,True,1.856837168,-0.003850392008,0.008084628225,0.001662097037,4.310746565e-05,False,0.001079294298,0.0599999179,False,2.442660509e-11,0.3649727622,False,8.256693895e-12,0.1205549776,0,0,0,0.05840982014,0.02976023802,0.3649727622,0,0.1056227675,0.2388292238,0.2024051825,3.852209948e-09,1.455468024e-09,4.459511576e-10
2011-07-29,rstr/A_high/spread_low,46954207.92,111.0173847,5.00164153,2.150437432,4.709961684,govt_2y,0.003271475482,0.005046341799,0.8065669297,0.03398835297,293.797882,0.007687847959,0.1717765887,5.527867464e-05,optimal,CLARABEL,0,,False,6,0.3944434424,4.000496267,True,1.802456874,-0.002844674657,0.006561461184,0.001857769676,5.527867464e-05,False,0.001424483428,0.05999990198,False,3.829425056e-11,0.3944434424,False,1.268827498e-11,0.1717765887,0,0,0,0.08217288522,0.02098104594,0.3944434424,0,0.1220990525,0.2359255993,0.1278630561,0.01651491355,4.08567732e-09,8.110573975e-10
2011-08-31,rstr/A_high/spread_low,47408636.58,124.5118275,5.609603659,2.247587236,5.479218077,govt_2y,0.003443367393,0.006600273207,0.8522865036,0.05242243082,338.3152986,0.008645427789,0.2873580378,0.0001621748208,optimal,CLARABEL,0,,False,6,0.4635527261,3.452784549,True,1.597975211,-0.002761584733,0.009306440026,0.003520376842,0.0001621748208,False,0.003204609438,0.05999994981,False,4.920844259e-11,0.4635527261,False,1.542100016e-11,0.2873580378,2.469967847e-10,0,2.786798832e-11,0.08191518881,0.03313475319,0.4635527261,1.374408821e-10,0.1400274992,0.2084094583,0.01169747564,0.06126288346,1.364139873e-08,1.268586911e-09
2011-09-30,rstr/A_high/spread_low,46496398.35,120.2536478,5.417760835,2.157781727,5.387285133,govt_2y,0.00337103791,0.01060092538,0.9143202353,0.06960020219,290.4602714,0.008443365419,0.3332278489,0.0003355545124,optimal,CLARABEL,0,,False,7,0.5190186451,3.046964275,True,1.475569123,-0.002517427081,0.008572933011,0.004029750593,0.0003355545124,False,0.0002852857769,0.05999963765,False,4.935632661e-11,0.5190186451,False,1.430835726e-11,0.3332278489,3.868146606e-10,2.113886378e-10,4.430926931e-11,0.04767926975,0.1076742035,0.5190186451,1.20438287e-09,0.1602070005,0.1356244964,2.508436765e-09,2.099627697e-09,0.02979637725,1.054891271e-09
2011-10-31,rstr/A_high/spread_low,46962537.94,37.14951395,1.673688785,1.02376807,2.407460269,govt_2y,0.003265293124,0.0179953118,0.9830770315,0.02959123221,209.4521468,0.009209421371,0.1757820287,0.0001868791377,optimal,CLARABEL,0,,False,6,0.5602040242,2.792386308,True,1.369782936,0.003043197486,0.003150778146,0.0001510392725,0.0001868791377,False,3.678792169e-10,0.03176238922,False,1.47599946e-11,0.5602040242,False,3.567379064e-12,0.1757820287,5.651781081e-10,5.731926967e-10,1.885066253e-10,0.03976944842,0.1041229529,0.5602040242,0.03129383679,0.1580138885,0.06415753006,3.648521229e-09,2.079466373e-09,0.04243831141,6.58149517e-10
2011-11-30,rstr/A_high/spread_low,46956976,103.1661543,4.647921793,1.974314406,4.969614205,govt_2y,0.003095996698,0.009426370262,0.8875376445,0.08184966794,333.7965035,0.007876248363,0.3072610062,0.0001548983824,optimal,CLARABEL,0,,False,5,0.5358233979,2.956248352,True,1.439683261,-0.002493129619,0.006399942123,0.003628355236,0.0001548983824,False,3.63999892e-09,0.04939847235,False,7.600319904e-11,0.5358233979,False,2.093940643e-11,0.3072610062,4.067729406e-10,1.713442e-10,0,0.03494162286,0.0262579668,0.5358233979,0.01384944769,0.1690599627,0.03551302837,0.1253303823,8.184422292e-09,0.05922418171,9.522348077e-10
2011-12-30,rstr/A_high/spread_low,47224826.17,102.9264891,4.637124209,2.001050717,5.21269611,govt_2y,0.002941484034,0.01173679705,0.9207430284,0.07767795994,284.9367914,0.007261262475,0.2577736059,9.978479214e-05,optimal,CLARABEL,0,,False,6,0.6058039989,2.424647293,True,1.300254274,-0.002260037659,0.005426895139,0.003440189326,9.978479214e-05,False,0.0003156333354,0.05999956069,False,9.212762217e-11,0.6058039989,False,2.239257681e-11,0.2577736059,8.424761898e-10,4.807740078e-10,1.900022946e-10,0.03202160293,0.02832769379,0.6058039989,0.0320235076,0.1900752397,0.04570301321,2.90572288e-09,5.174672967e-08,0.0660448861,1.539610533e-09
2012-01-31,rstr/A_high/spread_low,47684897.25,96.27829399,4.337604555,1.875813806,4.730614002,govt_2y,0.002753656891,0.01262350441,0.976064981,0.04994175304,509.7128246,0.008250852774,0.3223602263,0.0001863349595,optimal,CLARABEL,0,,False,5,0.4765926564,3.482235889,True,1.519078244,-0.0001975997328,0.006554296164,0.003670135152,0.0001863349595,False,0.001263766579,0.05999999198,False,2.155280323e-11,0.4765926564,False,6.933765658e-12,0.3223602263,4.540514552e-10,1.369871311e-10,5.503775217e-11,1.601723082e-08,0.08717920699,0.4765926564,0.02969408608,0.1898396635,0.07917670493,0.0367680451,0.01286400267,0.08788561748,2.440487563e-10
2012-02-29,rstr/A_high/spread_low,47761023.81,157.5533043,7.09821396,3.310945495,7.594848961,govt_2y,0.002567030845,0.008966637307,0.8824961901,0.08020245102,346.8957889,0.008445222715,0.3246061352,0.0001920797676,optimal,CLARABEL,0,,False,4,0.3618703609,4.776955904,True,1.763448628,-0.002959793448,0.01123698317,0.006626550846,0.0001920797676,False,7.716661333e-10,0.05297814384,False,1.808777664e-11,0.3618703609,False,6.894260324e-12,0.3246061352,2.222041272e-10,1.67474512e-12,0,0.001588120425,0.1102010248,0.3618703609,0.003239233927,0.1952998518,0.1116927282,0.0714928035,0.07707778588,0.06753809028,1.862261282e-10
2012-03-30,rstr/A_high/spread_low,47473060.88,179.8816615,8.104168467,3.750566528,8.143411749,govt_2y,0.002581262378,0.005697992853,0.7853282729,0.04266288803,263.7364558,0.007560269922,0.2255191357,8.445175411e-05,optimal,CLARABEL,0,,False,6,0.4208298493,4.052577958,True,1.639102813,-0.004904597634,0.01028161868,0.005785788922,8.445175411e-05,False,1.676644877e-09,0.03303784674,False,6.274023053e-11,0.4208298493,False,2.095152784e-11,0.2255191357,1.12262062e-09,0,0,8.955509928e-10,0.0395773561,0.4208298493,1.390527767e-09,0.1933627487,0.07334054189,0.1001599883,0.1000510505,0.07267846176,0
2012-04-30,rstr/A_high/spread_low,47775548.09,133.8298875,6.029408142,2.80946451,6.248131065,govt_2y,0.002458893174,0.004995179286,0.7484276846,0.04770469398,334.3528885,0.007467933653,0.2453203333,0.0001064011274,optimal,CLARABEL,0,,False,7,0.4091844644,3.930341973,True,1.676604377,-0.002682901538,0.00746369725,0.003279433196,0.0001064011274,False,0.0006533722652,0.05999996237,False,1.115791707e-11,0.4091844644,False,3.758034062e-12,0.2453203333,1.883455276e-11,0,0,1.481470721e-10,1.229424131e-08,0.4091844644,1.425580017e-08,0.169372262,0.0253917494,0.1913070825,0.1097417098,0.09500270521,0
2012-05-31,rstr/A_high/spread_low,47714586.13,127.0563543,5.724241658,2.55690606,5.903207239,govt_2y,0.002364545996,0.004345942284,0.7393071524,0.03106356006,279.019507,0.006813387886,0.2061805335,6.863885167e-05,optimal,CLARABEL,0,,False,6,0.4627587598,3.59344085,True,1.582223493,-0.002170424151,0.005898242414,0.002295001405,6.863885167e-05,False,0.0001120170623,0.05999980886,False,1.456718895e-11,0.4627587598,False,4.367714893e-12,0.2061805335,0,0,0,3.399003909e-11,0.0177186898,0.4627587598,1.530876054e-09,0.1455822199,0.02332343421,0.1167358244,0.1404946375,0.09338643275,0
2012-06-29,rstr/A_high/spread_low,47896275.13,67.85120597,3.056885284,1.392688852,3.964315716,govt_2y,0.002208346785,0.01112455711,0.9796821131,0.01752858883,270.8720188,0.006942039556,0.08005789291,4.786906014e-05,optimal,CLARABEL,0,,False,5,0.4670249577,3.614736473,True,1.514049443,0.001461551193,0.003269879428,0.0003549683071,4.786906014e-05,False,3.751501142e-08,0.05894820444,False,3.367838341e-11,0.4670249577,False,9.368395771e-12,0.08005789291,6.13613557e-10,4.354240715e-10,2.23240398e-10,8.318104139e-10,0.03178158372,0.4670249577,0.01753014577,0.1196891505,0.009305641151,0.1193049839,0.1385610645,0.09680246966,9.35002676e-10
2012-07-31,rstr/A_high/spread_low,48478900.66,110.2231306,4.965858175,2.377836845,5.617270932,govt_2y,0.002097781313,0.007904226079,0.9478923778,0.03863442927,468.6474172,0.007226136793,0.2850853391,0.0001499156594,optimal,CLARABEL,0,,False,6,0.4087204625,4.351242049,True,1.674366847,-0.0004157269613,0.005755527046,0.001254113567,0.0001499156594,False,0.0001552656144,0.05999988035,False,1.041231089e-11,0.4087204625,False,3.5966855e-12,0.2850853391,9.951641281e-11,5.851299705e-11,0,4.265427404e-10,0.1155582287,0.4087204625,2.974060802e-09,0.09461593631,0.04955705142,0.1406413011,0.09433100082,0.09657601546,1.538915924e-10
2012-08-31,rstr/A_high/spread_low,48614287.12,119.2737719,5.373614704,2.453584172,5.663330728,govt_2y,0.002107848138,0.008911800447,0.9615439666,0.007762341787,99.66805172,0.005789688613,0.322045438,7.060501895e-05,optimal,CLARABEL,0,,False,6,0.5368011885,2.980972986,True,1.454623441,-0.001330831218,0.003998115783,0.000481325204,7.060501895e-05,False,0.002371355758,0.05999999308,False,4.033599487e-11,0.5368011885,False,1.11411143e-11,0.322045438,1.258304306e-09,6.589621305e-10,2.944697477e-10,7.01152991e-10,0.0424827773,0.5368011885,2.066628983e-08,0.0994663003,0.0511048775,0.1660160594,0.04954926125,0.05457951134,8.821422286e-10
2012-09-28,rstr/A_high/spread_low,48811672.74,143.6010366,6.469625548,3.038590104,6.358602787,govt_2y,0.002019137767,0.005299128173,0.8420450052,0.03823551789,359.9823237,0.006374232747,0.1790523468,3.451260266e-05,optimal,CLARABEL,0,,False,6,0.4895538376,3.278772615,True,1.503495214,-0.002245368225,0.005834631191,0.001692899324,3.451260266e-05,False,0.0005604054398,0.05999976653,False,6.710137276e-11,0.4895538376,False,1.893296526e-11,0.1790523468,1.299580768e-09,0,0,2.658325902e-10,0.02199568315,0.4895538376,6.138759126e-09,0.0748203499,0.05116375207,0.2131938976,0.07892693111,0.07034554019,7.123959579e-10
2012-10-26,rstr/A_high/spread_low,48772749.84,191.2986159,8.618533975,4.230254773,8.911938462,govt_2y,0.00185181351,0.004758650493,0.6952474681,0.05835745068,383.7115885,0.00678843926,0.2518875056,7.050028475e-05,optimal,CLARABEL,0,,False,7,0.4280908788,3.607218099,True,1.604798756,-0.002889566113,0.008815596441,0.002978007846,7.050028475e-05,False,0.0008267302249,0.05999980402,False,7.129786178e-11,0.4280908788,False,2.340707877e-11,0.2518875056,2.584319104e-10,0,0,4.604688574e-09,6.912420145e-08,0.4280908788,2.008921415e-09,0.05012638037,0.09266914913,0.2551257235,0.1232906168,0.05069717434,1.073810009e-09
2012-11-30,rstr/A_high/spread_low,48750740.53,129.9559668,5.854877253,2.843546496,6.113034377,govt_2y,0.001728486192,0.003496523419,0.6665634654,0.03003628416,340.0908352,0.005718769344,0.3889736145,0.0001818499202,optimal,CLARABEL,0,,False,7,0.5385147093,2.442141263,True,1.343447839,-0.000744930467,0.004250121889,0.000330855606,0.0001818499202,False,0.001150695438,0.05999999146,False,2.143074311e-11,0.5385147093,False,6.140363239e-12,0.3889736145,0,0,0,4.290619157e-10,1.071959014e-09,0.5385147093,0,0.02976747227,0.06027638751,0.3380626011,0.009077263518,0.02430156425,5.05211915e-10
2012-12-31,rstr/A_high/spread_low,48733801.39,159.5246617,7.187029085,3.45460153,7.447115476,govt_2y,0.001643330363,0.003330026501,0.7953734319,0.01664258476,314.2427243,0.005430469535,0.02878655472,6.154098966e-06,optimal,CLARABEL,0,,False,8,0.5415331668,2.43598561,True,1.317578965,-0.002177432075,0.004704382172,0.001490440395,6.154098966e-06,False,1.36298293e-09,0.004523737052,False,6.141186556e-11,0.5415331668,False,1.432390185e-11,0.02878655472,6.504183553e-10,4.409098104e-10,0,1.095027386e-09,1.714351667e-07,0.5415331668,0,0.02967862895,0.05859110787,0.33412311,3.599827566e-07,0.03607345108,1.724441348e-09
2013-01-31,rstr/A_high/spread_low,48617691.16,154.4908969,6.960244,3.313859036,7.285650402,govt_2y,0.00163145347,0.003587598951,0.8612266575,0.02239917515,518.2932868,0.006016914309,0.1801794587,2.639367064e-05,optimal,CLARABEL,0,,False,6,0.453723639,2.732912027,True,1.51564628,-0.001807127726,0.00559307377,0.002224535448,2.639367064e-05,False,0.0008887197696,0.05999994342,False,2.043665984e-11,0.453723639,False,6.137157501e-12,0.1801794587,1.737785518e-09,5.969068147e-05,6.121031268e-10,0,0.008707265427,0.453723639,0,0.05051113352,0.05936953634,0.3905342523,2.743398403e-07,0.03709419672,9.389450504e-09
2013-02-28,rstr/A_high/spread_low,48915782.34,159.7792511,7.198499044,3.5674031,7.278555845,govt_2y,0.001543101133,0.005690522205,0.9578217599,0.006308734853,181.4817976,0.004807999826,0.2402631523,4.827985834e-05,optimal,CLARABEL,0,,False,6,0.5405655073,2.621017167,True,1.332949596,-0.002775309008,0.003693594949,0.001018529113,4.827985834e-05,True,0.003154453644,0.05999999572,False,2.535249741e-11,0.5405655073,False,6.689597177e-12,0.2402631523,7.983342036e-10,4.418318919e-09,1.353734721e-10,1.988870107e-10,1.394751031e-08,0.5405655073,1.415613514e-10,0.0711728692,0.05955699175,0.2810368797,5.328577631e-06,0.04100685822,0.006655545611
2013-03-28,rstr/A_high/spread_low,49085148.85,137.8256192,6.209426952,3.012158043,6.723594543,govt_2y,0.00144010245,0.005573114999,0.947356626,0.02832482618,684.2876202,0.005438590304,0.1949854533,3.083144865e-05,optimal,CLARABEL,0,,False,6,0.4565687835,2.820343672,True,1.452248222,-0.001085320491,0.004076642619,0.001051660571,3.083144865e-05,False,0.001184970197,0.05999998719,False,2.07955788e-11,0.4565687835,False,6.511201102e-12,0.1949854533,6.364619556e-10,1.720125064e-08,1.541822752e-10,0,4.420944324e-09,0.4565687835,3.810791732e-11,0.05796540349,0.05795483763,0.370317562,0.0003817964233,0.04634864909,0.01046294548
2013-04-30,rstr/A_high/spread_low,49625046.05,148.1957441,6.676629882,3.18097474,7.147704774,govt_2y,0.001358928398,0.005903383082,0.9493955748,0.0277913601,621.836262,0.005411306459,0.2078580727,6.430225872e-05,optimal,CLARABEL,0,,False,6,0.4055800154,3.43780346,True,1.558869444,-0.0008974871306,0.004339502989,0.001081411563,6.430225872e-05,False,0.0003652023911,0.05999979787,False,3.011501479e-11,0.4055800154,False,1.002476213e-11,0.2078580727,8.233607798e-10,2.023728053e-09,0,0,0.01726226502,0.4055800154,2.685163357e-10,0.0788042571,0.09039329122,0.3271602514,0.01383799176,0.06696192259,2.33827089e-09
2013-05-31,rstr/A_high/spread_low,48877312.27,156.582487,7.054475941,3.08641021,8.319382019,govt_2y,0.001406059547,0.008289510353,0.9683959729,0.03230246525,581.2723513,0.005564255924,0.1827820762,3.669437536e-05,optimal,CLARABEL,0,,False,6,0.4496038653,3.136144085,True,1.458822994,-0.0001994187734,0.004847941609,0.001243917723,3.669437536e-05,False,0.0001010552466,0.0599996858,False,1.80123385e-11,0.4496038653,False,5.456372999e-12,0.1827820762,4.486673065e-10,0.004663490699,1.106306942e-10,0,0.01430937106,0.4496038653,3.096994081e-10,0.1019131066,0.02423980373,0.3107945007,1.926368935e-09,0.09447585831,8.391051649e-10
2013-06-28,rstr/A_high/spread_low,48172329.46,68.27157411,3.075824036,1.541292773,3.496715732,govt_2y,0.001506710823,0.009833118155,0.9601423291,0.0330053523,336.0926238,0.006550747218,0.5041435192,0.0001398352979,optimal,CLARABEL,0,,False,8,0.533605883,2.878863028,True,1.233283142,0.001725355866,0.002929689526,1.537959677e-05,0.0001398352979,True,0.00502669318,0.05999999948,False,4.206808733e-12,0.533605883,False,1.311822014e-12,0.5041435192,4.752227241e-11,1.388753861e-10,1.736297255e-11,1.065836816e-11,0.07190751169,0.533605883,6.190454509e-10,0.1258314306,1.961611328e-09,0.08173444989,2.625990794e-10,0.1869207202,1.515092123e-09
2013-07-31,rstr/A_high/spread_low,48726890.83,95.96958785,4.323696486,1.950384655,4.151279114,govt_2y,0.001471685979,0.0113702069,0.9784179976,0.01629755528,227.108079,0.005287345386,0.4254289372,7.764441029e-05,optimal,CLARABEL,0,,False,6,0.6042512717,2.487325745,True,1.0751627,0.003810713617,0.002682927835,0.001393836002,7.764441029e-05,True,0.008764137744,0.0599999991,False,1.487704071e-11,0.6042512717,False,3.759658783e-12,0.4254289372,2.356417378e-10,2.890060509e-10,7.336167675e-11,1.912070109e-11,0.01245119839,0.6042512717,8.253391706e-09,0.1494989149,0.05706877755,0.07976491635,3.529410975e-09,0.04165337276,0.05531153589
2013-08-30,rstr/A_high/spread_low,48390227.45,51.99471655,2.342506395,1.302511659,2.362366537,govt_2y,0.001476879331,0.01280576687,0.9646953072,0.03202895725,216.6010817,0.006262989948,0.3057452126,5.255635298e-05,optimal,CLARABEL,0,,False,9,0.6841474437,1.984366647,True,0.9385509034,0.004398972331,0.002039494997,0.0005775840638,5.255635298e-05,True,0.002384149232,0.05999999714,False,1.469062971e-11,0.6841474437,False,2.739951255e-12,0.3057452126,1.728974212e-10,2.748300505e-10,9.242312868e-11,1.564317504e-11,1.899306429e-09,0.6841474437,1.121030222e-09,0.1447996495,1.814684297e-09,3.140073778e-09,7.102679325e-10,0.07359080549,0.0974620921
2013-09-30,rstr/A_high/spread_low,48993720.16,50.35316822,2.268550083,1.134744835,2.721622233,govt_2y,0.001658503956,0.009959525929,0.9157176417,0.03844544156,184.6528394,0.005026570681,0.1781571525,2.728727295e-05,optimal,CLARABEL,0,,False,9,0.7545804945,1.675398643,True,0.8474491612,0.003148098942,0.001272243934,0.0007454839865,2.728727295e-05,True,0.001648521286,0.05999999688,False,1.441768783e-11,0.7545804945,False,1.959339813e-12,0.1781571525,5.209838286e-10,3.322458056e-10,7.365155034e-11,3.747779902e-11,7.535420323e-10,0.7545804945,3.146791977e-10,0.1193007229,2.133331754e-09,2.185944538e-09,4.091128144e-10,0.01160302665,0.1145157492
2013-10-31,rstr/A_high/spread_low,49207746.46,27.92706946,1.258192046,1.071899774,1.297856804,govt_2y,0.001619130367,0.01176274588,0.9703709588,0.01915569505,182.419616,0.009234716732,0.2199113102,4.459411169e-05,optimal,CLARABEL,0,,False,10,0.6811309772,1.909576238,True,1.013185901,0.004364179022,0.002381620291,5.448049161e-05,4.459411169e-05,True,0.0001162397062,0.05999998174,False,2.574334337e-12,0.6811309772,False,4.639707003e-13,0.2199113102,3.392959804e-11,2.124972956e-10,2.67924243e-11,1.279719751e-11,4.450099338e-10,0.6811309772,1.004025759e-10,0.09273270881,2.433195825e-10,3.796765625e-10,1.19813599e-10,6.963950326e-10,0.2261363117
2013-11-29,rstr/A_high/spread_low,49666464.16,70.37128441,3.170421817,1.782408848,3.356461024,govt_2y,0.001537122243,0.01077450603,0.971960333,0.04263489214,510.9237056,0.005570256417,0.4390749279,0.0002425332279,optimal,CLARABEL,0,,False,6,0.655696802,2.152759229,True,1.066613769,0.0007535004203,0.002183463081,0.0005997585463,0.0002425332279,True,0.0003797847095,0.05999998102,False,6.845509707e-12,0.655696802,False,1.516512195e-12,0.4390749279,5.750179997e-11,0.007929876843,1.322181502e-11,2.804351731e-11,0.05187199384,0.655696802,3.232221557e-10,0.1184403339,1.235756633e-09,0.003871006555,1.699806614e-10,0.129221677,0.03296830812
2013-12-31,rstr/A_high/spread_low,49672567.65,41.74244451,1.880613064,1.337119813,1.950430566,govt_2y,0.001509942198,0.01271218598,0.9847520916,0.02655532561,417.6872891,0.007538489965,0.1586844347,4.298365094e-05,optimal,CLARABEL,0,,False,8,0.634339629,2.23347291,True,1.110816595,0.003580964547,0.002372174322,2.918549586e-05,4.298365094e-05,False,1.660438059e-09,0.05417424449,False,1.196410132e-11,0.634339629,False,2.381548258e-12,0.1586844347,1.304736828e-10,8.477322828e-10,7.351916537e-11,3.115077381e-11,5.578787064e-09,0.634339629,7.927222688e-10,0.1402474141,1.589812534e-09,0.003104721191,4.576543783e-10,0.1330287219,0.08927950422
2014-01-31,rstr/A_high/spread_low,49480095.78,28.6068595,1.288818475,1.297454401,1.209904615,govt_2y,0.001522174167,0.01348985402,0.9872893706,0.01717079918,287.3455607,0.01056322036,0.2072361692,5.398476476e-05,optimal,CLARABEL,0,,False,9,0.5631606807,2.547638693,True,1.292930361,0.005949335557,0.003191999849,9.018163465e-07,5.398476476e-05,True,0.0008120457514,0.05999998744,False,6.160358784e-12,0.5631606807,False,1.503146091e-12,0.2072361692,1.229340577e-10,3.808328694e-10,4.968952982e-11,4.175658909e-11,8.177968856e-10,0.5631606807,4.094800624e-10,0.1172632689,7.688381316e-10,1.394991414e-08,3.501311647e-10,0.2324354205,0.08714061302
2014-02-28,rstr/A_high/spread_low,50077791.48,24.80271184,1.117431057,0.8059127387,1.198259498,govt_2y,0.001514245014,0.008456115363,0.916697713,0.01719985876,115.8855217,0.008481743675,0.3575819112,9.079149303e-05,optimal,CLARABEL,0,,False,8,0.556462075,2.76880538,True,1.312947419,0.00330443905,0.001784306489,7.930950362e-06,9.079149303e-05,False,1.213447615e-10,0.04800289803,False,1.460419313e-12,0.556462075,False,3.962610648e-13,0.3575819112,5.065062255e-11,8.888062417e-11,0,7.272206495e-12,6.656337272e-10,0.556462075,9.761851097e-10,0.09434446093,8.072448973e-10,0.1249347233,1.283691649e-10,0.08162529721,0.1426334408
2014-03-31,rstr/A_high/spread_low,49972563.62,87.22204549,3.929595406,2.115534422,3.90788348,govt_2y,0.001593822275,0.008434234412,0.9244494301,0.0585529781,435.4818449,0.005538296119,0.3391140404,0.0001150860545,optimal,CLARABEL,0,,False,9,0.5834343398,2.442762634,True,1.321421028,-8.445973023e-05,0.00267533772,0.0008384665993,0.0001150860545,False,0.0004937792919,0.05999993091,False,2.525535923e-11,0.5834343398,False,6.384151823e-12,0.3391140404,3.870529194e-10,3.027397463e-09,0,4.038280517e-10,6.806526773e-09,0.5834343398,2.674838457e-09,0.06607554493,3.787867921e-09,0.2151781416,9.177900764e-10,0.1353119494,6.173633989e-09
2014-04-30,rstr/A_high/spread_low,50214198.97,77.87754912,3.508599891,2.034636876,3.456542759,govt_2y,0.001572847343,0.00765070568,0.9760036631,0.01926217344,533.8586078,0.005343193844,0.07011566366,1.578796572e-05,optimal,CLARABEL,0,,False,9,0.5989238231,2.317562127,True,1.286077112,-0.0001643399673,0.002223382257,0.0004286484455,1.578796572e-05,False,0.0003113187009,0.05999994653,False,1.393333435e-11,0.5989238231,False,2.897326261e-12,0.07011566366,2.912988469e-10,9.625085675e-10,0,6.095724328e-11,5.999369808e-09,0.5989238231,1.590077814e-09,0.03904880748,1.42025751e-09,0.2344993518,3.928245656e-10,0.1275280056,1.300964036e-09
2014-05-30,rstr/A_high/spread_low,50614904.22,93.94116412,4.232310363,2.328227194,4.120148711,govt_2y,0.001498412527,0.006295091575,0.9265318478,0.01942124695,266.3510075,0.00461616752,0.1169975852,1.799452883e-05,optimal,CLARABEL,0,,False,9,0.6537440409,2.045174748,True,1.166093987,-0.0006983774966,0.002001792508,0.0002342563829,1.799452883e-05,False,0.0007322422165,0.05999996585,False,2.077509396e-11,0.6537440409,False,3.82075556e-12,0.1169975852,5.213861513e-10,1.52242242e-09,0,5.65612589e-11,3.444268633e-09,0.6537440409,3.521271931e-09,0.01294608436,1.414831799e-09,0.2207805651,7.657078926e-10,0.112529298,3.640098416e-10
2014-06-30,rstr/A_high/spread_low,50722710.08,129.7857713,5.847209473,2.984327726,5.905430325,govt_2y,0.001511018476,0.006977656144,0.9165946521,0.02584900088,255.4801199,0.00456060802,0.03103970521,3.751817576e-06,optimal,CLARABEL,0,,False,8,0.6441919027,2.105045741,True,1.210990281,-0.001230093915,0.002699433142,0.0007051818837,3.751817576e-06,False,1.345962716e-10,0.006571078362,False,9.580049036e-12,0.6441919027,False,1.731766134e-12,0.03103970521,1.856683512e-10,1.059384393e-09,1.561266591e-11,2.159414446e-11,0.009656117804,0.6441919027,2.591904169e-09,0.01286114975,5.165222107e-10,0.2128288263,5.648859923e-10,0.1204619984,6.571352791e-11
2014-07-31,rstr/A_high/spread_low,50582595.22,157.9945998,7.118095549,3.755821193,6.903933085,govt_2y,0.001518586464,0.006627824527,0.9492396437,0.03060914977,541.7214261,0.005079766479,0.1710241969,3.1392865e-05,optimal,CLARABEL,0,,False,9,0.5729036806,2.366439405,True,1.390554998,-0.001826975391,0.004076896997,0.002353099573,3.1392865e-05,True,0.00463828853,0.05999999726,False,2.338334402e-11,0.5729036806,False,5.461253987e-12,0.1710241969,4.150800768e-10,1.225888681e-09,0,4.638606315e-10,0.01184487436,0.5729036806,1.630428518e-09,5.818047598e-09,1.549951897e-09,0.2708712101,8.720408164e-10,0.144380223,5.326604565e-12
2014-08-29,rstr/A_high/spread_low,51207188.06,86.17861297,3.882585873,2.054566051,3.980931925,govt_2y,0.001537376633,0.005374518954,0.9326528893,0.009721741831,198.906376,0.004381869723,0.1232361973,1.843925349e-05,optimal,CLARABEL,0,,False,9,0.6241583869,2.152393572,True,1.312601796,-0.0003765763332,0.001654696784,1.51482727e-05,1.843925349e-05,False,2.021167785e-10,0.04783838014,False,7.830373336e-12,0.6241583869,False,1.56906466e-12,0.1232361973,1.12613761e-10,3.80984864e-10,1.502973802e-10,7.304701486e-11,1.789692902e-09,0.6241583869,0.004291082163,1.388303367e-09,5.218542827e-10,0.2404654994,6.547584116e-10,0.1310850264,9.518121023e-11
2014-09-30,rstr/A_high/spread_low,50886758.45,146.7378291,6.610946761,3.257870431,6.82632269,govt_2y,0.001557049931,0.006850802699,0.9505411949,0.01510142712,256.5623779,0.004524989316,0.0718980959,1.146529631e-05,optimal,CLARABEL,0,,False,8,0.6189736105,2.234549351,True,1.344505622,-0.001357617478,0.003004534574,0.0005027795957,1.146529631e-05,False,1.251323529e-10,0.01486686979,False,7.85584509e-12,0.6189736105,False,1.552844893e-12,0.0718980959,4.897472942e-11,9.522487378e-11,4.416842685e-11,6.157583353e-11,0.02479695115,0.6189736105,0.006523509393,4.094345198e-09,3.563343285e-10,0.2108017809,3.508756827e-10,0.1389041429,4.9292162e-11
2014-10-31,rstr/A_high/spread_low,51402651.27,30.71711857,1.383891508,0.8003198151,1.936598849,govt_2y,0.001852775804,0.007618198554,0.958020325,0.003074576804,49.57710365,0.008419124895,0.4074140562,0.0001160009734,optimal,CLARABEL,0,,False,9,0.5583814597,2.5542635,True,1.516760041,0.004216223038,0.002177280478,0.0001286569112,0.0001160009734,False,2.330808815e-10,0.04665779244,False,8.46009679e-12,0.5583814597,False,2.347570923e-12,0.4074140562,7.131887071e-11,2.707531636e-10,1.615524781e-10,8.664841142e-11,5.699458627e-09,0.5583814597,0.1079897858,2.650984889e-09,1.441232241e-09,0.0880851884,4.898940106e-10,0.245543555,2.516195203e-10
2014-11-28,rstr/A_high/spread_low,52151042.13,42.65947574,1.921927867,0.8951053662,3.258624246,govt_2y,0.001816349942,0.007896483699,0.950953334,0.008213558838,105.8922463,0.007614454725,0.1936600184,4.060011634e-05,optimal,CLARABEL,0,,False,8,0.6240229388,2.164030301,True,1.37761186,0.003496564352,0.002473393023,4.620315991e-05,4.060011634e-05,True,0.0008582774088,0.05999999638,False,5.470113926e-12,0.6240229388,False,1.1386898e-12,0.1936600184,3.176630342e-11,9.857374744e-11,6.840701494e-11,3.961702041e-11,0.0112853496,0.6240229388,0.1033812942,0.01288530853,7.125501788e-10,1.191759092e-08,3.54636207e-10,0.2484250955,1.704690506e-10
2014-12-31,rstr/A_high/spread_low,52206889.85,44.09847588,1.986758821,0.9983731919,4.117726735,govt_2y,0.00190279191,0.009836032553,0.9584970217,0.01109104064,108.489286,0.007817971266,0.04620387487,3.439375263e-06,optimal,CLARABEL,0,,False,8,0.6422963335,2.089789423,True,1.395428564,0.004463508709,0.002695328599,6.374858043e-05,3.439375263e-06,False,2.581950215e-10,0.01844925366,False,1.333931212e-11,0.6422963335,False,2.442784273e-12,0.04620387487,4.713872302e-11,3.332863728e-10,1.209169236e-10,1.811228041e-10,0.01136526692,0.6422963335,0.1099306406,0.004594228903,4.826895286e-10,2.926159788e-09,6.810202259e-10,0.231813525,2.86406319e-10
2015-01-30,rstr/A_high/spread_low,53106630.24,39.11398893,1.762193839,1.107038251,4.192695933,govt_2y,0.002166487331,0.01312108759,0.960756851,0.01882359798,109.3029859,0.009563299423,0.1067915601,1.572816521e-05,optimal,CLARABEL,0,,False,10,0.5978042535,2.230142935,True,1.53381079,0.00650740006,0.003577236189,0.000113288952,1.572816521e-05,False,8.868208498e-11,0.03043139365,False,5.476602916e-12,0.5978042535,False,1.163496442e-12,0.1067915601,1.966064704e-11,1.377406302e-10,6.42872972e-11,8.09498965e-11,5.467960033e-09,0.5978042535,0.1298549001,1.558706805e-09,2.345450377e-10,9.670814044e-10,2.335786429e-10,0.2723408373,2.972814093e-10
2015-02-27,rstr/A_high/spread_low,53290279.83,72.7300169,3.276689267,1.515482839,7.047293639,govt_2y,0.002398905105,0.01615759145,0.9852973605,0.04356917294,439.8067036,0.007666776018,0.2512423696,8.909666049e-05,optimal,CLARABEL,0,,False,8,0.665825039,2.033314672,True,1.448919446,0.003194398371,0.004275030719,0.00035854644,8.909666049e-05,True,0.001492111687,0.05999999458,False,1.530247382e-11,0.665825039,False,2.944306476e-12,0.2512423696,5.140619908e-11,2.562215801e-10,1.688235621e-10,3.76798185e-09,0.05118120902,0.665825039,0.08164812134,0.003387535991,3.261955968e-09,2.724868729e-09,7.776016105e-10,0.1979580829,7.366474849e-10
2015-03-31,rstr/A_high/spread_low,53278926.08,63.11261027,2.843398386,1.249915769,5.615716354,govt_2y,0.00250217212,0.01169303236,0.9855711981,0.03280521739,644.2130647,0.007361863749,0.06034431574,3.296900477e-05,optimal,CLARABEL,0,,False,9,0.6852057108,1.929678231,True,1.447024898,0.002207745109,0.003420516528,0.0003911876417,3.296900477e-05,False,2.443658094e-10,0.01492327175,False,2.074241735e-11,0.6852057108,False,3.366702179e-12,0.06034431574,4.502098036e-11,3.71799861e-10,1.079080537e-10,5.643057697e-10,0.05162452684,0.6852057108,0.05602033563,7.369794585e-09,4.377261174e-09,4.199242779e-09,1.496653931e-09,0.2071494073,9.144556359e-10
2015-04-30,rstr/A_high/spread_low,53119274.43,52.07177416,2.345978054,1.130632862,5.512761308,govt_2y,0.002390950342,0.01229523784,0.9954499324,0.03713433759,2081.132707,0.007621233696,0.1459395143,6.027495242e-05,optimal,CLARABEL,0,,False,9,0.6158527488,2.26108936,True,1.569587276,0.002636068626,0.003024495431,0.0006514682027,6.027495242e-05,True,0.001518754192,0.05999999582,False,1.064981661e-11,0.6158527488,False,2.207647244e-12,0.1459395143,3.473765681e-11,3.423313022e-10,8.935279801e-11,3.30639976e-10,0.1162529146,0.6158527488,0.05151031726,6.814654032e-09,3.222255401e-09,2.973548088e-09,7.712779986e-10,0.2163840003,4.442005681e-09
2015-05-29,rstr/A_high/spread_low,53101998.72,76.18719576,3.432444777,1.20164677,5.926189725,govt_2y,0.002403890154,0.008586751573,0.9946861717,0.008032720103,790.6411022,0.005929812324,0.1933481131,5.647133792e-05,optimal,CLARABEL,0,,False,9,0.6349295018,2.16691924,True,1.604489425,0.0002750329024,0.002678945543,0.0006515188937,5.647133792e-05,False,8.349853756e-10,0.04518418931,False,1.911296976e-11,0.6349295018,False,4.027083092e-12,0.1933481131,7.269822417e-11,6.24017374e-10,4.401804811e-10,4.757165145e-10,0.1683115315,0.6349295018,8.679229464e-10,0.02536106146,2.776723282e-09,2.105364941e-09,3.231202214e-09,0.1713978934,1.217372482e-09
2015-06-30,rstr/A_high/spread_low,52757968.95,27.71298024,1.248546732,0.7239078795,2.854251658,govt_2y,0.002435609881,0.007799624402,0.9866055719,0.01305077871,620.1687391,0.007153249255,0.1225877674,1.132579325e-05,optimal,CLARABEL,0,,False,9,0.5781770906,2.406460937,True,1.683727527,0.002494793468,0.00141804479,2.596650174e-05,1.132579325e-05,False,1.881794333e-10,0.04940471134,False,5.862289692e-12,0.5781770906,False,1.322767635e-12,0.1225877674,2.571376105e-11,3.409550802e-10,1.673247609e-10,1.729359531e-10,0.1662920185,0.5781770906,1.312221102e-09,0.02539798774,1.045095163e-09,1.358020476e-09,7.756394083e-10,0.2301328886,9.395358481e-09
2015-07-31,rstr/A_high/spread_low,53259859.54,35.08066242,1.580481278,0.9322069432,0.7912130373,govt_2y,0.002377623905,0.006573926045,0.9883269343,0.01538659551,1179.985931,0.005718997237,0.2300757005,5.840623377e-05,optimal,CLARABEL,0,,False,9,0.6526921511,2.111703972,True,1.537090357,0.002944370329,0.001147380749,0.000276415513,5.840623377e-05,True,0.0003710528082,0.05999999257,False,5.505605925e-12,0.6526921511,False,1.080891254e-12,0.2300757005,2.499340932e-11,2.030572983e-10,1.325487126e-10,1.286300265e-10,0.1055712853,0.6526921511,1.410066542e-10,0.06094915605,3.805689738e-10,3.686253006e-09,8.538152974e-10,0.1807873993,2.675936229e-09
2015-08-31,rstr/A_high/spread_low,52643965.87,50.14659308,2.259243299,1.402572459,1.147453213,govt_2y,0.002369090478,0.01034292025,0.9891213492,0.02717301204,902.9667609,0.005345309891,0.1703096941,0.00017332882,optimal,CLARABEL,0,,False,8,0.6631142759,2.126872287,True,1.563748201,0.003742735192,0.001432805398,0.0006169803354,0.00017332882,False,0.0002950881887,0.05999994092,False,2.525435977e-11,0.6631142759,False,4.653825101e-12,0.1703096941,7.313529633e-11,5.949295301e-10,3.355783339e-10,3.748519712e-10,0.09388754372,0.6631142759,1.036464306e-09,0.09872331052,1.713927778e-09,0.04489176335,2.850398228e-09,0.09938309694,2.635079063e-09
2015-09-30,rstr/A_high/spread_low,52810106.18,91.16402794,4.107192664,2.215496664,2.225882154,govt_2y,0.002392079683,0.009256990857,0.974347651,0.04660287206,825.9978052,0.004879438868,0.3622121935,0.0002409446766,optimal,CLARABEL,0,,False,9,0.6280214109,2.217856773,True,1.682410261,0.004703075357,0.002170517382,0.001548376902,0.0002409446766,False,0.00117401955,0.05999997765,False,2.868592926e-11,0.6280214109,False,6.573878155e-12,0.3622121935,2.115293205e-10,1.154192869e-09,1.008524518e-09,5.10271106e-10,6.755758678e-09,0.6280214109,1.563577267e-10,0.1379365052,1.903022886e-09,0.1879453869,1.095551269e-08,0.04609667162,2.854789832e-09
2015-10-30,rstr/A_high/spread_low,52939090.56,120.0972743,5.410715777,3.071303029,3.280360498,govt_2y,0.002319384601,0.009990220162,0.9684084687,0.0542674863,672.605372,0.005209532812,0.1977302345,6.381672223e-05,optimal,CLARABEL,0,,False,8,0.5753311622,2.582922753,True,1.786328013,0.006387882185,0.003259347806,0.004765823096,6.381672223e-05,True,0.007717022649,0.0599999965,False,3.907769922e-11,0.5753311622,False,9.432089633e-12,0.1977302345,4.417430403e-10,1.37360859e-09,3.921937005e-09,9.391393424e-10,4.96446116e-09,0.5753311622,2.312227369e-10,0.1750811865,8.422727494e-09,0.139257,0.05832780728,0.05200282302,6.382179566e-10
2015-11-30,rstr/A_high/spread_low,52824401.63,52.49784434,2.365173699,1.509297166,1.010237365,govt_2y,0.002348519617,0.008687397406,0.9745067372,0.0271281432,549.3046774,0.0042571281,0.3719793098,0.0001177018424,optimal,CLARABEL,0,,False,8,0.6687965251,2.005381558,True,1.598770625,0.0037630511,0.0009514257647,0.0005157906308,0.0001177018424,True,0.0008865107337,0.05999998622,False,1.464822774e-11,0.6687965251,False,2.981205089e-12,0.3719793098,1.047124771e-10,6.061343697e-10,2.501840345e-10,3.253209596e-10,0.04368076525,0.6687965251,7.602545421e-10,0.213080174,1.024651225e-09,0.01184976491,9.805021147e-08,0.06259266866,9.903843952e-10
2015-12-31,rstr/A_high/spread_low,52687092.8,61.07106017,2.751420884,1.682830863,0.941639312,govt_2y,0.002249800981,0.009600732448,0.9928329225,0.03102950023,1813.04969,0.004875210855,0.2430027417,6.108404297e-05,optimal,CLARABEL,0,,False,8,0.5669968073,2.518494607,True,1.795542503,0.003990685843,0.001451517469,0.0009980477905,6.108404297e-05,True,0.001884593016,0.05999999896,False,4.189708599e-12,0.5669968073,False,1.033277527e-12,0.2430027417,2.203204003e-11,1.813343114e-10,8.515011808e-11,4.998019351e-11,0.03678415258,0.5669968073,1.563875845e-10,0.2523654854,2.768180385e-10,1.193389048e-09,0.06220876435,0.0816447882,2.303660619e-10
2016-01-29,rstr/A_high/spread_low,53014340.66,101.8317577,4.587803518,2.296024015,2.011573455,govt_2y,0.002361415259,0.009798845689,0.9869943692,0.02740531853,849.5982458,0.004653439134,0.2361810575,7.960056438e-05,optimal,CLARABEL,0,,False,8,0.596678506,2.225816149,True,1.727901533,0.004890360174,0.002205115366,0.002060222764,7.960056438e-05,True,0.003089556701,0.05999998535,False,4.364713198e-11,0.596678506,False,1.035601624e-11,0.2361810575,2.625245708e-10,1.323307763e-09,8.858106664e-10,1.272888375e-09,3.569952734e-08,0.596678506,4.069091941e-10,0.2969226213,5.397134184e-09,1.041148949e-08,0.05228258833,0.005994279468,0.04812194925
2016-02-29,rstr/A_high/spread_low,53209215.64,151.4758094,6.824405933,3.568560019,4.155116999,govt_2y,0.002407244006,0.01243327263,0.9836084353,0.02858293362,437.4376664,0.004315152434,0.1416797616,4.069814586e-05,optimal,CLARABEL,0,,False,9,0.614542832,2.025373378,True,1.721154519,0.007844476081,0.002820561448,0.003098951072,4.069814586e-05,True,0.003635942549,0.05999999057,False,3.384669665e-11,0.614542832,False,7.13663526e-12,0.1416797616,3.433992103e-10,2.554494465e-09,7.181582899e-10,2.254947545e-09,7.022738477e-09,0.614542832,1.422077457e-10,0.3386060837,8.737064751e-09,0.01074400676,2.675464651e-08,2.83991379e-09,0.03610702614
2016-03-31,rstr/A_high/spread_low,53509610.33,63.2053833,2.847578069,1.827345452,1.067312639,govt_2y,0.002461719998,0.01087969468,0.9608622565,0.03068331781,259.8260435,0.004199547538,0.1233383666,1.577952204e-05,optimal,CLARABEL,0,,False,9,0.6376118753,1.945406783,True,1.647962668,0.004368242907,0.001114702751,3.765652761e-06,1.577952204e-05,False,2.617479395e-10,0.01656083036,False,2.105172075e-11,0.6376118753,False,4.071617308e-12,0.1233383666,1.212870985e-10,6.608936738e-10,3.673589303e-10,0.0006871498576,7.013625892e-09,0.6376118753,6.397081749e-10,0.3258817586,2.198320384e-09,1.650256281e-09,1.838456142e-09,0.03581920109,6.007655196e-10
2016-04-29,rstr/A_high/spread_low,53499413.3,30.35115595,1.367403875,0.8134885689,3.55339115,govt_2y,0.002398135997,0.008454512184,0.9674086619,0.01088893402,182.7545228,0.005823618662,0.3712201458,8.198434392e-05,optimal,CLARABEL,0,,False,7,0.4923114834,2.897438527,True,1.920048542,0.002203930472,0.00102934532,0.0001100948681,8.198434392e-05,True,0.001287813264,0.05999999705,False,9.880877363e-12,0.4923114834,False,3.080380698e-12,0.3712201458,7.045125625e-11,3.12460958e-10,3.454344698e-10,0.01793409769,0.1095517828,0.4923114834,3.882223849e-09,0.2853967028,9.534608039e-10,4.393155657e-06,2.549755669e-09,0.09480153157,4.020073244e-10
2016-05-31,rstr/A_high/spread_low,53445803.02,70.63989941,3.182523669,0.9166876173,4.420166919,govt_2y,0.002339663376,0.005466439027,0.8813213068,0.03538544152,407.9777894,0.00598776343,0.3702530677,0.0002192543678,optimal,CLARABEL,0,,False,8,0.469809746,3.205385221,True,1.978885525,0.0003503454873,0.002532674276,0.0005140799622,0.0002192543678,False,0.0007099212904,0.05999996098,False,2.551582874e-11,0.469809746,False,8.306514231e-12,0.3702530677,1.55122436e-10,4.822406892e-10,8.046926843e-11,0.04850397595,1.06151301e-08,0.469809746,5.733266373e-10,0.2399025954,8.606377697e-08,0.1534359487,2.287376043e-09,0.08834763309,6.439497832e-10
2016-06-30,rstr/A_high/spread_low,54364179.61,55.59191533,2.504570191,0.6688930289,3.241232292,govt_2y,0.002573841927,0.004661786457,0.9487377946,0.02448932336,867.7167621,0.006419486487,0.1298093527,9.980129705e-05,optimal,CLARABEL,0,,False,8,0.4824094027,3.128509018,True,1.94144759,0.0003540991388,0.002290932088,0.0004107546247,9.980129705e-05,False,5.709907546e-10,0.05431321171,False,4.705432275e-12,0.4824094027,False,1.302347364e-12,0.1298093527,9.073028251e-11,1.3286341e-10,0,0.02764722868,4.172781105e-09,0.4824094027,1.267495663e-10,0.1999301565,6.933066467e-08,0.190459847,2.11691271e-10,0.09955329089,1.989482366e-10
2016-07-29,rstr/A_high/spread_low,54708954.45,111.4829104,5.022614756,1.305469713,5.67340427,govt_2y,0.002587166152,0.006733836272,0.9587393528,0.02844595221,597.0893626,0.006271651044,0.07351337429,3.013337904e-05,optimal,CLARABEL,0,,False,7,0.4947243726,3.102101146,True,1.930592897,-0.0009080843223,0.004385024966,0.002283727939,3.013337904e-05,False,4.169990949e-10,0.006367166153,False,2.416885135e-11,0.4947243726,False,6.339820104e-12,0.07351337429,1.480746793e-09,1.778446163e-10,2.422823008e-10,0.02547777298,1.794779387e-08,0.4947243726,2.450259914e-10,0.1987713135,0.02105699892,0.1700804067,6.368547435e-10,0.08988911413,4.181693311e-10
2016-08-31,rstr/A_high/spread_low,54571755.37,136.3154147,6.141388043,1.788829134,8.06229642,govt_2y,0.002391096647,0.007054555757,0.8534366627,0.0467284313,265.8859652,0.005322654557,0.2870585563,0.0001582332989,optimal,CLARABEL,0,,False,7,0.5875067178,2.585774839,True,1.745647027,-0.001772246908,0.003861904511,0.002617444242,0.0001582332989,False,0.001014924081,0.05999997686,False,2.741605982e-11,0.5875067178,False,6.602304905e-12,0.2870585563,6.546111586e-11,5.482584768e-11,2.286444793e-10,0.05135168103,7.180872722e-09,0.5875067178,2.531514622e-09,0.153717375,0.04584415978,0.07226474346,4.956502286e-10,0.08931531068,1.715758157e-09
2016-09-30,rstr/A_high/spread_low,54676599.53,152.515011,6.871224853,2.124753125,8.275527826,govt_2y,0.002365077665,0.006366856747,0.8980241743,0.04819810052,472.538767,0.005836769798,0.2791899678,6.611602687e-05,optimal,CLARABEL,0,,False,7,0.5252698646,3.001232389,True,1.883398063,-0.002176189617,0.00519586335,0.003532063221,6.611602687e-05,False,0.000595726331,0.0599999663,False,2.044172966e-11,0.5252698646,False,5.643582882e-12,0.2791899678,2.064791596e-10,3.705781828e-11,1.084032158e-10,0.03352010786,2.589702019e-09,0.5252698646,3.17482428e-10,0.1115422542,0.07714605194,0.1805178106,3.567040719e-10,0.07200389916,8.091305402e-09
2016-10-31,rstr/A_high/spread_low,54254567.05,178.4556494,8.039922662,2.369313539,8.758268406,govt_2y,0.002344547672,0.004750349602,0.8431111837,0.05145794864,606.6168236,0.005942875349,0.359717876,7.619480382e-05,optimal,CLARABEL,0,,False,5,0.4893067722,3.337000951,True,1.971280887,-0.002856518198,0.006302655119,0.005173854323,7.619480382e-05,False,0.001733000912,0.0599999846,False,2.355552782e-11,0.4893067722,False,7.35911319e-12,0.359717876,4.781842105e-10,0,5.569395147e-11,0.02649084186,0.04570696608,0.4893067722,1.264795498e-10,0.1559357097,0.1607460985,0.07445627739,8.49645388e-10,0.04153810336,0.005819229355
2016-11-30,rstr/A_high/spread_low,53794814.93,68.90662787,3.104434972,0.7831510057,3.279921656,govt_2y,0.002873247458,0.002155709019,0.8045150975,0.01707824672,801.3936771,0.005901871974,0.4491158205,9.889972999e-05,optimal,CLARABEL,0,,False,8,0.5871623054,2.549304296,True,1.658235754,-0.0009236148053,0.002400162056,0.001571660411,9.889972999e-05,True,0.001276372923,0.05999998891,False,1.584358897e-11,0.5871623054,False,4.729703794e-12,0.4491158205,1.248653263e-09,1.304580225e-10,2.570634468e-10,3.915935775e-08,8.657957098e-10,0.5871623054,0,0.1082702032,0.05925119392,0.1556818799,1.755398484e-09,0.08963437254,1.630594545e-09
2016-12-30,rstr/A_high/spread_low,54020737.13,17.98699939,0.810364281,0.5631847893,1.073053316,govt_2y,0.002824398479,0.006266305227,0.9971103026,0.002549360228,865.3869491,0.008871995068,0.584020794,0.0001480641615,optimal,CLARABEL,0,,False,8,0.6790009057,1.996072442,True,1.466634178,0.002709610934,0.001415798029,2.987458856e-05,0.0001480641615,True,0.0005043137033,0.05999999639,False,2.840368046e-12,0.6790009057,False,6.441335391e-13,0.584020794,1.428153491e-10,3.48821529e-11,4.011185978e-11,1.326395291e-10,2.920934263e-10,0.6790009057,1.458223277e-10,0.06233915415,0.09170170232,0.0006881374316,7.67421775e-10,6.096019151e-10,0.1662700982
2017-01-31,rstr/A_high/spread_low,54063440.33,21.81645528,0.9828919049,0.8028931436,0.969979122,govt_2y,0.002741683471,0.007244289492,0.9981470904,0.003055945419,1209.842866,0.009272404259,0.35634294,6.564568325e-05,optimal,CLARABEL,0,,False,8,0.5666441165,2.602043043,True,1.699274126,0.002667226125,0.001875723864,9.446783777e-05,6.564568325e-05,True,0.0008159600893,0.05999999478,False,4.643356234e-12,0.5666441165,False,1.224565179e-12,0.35634294,8.514318049e-10,8.804935299e-11,5.500136744e-11,2.406978995e-10,4.333000589e-10,0.5666441165,1.933720279e-10,0.01699944429,0.185989266,0.08508094739,5.361972439e-10,2.219715741e-09,0.1452862211
2017-02-28,rstr/A_high/spread_low,54447918.52,51.98924557,2.342259912,1.224852544,1.611779921,govt_2y,0.002668850637,0.006799362703,0.988103303,0.01114457044,784.0038905,0.006432077821,0.3675848391,6.222418844e-05,optimal,CLARABEL,0,,False,9,0.6198945427,2.296531289,True,1.615385699,4.663194411e-05,0.002150879577,0.0009405930888,6.222418844e-05,False,3.494573567e-11,0.02977986849,False,2.5397579e-12,0.6198945427,False,5.949479821e-13,0.3675848391,2.251045544e-10,2.836487095e-11,2.201557108e-11,1.156407467e-09,1.638954057e-10,0.6198945427,9.379358455e-11,1.314835374e-09,0.1676518412,0.09050008237,9.452671772e-09,0.1219535208,4.510149972e-10
2017-03-31,rstr/A_high/spread_low,54455284.96,74.92280073,3.375480269,1.456731356,2.89945541,govt_2y,0.00267193761,0.006739825941,0.9582108153,0.01634688865,338.2758916,0.005619515905,0.2864835655,4.508387962e-05,optimal,CLARABEL,0,,False,8,0.7055650572,1.868141594,True,1.422555033,-0.0002570759927,0.002365984053,0.0006715650753,4.508387962e-05,False,5.301891737e-10,0.04888906437,False,3.484930027e-11,0.7055650572,False,6.005706637e-12,0.2864835655,7.429220957e-10,1.619996669e-10,5.041548222e-11,0.004778236803,1.990395821e-09,0.7055650572,7.958446039e-10,4.542972301e-09,0.04787683513,0.06645874483,2.616162248e-09,0.1753211146,5.000308251e-10
2017-04-28,rstr/A_high/spread_low,54665949.69,90.71149304,4.08680471,1.587149516,4.128079311,govt_2y,0.002595908408,0.005745154148,0.9484024129,0.02049047607,475.0040072,0.005453706358,0.1075858909,3.549533017e-05,optimal,CLARABEL,0,,False,8,0.6811602435,1.97238494,True,1.462118102,-0.001253735558,0.002698024049,0.001400449633,3.549533017e-05,False,2.279064666e-10,0.01335294138,False,2.248480153e-11,0.6811602435,False,3.789989573e-12,0.1075858909,3.185661653e-10,2.111045686e-11,1.238512752e-10,0.02124354621,1.414074077e-09,0.6811602435,2.150274642e-10,4.006623419e-09,0.01685932112,0.1024275449,2.03105733e-09,0.178309336,1.280494403e-10
2017-05-31,rstr/A_high/spread_low,54934816.15,109.3404265,4.926089904,1.73059662,5.236690844,govt_2y,0.002460389705,0.006193346379,0.9675697337,0.01887122274,593.0964171,0.005715641432,0.2394062752,3.431704049e-05,optimal,CLARABEL,0,,False,8,0.5840196167,2.515082095,True,1.600247326,-0.00108720178,0.003571993954,0.001951452478,3.431704049e-05,False,0.0005760669397,0.0599999911,False,1.120612963e-11,0.5840196167,False,2.648947625e-12,0.2394062752,9.53200991e-11,1.296496298e-10,0,0.02111331576,9.362176024e-10,0.5840196167,0,3.038777555e-09,0.07941840354,0.1605027955,9.147412886e-10,0.1549458631,2.911788267e-10
2017-06-30,rstr/A_high/spread_low,54985440.7,127.3219798,5.736208825,2.270090969,6.388408363,govt_2y,0.002352235593,0.006009173045,0.9643799424,0.01680201364,511.5268688,0.005958716733,0.1889908587,4.053795322e-05,optimal,CLARABEL,0,,False,8,0.5028014128,2.91827162,True,1.753866215,-0.001368825058,0.004520733062,0.001390269418,4.053795322e-05,False,8.151666123e-10,0.05225399875,False,1.949346818e-11,0.5028014128,False,5.354082309e-12,0.1889908587,1.588948442e-10,7.954618585e-10,0,0.00635586616,2.40973595e-09,0.5028014128,0,5.457864436e-08,0.09614398343,0.2339672052,1.335725337e-09,0.1607314729,2.595283375e-10
2017-07-31,rstr/A_high/spread_low,55384016.05,111.2816254,5.013546305,2.108673476,5.886474069,govt_2y,0.002253981912,0.006029042918,0.9799287458,0.01202858068,640.5458328,0.005859799293,0.07265007198,8.696699105e-06,optimal,CLARABEL,0,,False,9,0.4806545814,2.967257166,True,1.77911748,-0.0009761128366,0.003821104741,0.0008481695997,8.696699105e-06,False,3.585409602e-10,0.01314048115,False,2.085539828e-11,0.4806545814,False,5.635648869e-12,0.07265007198,2.726266672e-10,1.98775983e-09,7.823365628e-11,1.436725826e-09,1.543115056e-09,0.4806545814,2.880659012e-12,2.879241089e-08,0.0937552768,0.2703677203,7.377879559e-10,0.1552223841,2.499246367e-09
2017-08-31,rstr/A_high/spread_low,55570790.06,153.0111989,6.893579496,2.934192352,7.228221894,govt_2y,0.002078237676,0.006050128575,0.9624940179,0.01493649124,426.4490424,0.005353228964,0.1787541519,2.446754863e-05,optimal,CLARABEL,0,,False,8,0.522514602,2.698112602,True,1.682762216,-0.002275839443,0.004384851161,0.001321637385,2.446754863e-05,False,5.919523839e-10,0.03121734518,False,2.57111908e-11,0.522514602,False,6.8170731e-12,0.1787541519,3.302993665e-09,1.045905527e-09,5.773141757e-10,2.558477138e-09,2.310668817e-09,0.522514602,1.882364599e-11,0.02249758136,0.02166697075,0.2537338122,1.588985056e-09,0.1795870216,6.923323501e-10
2017-09-29,rstr/A_high/spread_low,55706449.58,163.5687723,7.3692275,2.844961664,8.052417528,govt_2y,0.002084683005,0.005613004438,0.933315945,0.02173733934,411.6683015,0.005299967125,0.07993891335,1.104034749e-05,optimal,CLARABEL,0,,False,7,0.5043277299,2.901459611,True,1.702215632,-0.00249496804,0.004594589815,0.002064440523,1.104034749e-05,False,1.110001989e-10,0.0116657536,False,6.251182546e-12,0.5043277299,False,1.616159663e-12,0.07993891335,4.646293763e-10,1.34210082e-10,2.085504703e-10,0.003089458131,1.00308328e-09,0.5043277299,3.530100677e-11,0.03076628935,0.05009326155,0.2381431474,5.913964137e-10,0.173580111,3.146880329e-10
2017-10-31,rstr/A_high/spread_low,55939651.43,176.1886291,7.937787099,3.325481992,8.180672517,govt_2y,0.002005302975,0.006590630034,0.9523395768,0.01640425325,312.2094138,0.005051157649,0.2439443466,3.352331923e-05,optimal,CLARABEL,0,,False,8,0.5229960084,2.779037657,True,1.696125176,-0.002708094818,0.004495310792,0.001779800615,3.352331923e-05,False,3.349942132e-10,0.04245733636,False,8.918610435e-12,0.5229960084,False,2.657478748e-12,0.2439443466,1.820801477e-09,4.918946626e-10,6.853639539e-11,1.485239552e-09,5.668903729e-10,0.5229960084,0,1.451606314e-08,0.0813644311,0.2646094389,6.122268817e-10,0.08885170973,0.04217839228
2017-11-30,rstr/A_high/spread_low,56152053.88,184.0250663,8.290840361,3.513106515,7.974226236,govt_2y,0.001955484588,0.006533868688,0.9629596724,0.01619732988,401.3960307,0.00509136398,0.2477063265,3.594986744e-05,optimal,CLARABEL,0,,False,8,0.5201171025,2.677172012,True,1.766693503,-0.002920342423,0.004770295409,0.001822893494,3.594986744e-05,False,9.509299972e-10,0.03907327729,False,2.970814267e-11,0.5201171025,False,8.170212594e-12,0.2477063265,0.008081481718,8.854705706e-10,3.557151777e-10,1.505224527e-09,3.217306987e-09,0.5201171025,0,0.02801002667,3.305194203e-08,0.2647992369,3.237907908e-09,0.1789921081,1.887444564e-09
2017-12-29,rstr/A_high/spread_low,56458953.99,201.7008215,9.087182229,3.902433677,8.676298545,govt_2y,0.001923651396,0.006515839705,0.9618005977,0.01413358345,341.709239,0.00480157067,0.1174515827,1.876025916e-05,optimal,CLARABEL,0,,False,8,0.5040654801,2.887860966,True,1.871070744,-0.003224059869,0.004650228758,0.00174358271,1.876025916e-05,False,0.0008943750484,0.05999997232,False,2.166271686e-11,0.5040654801,False,5.75029005e-12,0.1174515827,0.008761219011,4.952900264e-10,6.631088415e-12,2.554115711e-09,5.296844033e-09,0.5040654801,8.03410051e-11,0.07041251599,2.287215428e-08,0.2209423593,2.262028098e-09,0.1958183916,4.151509007e-10
2018-01-31,rstr/A_high/spread_low,56678670.74,229.4650163,10.33803632,4.368520859,9.517435933,govt_2y,0.001899761567,0.006571587132,0.9618030985,0.008515371715,202.4119582,0.004223606548,0.1774272823,1.912440529e-05,optimal,CLARABEL,0,,False,8,0.5760179048,2.526100456,True,1.709457548,-0.004640676402,0.004093392526,0.001980152843,1.912440529e-05,False,0.0004390364011,0.0599999384,False,4.868677561e-11,0.5760179048,False,1.65732888e-11,0.1774272823,0.01413847991,1.948495146e-09,1.471841501e-10,1.161723524e-09,2.78622427e-09,0.5760179048,2.363709318e-12,0.07601314848,3.604355377e-08,0.2013476039,5.048638365e-09,0.1324828139,1.935248904e-09
2018-02-28,rstr/A_high/spread_low,55987543.84,254.5487565,11.46812849,5.247089672,10.71828992,govt_2y,0.001939655923,0.01009466439,0.955228787,0.06441438913,555.4683605,0.005199265992,0.226043972,5.585394155e-05,optimal,CLARABEL,0,,False,7,0.5281291079,2.943651699,True,1.805394691,-0.006879983673,0.006881055369,0.005581797608,5.585394155e-05,True,0.008362015695,0.05999999584,False,3.25726199e-11,0.5281291079,False,8.88530751e-12,0.226043972,0.02964567672,2.661024903e-10,1.518465399e-09,1.415418596e-09,0.05664787083,0.5281291079,0,0.1170760434,1.316174818e-09,0.1932109421,1.894102542e-08,0.0752903318,3.839319116e-09
2018-03-29,rstr/A_high/spread_low,56053034.39,123.9425919,5.583958013,2.889533358,4.923879964,govt_2y,0.001872469933,0.007176316099,0.9635722144,0.04029440655,841.4312581,0.004342800481,0.408628129,0.0001384957776,optimal,CLARABEL,0,,False,7,0.606891481,2.446107444,True,1.643093269,-0.003739117544,0.002337546875,0.002752905751,0.0001384957776,True,0.002784030104,0.05999999419,False,1.655165741e-11,0.606891481,False,4.101302477e-12,0.408628129,0.03059569026,3.515972232e-10,9.084060278e-09,2.841407379e-09,1.09100165e-08,0.606891481,4.207146865e-10,0.1582314801,1.379214031e-09,0.04795711705,0.07952320475,0.07680100146,3.692299085e-10
2018-04-30,rstr/A_high/spread_low,55786665.62,131.9543222,5.944908714,2.707277018,5.248920548,govt_2y,0.001904754769,0.005343615521,0.9196028665,0.04626638853,807.6066545,0.004261391298,0.4076612085,0.0002800722426,optimal,CLARABEL,0,,False,7,0.6544162659,2.108117945,True,1.546563264,-0.003897154014,0.002396218681,0.002857229061,0.0002800722426,True,0.002175029046,0.05999998964,False,2.8190709e-11,0.6544162659,False,6.131322455e-12,0.4076612085,0.03172518358,1.073750373e-09,0.0370794865,7.777292436e-10,0.05957165927,0.6544162659,1.197644078e-09,0.1996433281,5.070213336e-09,2.216808606e-08,7.072431851e-09,4.648287878e-09,0.01756403467
2018-05-31,rstr/A_high/spread_low,55984320.05,75.46784867,3.400036192,1.973623247,2.492265811,govt_2y,0.002214322692,0.005500823235,0.9723293748,0.009697960148,451.734489,0.004132037174,0.2789263492,0.0001135474409,optimal,CLARABEL,0,,False,7,0.6851141855,1.990579979,True,1.570712402,-0.002637234843,0.001288517763,0.0007265188741,0.0001135474409,True,0.001118229662,0.05999998734,False,1.979426325e-11,0.6851141855,False,3.625869744e-12,0.2789263492,0.03938281271,1.948782039e-09,7.78713128e-10,1.302757268e-09,1.449007633e-09,0.6851141855,0.001845350402,0.1565062835,0.05249891236,1.034964785e-09,1.865036191e-09,1.091787335e-09,0.06465244606
2018-06-29,rstr/A_high/spread_low,55854616.62,97.40987887,4.388585597,2.175187181,3.384134472,govt_2y,0.002126331328,0.00561014971,0.9201644447,0.01191537289,189.9680699,0.004243202029,0.1920963246,2.578410588e-05,optimal,CLARABEL,0,,False,8,0.7362785499,1.769164116,True,1.453479602,-0.002130072678,0.001753841828,0.000783666681,2.578410588e-05,True,0.001310496618,0.05999999639,False,7.733571223e-12,0.7362785499,False,1.131565314e-12,0.1920963246,0.04176251375,1.289149861e-10,1.580644812e-11,3.369499008e-10,4.974656914e-10,0.7362785499,0.01785958306,0.1130323539,1.974912894e-09,3.144757214e-10,4.89274818e-10,1.759143948e-10,0.0910669955
2018-07-31,rstr/A_high/spread_low,55693505.14,57.66260546,2.597860532,1.573463858,1.865534088,govt_2y,0.002073645122,0.005360584662,0.9607825173,0.008903239241,309.9354357,0.005238288048,0.1200497033,1.893487748e-05,optimal,CLARABEL,0,,False,8,0.7167170267,1.856066789,True,1.507189058,-0.000287615919,0.001582242385,0.0001922661357,1.893487748e-05,True,0.001200205727,0.05999998919,False,1.828602767e-11,0.7167170267,False,2.760002072e-12,0.1200497033,0.04294139686,3.759165668e-10,9.120548337e-12,3.548293401e-10,1.120773188e-09,0.7167170267,0.03970119132,0.07255338959,2.482185396e-09,7.062447029e-10,1.597710017e-09,9.996553233e-10,0.1280869879
2018-08-31,rstr/A_high/spread_low,56094941.74,41.93197193,1.889151801,1.392274007,1.304865056,govt_2y,0.001976026413,0.005981661734,0.9928353503,0.004505362938,678.3851807,0.005985339929,0.1264467433,2.771539338e-05,optimal,CLARABEL,0,,False,7,0.7369278183,1.743276269,True,1.472517838,0.0005444376298,0.001502183293,0.0001412240574,2.771539338e-05,True,0.0005040022571,0.05999998581,False,1.169488888e-11,0.7369278183,False,1.644626041e-12,0.1264467433,0.02797756471,3.8417136e-10,5.275516764e-11,1.244006086e-10,1.032955945e-09,0.7369278183,0.03210193455,0.03195015592,9.045648104e-09,1.451193131e-09,7.826301854e-10,0.004564254308,0.1664782593
2018-09-28,rstr/A_high/spread_low,55672224.35,75.92450567,3.420609859,1.801406456,2.836492381,govt_2y,0.002002944226,0.006350850254,0.9890015022,0.006410612499,558.8869186,0.004797239383,0.1376187355,2.155810049e-05,optimal,CLARABEL,0,,False,6,0.739511207,1.773614883,True,1.479962449,-0.0004897149095,0.001747289044,0.000688514642,2.155810049e-05,False,1.199522389e-10,0.02342367962,False,1.141852734e-11,0.739511207,False,1.598236579e-12,0.1376187355,0.01828928533,1.910296051e-10,1.549816241e-11,1.496620888e-10,6.082672348e-09,0.739511207,0.02781411837,0.0477857288,0.02837760936,7.66351053e-10,8.957211987e-10,0.0291493029,0.1090727401
2018-10-31,rstr/A_high/spread_low,54662607.98,32.54687079,1.466326927,1.140627773,0.9857533484,govt_2y,0.002015752218,0.006382197387,0.9686794048,0.007022863195,215.0925599,0.005825216944,0.395821589,0.0001796088193,optimal,CLARABEL,0,,False,9,0.8126727838,1.472207198,True,1.477456522,0.0009577492011,0.001104417928,4.879433673e-06,0.0001796088193,True,0.0005894035431,0.05999999494,False,7.416238464e-12,0.8126727838,False,8.662528217e-13,0.395821589,0.05949153129,1.15122528e-10,5.438159209e-12,1.092353253e-10,6.101049031e-10,0.8126727838,1.220354534e-09,0.004315245076,1.511231687e-09,9.87368581e-10,5.003603782e-10,0.1235204339,8.57390028e-10
2018-11-30,rstr/A_high/spread_low,54653491.63,103.392289,4.658109787,1.55246278,5.493707277,govt_2y,0.002081769434,0.004235821396,0.7839486005,0.03052788044,339.5772596,0.002267188623,0.3045914893,0.000184922267,optimal,CLARABEL,0,,False,7,0.9447925329,1.118966505,True,1.096428245,0.003097193755,0.0005314512801,0.002257932843,0.000184922267,False,0.000331332241,0.05999999093,False,6.989368945e-11,0.9447925329,False,2.282830676e-12,0.3045914893,0.02925296909,1.750244229e-09,3.081574049e-10,9.479860168e-11,6.822273986e-09,0.9447925329,2.047820099e-10,0.008519040022,0.007600426233,0.00223147991,2.620829456e-08,1.024871416e-08,0.007603506191
2018-12-31,rstr/A_high/spread_low,54851558.88,83.02797296,3.74064079,1.355143299,3.017560529,govt_2y,0.002274920808,0.003681072991,0.8884450315,0.00931885469,251.1175488,0.002182810299,0.08074267719,9.366679801e-05,optimal,CLARABEL,0,,False,10,0.9456634058,1.115328356,True,0.988529617,0.002890269413,0.0003956001283,0.001200374645,9.366679801e-05,False,5.135587773e-10,0.03860110507,False,1.463419924e-10,0.9456634058,False,4.143540487e-12,0.08074267719,1.028602964e-09,1.775201025e-09,6.481999138e-10,8.901957508e-10,3.241000065e-09,0.9456634058,2.335811282e-10,2.193003745e-08,0.04767974332,6.658079072e-09,3.764281053e-09,1.37203249e-08,0.00665679696
2019-01-31,rstr/A_high/spread_low,55058041.42,123.3675529,5.558050907,2.411549884,4.395432414,govt_2y,0.002298578931,0.006647862003,0.9199820219,0.01451002981,164.3903142,0.002320694727,0.07595714296,1.422164915e-05,optimal,CLARABEL,0,,False,10,0.9556527412,1.093766773,True,1.004204345,0.004934632969,0.0006644112555,0.001626384728,1.422164915e-05,False,4.555070843e-10,0.02971691517,False,2.61842455e-10,0.9556527412,False,6.039948768e-12,0.07595714296,9.159254279e-10,3.562860303e-09,2.749519486e-09,6.436624087e-09,2.05101671e-08,0.9556527412,6.442169515e-10,0.02501938064,0.01932776706,1.113373512e-08,5.497686465e-08,4.139549748e-09,6.035304267e-09
2019-02-28,rstr/A_high/spread_low,54995050.19,23.57000819,1.061894334,0.6593260913,0.7764692558,govt_2y,0.002110045226,0.003121419652,0.8290483448,0.003455374149,87.24668045,0.003222597653,0.3026928754,7.080075782e-05,optimal,CLARABEL,0,,False,8,0.8042091156,1.516411537,True,1.250248489,0.001300609987,0.0002447777319,1.602708812e-05,7.080075782e-05,False,1.123109846e-10,0.05131363761,False,1.469519805e-11,0.8042091156,False,1.695645883e-12,0.3026928754,2.03944211e-10,2.552182962e-10,7.358970032e-10,0.01837534657,0.08376418761,0.8042091156,6.401888167e-10,0.0249177843,0.06873354787,1.289179618e-08,6.008960017e-10,2.434852463e-09,3.10974498e-10
2019-03-29,rstr/A_high/spread_low,55385133.2,36.36823868,1.638490164,0.4194555086,1.821599155,govt_2y,0.002308096422,0.002079538941,0.7230798219,0.008356864063,311.5343017,0.003921791246,0.2190366388,2.605676616e-05,optimal,CLARABEL,0,,False,8,0.7343864115,1.750814115,True,1.403359078,-0.0001865565853,0.0005593597519,8.928039378e-05,2.605676616e-05,False,8.564593281e-11,0.02123220288,False,1.136622622e-11,0.7343864115,False,1.695623999e-12,0.2190366388,3.158667588e-10,2.386572466e-10,1.430817461e-10,0.02781133587,0.04585528524,0.7343864115,2.751636183e-10,0.02337360151,0.1685733001,6.003978558e-09,7.65361135e-10,5.706736518e-08,9.488645915e-10
2019-04-30,rstr/A_high/spread_low,55413284.73,73.80919787,3.325309367,0.8775294943,3.728486612,govt_2y,0.002264558994,0.003068071023,0.8774435195,0.01032521101,366.70903,0.004359584759,0.3536337188,5.901313875e-05,optimal,CLARABEL,0,,False,7,0.6427228643,2.239788624,True,1.577228577,-0.0005345046183,0.001402816084,0.0003435230611,5.901313875e-05,False,2.599201233e-06,0.05999728531,False,1.888435445e-11,0.6427228643,False,4.099477298e-12,0.3536337188,8.606626675e-10,4.528142987e-10,1.734848682e-10,8.240072366e-10,0.1149037813,0.6427228643,2.449679979e-10,0.07984007008,0.111813188,0.02288483569,1.426777096e-09,0.02783525663,5.900742641e-11
2019-05-31,rstr/A_high/spread_low,55706521.39,62.70892466,2.825211228,0.7869247439,2.864000939,govt_2y,0.002605400742,0.002715821542,0.8287839271,0.008238949162,274.4221011,0.004286329391,0.4031454407,6.829031735e-05,optimal,CLARABEL,0,,False,8,0.7024020699,1.921965362,True,1.48050826,-0.0007350161763,0.001152127221,0.00022851585,6.829031735e-05,False,1.385266612e-10,0.02076735459,False,1.320567546e-11,0.7024020699,False,2.461290939e-12,0.4031454407,8.152319493e-10,4.692893029e-10,1.497931239e-10,3.691074239e-10,2.268033802e-08,0.7024020699,1.838700229e-10,0.1006870069,0.02578454242,0.112832589,1.037873929e-09,0.05829376595,1.03323742e-10
2019-06-28,rstr/A_high/spread_low,56326205.34,34.635708,1.560434845,0.6316548304,1.87628149,govt_2y,0.002750228601,0.005313285875,0.947657496,0.005492052787,146.7904841,0.005867022403,0.3258931755,6.028704468e-05,optimal,CLARABEL,0,,False,7,0.5527444006,2.807967241,True,1.983214359,0.001452753642,0.001192228674,1.276454352e-06,6.028704468e-05,False,1.822107224e-10,0.04363420313,False,1.013503201e-11,0.5527444006,False,2.833475245e-12,0.3258931755,5.502443628e-10,5.126360805e-10,1.485805394e-10,4.477191263e-10,0.1232302038,0.5527444006,9.685409738e-10,0.1139016783,0.02625283697,0.1411817679,1.269895959e-09,0.04268910823,3.044511996e-10
2019-07-31,rstr/A_high/spread_low,56222601.68,101.5983953,4.577289896,1.375869394,5.100407161,govt_2y,0.002715152263,0.004129285453,0.8343759306,0.01016099257,150.879826,0.005073066755,0.2768228063,4.762329755e-05,optimal,CLARABEL,0,,False,8,0.5945418053,2.390017757,True,2.072541528,-0.001233578358,0.002614736943,0.0005550092523,4.762329755e-05,False,5.255497625e-10,0.0237193798,False,2.722223875e-11,0.5945418053,False,6.460976248e-12,0.2768228063,2.477824471e-09,6.720306106e-10,2.107694133e-10,1.065062735e-09,2.325695762e-08,0.5945418053,1.089138399e-10,0.1394147165,0.01127205437,0.2077262873,1.402179385e-09,0.04704510712,1.354395625e-10
2019-08-30,rstr/A_high/spread_low,56981163.73,84.66406555,3.814351305,0.9940893714,4.500376761,govt_2y,0.003403878606,0.006541800428,0.9244210882,0.01036846266,128.1373363,0.005541573224,0.1565846481,1.664283514e-05,optimal,CLARABEL,0,,False,8,0.6466689644,2.164268316,True,1.960987883,-0.0006801947808,0.002599951651,0.0008807809664,1.664283514e-05,False,3.669783302e-10,0.02608232293,False,1.999209639e-11,0.6466689644,False,3.83317267e-12,0.1565846481,7.247503751e-10,2.988067006e-10,3.753763822e-11,1.767933676e-09,2.29837927e-08,0.6466689644,1.986338633e-10,0.1102580066,0.01117374223,0.1644205267,1.3822627e-09,0.06747873241,2.399384136e-10
2019-09-30,rstr/A_high/spread_low,56779148.04,113.9899333,5.135563099,1.361663506,5.986094624,govt_2y,0.003731620195,0.01046950672,0.9526733768,0.01625792304,123.4622387,0.005206845183,0.5208924753,0.0001016161696,optimal,CLARABEL,0,,False,7,0.6467670501,2.131100509,True,1.918976915,-0.002288733364,0.00309040807,0.001753100009,0.0001016161696,False,0.0002066203749,0.05999996946,False,1.72229951e-11,0.6467670501,False,4.113975312e-12,0.5208924753,8.390612443e-10,3.266901323e-10,1.498967884e-10,2.550993432e-08,0.05984930311,0.6467670501,6.839595181e-10,0.0335235819,0.2118289433,0.0340839113,1.645084071e-09,0.01394718073,3.738588691e-10
2019-10-31,rstr/A_high/spread_low,56798856.67,73.01120685,3.289357655,0.9074652334,4.113757375,govt_2y,0.003865833569,0.008429514275,0.961684436,0.01025601738,147.7154513,0.005259688852,0.1608321099,2.615863715e-05,optimal,CLARABEL,0,,False,7,0.6892482645,1.947197227,True,1.809718315,-0.0009278210497,0.002019805888,0.0007997471561,2.615863715e-05,False,6.297878351e-11,0.02510802049,False,3.208092186e-12,0.6892482645,False,5.422009125e-13,0.1608321099,1.010632134e-10,8.16799601e-11,4.465428404e-11,0.004508282725,0.04587412853,0.6892482645,1.158947523e-10,1.52495794e-08,0.1780661504,0.06641292771,1.490662536e-10,0.01589023026,8.971217429e-11
2019-11-29,rstr/A_high/spread_low,56743159.83,90.71443184,4.086937112,1.097999932,4.748869031,govt_2y,0.003633690182,0.0046388633,0.8420848924,0.01308449109,160.7892512,0.004865854372,0.2703859286,3.286703667e-05,optimal,CLARABEL,0,,False,8,0.7594192145,1.681610273,True,1.657525187,-0.002287350133,0.002147803763,0.001193676912,3.286703667e-05,False,2.431931633e-10,0.02033172391,False,1.467064957e-11,0.7594192145,False,2.312501611e-12,0.2703859286,6.758695886e-10,4.906219602e-10,1.133846057e-10,0.01127165141,1.089773782e-08,0.7594192145,2.040248803e-10,5.773741315e-09,0.08923909011,0.07503969135,3.753687209e-10,0.06503033394,1.869259599e-10
2019-12-31,rstr/A_high/spread_low,56928155.02,90.53711341,4.078948424,1.292867826,4.887886331,govt_2y,0.003328754354,0.005423455071,0.896785355,0.0135026125,180.3693947,0.005263537284,0.2167844809,2.329543252e-05,optimal,CLARABEL,0,,False,9,0.7412257153,1.718958622,True,1.698602495,-0.001853868422,0.002508314859,0.000979718988,2.329543252e-05,False,3.183084565e-10,0.004902850861,False,1.760318378e-11,0.7412257153,False,2.562470923e-12,0.2167844809,5.811559998e-10,4.27696505e-10,8.334144775e-11,4.592436087e-09,2.361638309e-09,0.7412257153,5.651110414e-10,5.481344727e-09,0.00886818608,0.1476117963,6.584932785e-10,0.1022942873,3.301346158e-10
2020-01-31,rstr/A_high/spread_low,57273451.81,109.5082559,4.933651083,1.58760708,5.289011269,govt_2y,0.003334514336,0.003529893013,0.6751936604,0.01173095348,133.0997859,0.004738447387,0.3266639057,5.30593099e-05,optimal,CLARABEL,0,,False,8,0.709420276,1.872624531,True,1.753283515,-0.003137624084,0.002458776126,0.0009619439121,5.30593099e-05,False,8.738309289e-10,0.01018604384,False,4.313367891e-11,0.709420276,False,7.52130946e-12,0.3266639057,7.169385615e-09,7.381814175e-10,3.381492114e-10,0.01958114896,2.51753041e-09,0.709420276,2.489702268e-10,8.898579138e-09,0.1524944319,0.06530040404,1.369000072e-09,0.05320371638,1.375439451e-09
2020-02-28,rstr/A_high/spread_low,57254165.91,106.206354,4.784891232,1.280845293,5.769489986,govt_2y,0.004158239903,0.006313657323,0.9224166978,0.01270862309,164.4285941,0.005096910682,0.1473884718,2.211995469e-05,optimal,CLARABEL,0,,False,8,0.7326233762,1.763278785,True,2.126985231,-0.00328708325,0.002759081608,0.0009590150206,2.211995469e-05,False,1.535952029e-09,0.00608906248,False,8.227703839e-11,0.7326233762,False,1.191991017e-11,0.1473884718,9.126650597e-10,1.271923583e-09,1.297838402e-09,0.06941114046,6.15027263e-09,0.7326233762,2.434315863e-10,3.41344577e-08,0.1568611831,0.02830345149,4.852179872e-09,0.01280079677,3.188103502e-09
2020-03-31,rstr/A_high/spread_low,56558365.92,65.93041704,2.970348408,0.6752350238,3.663027711,govt_2y,0.005109513644,0.01062468356,0.9808814853,0.02440414133,439.1122262,0.006750278086,0.3505616641,0.0008368196322,optimal,CLARABEL,0,,False,7,0.8224812835,1.456686926,True,1.54654311,-0.001245939096,0.003004202145,0.002063965334,0.0008368196322,False,0.0006844625917,0.05999996644,False,1.360736717e-10,0.8224812835,False,1.468443684e-11,0.3505616641,2.601085812e-09,6.776203932e-10,3.945612299e-09,0.03774155499,0.01540321113,0.8224812835,2.653786758e-10,0.08680373878,0.0262521527,6.260632303e-10,3.379076409e-09,0.01131804622,1.226299864e-09
2020-04-30,rstr/A_high/spread_low,56909535.57,85.70057132,3.861048769,2.326396087,1.916592757,govt_2y,0.004727286429,0.02073459179,0.9670294561,0.06635663764,183.0682647,0.004981350427,0.2161323988,0.0002131876235,optimal,CLARABEL,0,,False,10,0.9262070973,1.160421971,True,1.260279634,0.008705908276,0.0021265613,0.005313446095,0.0002131876235,False,8.738304336e-10,0.03472124453,False,1.744518756e-10,0.9262070973,False,7.440709482e-12,0.2161323988,6.835777694e-10,8.679098706e-10,6.322896685e-10,5.495764653e-09,5.239224521e-09,0.9262070973,1.732369262e-09,0.06111632116,1.154613125e-09,9.205496041e-09,1.217534396e-08,0.0126765421,2.285113677e-09
2020-05-29,rstr/A_high/spread_low,56999608.69,27.8570264,1.255036412,1.166242138,3.073749046,govt_2y,0.004383017864,0.01776793468,0.9875010971,0.02575286472,252.5974868,0.007452941866,0.3275693727,0.0001782094899,optimal,CLARABEL,0,,False,7,0.7618166067,1.652437675,True,1.539231452,0.003817035607,0.001547355929,8.605768087e-05,0.0001782094899,False,1.002503743e-09,0.04760992591,False,6.17925242e-11,0.7618166067,False,8.802025465e-12,0.3275693727,1.720261264e-10,7.337146443e-10,7.681666548e-10,0.07918888439,0.0008789871454,0.7618166067,0.009726679696,0.1351293009,1.100043709e-09,1.71324317e-09,4.135668055e-09,0.01325953181,7.134411514e-10
2020-06-30,rstr/A_high/spread_low,57162187.04,53.98435134,2.432144968,0.7998313904,3.891923578,govt_2y,0.004038143159,0.01168479052,0.9726101482,0.04900865299,511.0420141,0.006994445417,0.208220973,5.782821554e-05,optimal,CLARABEL,0,,False,9,0.675327827,1.938084677,True,1.657103179,0.001180942983,0.002641036833,0.0002406590786,5.782821554e-05,False,1.469125405e-09,0.05113217795,False,6.392614616e-11,0.675327827,False,1.162760911e-11,0.208220973,4.248064343e-10,2.099699872e-09,3.026903837e-09,0.07224621953,4.203739182e-08,0.675327827,4.622621332e-10,0.2330462783,2.981161182e-09,1.010895162e-09,4.070300071e-09,0.01937961825,7.860941188e-10
2020-07-31,rstr/A_high/spread_low,57769967.4,77.12019611,3.474479034,0.9690702486,4.91139219,govt_2y,0.003690095653,0.009569728277,0.9270607319,0.07253362998,433.4510347,0.006430219923,0.03100876445,1.063709253e-05,optimal,CLARABEL,0,,False,9,0.665341175,1.970193099,True,1.627347581,-0.0006240653324,0.003188744912,0.0004080924908,1.063709253e-05,False,8.898849902e-10,0.006789108773,False,3.78367567e-11,0.665341175,False,6.433131348e-12,0.03100876445,2.993743526e-10,8.373774418e-10,8.511750188e-09,0.06727413624,3.859777758e-09,0.665341175,6.807510954e-11,0.2446258566,8.307487931e-10,6.159939091e-10,2.410034522e-09,0.02275881443,2.786172414e-10
2020-08-31,rstr/A_high/spread_low,57799672.14,149.5185804,6.736227333,2.127543254,8.054831868,govt_2y,0.003441996165,0.01045982626,0.8567935409,0.1648101656,435.7781773,0.007101062149,0.2454359725,7.871646426e-05,optimal,CLARABEL,0,,False,8,0.5484252349,2.305382508,True,1.823342662,-0.003609664508,0.007539486925,0.002459229992,7.871646426e-05,False,0.0009326213794,0.05999999071,False,2.287982011e-11,0.5484252349,False,5.891911268e-12,0.2454359725,1.474039091e-10,1.706851932e-10,0.007865366923,0.06068112045,1.304721802e-09,0.5484252349,0,0.3586934824,7.735406131e-10,8.916727064e-11,1.741008541e-09,0.02433479099,1.264171709e-10
2020-09-30,rstr/A_high/spread_low,57620782.24,162.778261,7.333612769,2.38711285,8.47236371,govt_2y,0.003128672477,0.007225670185,0.6510864149,0.1666730173,426.2633495,0.00717806347,0.1939101342,5.060589434e-05,optimal,CLARABEL,0,,False,9,0.4610680953,2.439176091,True,1.96687753,-0.003727136701,0.008387084001,0.003061248551,5.060589434e-05,False,3.954562007e-09,0.04072946893,False,1.05118663e-10,0.4610680953,False,3.178123476e-11,0.1939101342,5.978396852e-10,1.624056642e-10,2.32177845e-09,0.0589088961,3.856676243e-09,0.4610680953,0,0.4383917108,1.76120899e-09,1.976006399e-10,2.583260848e-08,0.04163126312,0
2020-10-30,rstr/A_high/spread_low,57378697.82,129.9366612,5.854007483,1.848255323,7.235003214,govt_2y,0.002911811362,0.006741390899,0.8517563824,0.08007688654,493.747547,0.006623062573,0.1881994932,3.924248567e-05,optimal,CLARABEL,0,,False,9,0.5266824802,2.293923842,True,2.089003869,-0.002493593861,0.005699666167,0.001839001746,3.924248567e-05,False,7.272045421e-10,0.0450804298,False,2.21900951e-11,0.5266824802,False,5.806719639e-12,0.1881994932,2.985192577e-10,5.531134565e-11,6.467806564e-10,0.03367218905,1.281068107e-09,0.3941241341,0,0.5266824802,5.222689441e-10,2.584589872e-10,2.503496998e-09,0.04552119111,4.435851557e-12
2020-11-30,rstr/A_high/spread_low,57572716.91,103.1750974,4.648324702,1.54128841,6.039993103,govt_2y,0.002657192025,0.006138163929,0.8774033393,0.06383002088,566.1981443,0.006941315116,0.1677329692,5.628665516e-05,optimal,CLARABEL,0,,False,7,0.5168139212,2.572480873,True,2.13502157,-0.00153425363,0.004971167636,0.003277215143,5.628665516e-05,False,1.204587498e-09,0.02262153455,False,3.66658679e-11,0.5168139212,False,9.6751069e-12,0.1677329692,1.029009985e-09,5.189899025e-11,0.005572458496,0.02208041089,1.626762085e-09,0.3366591196,0,0.5168139212,3.289903765e-09,1.715422031e-09,0.07827446644,0.04059961309,2.485841105e-09
2020-12-31,rstr/A_high/spread_low,57829900.3,209.747161,9.449692168,3.627366842,10.29499657,govt_2y,0.002489805908,0.007160533314,0.90816203,0.06184511527,529.4607697,0.006726135082,0.3234047929,0.0001824442482,optimal,CLARABEL,0,,False,6,0.6302674777,2.149663013,True,2.313753955,-0.006209667517,0.009489148897,0.005855998454,0.0001824442482,False,0.003163753513,0.05999998641,False,1.280615357e-10,0.6302674777,False,2.854101261e-11,0.3234047929,0.0003426012455,0.006504315934,0.0208574455,4.257665631e-09,5.305054107e-09,0.2494719228,0,0.6302674777,3.094763853e-09,2.921958985e-09,0.0681307409,5.202693576e-09,0.0244254752
2021-01-29,rstr/A_high/spread_low,57764820.35,249.2830085,11.23089191,4.427837389,11.81286309,govt_2y,0.002415254066,0.008365207999,0.8839870169,0.1022237275,514.1269536,0.007422762952,0.3069177847,0.0002225002513,optimal,CLARABEL,0,,False,7,0.7493920681,1.713429336,True,2.543905267,-0.007011773523,0.01373484809,0.00715000921,0.0002225002513,False,0.001575008281,0.05999998321,False,1.230652128e-10,0.7493920681,False,1.923715665e-11,0.3069177847,0.007503195371,0.002569783467,2.153223439e-08,5.846661577e-09,1.475539562e-09,0.1212680193,0,0.7493920681,3.189036068e-09,1.177312969e-09,0.06844488543,8.142075977e-10,0.05082201429
2021-02-26,rstr/A_high/spread_low,57270165.92,264.7249998,11.92659651,5.031575673,12.23294484,govt_2y,0.002045227684,0.009905748766,0.8734663252,0.1097650044,362.9893777,0.006941244064,0.3701026542,0.0001268622791,optimal,CLARABEL,0,,False,6,0.6245454217,2.102207367,True,1.822880564,-0.007292997474,0.01275468058,0.01113362157,0.0001268622791,True,0.003385917635,0.05999999748,False,2.583534435e-11,0.6245454217,False,6.015563026e-12,0.3701026542,0.01740181425,5.129671089e-10,0.00429132425,2.256924445e-10,2.460886735e-10,0.2885303278,0,0.6245454217,0.005265088452,4.762428174e-10,0.01910161577,1.294495336e-10,0.04086440621
2021-03-31,rstr/A_high/spread_low,57050252.21,223.356436,10.06282781,5.401111166,8.989407446,govt_2y,0.00150502062,0.01291520612,0.9668322406,0.07638896807,540.0091956,0.006536770497,0.2691478669,8.996404241e-05,optimal,CLARABEL,0,,False,7,0.5024228252,2.617654639,True,1.52067973,-0.005991448873,0.009543879467,0.007859399885,8.996404241e-05,False,0.0003367282687,0.05999996271,False,3.318889557e-11,0.5024228252,False,9.595327532e-12,0.2691478669,0.02814634709,1.379571058e-09,6.319301165e-09,1.436213577e-10,5.836823717e-10,0.3510902918,1.287539357e-11,0.5024228252,0.02365448339,1.681814453e-09,0.06305611752,5.487167966e-10,0.03162992441
2021-04-30,rstr/A_high/spread_low,57485309.7,163.5009701,7.366172823,4.216428986,6.125635607,govt_2y,0.001448125324,0.01290144563,0.9829161098,0.05001097763,682.2666218,0.006093099466,0.3115818115,5.440995228e-05,optimal,CLARABEL,0,,False,7,0.4313839169,2.895854867,True,1.384402337,-0.004606659355,0.006070114305,0.005163138838,5.440995228e-05,False,0.000243564263,0.0599999356,False,3.945604123e-11,0.4313839169,False,1.335616023e-11,0.3115818115,0.03057096523,1.173783707e-09,1.450051638e-09,4.061832291e-10,7.578842434e-10,0.4313839169,8.670993952e-11,0.3805274166,8.138945768e-09,2.784304712e-09,0.1114593215,0.0252113746,0.02084699045
2021-05-28,rstr/A_high/spread_low,57746924.06,260.0650203,11.71665149,6.441622497,9.95087768,govt_2y,0.001333639191,0.01303499177,0.9764596311,0.02731795687,265.8166174,0.004514312625,0.3472306949,7.022204827e-05,optimal,CLARABEL,0,,False,8,0.5800663958,2.328929705,True,1.080922791,-0.006617857789,0.005299869853,0.006599465069,7.022204827e-05,False,3.470869956e-09,0.04293047673,False,1.196425704e-10,0.5800663958,False,3.070181991e-11,0.3472306949,0.02406094629,2.337877233e-09,7.169576699e-10,9.903758732e-10,2.840018433e-09,0.5800663958,3.521571881e-10,0.2954245606,5.331094095e-09,3.364047573e-09,0.05184511469,0.04860296362,3.102101158e-09
2021-06-30,rstr/A_high/spread_low,57757671.46,254.4777285,11.46492847,6.503652559,9.46322286,govt_2y,0.001477812205,0.01239154035,0.9686183312,0.02081917389,168.8231466,0.004134430349,0.07377534761,1.070652691e-05,optimal,CLARABEL,0,,False,8,0.6157727322,2.176650476,True,1.090725136,-0.007467354441,0.004349918694,0.005980494551,1.070652691e-05,False,3.881755813e-10,0.009939317174,False,2.725549736e-11,0.6157727322,False,5.501595595e-12,0.07377534761,0.02489672886,9.641094974e-10,1.78993327e-10,2.368047658e-10,9.158797595e-10,0.6157727322,2.741739832e-10,0.2756958397,1.742435289e-09,1.554954999e-09,0.03407118574,0.04956350711,5.177986013e-10
2021-07-30,rstr/A_high/spread_low,58126304.62,244.5364922,11.01704817,6.277871563,9.233572312,govt_2y,0.001457101995,0.01046985854,0.960424941,0.01977640669,178.8753984,0.004095498776,0.0662363903,7.997441695e-06,optimal,CLARABEL,0,,False,8,0.5970373114,2.204684739,True,1.15691698,-0.006991570124,0.004101637536,0.00564878292,7.997441695e-06,False,2.292707922e-10,0.01499236965,False,1.810543133e-11,0.5970373114,False,3.774176658e-12,0.0662363903,0.02505996634,3.538850238e-10,8.282934692e-11,9.625940327e-11,2.513265743e-09,0.5970373114,3.905480194e-10,0.3052141986,1.655330452e-09,8.738168803e-09,0.01762901964,0.05505948984,3.136263041e-10
2021-08-31,rstr/A_high/spread_low,58140021.23,252.6811441,11.38398736,6.205146718,10.02022912,govt_2y,0.001428334441,0.007951189164,0.8717028723,0.05935855269,300.7612902,0.005461486292,0.2435648718,3.248697274e-05,optimal,CLARABEL,0,,False,8,0.4820422992,2.865345972,True,1.404888046,-0.005440921172,0.007536930849,0.007017859951,3.248697274e-05,False,8.187157059e-10,0.03249898727,False,4.744424621e-11,0.4820422992,False,1.39995513e-11,0.2435648718,0.01769352162,1.85315588e-09,0,1.65336259e-10,1.078471885e-08,0.4820422992,1.343860919e-09,0.3147965642,2.619076225e-09,8.021684588e-09,0.09620985555,0.08925773466,0
2021-09-30,rstr/A_high/spread_low,57653638.94,239.9809234,10.81180714,5.718551195,9.549026506,govt_2y,0.001442837201,0.008302567532,0.8884969735,0.05256593096,278.5692827,0.004922014538,0.2083298788,2.464842973e-05,optimal,CLARABEL,0,,False,8,0.5795504133,2.420452938,True,1.217561626,-0.005243802065,0.005813832352,0.007461752283,2.464842973e-05,False,4.839384109e-10,0.03271727312,False,4.185329912e-11,0.5795504133,False,9.904865565e-12,0.2083298788,0.01393183061,4.669721502e-10,0,5.843980139e-10,1.379038337e-08,0.5795504133,1.161504231e-08,0.2543446899,4.825165539e-09,5.399458848e-09,0.05604281151,0.09613021797,0
2021-10-29,rstr/A_high/spread_low,57936318.31,127.1039744,5.726387075,3.192807762,3.640011581,govt_2y,0.001652755733,0.008182578347,0.9484508869,0.0413537772,473.0214399,0.005341640291,0.08247745603,2.781464637e-05,optimal,CLARABEL,0,,False,6,0.5673143788,2.534963528,True,1.371167546,-0.002813910015,0.003626673081,0.004460694165,2.781464637e-05,False,2.068954302e-10,0.02603780355,False,1.227320535e-11,0.5673143788,False,2.775914895e-12,0.08247745603,0.03425152546,3.312913285e-10,3.150948768e-11,1.913397655e-09,4.55396601e-09,0.5673143788,0.006254076667,0.2470458286,0.01529142905,6.579874108e-08,0.03550980715,0.09433288157,5.122235761e-11
2021-11-30,rstr/A_high/spread_low,57771516.8,140.9021429,6.348032888,3.633130536,4.774597758,govt_2y,0.002140875761,0.009282969598,0.9257440853,0.04712960984,294.202942,0.005962044185,0.279288618,6.019939953e-05,optimal,CLARABEL,0,,False,8,0.5881726853,2.519803797,True,1.616630116,-0.003855706275,0.005008503465,0.003985353251,6.019939953e-05,False,0.00147009319,0.05999999331,False,2.560022799e-11,0.5881726853,False,6.378167575e-12,0.279288618,0.02563623825,6.016831603e-10,6.948459402e-11,2.377826169e-09,2.22259197e-09,0.5881726853,2.357585762e-09,0.1360220846,1.725999284e-09,1.749840883e-09,0.1402123446,0.109956636,9.909180913e-11
2021-12-30,rstr/A_high/spread_low,58019785.58,85.49870111,3.851953956,2.325744327,3.230990304,govt_2y,0.002153502307,0.005989039118,0.8622088549,0.02190092267,183.0438169,0.00533945383,0.4346480904,8.266111228e-05,optimal,CLARABEL,0,,False,7,0.7665110172,1.65170611,True,1.170794516,-0.001905434081,0.002437548065,0.001339307258,8.266111228e-05,True,0.001422108126,0.05999999902,False,6.505535412e-12,0.7665110172,False,9.706875635e-13,0.4346480904,0.0142226622,5.703231073e-11,1.651397863e-11,1.764379863e-10,3.87935808e-10,0.7665110172,0.03109103534,0.02288166804,2.174906587e-10,1.837253406e-10,0.04699609762,0.1182975185,9.68585368e-12
2022-01-31,rstr/A_high/spread_low,57177167.4,96.57406373,4.350929803,2.70659387,3.483538719,govt_2y,0.002432421428,0.007331717654,0.8701601205,0.02865446863,168.8692785,0.00538357964,0.1079729791,2.848167016e-05,optimal,CLARABEL,0,,False,8,0.8152487839,1.478067316,True,1.194690849,-0.00335659177,0.002798999304,0.002339742583,2.848167016e-05,False,4.934732984e-11,0.0120193517,False,1.3240483e-11,0.8152487839,False,1.293475983e-12,0.1079729791,0.02464732198,1.423650006e-10,8.102303052e-12,3.13673592e-09,2.154924085e-09,0.8152487839,0.01922042785,2.931861876e-09,5.522226147e-10,5.23912779e-10,0.04777453775,0.09310891906,0
2022-02-28,rstr/A_high/spread_low,56908997.71,24.46992019,1.102437869,0.9571000025,1.203080333,govt_2y,0.003012855433,0.008319994304,0.9127888538,0.008353991463,55.65005402,0.006337906009,0.1851324088,0.0002645818217,optimal,CLARABEL,0,,False,9,0.842488497,1.386525519,True,1.454281554,0.001208209458,0.0009829335107,3.485073465e-06,0.0002645818217,True,0.01140095619,0.05999999982,False,1.012280563e-11,0.842488497,False,8.787973899e-13,0.1851324088,0.09217673768,2.324918357e-10,1.034279943e-10,1.132247932e-09,6.670674839e-10,0.842488497,0.0125486663,8.416708702e-10,4.999388267e-10,3.478524815e-10,6.795639453e-10,0.05278609444,5.96472774e-11
2022-03-31,rstr/A_high/spread_low,56738352.12,37.68971187,1.698026202,1.194713483,0.7630733372,govt_2y,0.004116554363,0.01231980936,0.9837396308,0.01125504668,176.8401611,0.008267995722,0.06631227577,4.218189567e-05,optimal,CLARABEL,0,,False,9,0.8640945794,1.322069292,True,1.490416704,0.0005272593933,0.002576459404,0.0002714973308,4.218189567e-05,False,1.855779499e-10,0.01224495084,False,8.00925589e-11,0.8640945794,False,5.635673e-12,0.06631227577,0.08589429285,1.168753148e-09,4.424399844e-10,0.001530237649,1.442164791e-08,0.8640945794,4.038291259e-09,7.855889996e-09,3.245775129e-09,1.16415275e-09,4.227401129e-09,0.04848085311,4.501795102e-10
2022-04-29,rstr/A_high/spread_low,56500322.18,39.23890694,1.767821743,1.547709539,0.9248350977,govt_2y,0.00447979441,0.01390695523,0.9783675688,0.01621957816,150.7369676,0.008780433429,0.03543329244,2.778127772e-05,optimal,CLARABEL,0,,False,9,0.8515871509,1.35872916,True,1.612065667,-7.108646528e-05,0.003025163209,0.0002911569058,2.778127772e-05,False,4.522044315e-11,0.004667381689,False,2.279511808e-11,0.8515871509,False,1.766297805e-12,0.03543329244,0.08480045396,7.560936624e-10,1.437915771e-10,0.003817013473,7.170669846e-10,0.8515871509,5.661265993e-10,8.299989863e-10,9.400633009e-10,4.246442023e-10,6.027591067e-10,0.05979537653,1.588541286e-10
2022-05-31,rstr/A_high/spread_low,57039413.13,54.1716042,2.440581229,1.027461523,4.124111024,govt_2y,0.004528070033,0.01596989358,0.9835972934,0.0211285838,195.8637059,0.007279474441,0.1319864265,4.395306649e-05,optimal,CLARABEL,0,,False,11,0.9151114277,1.183943368,True,1.521715792,0.005970831867,0.002870593834,0.001442179108,4.395306649e-05,False,2.746140761e-11,0.01444937808,False,2.5508998e-11,0.9151114277,False,1.165917201e-12,0.1319864265,0.08488856917,2.523287322e-10,2.107014328e-10,4.23330405e-10,2.11964157e-10,0.9151114277,6.953546345e-11,5.492780718e-10,2.704286271e-10,1.898134861e-10,4.611049669e-10,2.970617243e-10,2.193286943e-10
2022-06-30,rstr/A_high/spread_low,56345592.75,46.86176201,2.111252536,0.8849528635,3.702142295,govt_2y,0.005953569722,0.01605047826,0.9825586007,0.0205722527,177.6458987,0.008054325379,0.007368978035,9.025036487e-06,optimal,CLARABEL,0,,False,11,0.9168489361,1.179904709,True,1.615226618,0.006324837307,0.003040023597,0.001220579727,9.025036487e-06,False,1.262903951e-10,0.002408301347,False,1.313684183e-10,0.9168489361,False,6.48400381e-12,0.007368978035,0.08315105217,9.463564725e-10,1.041536189e-09,1.42693428e-09,7.354141986e-10,0.9168489361,2.047999127e-10,2.103170627e-09,1.462276291e-09,8.463670515e-10,9.751528464e-10,1.057558245e-09,9.044476583e-10
2022-07-29,rstr/A_high/spread_low,56455492.93,81.26674502,3.661292579,1.322435571,4.910135327,govt_2y,0.006006530021,0.01408827986,0.9735670549,0.01957680471,145.440405,0.006862506693,0.03939629629,2.422755072e-05,optimal,CLARABEL,0,,False,11,0.9383645028,1.130803588,True,1.390582406,0.008806287627,0.003827175936,0.005228876669,2.422755072e-05,False,2.126926662e-10,0.01232753294,False,2.628842166e-10,0.9383645028,False,8.277533826e-12,0.03939629629,0.06163547535,1.324605103e-09,2.50665501e-09,1.87516019e-09,1.160772405e-09,0.9383645028,3.286985482e-10,3.626155364e-09,2.930921372e-09,1.600257906e-09,3.528142055e-09,1.143458951e-09,1.797067484e-09
2022-08-31,rstr/A_high/spread_low,55846334.57,39.33978183,1.772366437,0.7883982849,2.647816416,govt_2y,0.005881998391,0.009715878319,0.9776769508,0.01895302893,349.8342047,0.006927948151,0.007274237274,2.184666953e-06,optimal,CLARABEL,0,,False,11,0.9351391284,1.138055048,True,1.352346442,0.005086674374,0.001888170485,0.001720715098,2.184666953e-06,False,1.12999001e-10,0.002171956861,False,1.681335787e-10,0.9351391284,False,5.4736698e-12,0.007274237274,0.06486083815,6.780809806e-10,1.36275845e-09,1.064962543e-09,1.339081965e-09,0.9351391284,2.54315424e-10,1.11879479e-08,3.408706042e-09,1.642152118e-09,2.544019326e-09,6.11335422e-09,3.900667699e-09
2022-09-30,rstr/A_high/spread_low,54787526.27,65.98628945,2.972865615,1.106923152,3.799087277,govt_2y,0.006317105234,0.01020668636,0.9809633358,0.009971965212,195.254286,0.006928528278,0.01284272841,5.57360815e-06,optimal,CLARABEL,0,,False,11,0.9450901945,1.115809214,True,1.274869434,0.007393269572,0.003167639103,0.004874471804,5.57360815e-06,False,6.786183612e-11,0.003722266049,False,1.199584791e-10,0.9450901945,False,3.32190231e-12,0.01284272841,0.05490977451,4.043376018e-10,1.322614143e-09,8.195164152e-10,4.667420977e-10,0.9450901945,1.296748562e-10,2.075131332e-09,1.864646726e-08,7.475711911e-10,9.733036289e-10,4.405853116e-09,9.654773051e-10
2022-10-31,rstr/A_high/spread_low,54788602.83,111.5294711,5.024712442,2.008807618,5.798215475,govt_2y,0.0064420269,0.01100403593,0.9377047482,0.01710643405,90.02633833,0.006654671591,0.04216291464,4.438307354e-05,optimal,CLARABEL,0,,False,10,0.9470533678,1.112917473,True,1.267140318,0.01255361898,0.004939044036,0.00861443784,4.438307354e-05,False,1.418061057e-10,0.01227762418,False,2.194699679e-10,0.9470533678,False,5.939746565e-12,0.04216291464,0.03713791423,4.216785832e-10,1.165318491e-09,8.650499868e-10,3.627183452e-10,0.9470533678,3.008607985e-11,1.56402027e-09,0.01580870886,8.045064084e-10,9.457027833e-10,2.339152774e-09,6.383503254e-10
2022-11-30,rstr/A_high/spread_low,55051835.86,88.9568096,4.007751348,1.574196913,4.864769848,govt_2y,0.006938511543,0.01431240866,0.9551594585,0.04649169814,199.1377377,0.008007414528,0.1136451077,6.815489472e-05,optimal,CLARABEL,0,,False,8,0.8902876925,1.255315923,True,1.287733476,0.009978332696,0.005703793868,0.01030193588,6.815489472e-05,False,1.556154703e-11,0.007597962115,False,1.362409012e-11,0.8902876925,False,8.054242437e-13,0.1136451077,0.04293276403,3.854031509e-11,4.348384712e-09,9.540568838e-11,7.934053078e-11,0.8902876925,1.323975511e-11,4.261936553e-09,0.03751268959,2.450241609e-10,0.02730904896,0.001957795752,1.211927273e-10
2022-12-30,rstr/A_high/spread_low,54762075.98,32.9151087,1.482917068,0.6446570725,1.994419986,govt_2y,0.006880551974,0.009193309689,0.942246842,0.02066827656,167.7015091,0.007455222788,0.08497316754,8.271618366e-05,optimal,CLARABEL,0,,False,9,0.9252670961,1.163818862,True,1.210055444,0.003561299418,0.001829433157,0.001178393802,8.271618366e-05,False,3.840488119e-11,0.005714797127,False,4.79237843e-11,0.9252670961,False,1.873020925e-12,0.08497316754,0.05163258503,4.76091579e-10,1.391235537e-09,4.08583237e-10,2.103578769e-10,0.9252670961,3.392359066e-11,7.176143642e-10,0.02125340277,3.175041939e-10,2.970006426e-10,0.001846911498,7.459093588e-10
2023-01-31,rstr/A_high/spread_low,54985565.54,51.15634007,2.304735206,0.8893030339,2.769477294,govt_2y,0.006573388854,0.008005499832,0.9239734781,0.02567966169,210.719553,0.006955848317,0.05006167366,4.935912256e-05,optimal,CLARABEL,0,,False,9,0.9459279244,1.114739165,True,1.188477004,0.005325080204,0.002475139447,0.003422847263,4.935912256e-05,False,1.122266983e-10,0.002789074575,False,2.001834092e-10,0.9459279244,False,5.582876901e-12,0.05006167366,0.0476460297,1.141956775e-09,0.003666416442,1.697709079e-09,7.381181409e-10,0.9459279244,8.375505339e-11,2.916202741e-09,0.002759617851,8.615740646e-10,1.745584092e-09,1.157975752e-09,1.243619797e-09
2023-02-28,rstr/A_high/spread_low,54200834.06,12.11620915,0.5458688746,0.4765203097,0.6048116037,govt_2y,0.006579942332,0.006260493483,0.9214394517,0.008180158942,106.3579713,0.01118070125,0.3535286642,0.0001784113358,optimal,CLARABEL,0,,False,9,0.777257764,1.599843765,True,1.573505892,0.001453298064,0.001514624047,2.591884697e-05,0.0001784113358,False,1.849027558e-11,0.02200359618,False,7.622864926e-12,0.777257764,False,1.034698482e-12,0.3535286642,0.04600293356,0.04839000355,1.806431773e-09,0.1283492944,1.954170986e-10,0.777257764,2.056030258e-11,4.528762306e-10,8.230612685e-10,3.163697211e-10,1.674874043e-10,4.548313615e-10,2.401924739e-10
2023-03-31,rstr/A_high/spread_low,55299523.04,35.03647014,1.578490293,0.5633235409,1.676335402,govt_2y,0.008898932917,0.00768032172,0.9233004052,0.02364927101,209.0621384,0.008995925845,0.2997106632,0.0001158199681,optimal,CLARABEL,0,,False,10,0.9212734402,1.173841514,True,1.799215888,0.00337244218,0.002835385271,0.001656652359,0.0001158199681,False,1.244139976e-10,0.01886484411,False,1.207003034e-10,0.9212734402,False,5.590331461e-12,0.2997106632,0.04484418616,0.03388226439,2.030305135e-08,7.863695244e-10,5.120373204e-10,0.9212734402,8.148599587e-11,1.614151373e-09,1.475895489e-08,8.615866834e-10,8.264229714e-10,4.427318614e-09,6.50711495e-08
2023-04-28,rstr/A_high/spread_low,55427376.2,23.87281084,1.075536435,0.5320829235,1.078075497,govt_2y,0.008651361036,0.006416235644,0.8582555255,0.01315942652,93.35152757,0.008835140602,0.04124918183,5.678806499e-05,optimal,CLARABEL,0,,False,9,0.9270112375,1.161000912,True,1.796650796,0.003066363836,0.001863504678,0.0001012879282,5.678806499e-05,False,1.089398069e-10,0.01843170875,False,6.961508542e-11,0.9270112375,False,2.596212579e-12,0.04124918183,0.02355959867,0.03469597003,6.949052893e-10,0.01473318698,3.187486701e-10,0.9270112375,1.766711351e-11,9.083482538e-10,1.475097138e-09,4.977713886e-10,3.099587383e-10,1.931597913e-09,6.794518485e-10
2023-05-31,rstr/A_high/spread_low,54828407.1,23.15630313,1.043255772,0.5354836221,1.023655422,govt_2y,0.00852612705,0.006527015895,0.7748499692,0.0115734746,52.29466818,0.009037044011,0.1229065104,5.751159565e-05,optimal,CLARABEL,0,,False,10,0.9013562978,1.217327561,True,1.858100142,0.003028084553,0.001891132773,9.134870862e-05,5.751159565e-05,False,3.494371819e-11,0.02219879757,False,1.338682023e-11,0.9013562978,False,7.03566062e-13,0.1229065104,6.934629577e-10,0.09494596115,8.679450507e-11,0.00369773893,9.580627838e-11,0.9013562978,9.893432805e-12,2.777889079e-10,3.099308732e-10,1.149418443e-10,7.394924638e-11,4.407260716e-10,6.303109865e-11
2023-06-30,rstr/A_high/spread_low,54534933.56,28.68246205,1.29222458,0.5669939348,1.116643653,govt_2y,0.008005084392,0.005318459916,0.7271094241,0.01204522131,69.50103292,0.00798839593,0.1787528905,4.895876302e-05,optimal,CLARABEL,0,,False,10,0.9466983082,1.11358306,True,1.675904905,0.003203566001,0.0018303561,0.0001716334615,4.895876302e-05,False,1.820106143e-11,0.006641475935,False,1.760146504e-11,0.9466983082,False,5.1523023e-13,0.1787528905,1.047743507e-10,0.01353703322,6.368831668e-11,7.999783319e-10,4.977611417e-11,0.9466983082,0,1.813036703e-10,3.112922534e-10,7.811935525e-11,4.0933571e-11,0.03976465691,7.663866759e-11
2023-07-31,rstr/A_high/spread_low,54566097.61,21.46901577,0.9672387901,0.4625724448,0.8893258855,govt_2y,0.007871929382,0.005580151808,0.8228179293,0.009244285421,70.70903352,0.009037388925,0.1916122658,2.213177058e-05,optimal,CLARABEL,0,,False,11,0.8633390964,1.308848108,True,1.71758291,0.002357628513,0.001753468951,0.0001350683853,2.213177058e-05,False,9.288734487e-11,0.01129032232,False,3.058283775e-11,0.8633390964,False,2.311692727e-12,0.1916122658,4.179537489e-10,2.178352781e-09,2.450568213e-10,9.637474816e-10,2.618199474e-10,0.8633390964,3.068063114e-11,7.270897281e-10,1.14984736e-09,4.176535629e-10,2.126606125e-10,0.1366608966,3.766168134e-10
2023-08-31,rstr/A_high/spread_low,54403626.13,20.51928183,0.9244506383,0.5764350718,0.9749799696,govt_2y,0.007479188891,0.008062937642,0.9527698584,0.007086466936,90.91373494,0.009338088399,0.05860223588,1.543231952e-05,optimal,CLARABEL,0,,False,11,0.8364879659,1.376560452,True,1.709051927,0.002666078729,0.00178927922,0.0001001392955,1.543231952e-05,False,7.185590878e-11,0.004056181471,False,1.610452693e-11,0.8364879659,False,1.361143737e-12,0.05860223588,4.45405107e-09,6.120141267e-10,2.691780062e-10,8.443154155e-10,1.882259702e-10,0.8364879659,3.371555683e-11,4.59108441e-10,6.554360604e-10,2.592412229e-10,1.67569224e-10,0.1635120257,4.998667458e-10
2023-09-29,rstr/A_high/spread_low,53745768.33,27.04471276,1.218439426,0.5566394224,1.232446719,govt_2y,0.00722939867,0.006501009085,0.8688168387,0.008101252227,60.145401,0.00828104818,0.05855519163,1.630093151e-05,optimal,CLARABEL,0,,False,10,0.8704030483,1.292113821,True,1.666225663,0.002339249784,0.001854611704,0.0001306688177,1.630093151e-05,False,5.752159514e-11,0.003845922173,False,1.351647298e-11,0.8704030483,False,9.038183891e-13,0.05855519163,0.001844218695,3.012232594e-10,1.243294222e-10,4.331097877e-10,9.759714718e-11,0.8704030483,1.690051213e-11,2.779223662e-10,6.341520588e-10,1.629397798e-10,8.532449799e-11,0.1277527307,1.701498488e-10
2023-10-31,rstr/A_high/spread_low,53492072.21,70.53943363,3.177997406,1.151217911,3.165031897,govt_2y,0.006817823064,0.009827267387,0.9345546895,0.01270669195,79.93998448,0.006681018195,0.1951129756,0.0001206972369,optimal,CLARABEL,0,,False,10,0.9399606548,1.129495999,True,1.457826245,0.006857736766,0.00314859845,0.002353614321,0.0001206972369,False,0.0001403426708,0.05999995054,False,5.88847367e-11,0.9399606548,False,1.961312368e-12,0.1951129756,0.03335443172,4.712342378e-10,3.279976682e-10,2.554989233e-10,1.2755213e-10,0.9399606548,1.934119553e-11,3.722715309e-10,1.319332738e-09,2.359191098e-10,1.89635338e-10,0.02668490851,1.667675406e-09
2023-11-30,rstr/A_high/spread_low,53865377.16,89.13733924,4.01588471,1.407618468,3.877451731,govt_2y,0.006691056177,0.01075076824,0.8893099739,0.02295385345,73.05022297,0.006586425418,0.05660573249,7.301254188e-06,optimal,CLARABEL,0,,False,11,0.9621119204,1.078638294,True,1.42290332,0.008058261471,0.003866866894,0.002536286534,7.301254188e-06,False,2.097137732e-10,0.01164037237,False,1.315855162e-10,0.9621119204,False,2.707309165e-12,0.05660573249,0.03788793609,1.230887349e-09,5.59291385e-10,4.7368894e-10,1.506666015e-10,0.9621119204,1.897706407e-11,4.447169874e-10,2.805911948e-09,2.899179705e-10,2.368444e-10,1.366150926e-07,6.757311033e-10
2023-12-29,rstr/A_high/spread_low,54217719.66,29.76898144,1.341175296,0.5785475576,1.31243949,govt_2y,0.00672767721,0.00633858309,0.7682011,0.01085000227,50.68262198,0.007190608594,0.1812432338,6.130781747e-05,optimal,CLARABEL,0,,False,9,0.9004637047,1.222891453,True,1.607240747,0.002104974194,0.001539200778,9.719319472e-05,6.130781747e-05,False,1.268156325e-09,0.05486342494,False,3.26876423e-11,0.9004637047,False,1.792127507e-12,0.1812432338,0.008918158456,7.446175974e-10,2.34377483e-10,0.008472763661,1.736177321e-10,0.9004637047,2.458520939e-11,5.409967015e-10,2.945564963e-09,4.196545259e-10,1.48266796e-10,0.08214536785,1.257538292e-10
2024-01-31,rstr/A_high/spread_low,54205704.55,20.8261447,0.938275663,0.5748736587,1.035000993,govt_2y,0.006493328534,0.005528862974,0.863332702,0.008051737728,79.56454808,0.009490631587,0.2647351439,7.100488145e-05,optimal,CLARABEL,0,,False,10,0.7762215393,1.572759461,True,1.886235102,0.0004321842699,0.001875854337,1.593157074e-05,7.100488145e-05,False,1.159821291e-10,0.0198740346,False,9.416663824e-12,0.7762215393,False,1.215261589e-12,0.2647351439,1.361058322e-10,6.119361752e-10,9.789382175e-11,0.04759746852,2.610978483e-10,0.7762215393,5.574023689e-11,6.419301256e-10,2.813498245e-09,8.928124476e-10,1.109276097e-10,0.1761809864,1.259357783e-10
2024-02-29,rstr/A_high/spread_low,54306210.72,20.23592939,0.9116848238,0.5878705667,0.9096918823,govt_2y,0.006212624623,0.006524777038,0.9070450616,0.007829403101,79.80324059,0.01065992968,0.1375935489,6.332940583e-05,optimal,CLARABEL,0,,False,10,0.7419483827,1.627206778,True,1.902287693,0.002743641573,0.002299491638,3.43572745e-05,6.332940583e-05,False,5.073724003e-11,0.00375509331,False,5.182994214e-12,0.7419483827,False,7.198802568e-13,0.1375935489,1.083853843e-10,1.799896947e-10,3.694417195e-11,0.004994913191,1.659787682e-10,0.7419483827,2.910857491e-11,4.590104288e-10,8.458170342e-10,4.107735545e-10,1.229028081e-10,0.2530567017,4.669967303e-11
2024-03-28,rstr/A_high/spread_low,54684062.69,19.6438228,0.8850087774,0.7143203702,0.9310639962,govt_2y,0.005944391753,0.007292322067,0.9316324424,0.008751863396,95.86298323,0.01259380442,0.1499657475,1.295496619e-05,optimal,CLARABEL,0,,False,11,0.6665511081,1.800249565,True,1.959076444,0.004248582045,0.003115587098,5.482300926e-05,1.295496619e-05,False,1.092368703e-10,0.01054121718,False,8.294369139e-12,0.6665511081,False,1.500181238e-12,0.1499657475,1.433940242e-10,4.120050798e-10,1.142677473e-10,1.216683439e-09,3.155181499e-10,0.6665511081,8.460516547e-11,8.255543423e-10,9.510478798e-10,5.078869437e-10,2.832088282e-10,0.3334488869,1.016708595e-10
2024-04-30,rstr/A_high/spread_low,53573453.93,36.38823516,1.639391061,0.9762935468,1.712743899,govt_2y,0.00570594919,0.008106483597,0.8741555454,0.02029811654,100.7413248,0.009997502368,0.2506250527,0.0001469981193,optimal,CLARABEL,0,,False,10,0.7125819475,1.80054161,True,1.86097084,0.001539699952,0.003637006054,9.015688717e-05,0.0001469981193,False,1.432782553e-10,0.005667638768,False,1.322952109e-11,0.7125819475,False,2.180910513e-12,0.2506250527,2.6784102e-10,5.450590964e-10,1.209952786e-10,0.08753588524,2.792465718e-10,0.7125819475,6.363699646e-11,7.092119948e-10,1.310581159e-09,5.290313519e-10,2.341907882e-10,0.1998821631,7.644565686e-11
2024-05-31,rstr/A_high/spread_low,54210168.36,20.71133717,0.9331032647,0.7667075062,0.8329784866,govt_2y,0.005496181511,0.007754828792,0.8243562499,0.01189187647,47.47011228,0.01143288637,0.1132697467,7.715071668e-05,optimal,CLARABEL,0,,False,10,0.6503462136,2.057743411,True,1.994789241,0.003553741226,0.002707197328,5.833221868e-05,7.715071668e-05,False,1.012236622e-10,0.00901466075,False,7.720758978e-12,0.6503462136,False,1.445323069e-12,0.1132697467,2.220411224e-10,4.628782956e-10,2.472817693e-10,0.1440847569,2.247271915e-10,0.6503462136,4.717942215e-11,5.680803785e-10,1.119007955e-09,3.613322864e-10,2.060874398e-10,0.2055690259,1.080539482e-10
2024-06-28,rstr/A_high/spread_low,54593375.94,27.59707142,1.243324718,0.9342495259,1.224321298,govt_2y,0.005304900274,0.008638599901,0.9061586932,0.01110514728,63.99427884,0.0113243096,0.06855369811,4.904272454e-05,optimal,CLARABEL,0,,False,10,0.6413567396,2.065189156,True,1.940857273,0.00344574237,0.003539048106,1.975709275e-07,4.904272454e-05,False,1.373126637e-10,0.001283137326,False,9.98889637e-12,0.6413567396,False,1.871889067e-12,0.06855369811,3.438392872e-10,4.839654278e-10,2.589634542e-10,0.1138762836,2.388887145e-10,0.6413567396,3.357504948e-11,6.449905729e-10,1.00493982e-09,4.074605166e-10,2.423130679e-10,0.244766973,8.915052334e-11
2024-07-31,rstr/A_high/spread_low,55258441.2,36.07313234,1.625194804,0.9207033803,1.702065261,govt_2y,0.005214230873,0.007454846068,0.9196541625,0.01270586086,114.0241925,0.009978211774,0.1430702466,2.65486103e-05,optimal,CLARABEL,0,,False,10,0.7098592989,1.776874591,True,1.815502219,0.002376076111,0.003591610968,0.0001820444058,2.65486103e-05,False,4.892081684e-11,0.01290327202,False,4.431130915e-12,0.7098592989,False,6.925111221e-13,0.1430702466,1.123470738e-10,9.191210281e-11,5.864543425e-11,0.05343279674,9.034060537e-11,0.7098592989,2.087336834e-11,2.64928168e-10,6.205706758e-10,1.443321399e-10,7.602250437e-11,0.2367079028,1.570145126e-11
2024-08-30,rstr/A_high/spread_low,55784144.43,54.25358844,2.444274847,0.788556967,2.920413223,govt_2y,0.005590807678,0.006203445693,0.7937227139,0.02914900026,157.4735529,0.007922523658,0.3230032583,0.0001761981551,optimal,CLARABEL,0,,False,9,0.8302221828,1.423919159,True,1.648712499,-0.0007874808275,0.003405301408,0.0009449509581,0.0001761981551,False,2.209579084e-10,0.02227095305,False,3.330489127e-11,0.8302221828,False,3.373619909e-12,0.3230032583,1.739689741e-10,3.317285902e-10,1.662924799e-10,0.08335180819,3.632893779e-10,0.8302221828,6.647388832e-11,1.144779364e-09,0.009037454641,6.342092011e-10,2.821387611e-10,0.07738855105,1.940640799e-10
2024-09-30,rstr/A_high/spread_low,56254018.79,69.2267081,3.118855476,1.001973334,3.590198852,govt_2y,0.005525330653,0.006572192525,0.7771102686,0.03528053079,158.6232218,0.007841709204,0.1407977281,8.103973532e-05,optimal,CLARABEL,0,,False,9,0.7918997409,1.556672253,True,1.657321289,-0.001893993489,0.00425691665,0.001173696742,8.103973532e-05,False,2.789291838e-10,0.006310593567,False,3.368181675e-11,0.7918997409,False,3.77397312e-12,0.1407977281,1.968777427e-10,8.385521942e-10,9.077458271e-11,0.08312862494,3.316417497e-10,0.7918997409,2.276556753e-11,1.10195646e-09,0.07938935659,6.759087507e-10,2.724668209e-10,0.04558227399,3.585569989e-11
2024-10-31,rstr/A_high/spread_low,55821059.33,91.97814212,4.143870769,1.22784152,4.452686442,govt_2y,0.005721359914,0.006743864306,0.7962205731,0.03945883954,182.3321728,0.008336912835,0.2575861379,6.545853179e-05,optimal,CLARABEL,0,,False,10,0.7187573013,1.76949567,True,1.856779606,-0.003330203435,0.006392859424,0.001722272345,6.545853179e-05,False,3.586415848e-10,0.01300185727,False,3.022038442e-11,0.7187573013,False,4.893329554e-12,0.2575861379,6.3600782e-10,1.301685234e-10,3.7557565e-10,0.07364376839,2.50434398e-10,0.7187573013,0,9.047873705e-10,0.2075989242,5.583563335e-10,2.848473874e-10,2.999184225e-09,0
2024-11-29,rstr/A_high/spread_low,55875698.71,50.45018201,2.272920823,1.038509652,2.574206039,govt_2y,0.0055294835,0.008712660206,0.7188202975,0.0347999932,72.96587795,0.008831269356,0.4204242383,5.396475532e-05,optimal,CLARABEL,0,,False,10,0.7937724798,1.534523558,True,1.733598082,0.0007162090587,0.00393467621,0.0001432190162,5.396475532e-05,False,1.783972783e-10,0.01502999728,False,1.899552797e-11,0.7937724798,False,2.482394182e-12,0.4204242383,1.547793431e-10,1.45070637e-10,1.806262361e-10,0.115928252,1.96033084e-10,0.7937724798,5.416195319e-11,5.795286826e-10,2.599867104e-09,3.120579053e-10,2.201784076e-10,0.09029926364,1.039803515e-10
2009-05-29,rstr/A_high/spread_high,40599465.05,85.02373363,3.830555351,2.51339121,2.874314644,govt_2y,0.004272390349,0.01339088673,0.842825607,0.08068016538,119.4919709,0.02591778237,1,0.001836415181,optimal,CLARABEL,0,,False,4,0.2527467382,5.912577842,True,2.202082498,0.003870175911,0.05711311529,0.0005775495495,0.001836415181,True,0.1751535455,0.06000000076,False,2.660146722e-11,0.2527467382,False,2.006623181e-11,1,0,1.643851604e-10,0,0.2346099789,0.04680446566,0.1123923872,0.04980335588,0.01343935382,0.04178310644,0.1320297484,0.1163908509,0.2527467382,1.451565426e-08
2009-06-30,rstr/A_high/spread_high,40224822.28,29.56211418,1.331855352,0.7989205257,1.205186683,govt_2y,0.006350889451,0.009387951574,0.7000349895,0.03659395991,62.63194736,0.01759638234,0.779329197,0.001181563039,optimal,CLARABEL,0,,False,6,0.2885426769,4.802328299,True,2.343966291,0.006312327138,0.00915339639,0.00072692806,0.001181563039,True,0.02023012616,0.05999999983,False,7.171118482e-12,0.2885426769,False,4.180408544e-12,0.779329197,3.070064109e-10,4.306957488e-10,0.004206855554,0.1863473258,1.593296443e-08,0.230125609,6.675761194e-11,0.02725563093,0.1016787932,0.2885426769,0.161843089,1.903612019e-09,8.817257205e-10
2009-07-31,rstr/A_high/spread_high,41262176.83,31.57242536,1.422425454,0.8788492776,1.171868984,govt_2y,0.005795750219,0.008003918355,0.7471750311,0.03624261359,98.51774886,0.01433865723,0.2567247409,0.0003559468162,optimal,CLARABEL,0,,False,7,0.3393195354,4.169233814,True,2.141493394,0.005932827304,0.006491198816,0.0006675805255,0.0003559468162,True,0.01154918543,0.05999999984,False,3.973350276e-12,0.3393195354,False,1.50655469e-12,0.2567247409,7.065463432e-12,4.309458885e-11,4.224991677e-11,0.08947974107,1.017591372e-09,0.3393195354,0,0.03983132028,0.1043757815,0.2943214302,0.1326721903,9.043659731e-11,8.008770798e-11
2009-08-31,rstr/A_high/spread_high,41430690.45,33.95305023,1.529679217,0.6208649107,1.565892531,govt_2y,0.005389281136,0.007182833553,0.7622048832,0.03052659153,108.6135542,0.01058617706,0.2543418475,0.0002633174121,optimal,CLARABEL,0,,False,7,0.4541460183,3.190284263,True,1.902989942,0.002847797173,0.003805021398,0.0001926305492,0.0002633174121,True,0.004376873297,0.05999999968,False,2.935735855e-12,0.4541460183,False,9.184811424e-13,0.2543418475,1.297851909e-11,5.916126959e-11,1.395112401e-10,0.07175447146,2.619577363e-10,0.4541460183,8.119062794e-12,0.05102174815,0.103597335,0.2970079875,0.02247243893,8.375085349e-11,8.437806005e-11
2009-09-30,rstr/A_high/spread_high,42147558.62,38.85776396,1.750650193,0.6558045996,2.171443475,govt_2y,0.004804675397,0.006493626752,0.8709214257,0.02408293624,181.9205377,0.008605202401,0.2158962101,0.0001665383216,optimal,CLARABEL,0,,False,8,0.5553593431,2.465938533,True,1.671076632,0.001543628188,0.002877398317,6.951787318e-05,0.0001665383216,True,0.001048064524,0.05999999637,False,9.312505533e-12,0.5553593431,False,2.322219104e-12,0.2158962101,4.982215952e-11,3.999928458e-10,5.24954616e-10,0.02783864298,4.908096567e-10,0.5553593431,3.653266001e-11,0.03870820413,0.08099521696,0.2970985892,1.249607373e-09,4.000781396e-10,4.116623969e-10
2009-10-30,rstr/A_high/spread_high,42108223.7,59.56165657,2.683418059,0.9116090106,3.264481796,govt_2y,0.004550291059,0.006903827677,0.8430862886,0.04205473974,234.684901,0.007651749544,0.1706269802,0.0001166695996,optimal,CLARABEL,0,,False,7,0.6348050579,2.164115442,True,1.534292503,-0.0005506230089,0.003487291576,0.0002645884561,0.0001166695996,False,0.0004116155337,0.05999991794,False,1.340776753e-11,0.6348050579,False,2.683216663e-12,0.1706269802,5.150257148e-11,1.521845147e-10,0.004326226175,0.03183950732,7.440818075e-10,0.6348050579,4.326702671e-11,0.02796302863,0.0731694225,0.227896755,8.844125847e-10,2.594184878e-10,3.44573587e-10
2009-11-30,rstr/A_high/spread_high,42671241.68,72.6327747,3.272308236,1.144057494,3.263079404,govt_2y,0.004310852875,0.006923504703,0.8960789573,0.04017486502,327.1893636,0.007657137366,0.07553703144,6.244601269e-05,optimal,CLARABEL,0,,False,8,0.6038173945,2.346368237,True,1.590959653,-0.00111279275,0.004258586879,0.001190855587,6.244601269e-05,False,1.812158226e-09,0.01594493331,False,4.553814528e-11,0.6038173945,False,9.378142332e-12,0.07553703144,2.706933157e-10,7.749314797e-11,1.043413099e-08,0.05332825248,6.481067062e-09,0.6038173945,0,0.0278775638,0.09280115688,0.2221756093,4.317943024e-09,1.04899651e-09,3.971649881e-10
2009-12-31,rstr/A_high/spread_high,42327634.69,116.6428918,5.255086246,1.74468073,5.384419136,govt_2y,0.004230732022,0.009571728017,0.9181341339,0.04645910702,248.4076533,0.007720548931,0.06504653232,2.330834959e-05,optimal,CLARABEL,0,,False,7,0.5765281752,2.538885392,True,1.665054017,-0.002213662592,0.006952718362,0.002457421562,2.330834959e-05,False,0.0004146457692,0.05999976254,False,2.962012115e-11,0.5765281752,False,6.486093052e-12,0.06504653232,2.069696506e-10,1.098468241e-11,1.486456618e-09,0.06170339083,7.035374752e-09,0.5765281752,0,0.03754757703,0.09754353464,0.2159683766,0.01070893475,1.639823165e-09,5.444573247e-10
2010-01-29,rstr/A_high/spread_high,42566349.6,86.44376899,3.894531888,1.492219918,3.741466049,govt_2y,0.004069319326,0.009648294364,0.9512455286,0.03203788945,278.2871053,0.007313773185,0.07189166694,6.193278898e-05,optimal,CLARABEL,0,,False,7,0.5775966802,2.524503583,True,1.695013745,-0.001856766946,0.004623987696,0.00129835265,6.193278898e-05,False,0.0003132929608,0.05999978847,False,2.076762719e-11,0.5775966802,False,4.551332602e-12,0.07189166694,2.237463232e-10,1.172330697e-10,8.034090597e-10,0.03542330655,1.447704243e-09,0.5775966802,5.823412061e-11,0.02794786186,0.111523664,0.2170170698,0.03049141212,9.105228175e-10,1.945654422e-09
2010-02-26,rstr/A_high/spread_high,42950537.61,62.65346716,2.822712714,0.9096311025,2.970495344,govt_2y,0.003997730605,0.008336975754,0.9492348437,0.02468116025,276.0420529,0.007154892953,0.08458224889,4.02819349e-05,optimal,CLARABEL,0,,False,7,0.5715898556,2.58628138,True,1.736593839,0.0002352914721,0.003207387189,0.0005834333627,4.02819349e-05,False,0.0003308691983,0.05999989584,False,1.077945353e-11,0.5715898556,False,2.412426359e-12,0.08458224889,6.401110082e-11,9.913280511e-11,3.47877119e-10,0.02346637926,1.045563529e-09,0.5715898556,2.22586215e-11,0.01800837484,0.1203478869,0.2005527044,0.06603479585,5.211644691e-10,1.100016188e-09
2010-03-31,rstr/A_high/spread_high,43037982.43,78.27418496,3.526469437,1.196261241,3.645775271,govt_2y,0.003844726634,0.008068917543,0.9071744134,0.03457273255,230.7287352,0.006989180089,0.111255903,6.012780799e-05,optimal,CLARABEL,0,,False,7,0.5692295595,2.475332629,True,1.73151617,-0.0005326218037,0.003823587351,0.001006387725,6.012780799e-05,False,3.467875753e-10,0.02150336318,False,8.041872735e-12,0.5692295595,False,1.83438068e-12,0.111255903,3.477304949e-11,1.622795478e-11,1.454670818e-10,0.02794285762,1.616201667e-09,0.5692295595,2.834646557e-11,0.0178115457,0.1226651057,0.2524293944,0.009921534048,3.205479031e-10,8.698927278e-10
2010-04-30,rstr/A_high/spread_high,43675445.42,84.86499271,3.823403632,1.485660548,3.921994151,govt_2y,0.003705025495,0.009946963094,0.9455766079,0.03667140168,269.2583633,0.00707494116,0.1346805584,4.957596423e-05,optimal,CLARABEL,0,,False,8,0.5292600584,2.499642473,True,1.813532382,-0.0008740677673,0.004247899594,0.0008722430395,4.957596423e-05,True,0.002265731622,0.05999998315,False,7.807813526e-12,0.5292600584,False,1.976587877e-12,0.1346805584,7.296591366e-11,9.243294055e-11,8.249881799e-10,0.01620813608,5.564736347e-10,0.5292600584,1.8613659e-11,0.008121655415,0.1232766946,0.3231334008,7.043358752e-10,1.510015877e-09,5.0937092e-08
2010-05-28,rstr/A_high/spread_high,43373549.76,106.6638119,4.80550098,1.871661262,4.996258847,govt_2y,0.004041485501,0.008552079937,0.8263020368,0.06015687974,199.4486573,0.007593760814,0.2017492202,9.053435881e-05,optimal,CLARABEL,0,,False,8,0.483535172,2.947225642,True,1.947659829,-0.002841625828,0.006150790396,0.001751007706,9.053435881e-05,False,1.316827424e-08,0.0503859526,False,4.057974447e-11,0.483535172,False,1.168108142e-11,0.2017492202,0,0,4.786113313e-10,0.03628789312,5.122373007e-08,0.483535172,7.54421564e-10,3.692242802e-08,0.1044321262,0.2943640542,0.08138065998,1.100914063e-09,3.958194102e-09
2010-06-30,rstr/A_high/spread_high,44046515.76,51.69591915,2.329044742,0.7779311286,2.974786512,govt_2y,0.003880962955,0.008635698075,0.8028300911,0.03799608133,110.2567337,0.007350883472,0.3460184867,0.0002081872554,optimal,CLARABEL,0,,False,7,0.5638373537,2.582301903,True,1.716854888,0.001584912847,0.00279341421,0.0002457867437,0.0002081872554,False,3.707999515e-09,0.05616659945,False,3.707874294e-11,0.5638373537,False,9.78012194e-12,0.3460184867,7.912067295e-11,2.167364105e-10,1.085135394e-09,0.08542970369,0.03306618402,0.5638373537,2.565939549e-09,0.005675301589,0.07774703742,0.2342443391,7.19006448e-08,1.422400847e-09,3.193971942e-09
2010-07-30,rstr/A_high/spread_high,44337299.02,66.95822747,3.016654122,1.01874853,3.743718388,govt_2y,0.003699605987,0.009839899421,0.8502823771,0.04672421509,134.0004966,0.007142729955,0.1421329855,6.951231422e-05,optimal,CLARABEL,0,,False,7,0.5190547668,2.765950693,True,1.784029637,0.001959052538,0.003416114436,0.0002029679104,6.951231422e-05,False,8.613760438e-10,0.02705712397,False,1.842234629e-11,0.5190547668,False,4.776404462e-12,0.1421329855,2.594404471e-11,1.133587207e-10,8.260620779e-10,0.06017574734,0.05977494733,0.5190547668,9.902119725e-10,0.005723213159,0.07326679522,0.2820045214,5.544305577e-09,4.348002804e-10,8.448094178e-10
2010-08-31,rstr/A_high/spread_high,45012250.58,111.197005,5.009733922,1.800215512,5.310991631,govt_2y,0.003490908069,0.004624542602,0.6188778834,0.06000601557,349.812744,0.007827622489,0.2138126509,0.0001187958823,optimal,CLARABEL,0,,False,7,0.4216777213,3.392262573,True,1.837293947,-0.0009209868084,0.00681322662,0.001280214012,0.0001187958823,True,0.002635739483,0.05999995296,False,2.52432045e-11,0.4216777213,False,8.173816563e-12,0.2138126509,4.940011438e-12,1.186049857e-10,6.154939673e-08,0.04633056663,0.09508116861,0.4216777213,0,0.01695313661,0.1169196597,0.3030376792,2.198409924e-09,8.525708944e-10,3.229266927e-09
2010-09-30,rstr/A_high/spread_high,45388959.25,109.4829818,4.932512418,1.785031155,5.631282537,govt_2y,0.003357459231,0.009410250429,0.8730737874,0.06628782265,242.2042905,0.007851301635,0.01456380478,7.22358763e-06,optimal,CLARABEL,0,,False,7,0.4219487417,3.400489811,True,1.82677421,0.0009636369478,0.006748852592,0.0007700756781,7.22358763e-06,False,1.462396323e-09,0.006196008043,False,2.852782594e-11,0.4219487417,False,8.323025586e-12,0.01456380478,1.233469258e-10,2.072437478e-10,2.509785602e-09,0.05144809467,0.08757499309,0.4219487417,7.714177135e-11,0.01780513987,0.11926926,0.3019537647,1.737496791e-09,6.8836048e-10,5.525149488e-10
2010-10-29,rstr/A_high/spread_high,45527410.03,169.3268545,7.628645097,3.220161273,7.938359256,govt_2y,0.003125909133,0.005587178232,0.4971385268,0.06715339376,219.8007714,0.007650255725,0.1415592103,8.40541733e-05,optimal,CLARABEL,0,,False,7,0.4288862769,3.569564295,True,1.73569277,-0.003183472383,0.009910093362,0.002077153901,8.40541733e-05,False,0.001841628479,0.05999989947,False,4.207669475e-11,0.4288862769,False,1.293698679e-11,0.1415592103,0,0,0,0.04321766023,0.0912841867,0.4288862769,0,0.03036350889,0.1673371853,0.2389111799,1.834675289e-09,1.529606244e-10,0
2010-11-30,rstr/A_high/spread_high,45241562.74,148.8466496,6.705954984,3.358070608,6.622484838,govt_2y,0.003216265235,0.006896162883,0.7029772815,0.04690270189,149.98263,0.00780322657,0.1742371264,9.146341567e-05,optimal,CLARABEL,0,,False,6,0.4669393281,3.26416448,True,1.511594395,-0.004698852444,0.009063323834,0.003389402701,9.146341567e-05,False,0.00115496775,0.0599999513,False,1.485215888e-11,0.4669393281,False,4.378507375e-12,0.1742371264,0,0,1.086569489e-11,0.0276188249,0.03442985801,0.4669393281,0,0.04354357295,0.1852113315,0.2231898785,0.01906720587,1.277403894e-10,7.081050507e-11
2010-12-30,rstr/A_high/spread_high,45152487.67,115.3693877,5.197711352,2.612465332,5.092102604,govt_2y,0.003437182403,0.006715014238,0.6715662587,0.04265101286,132.5320017,0.007409476694,0.2107791726,9.602788722e-05,optimal,CLARABEL,0,,False,6,0.5397420353,2.818687443,True,1.347211817,-0.004274946118,0.006333819174,0.002549352787,9.602788722e-05,False,6.247012192e-09,0.04202324235,False,6.106526078e-11,0.5397420353,False,1.580816656e-11,0.2107791726,0,0,0,0.04921310956,0.01382541031,0.5397420353,2.131684517e-10,0.05134655573,0.1926316767,0.1450152499,0.008225960216,8.095513454e-10,1.233544412e-09
2011-01-31,rstr/A_high/spread_high,45209946.73,117.4211047,5.290146903,3.082868234,4.824438522,govt_2y,0.0032662151,0.01031471231,0.9039913803,0.04561608545,180.4202244,0.007315817826,0.08445965913,2.906195807e-05,optimal,CLARABEL,0,,False,8,0.5197715016,2.892809965,True,1.372338279,-0.005109454975,0.006284517312,0.002338932636,2.906195807e-05,False,1.194511229e-09,0.03406993611,False,1.627538459e-11,0.5197715016,False,4.081860566e-12,0.08445965913,4.887442214e-11,0,8.860020025e-11,0.05588852312,1.998161096e-08,0.5197715016,2.507206893e-10,0.06019116886,0.2172423068,0.1469064749,3.265145316e-09,4.901364962e-10,5.699075376e-10
2011-02-28,rstr/A_high/spread_high,45538087.69,105.4913399,4.752677863,2.561017465,4.140306873,govt_2y,0.00351746477,0.01060998642,0.9734233732,0.008856070645,115.3846238,0.006491708184,0.1235990838,3.638917949e-05,optimal,CLARABEL,0,,False,8,0.552374146,2.633084613,True,1.367753802,-0.00475070963,0.004445645072,0.001884783946,3.638917949e-05,False,8.380153573e-09,0.05380521471,False,2.946667471e-11,0.552374146,False,7.033375068e-12,0.1235990838,1.12373094e-09,3.983357762e-10,3.05811966e-10,0.01775526326,6.389377512e-09,0.552374146,2.436179041e-10,0.07305285227,0.230149073,0.1266686406,4.233839436e-09,1.000617942e-08,2.102833516e-09
2011-03-31,rstr/A_high/spread_high,45496228.98,130.7480381,5.890562266,3.100138203,4.963067354,govt_2y,0.003577817813,0.01085061366,0.9499783468,0.02546606743,170.5776398,0.007317772412,0.1504185636,7.844089765e-05,optimal,CLARABEL,0,,False,7,0.4771930493,3.119352246,True,1.554247353,-0.005390641327,0.007001530387,0.002421650321,7.844089765e-05,False,2.329538047e-09,0.04144370261,False,4.673865596e-11,0.4771930493,False,1.349680167e-11,0.1504185636,9.024885139e-10,6.801709716e-11,3.047895377e-11,0.04523214392,9.835336165e-08,0.4771930493,5.207698196e-10,0.07762530597,0.2537684271,0.1427743541,0.003406616126,2.075479867e-09,1.531085007e-09
2011-04-29,rstr/A_high/spread_high,46203599.05,129.2413895,5.82268356,3.026596148,5.077957328,govt_2y,0.003495458406,0.009893369658,0.9499529705,0.01820152083,146.5795585,0.006955272772,0.02198932612,8.913593285e-06,optimal,CLARABEL,0,,False,8,0.4833301475,3.077713241,True,1.591943379,-0.00544829053,0.006252158107,0.001898224011,8.913593285e-06,False,9.137566788e-10,0.006186599994,False,2.642243255e-11,0.4833301475,False,7.04747894e-12,0.02198932612,3.668566194e-10,0,2.268447787e-11,0.04483318008,1.91028642e-08,0.4833301475,3.08228826e-10,0.07775939971,0.2499704807,0.144106729,4.135089002e-08,9.58915622e-10,9.077904471e-10
2011-05-31,rstr/A_high/spread_high,46420173.36,164.3452644,7.404210624,3.755865108,6.679144203,govt_2y,0.003316059517,0.009980775208,0.9138350195,0.03794065253,177.6632507,0.007168863451,0.1340391328,5.001153918e-05,optimal,CLARABEL,0,,False,8,0.4159126063,3.534412758,True,1.767725718,-0.006419236997,0.008446130957,0.001964262088,5.001153918e-05,False,2.268717677e-09,0.03993244258,False,2.856361035e-11,0.4159126063,False,8.941881541e-12,0.1340391328,0,0,0,0.05557988917,8.499707338e-09,0.4159126063,4.394824963e-11,0.08598760506,0.2491367183,0.193383143,2.790066388e-08,1.068055663e-09,6.245744187e-10
2011-06-30,rstr/A_high/spread_high,46216037.47,136.6486396,6.156400753,2.829802303,5.815069151,govt_2y,0.003230646812,0.004880893629,0.6408943772,0.04502538323,246.7246533,0.007685121499,0.1190931396,4.925931078e-05,optimal,CLARABEL,0,,False,7,0.3679175842,4.034201554,True,1.850947524,-0.003858426323,0.008070617938,0.001675534661,4.925931078e-05,False,0.001051082497,0.05999993086,False,2.037889381e-11,0.3679175842,False,6.850186525e-12,0.1190931396,0,0,0,0.05838356765,0.03139396517,0.3679175842,0,0.1016702809,0.2391146952,0.201519902,3.312965628e-09,1.190232958e-09,3.663289809e-10
2011-07-29,rstr/A_high/spread_high,46947644.88,111.0173847,5.00164153,2.150437432,4.709961684,govt_2y,0.003271475482,0.005046341799,0.8065669297,0.03398835297,293.797882,0.007699491847,0.1629651302,5.957648747e-05,optimal,CLARABEL,0,,False,6,0.3944872407,3.998348653,True,1.802369281,-0.002844332655,0.006581351996,0.001850121599,5.957648747e-05,False,0.001391432131,0.0599999357,False,2.489894688e-11,0.3944872407,False,8.25479588e-12,0.1629651302,0,0,0,0.08201109837,0.02264946671,0.3944872407,0,0.1181214059,0.2362159293,0.1313965576,0.01511829815,2.632922496e-09,5.169275086e-10
2011-08-31,rstr/A_high/spread_high,47401432.76,124.5118275,5.609603659,2.247587236,5.479218077,govt_2y,0.003443367393,0.006600273207,0.8522865036,0.05242243082,338.3152986,0.008655451472,0.2889118698,0.0001778746421,optimal,CLARABEL,0,,False,6,0.4641888564,3.456950312,True,1.596702962,-0.002758026414,0.009328032685,0.003520235693,0.0001778746421,True,0.003220589753,0.05999997089,False,2.888758778e-11,0.4641888564,False,9.046585133e-12,0.2889118698,1.46459165e-10,0,1.837410828e-11,0.08198085881,0.0339759915,0.4641888564,8.039934176e-11,0.1360090535,0.2085809337,0.01429805435,0.06096624286,7.826380314e-09,7.455590008e-10
2011-09-30,rstr/A_high/spread_high,46489153.43,120.2536478,5.417760835,2.157781727,5.387285133,govt_2y,0.00337103791,0.01060092538,0.9143202353,0.06960020219,290.4602714,0.008446293614,0.3364412796,0.0003502419291,optimal,CLARABEL,0,,False,7,0.5208773731,3.035873313,True,1.471851672,-0.002516298757,0.0085788803,0.004031190654,0.0003502419291,False,0.000313489427,0.05999987078,False,1.915275253e-11,0.5208773731,False,5.516818726e-12,0.3364412796,1.489714805e-10,8.156306171e-11,1.716300601e-11,0.0477758151,0.1092105884,0.5208773731,4.592231847e-10,0.1561015274,0.1364979213,9.868301812e-10,8.24148158e-10,0.02953677168,4.044141376e-10
2011-10-31,rstr/A_high/spread_high,46955184.38,37.14951395,1.673688785,1.02376807,2.407460269,govt_2y,0.003265293124,0.0179953118,0.9830770315,0.02959123221,209.4521468,0.009219370764,0.1716787574,0.0001912878723,optimal,CLARABEL,0,,False,6,0.560729826,2.792162854,True,1.368731325,0.003044470463,0.003157589706,0.0001514804651,0.0001912878723,False,7.112322248e-10,0.03124576045,False,2.824072832e-11,0.560729826,False,7.382954518e-12,0.1716787574,1.074995887e-09,1.090420957e-09,3.573458819e-10,0.04002125128,0.10584658,0.560729826,0.03114428818,0.1543471239,0.06634048827,7.109449844e-09,4.045047951e-09,0.0415704275,1.211081073e-09
2011-11-30,rstr/A_high/spread_high,46946751.24,103.1661543,4.647921793,1.974314406,4.969614205,govt_2y,0.003095996698,0.009426370262,0.8875376445,0.08184966794,333.7965035,0.007870285238,0.2981690344,0.0001643617608,optimal,CLARABEL,0,,False,5,0.5398821876,2.939783718,True,1.432299207,-0.002497570713,0.006390254971,0.003643755768,0.0001643617608,False,8.757955474e-10,0.04850876737,False,2.407209615e-11,0.5398821876,False,6.526462756e-12,0.2981690344,1.26188155e-10,5.270937028e-11,0,0.03510045634,0.03050813311,0.5398821876,0.013482685,0.1623949029,0.03647679733,0.1230998925,2.58044831e-09,0.05905494224,3.071723941e-10
2011-12-30,rstr/A_high/spread_high,47213634.04,102.9264891,4.637124209,2.001050717,5.21269611,govt_2y,0.002941484034,0.01173679705,0.9207430284,0.07767795994,284.9367914,0.007262357359,0.2531787666,0.0001101056615,optimal,CLARABEL,0,,False,6,0.6087013717,2.417207799,True,1.294459529,-0.00226050768,0.005428531843,0.003442263126,0.0001101056615,False,0.0003241730345,0.05999979105,False,4.519667635e-11,0.6087013717,False,1.027291056e-11,0.2531787666,4.118353717e-10,2.349396038e-10,9.316691798e-11,0.03204656937,0.0323219475,0.6087013717,0.03152282318,0.1834082916,0.04581999852,1.431553206e-09,2.502749737e-08,0.06617897017,7.526429306e-10
2012-01-31,rstr/A_high/spread_high,47673595.32,96.27829399,4.337604555,1.875813806,4.730614002,govt_2y,0.002753656891,0.01262350441,0.976064981,0.04994175304,509.7128246,0.008255987103,0.3221133487,0.0002010965212,optimal,CLARABEL,0,,False,5,0.4794368549,3.471861605,True,1.513389847,-0.0001926171916,0.006562455899,0.003666291043,0.0002010965212,False,0.001137377967,0.05999998851,False,2.852277853e-11,0.4794368549,False,9.212669733e-12,0.3221133487,6.032731732e-10,1.844379048e-10,7.643106249e-11,2.533252359e-08,0.09036557104,0.4794368549,0.02937926278,0.1832026048,0.07908397762,0.03710972525,0.01327218209,0.08814979497,3.199666977e-10
2012-02-29,rstr/A_high/spread_high,47750217.51,157.5533043,7.09821396,3.310945495,7.594848961,govt_2y,0.002567030845,0.008966637307,0.8824961901,0.08020245102,346.8957889,0.008431702628,0.3184205344,0.0002047879334,optimal,CLARABEL,0,,False,4,0.367463705,4.740867144,True,1.752315538,-0.002968984367,0.01120103305,0.006656650507,0.0002047879334,False,2.667266345e-09,0.05167217962,False,7.43956171e-11,0.367463705,False,2.800877382e-11,0.3184205344,9.04687896e-10,9.520547803e-12,0,0.001753900774,0.1128431153,0.367463705,0.003212434234,0.1876027384,0.1113374382,0.07093299016,0.07699528232,0.06785839396,7.597139456e-10
2012-03-30,rstr/A_high/spread_high,47462063.52,179.8816615,8.104168467,3.750566528,8.143411749,govt_2y,0.002581262378,0.005697992853,0.7853282729,0.04266288803,263.7364558,0.007563057383,0.2184491809,9.321323155e-05,optimal,CLARABEL,0,,False,6,0.4241088436,4.043146709,True,1.632544824,-0.004898662619,0.01028920171,0.005787234857,9.321323155e-05,False,1.467635561e-09,0.03260023402,False,6.035550728e-11,0.4241088436,False,1.964519943e-11,0.2184491809,1.08356672e-09,0,0,8.790533044e-10,0.04306253715,0.4241088436,1.2724949e-09,0.1873612295,0.07407506633,0.09920041882,0.09936849175,0.07282340961,0
2012-04-30,rstr/A_high/spread_high,47765099.54,133.8298875,6.029408142,2.80946451,6.248131065,govt_2y,0.002458893174,0.004995179286,0.7484276846,0.04770469398,334.3528885,0.007445002394,0.2494006591,0.0001225655725,optimal,CLARABEL,0,,False,7,0.4141694497,3.894468377,True,1.666634024,-0.002699646375,0.007417931122,0.003301695899,0.0001225655725,False,0.0005584733572,0.05999979657,False,5.401935941e-11,0.4141694497,False,1.822765118e-11,0.2494006591,1.329507785e-10,0,0,7.757882185e-10,1.038672674e-07,0.4141694497,2.052627756e-07,0.163353825,0.02589425436,0.1917841151,0.1104882793,0.09430976657,0
2012-05-31,rstr/A_high/spread_high,47702846.44,127.0563543,5.724241658,2.55690606,5.903207239,govt_2y,0.002364545996,0.004345942284,0.7393071524,0.03106356006,279.019507,0.006814512996,0.200905006,7.648924081e-05,optimal,CLARABEL,0,,False,6,0.4653146907,3.576681594,True,1.577111631,-0.002171476528,0.005900190555,0.002290007039,7.648924081e-05,False,1.119680419e-07,0.05968208224,False,1.771526689e-11,0.4653146907,False,5.265971013e-12,0.200905006,2.965618703e-13,0,0,5.563031532e-11,0.01826599874,0.4653146907,1.871436147e-09,0.1396334484,0.02381787054,0.1197161886,0.1404733502,0.09277845089,0
2012-06-29,rstr/A_high/spread_high,47885633.84,67.85120597,3.056885284,1.392688852,3.964315716,govt_2y,0.002208346785,0.01112455711,0.9796821131,0.01752858883,270.8720188,0.006953684994,0.06237708381,4.400450796e-05,optimal,CLARABEL,0,,False,5,0.463887087,3.644051888,True,1.520473836,0.001468064615,0.003280859233,0.0003531236121,4.400450796e-05,False,8.124531684e-10,0.03964967109,False,1.314518423e-11,0.463887087,False,3.727122758e-12,0.06237708381,2.435036817e-10,1.734222817e-10,9.011331838e-11,3.288677107e-10,0.03094069711,0.463887087,0.01745582013,0.1219688106,0.01045974785,0.120585493,0.1385323856,0.09616995748,3.695814142e-10
2012-07-31,rstr/A_high/spread_high,48470199.37,110.2231306,4.965858175,2.377836845,5.617270932,govt_2y,0.002097781313,0.007904226079,0.9478923778,0.03863442927,468.6474172,0.007213166077,0.2742044437,0.0001570559753,optimal,CLARABEL,0,,False,6,0.4082234914,4.360365583,True,1.675360787,-0.0004310563395,0.005734883566,0.00126638322,0.0001570559753,False,0.0001265154848,0.0599998248,False,1.289848229e-11,0.4082234914,False,4.424245814e-12,0.2742044437,1.179205147e-10,6.776778995e-11,0,5.264461214e-10,0.1127291635,0.4082234914,4.074123777e-09,0.09687768382,0.0494222545,0.1397746207,0.09683885296,0.09613392812,1.867138762e-10
2012-08-31,rstr/A_high/spread_high,48605067.28,119.2737719,5.373614704,2.453584172,5.663330728,govt_2y,0.002107848138,0.008911800447,0.9615439666,0.007762341787,99.66805172,0.005793952661,0.3131199472,8.137663379e-05,optimal,CLARABEL,0,,False,6,0.5363340001,2.990740418,True,1.45555781,-0.001328982989,0.004004007097,0.0004812972083,8.137663379e-05,False,0.002338140427,0.05999999045,False,5.540934045e-11,0.5363340001,False,1.524309283e-11,0.3131199472,1.726312825e-09,9.000955461e-10,3.993544529e-10,9.574069999e-10,0.04343255223,0.5363340001,2.454967541e-08,0.09936422799,0.05071258042,0.1632810178,0.05144877378,0.05542681793,1.202613415e-09
2012-09-28,rstr/A_high/spread_high,48802544.74,143.6010366,6.469625548,3.038590104,6.358602787,govt_2y,0.002019137767,0.005299128173,0.8420450052,0.03823551789,359.9823237,0.006365311557,0.1737310823,4.122452088e-05,optimal,CLARABEL,0,,False,6,0.4905513069,3.279174526,True,1.501500285,-0.002249217583,0.005818310661,0.001707753993,4.122452088e-05,False,0.0005422128494,0.05999991379,False,2.46026464e-11,0.4905513069,False,6.904550302e-12,0.1737310823,4.792184621e-10,0,0,9.83995258e-11,0.02413344257,0.4905513069,2.174230882e-09,0.07471378785,0.05077052835,0.2108242472,0.07794084697,0.07106583713,2.594691358e-10
2012-10-26,rstr/A_high/spread_high,48760739.49,191.2986159,8.618533975,4.230254773,8.911938462,govt_2y,0.00185181351,0.004758650493,0.6952474681,0.05835745068,383.7115885,0.006778773246,0.2567000202,8.470785566e-05,optimal,CLARABEL,0,,False,7,0.4291982614,3.600236611,True,1.602583995,-0.002897227049,0.008790509375,0.002996274673,8.470785566e-05,False,0.0007844332823,0.0599999399,False,2.126087669e-11,0.4291982614,False,6.988844136e-12,0.2567000202,7.708423344e-11,0,0,1.391245342e-09,2.674767936e-08,0.4291982614,6.227649894e-10,0.05001874152,0.09202085502,0.2545758094,0.1231444017,0.05104190182,3.168453091e-10
2012-11-30,rstr/A_high/spread_high,48738203.77,129.9559668,5.854877253,2.843546496,6.113034377,govt_2y,0.001728486192,0.003496523419,0.6665634654,0.03003628416,340.0908352,0.005706523313,0.3880192085,0.0002000152324,optimal,CLARABEL,0,,False,7,0.5396567726,2.438873037,True,1.341163712,-0.000754853028,0.004231939166,0.0003379547281,0.0002000152324,False,0.001112286773,0.05999998961,False,2.407396919e-11,0.5396567726,False,6.959947142e-12,0.3880192085,2.587908064e-12,0,0,4.909426561e-10,1.088273361e-09,0.5396567726,0,0.02965435718,0.06069361076,0.3370067316,0.008902888325,0.02408563738,5.641249449e-10
2012-12-31,rstr/A_high/spread_high,48720845.72,159.5246617,7.187029085,3.45460153,7.447115476,govt_2y,0.001643330363,0.003330026501,0.7953734319,0.01664258476,314.2427243,0.005441120257,0.02387548885,6.598650793e-06,optimal,CLARABEL,0,,False,8,0.5404743597,2.439811984,True,1.319696581,-0.002168781036,0.004722853579,0.001481137513,6.598650793e-06,False,6.226599546e-10,0.004435682902,False,2.775321794e-11,0.5404743597,False,6.596116184e-12,0.02387548885,3.591660221e-10,2.633191263e-10,0,5.576371437e-10,6.62756129e-08,0.5404743597,5.206932514e-11,0.02956579656,0.05960692917,0.3347548371,3.763594557e-07,0.0355976327,8.522960185e-10
2013-01-31,rstr/A_high/spread_high,48603351.3,154.4908969,6.960244,3.313859036,7.285650402,govt_2y,0.00163145347,0.003587598951,0.8612266575,0.02239917515,518.2932868,0.006005103433,0.1752479904,3.433414986e-05,optimal,CLARABEL,0,,False,6,0.4548479986,2.733384422,True,1.513397543,-0.001813873123,0.00557113752,0.002240354343,3.433414986e-05,False,0.0008284040366,0.05999988169,False,4.077411324e-11,0.4548479986,False,1.246631868e-11,0.1752479904,3.39941551e-09,1.328633204e-06,1.180100999e-09,0,0.008815223014,0.4548479986,0,0.05040565681,0.05995647204,0.3890836418,3.43194882e-07,0.03688931322,1.812440415e-08
2013-02-28,rstr/A_high/spread_high,48900482.89,159.7792511,7.198499044,3.5674031,7.278555845,govt_2y,0.001543101133,0.005690522205,0.9578217599,0.006308734853,181.4817976,0.004796978014,0.2395680233,5.979237185e-05,optimal,CLARABEL,0,,False,7,0.5417200544,2.616527291,True,1.330640502,-0.002782630936,0.003676680038,0.001024405378,5.979237185e-05,False,0.003010807708,0.05999999289,False,4.089125976e-11,0.5417200544,False,1.070284091e-11,0.2395680233,1.219916292e-09,8.212000225e-09,1.594024512e-10,2.570032629e-10,2.187519786e-08,0.5417200544,1.608651078e-10,0.07107464135,0.0601467547,0.2799821258,6.50818064e-07,0.04024197975,0.006833761284
2013-03-28,rstr/A_high/spread_high,49068399.2,137.8256192,6.209426952,3.012158043,6.723594543,govt_2y,0.00144010245,0.005573114999,0.947356626,0.02832482618,684.2876202,0.005420578949,0.1910875342,3.894215682e-05,optimal,CLARABEL,0,,False,6,0.4577071093,2.824734612,True,1.44997157,-0.001097168591,0.004049685533,0.001070260185,3.894215682e-05,False,0.001229064001,0.05999999085,False,1.57226787e-11,0.4577071093,False,4.747032325e-12,0.1910875342,4.903834531e-10,1.429664199e-08,1.246478747e-10,0,3.479432459e-09,0.4577071093,3.679328362e-11,0.05907396509,0.05931639078,0.3678858532,9.314860248e-05,0.04539539139,0.01052812322
2013-04-30,rstr/A_high/spread_high,49605969.29,148.1957441,6.676629882,3.18097474,7.147704774,govt_2y,0.001358928398,0.005903383082,0.9493955748,0.0277913601,621.836262,0.005405033399,0.198170395,6.887065738e-05,optimal,CLARABEL,0,,False,6,0.4054987786,3.412224214,True,1.559031921,-0.0009028409557,0.004329447678,0.001089345092,6.887065738e-05,False,0.0002950286511,0.05999994837,False,6.553904121e-12,0.4054987786,False,2.163802939e-12,0.198170395,1.83450549e-10,4.485380501e-10,0,0,0.01517415625,0.4054987786,6.28595454e-11,0.07991851525,0.08891441718,0.3308513402,0.01264030064,0.06700249069,5.170661919e-10
2013-05-31,rstr/A_high/spread_high,48861964.39,156.582487,7.054475941,3.08641021,8.319382019,govt_2y,0.001406059547,0.008289510353,0.9683959729,0.03230246525,581.2723513,0.005577412313,0.1766972725,4.334385245e-05,optimal,CLARABEL,0,,False,6,0.4470434877,3.140284056,True,1.463943749,-0.0001885759173,0.004870894115,0.001232300329,4.334385245e-05,False,6.581573884e-05,0.05999960905,False,1.57753878e-11,0.4470434877,False,4.789983825e-12,0.1766972725,3.965831314e-10,0.004140803592,9.869644962e-11,0,0.01279418343,0.4470434877,2.701412379e-10,0.1030275822,0.02511085687,0.3134501492,1.713426651e-09,0.09443293379,7.461246414e-10
2013-06-28,rstr/A_high/spread_high,48154484.39,68.27157411,3.075824036,1.541292773,3.496715732,govt_2y,0.001506710823,0.009833118155,0.9601423291,0.0330053523,336.0926238,0.00656368047,0.49327585,0.0001563871742,optimal,CLARABEL,0,,False,8,0.5310643222,2.89809372,True,1.238366252,0.001718332639,0.002941269218,1.528787479e-05,0.0001563871742,True,0.005014853785,0.05999999878,False,9.83173336e-12,0.5310643222,False,3.063490329e-12,0.49327585,1.107011796e-10,3.267502653e-10,3.905723061e-11,2.364289856e-11,0.06645799434,0.5310643222,1.446938728e-09,0.1269591275,4.744905938e-09,0.09014325721,6.144866235e-10,0.1853752878,3.652459032e-09
2013-07-31,rstr/A_high/spread_high,48710387.03,95.96958785,4.323696486,1.950384655,4.151279114,govt_2y,0.001471685979,0.0113702069,0.9784179976,0.01629755528,227.108079,0.005302429822,0.4187897722,9.079226035e-05,optimal,CLARABEL,0,,False,6,0.6017424178,2.499625744,True,1.080180415,0.003809547058,0.002698258093,0.001395708233,9.079226035e-05,True,0.008726905475,0.05999999947,False,8.751242559e-12,0.6017424178,False,2.249006855e-12,0.4187897722,1.409743204e-10,1.714350148e-10,4.37425879e-11,1.177464554e-11,0.009416793445,0.6017424178,4.729555295e-09,0.1506223648,0.05479084003,0.0858272211,2.048456312e-09,0.04337260553,0.05422775015
2013-08-30,rstr/A_high/spread_high,48372597.05,51.99471655,2.342506395,1.302511659,2.362366537,govt_2y,0.001476879331,0.01280576687,0.9646953072,0.03202895725,216.6010817,0.006263863156,0.3045911307,6.659743269e-05,optimal,CLARABEL,0,,False,9,0.6816674402,1.994904686,True,0.9435109096,0.004394468519,0.002040063744,0.000579143957,6.659743269e-05,True,0.002330313496,0.05999999667,False,1.674918129e-11,0.6816674402,False,3.148222127e-12,0.3045911307,1.987796825e-10,3.165122288e-10,1.06262686e-10,1.77223861e-11,2.142057136e-09,0.6816674402,1.192419208e-09,0.1472662387,2.130653525e-09,3.708908703e-09,8.089853022e-10,0.07354573257,0.09752057788
2013-09-30,rstr/A_high/spread_high,48976655.59,50.35316822,2.268550083,1.134744835,2.721622233,govt_2y,0.001658503956,0.009959525929,0.9157176417,0.03844544156,184.6528394,0.00501473441,0.1749765708,3.316962504e-05,optimal,CLARABEL,0,,False,9,0.7521404627,1.68500047,True,0.852329216,0.003133933006,0.00126625938,0.0007461427162,3.316962504e-05,False,0.001514282363,0.05999999147,False,3.633555324e-11,0.7521404627,False,5.04426705e-12,0.1749765708,1.315593879e-09,8.423038654e-10,1.860561451e-10,9.355681319e-11,1.839079253e-09,0.7521404627,7.720713336e-10,0.1217597672,5.176773062e-09,5.151007227e-09,1.016090396e-09,0.01314820379,0.1129515499
2013-10-31,rstr/A_high/spread_high,49192735.37,27.92706946,1.258192046,1.071899774,1.297856804,govt_2y,0.001619130367,0.01176274588,0.9703709588,0.01915569505,182.419616,0.009207421257,0.2219353576,5.296133941e-05,optimal,CLARABEL,0,,False,10,0.6792621887,1.918165281,True,1.016923477,0.00434874939,0.00236756217,5.473012556e-05,5.296133941e-05,False,0.0001314480411,0.05999996803,False,4.957580984e-12,0.6792621887,False,8.948145874e-13,0.2219353576,6.5418788e-11,4.138992351e-10,5.21691679e-11,2.483679199e-11,8.194872309e-10,0.6792621887,1.897236673e-10,0.09518448321,4.539927061e-10,7.150129114e-10,2.290495275e-10,1.400524638e-09,0.2255533237
2013-11-29,rstr/A_high/spread_high,49649625.42,70.37128441,3.170421817,1.782408848,3.356461024,govt_2y,0.001537122243,0.01077450603,0.971960333,0.04263489214,510.9237056,0.005551065327,0.4281233035,0.0002514224219,optimal,CLARABEL,0,,False,6,0.6571072581,2.144957557,True,1.063792852,0.00074532812,0.002168443717,0.0006080277347,0.0002514224219,False,0.0003203127202,0.05999994568,False,1.727020904e-11,0.6571072581,False,3.784874749e-12,0.4281233035,1.453486378e-10,0.008135540054,3.442888789e-11,7.207780006e-11,0.05045249764,0.6571072581,8.327871025e-10,0.1208801807,3.116167064e-09,0.002354521202,4.28654965e-10,0.1264630237,0.03460697402
2013-12-31,rstr/A_high/spread_high,49653928.15,41.74244451,1.880613064,1.337119813,1.950430566,govt_2y,0.001509942198,0.01271218598,0.9847520916,0.02655532561,417.6872891,0.007506647388,0.1443357109,4.499409304e-05,optimal,CLARABEL,0,,False,8,0.6410190937,2.200157735,True,1.097457667,0.003561091876,0.002352176521,3.153369012e-05,4.499409304e-05,False,3.346219588e-10,0.03848563662,False,8.841353969e-12,0.6410190937,False,1.71054655e-12,0.1443357109,1.142795993e-10,6.401683487e-10,5.795047918e-11,2.694576961e-11,4.342212909e-09,0.6410190937,5.829303844e-10,0.1357403718,1.188560166e-09,0.002349675738,3.353152003e-10,0.130194285,0.09069656653
2014-01-31,rstr/A_high/spread_high,49461054.35,28.6068595,1.288818475,1.297454401,1.209904615,govt_2y,0.001522174167,0.01348985402,0.9872893706,0.01717079918,287.3455607,0.01051276442,0.2057670342,6.130689385e-05,optimal,CLARABEL,0,,False,9,0.5698562083,2.514543375,True,1.279539306,0.005921027238,0.003161579069,7.48709835e-07,6.130689385e-05,True,0.0008245322598,0.05999998641,False,6.944893531e-12,0.5698562083,False,1.665129102e-12,0.2057670342,1.161629877e-10,4.276159035e-10,5.604319176e-11,4.695748685e-11,8.899289769e-10,0.5698562083,4.474053214e-10,0.1126633103,8.447159165e-10,1.505540926e-08,3.852178163e-10,0.2289558871,0.08852457603
2014-02-28,rstr/A_high/spread_high,50053659.58,24.80271184,1.117431057,0.8059127387,1.198259498,govt_2y,0.001514245014,0.008456115363,0.916697713,0.01719985876,115.8855217,0.00843472373,0.335097413,9.390292765e-05,optimal,CLARABEL,0,,False,8,0.5631311929,2.727114073,True,1.299609164,0.003278420976,0.00176457813,7.731206329e-06,9.390292765e-05,False,3.29803503e-10,0.03623779287,False,7.957635013e-12,0.5631311929,False,2.091553831e-12,0.335097413,1.27853829e-10,4.775240044e-10,0,5.155953967e-11,3.743268885e-09,0.5631311929,7.081163823e-09,0.09502922424,4.26445255e-09,0.1176296199,6.970361386e-10,0.084096701,0.1401132455
2014-03-31,rstr/A_high/spread_high,49949892.42,87.22204549,3.929595406,2.115534422,3.90788348,govt_2y,0.001593822275,0.008434234412,0.9244494301,0.0585529781,435.4818449,0.005536547511,0.3341100752,0.0001282670381,optimal,CLARABEL,0,,False,9,0.5835692513,2.44349381,True,1.321151204,-8.522441196e-05,0.002673648616,0.0008405147693,0.0001282670381,False,0.0003904431132,0.05999991297,False,2.653954786e-11,0.5835692513,False,6.642568259e-12,0.3341100752,4.078455136e-10,3.20766467e-09,0,4.276667962e-10,7.546193346e-09,0.5835692513,2.936016792e-09,0.06674028489,4.053109106e-09,0.2142217794,9.745382048e-10,0.1354686582,6.664305661e-09
2014-04-30,rstr/A_high/spread_high,50190358.5,77.87754912,3.508599891,2.034636876,3.456542759,govt_2y,0.001572847343,0.00765070568,0.9760036631,0.01926217344,533.8586078,0.005350834816,0.06956170201,1.915891753e-05,optimal,CLARABEL,0,,False,9,0.5983382678,2.32173663,True,1.287248225,-0.0001596424619,0.002229745847,0.0004277632974,1.915891753e-05,False,0.0002078712866,0.05999995532,False,8.379144054e-12,0.5983382678,False,1.744636395e-12,0.06956170201,1.751709399e-10,5.738147177e-10,0,3.609986963e-11,3.944938107e-09,0.5983382678,1.008202805e-09,0.03970230156,8.621268853e-10,0.2339882345,2.398016861e-10,0.1279711886,7.759669565e-10
2014-05-30,rstr/A_high/spread_high,50591122.64,93.94116412,4.232310363,2.328227194,4.120148711,govt_2y,0.001498412527,0.006295091575,0.9265318478,0.01942124695,266.3510075,0.004639928137,0.112231615,2.236478706e-05,optimal,CLARABEL,0,,False,9,0.6507744918,2.05737812,True,1.172033092,-0.0006851315689,0.002022453039,0.0002285612581,2.236478706e-05,True,0.0006739306241,0.05999998851,False,6.546978836e-12,0.6507744918,False,1.212300779e-12,0.112231615,1.649213231e-10,4.762153869e-10,0,1.708571962e-11,1.074371362e-09,0.6507744918,1.041860329e-09,0.01358866852,4.509646657e-10,0.2227610698,2.419151574e-10,0.1128757663,1.153495225e-10
2014-06-30,rstr/A_high/spread_high,50699024.28,129.7857713,5.847209473,2.984327726,5.905430325,govt_2y,0.001511018476,0.006977656144,0.9165946521,0.02584900088,255.4801199,0.004554124366,0.02206787614,3.303736187e-06,optimal,CLARABEL,0,,False,8,0.6441760302,2.099664774,True,1.211022021,-0.00123447901,0.002691763222,0.0007100587355,3.303736187e-06,False,2.297951047e-10,0.004143589618,False,1.639466534e-11,0.6441760302,False,2.95176284e-12,0.02206787614,3.244632428e-10,1.841608988e-09,3.453936667e-11,4.439612237e-11,0.006428315266,0.6441760302,4.529451981e-09,0.01354104955,8.83649885e-10,0.2163003648,9.72851829e-10,0.1195542314,1.204902274e-10
2014-07-31,rstr/A_high/spread_high,50559010.94,157.9945998,7.118095549,3.755821193,6.903933085,govt_2y,0.001518586464,0.006627824527,0.9492396437,0.03060914977,541.7214261,0.005079245502,0.1724488648,3.928632215e-05,optimal,CLARABEL,0,,False,9,0.5728534093,2.360870461,True,1.390655537,-0.001825770541,0.004076060792,0.002354301542,3.928632215e-05,True,0.004548068064,0.05999999595,False,3.391586097e-11,0.5728534093,False,7.949118349e-12,0.1724488648,6.086190396e-10,1.791124289e-09,0,6.837275707e-10,0.01001525519,0.5728534093,2.464284468e-09,9.132146988e-09,2.269689978e-09,0.2730326328,1.287776631e-09,0.1440986845,1.225813794e-11
2014-08-29,rstr/A_high/spread_high,51182078.35,86.17861297,3.882585873,2.054566051,3.980931925,govt_2y,0.001537376633,0.005374518954,0.9326528893,0.009721741831,198.906376,0.004402011303,0.1109171446,2.077761894e-05,optimal,CLARABEL,0,,False,9,0.6191338912,2.166900517,True,1.325000789,-0.0003669097815,0.001669943611,1.27936784e-05,2.077761894e-05,False,1.19145057e-10,0.04365308674,False,6.125357873e-12,0.6191338912,False,1.235844051e-12,0.1109171446,8.960505468e-11,3.013856335e-10,1.187832925e-10,9.163583768e-11,1.444159146e-09,0.6191338912,0.003116081458,1.113757436e-09,4.154581753e-10,0.2472043672,5.208225106e-10,0.130545656,7.597190208e-11
2014-09-30,rstr/A_high/spread_high,50858113.97,146.7378291,6.610946761,3.257870431,6.82632269,govt_2y,0.001557049931,0.006850802699,0.9505411949,0.01510142712,256.5623779,0.004521216433,0.06332257577,1.270399174e-05,optimal,CLARABEL,0,,False,8,0.6183625338,2.22679977,True,1.345865182,-0.001361990553,0.002999526371,0.0005069743047,1.270399174e-05,False,1.029848605e-10,0.01193813827,False,6.456184302e-12,0.6183625338,False,1.273378831e-12,0.06332257577,4.222401144e-11,8.022885796e-11,4.105937874e-11,6.083188163e-11,0.01992323645,0.6183625338,0.006454805845,3.274272874e-09,2.923698014e-10,0.217375787,2.901519992e-10,0.1378836328,4.303566544e-11
2014-10-31,rstr/A_high/spread_high,51369889.83,30.71711857,1.383891508,0.8003198151,1.936598849,govt_2y,0.001852775804,0.007618198554,0.958020325,0.003074576804,49.57710365,0.008364597247,0.3991599243,0.0001294698356,optimal,CLARABEL,0,,False,9,0.5552575952,2.579383244,True,1.52300777,0.004180647766,0.00214916888,0.0001273369951,0.0001294698356,False,2.611829199e-10,0.04875922179,False,7.93818664e-12,0.5552575952,False,2.205562324e-12,0.3991599243,6.353244853e-11,2.538578813e-10,1.506088971e-10,7.816325247e-11,5.279632671e-09,0.5552575952,0.1055110547,2.414712395e-09,1.341073823e-09,0.09644789404,4.575187018e-10,0.2427834458,2.369235526e-10
2014-11-28,rstr/A_high/spread_high,52109581.93,42.65947574,1.921927867,0.8951053662,3.258624246,govt_2y,0.001816349942,0.007896483699,0.950953334,0.008213558838,105.8922463,0.007609025333,0.2056236463,5.464715668e-05,optimal,CLARABEL,0,,False,8,0.6210822961,2.182830465,True,1.383493145,0.003491406978,0.002469867036,4.639493601e-05,5.464715668e-05,True,0.0009069465017,0.05999999629,False,6.003309032e-12,0.6210822961,False,1.28325357e-12,0.2056236463,3.569418166e-11,1.128212074e-10,7.926554645e-11,4.47216399e-11,0.0117527479,0.6210822961,0.1031581946,0.01635717989,8.338103024e-10,9.744400228e-08,3.987474702e-10,0.2476494823,1.966188645e-10
2014-12-31,rstr/A_high/spread_high,52163942.77,44.09847588,1.986758821,0.9983731919,4.117726735,govt_2y,0.00190279191,0.009836032553,0.9584970217,0.01109104064,108.489286,0.00784330717,0.03306614609,3.143670529e-06,optimal,CLARABEL,0,,False,8,0.6332122563,2.139920245,True,1.413596721,0.004478777902,0.002712826551,6.44662304e-05,3.143670529e-06,False,1.288190769e-10,0.01154472374,False,8.208850783e-12,0.6332122563,False,1.537805062e-12,0.03306614609,2.968399262e-11,2.097019622e-10,7.597054627e-11,1.139170826e-10,0.01178611163,0.6332122563,0.1093457217,0.01309973857,3.045231354e-10,1.938281739e-09,4.316547303e-10,0.2325561685,1.798888681e-10
2015-01-30,rstr/A_high/spread_high,53066182.67,39.11398893,1.762193839,1.107038251,4.192695933,govt_2y,0.002166487331,0.01312108759,0.960756851,0.01882359798,109.3029859,0.009525938284,0.1033940314,2.07957451e-05,optimal,CLARABEL,0,,False,10,0.5994950196,2.223828074,True,1.530429254,0.006477262919,0.003549340262,0.0001120021994,2.07957451e-05,False,3.119570454e-10,0.02686778799,False,1.268099723e-11,0.5994950196,False,2.680052296e-12,0.1033940314,4.572609316e-11,3.169983076e-10,1.482908352e-10,1.867623268e-10,1.407530358e-08,0.5994950196,0.1292642376,3.963403107e-09,5.393969454e-10,2.212201791e-09,5.364085725e-10,0.2712407201,6.873608196e-10
2015-02-27,rstr/A_high/spread_high,53248607.76,72.7300169,3.276689267,1.515482839,7.047293639,govt_2y,0.002398905105,0.01615759145,0.9852973605,0.04356917294,439.8067036,0.007683949692,0.2442199571,9.407319901e-05,optimal,CLARABEL,0,,False,8,0.667575004,2.023293204,True,1.445419519,0.003212085044,0.004294204414,0.0003586343916,9.407319901e-05,True,0.001485754094,0.05999999676,False,9.317226135e-12,0.667575004,False,1.764979431e-12,0.2442199571,2.968738284e-11,1.546193315e-10,1.013882019e-10,2.36803562e-09,0.04788992143,0.667575004,0.0829024548,0.003109507245,1.996544783e-09,1.676015011e-09,4.738414581e-10,0.1985231053,4.458418134e-10
2015-03-31,rstr/A_high/spread_high,53236073.61,63.11261027,2.843398386,1.249915769,5.615716354,govt_2y,0.00250217212,0.01169303236,0.9855711981,0.03280521739,644.2130647,0.007374650661,0.05985607053,3.554447522e-05,optimal,CLARABEL,0,,False,9,0.686892674,1.921198865,True,1.44365098,0.002219639575,0.003432409122,0.0003916428439,3.554447522e-05,False,4.793536404e-11,0.01484155671,False,4.136575129e-12,0.686892674,False,6.681052621e-13,0.05985607053,8.890765779e-12,7.392851562e-11,2.137422392e-11,1.376951333e-10,0.04830582899,0.686892674,0.05725618822,1.63138119e-09,9.310185956e-10,8.615750609e-10,2.995015323e-10,0.2075453047,1.819427747e-10
2015-04-30,rstr/A_high/spread_high,53074720.84,52.07177416,2.345978054,1.130632862,5.512761308,govt_2y,0.002390950342,0.01229523784,0.9954499324,0.03713433759,2081.132707,0.007643615183,0.1452844457,6.642153055e-05,optimal,CLARABEL,0,,False,9,0.6175083552,2.25279343,True,1.566276059,0.002652580044,0.003042285755,0.0006578762382,6.642153055e-05,True,0.001421581765,0.05999999453,False,1.332904533e-11,0.6175083552,False,2.749069273e-12,0.1452844457,4.424143575e-11,4.289866922e-10,1.119943645e-10,4.153321556e-10,0.1122616248,0.6175083552,0.05307240698,8.493145913e-09,4.189028511e-09,3.774179068e-09,9.705462453e-10,0.217157589,5.603423091e-09
2015-05-29,rstr/A_high/spread_high,53054803.44,76.18719576,3.432444777,1.20164677,5.926189725,govt_2y,0.002403890154,0.008586751573,0.9946861717,0.008032720103,790.6411022,0.005935590236,0.1971452334,6.792539587e-05,optimal,CLARABEL,0,,False,9,0.6345185845,2.168981556,True,1.605311264,0.0002785478276,0.002684168727,0.0006498692058,6.792539587e-05,False,4.38610382e-10,0.04550527357,False,9.782468236e-12,0.6345185845,False,1.995243482e-12,0.1971452334,3.727378686e-11,3.189145521e-10,2.250347602e-10,2.452647068e-10,0.1681419521,0.6345185845,4.603734604e-10,0.02556400226,1.437038747e-09,1.101900866e-09,1.711272072e-09,0.171775455,6.212221776e-10
2015-06-30,rstr/A_high/spread_high,52710169.88,27.71298024,1.248546732,0.7239078795,2.854251658,govt_2y,0.002435609881,0.007799624402,0.9866055719,0.01305077871,620.1687391,0.007125856685,0.1191585361,1.536040316e-05,optimal,CLARABEL,0,,False,9,0.5794831557,2.40143964,True,1.68111539,0.002482708802,0.001407205096,2.516503412e-05,1.536040316e-05,False,2.071760732e-10,0.04798439867,False,7.354187178e-12,0.5794831557,False,1.672056378e-12,0.1191585361,3.029680832e-11,4.263774646e-10,2.069876214e-10,2.134051696e-10,0.1659799061,0.5794831557,1.545415303e-09,0.02560160057,1.296460069e-09,1.639793895e-09,9.279147868e-10,0.2289353186,1.274101846e-08
2015-07-31,rstr/A_high/spread_high,53209753.44,35.08066242,1.580481278,0.9322069432,0.7912130373,govt_2y,0.002377623905,0.006573926045,0.9883269343,0.01538659551,1179.985931,0.005699006334,0.2302963469,6.891559849e-05,optimal,CLARABEL,0,,False,9,0.6540819244,2.105518014,True,1.534310813,0.002938988402,0.00113937337,0.0002775238314,6.891559849e-05,True,0.0002648775854,0.05999999434,False,3.019689703e-12,0.6540819244,False,5.907453216e-13,0.2302963469,1.3697498e-11,1.107128725e-10,6.722222452e-11,6.895337055e-11,0.1046857337,0.6540819244,7.688095373e-11,0.06118672336,2.056600125e-10,1.837926799e-09,4.574129533e-10,0.1800456143,1.405875744e-09
2015-08-31,rstr/A_high/spread_high,52596293.83,50.14659308,2.259243299,1.402572459,1.147453213,govt_2y,0.002369090478,0.01034292025,0.9891213492,0.02717301204,902.9667609,0.005375948073,0.1583585511,0.0001729315622,optimal,CLARABEL,0,,False,8,0.6614326338,2.134080031,True,1.567111495,0.003762925522,0.001449277544,0.0006252379285,0.0001729315622,True,0.0002729819368,0.0599999945,False,2.21125744e-12,0.6614326338,False,4.06727489e-13,0.1583585511,2.635922708e-12,5.974072596e-11,3.485459606e-11,3.156222678e-11,0.09728398109,0.6614326338,8.945822739e-11,0.09899524726,1.541739327e-10,0.04194072797,2.547455719e-10,0.1003474088,4.477175008e-10
2015-09-30,rstr/A_high/spread_high,52762552.61,91.16402794,4.107192664,2.215496664,2.225882154,govt_2y,0.002392079683,0.009256990857,0.974347651,0.04660287206,825.9978052,0.004863682771,0.364949628,0.0002633548566,optimal,CLARABEL,0,,False,9,0.6294241357,2.21183293,True,1.679604812,0.0047049903,0.002156522467,0.001564787866,0.0002633548566,False,0.001122658246,0.05999997833,False,2.721783219e-11,0.6294241357,False,6.468047212e-12,0.364949628,1.996440322e-10,1.073714185e-09,9.427763686e-10,4.809742236e-10,6.811286044e-09,0.6294241357,1.50573768e-10,0.138244863,1.781984417e-09,0.1863028097,1.100064851e-08,0.0460281667,2.523338905e-09
2015-10-30,rstr/A_high/spread_high,52889611.06,120.0972743,5.410715777,3.071303029,3.280360498,govt_2y,0.002319384601,0.009990220162,0.9684084687,0.0542674863,672.605372,0.005207694091,0.1978008581,7.335122531e-05,optimal,CLARABEL,0,,False,8,0.5753983458,2.582262272,True,1.78619366,0.006389019501,0.003257047418,0.004767863772,7.335122531e-05,True,0.007618047179,0.05999999916,False,9.232366721e-12,0.5753983458,False,2.177683464e-12,0.1978008581,1.097588352e-10,3.471107345e-10,1.125637921e-09,2.2035918e-10,1.147798817e-09,0.5753983458,5.328609609e-11,0.1754275411,1.988948507e-09,0.1389275205,0.05838237697,0.05186421036,2.344506523e-10
2015-11-30,rstr/A_high/spread_high,52774411.28,52.49784434,2.365173699,1.509297166,1.010237365,govt_2y,0.002348519617,0.008687397406,0.9745067372,0.0271281432,549.3046774,0.004231579279,0.358284712,0.0001286307752,optimal,CLARABEL,0,,False,8,0.6689592951,2.005548329,True,1.598445085,0.003735256642,0.0009400402178,0.0005057341779,0.0001286307752,True,0.0008185796988,0.0599999875,False,1.260300186e-11,0.6689592951,False,2.547371974e-12,0.358284712,9.747841339e-11,5.204874937e-10,2.164013822e-10,2.819585516e-10,0.03757983079,0.6689592951,6.706994672e-10,0.2134642163,8.750793051e-10,0.01841959707,1.152670279e-07,0.06157694199,8.499990327e-10
2015-12-31,rstr/A_high/spread_high,52634931.13,61.07106017,2.751420884,1.682830863,0.941639312,govt_2y,0.002249800981,0.009600732448,0.9928329225,0.03102950023,1813.04969,0.004871493911,0.2451462174,7.33166213e-05,optimal,CLARABEL,0,,False,8,0.5670871268,2.516701508,True,1.795361864,0.003988977266,0.00144930499,0.0009980032523,7.33166213e-05,True,0.001799635125,0.05999999829,False,6.663147588e-12,0.5670871268,False,1.65361811e-12,0.2451462174,3.463544353e-11,2.89397416e-10,1.357255863e-10,7.741537064e-11,0.03623237687,0.5670871268,2.513350791e-10,0.2527978064,4.429861934e-10,2.084843699e-09,0.06227042687,0.08161225929,3.679905207e-10
2016-01-29,rstr/A_high/spread_high,52960859.61,101.8317577,4.587803518,2.296024015,2.011573455,govt_2y,0.002361415259,0.009798845689,0.9869943692,0.02740531853,849.5982458,0.004666833199,0.2304081858,8.640466716e-05,optimal,CLARABEL,0,,False,8,0.5947579249,2.235496745,True,1.731742696,0.004894204013,0.002217827669,0.002051248288,8.640466716e-05,True,0.003053642052,0.05999999002,False,2.948537183e-11,0.5947579249,False,6.801248051e-12,0.2304081858,1.764021463e-10,8.965442095e-10,5.971109675e-10,8.609980647e-10,2.597867186e-08,0.5947579249,2.72359328e-10,0.297407701,3.666406088e-09,7.044621788e-09,0.05347553785,0.00714856127,0.04721023546
2016-02-29,rstr/A_high/spread_high,53156617.36,151.4758094,6.824405933,3.568560019,4.155116999,govt_2y,0.002407244006,0.01243327263,0.9836084353,0.02858293362,437.4376664,0.004316191982,0.1444019259,4.828743865e-05,optimal,CLARABEL,0,,False,9,0.6141831043,2.025733755,True,1.721873951,0.007844515895,0.002821920594,0.003095576041,4.828743865e-05,False,0.003634530616,0.05999998182,False,6.566256077e-11,0.6141831043,False,1.367974899e-11,0.1444019259,6.706290664e-10,4.965015589e-09,1.395664633e-09,4.436128748e-09,1.41203467e-08,0.6141831043,2.802278783e-10,0.3391269773,1.740826319e-08,0.01049331178,6.713641873e-08,5.557863092e-09,0.03619649067
2016-03-31,rstr/A_high/spread_high,53456251.4,63.2053833,2.847578069,1.827345452,1.067312639,govt_2y,0.002461719998,0.01087969468,0.9608622565,0.03068331781,259.8260435,0.004231184177,0.1134225606,1.755362604e-05,optimal,CLARABEL,0,,False,9,0.6317790346,1.960182515,True,1.659628353,0.004381935078,0.001131560892,3.027270017e-06,1.755362604e-05,False,1.648900769e-10,0.009845297762,False,1.307100856e-11,0.6317790346,False,2.552534687e-12,0.1134225606,7.709129751e-11,4.16872287e-10,2.316780197e-10,0.0006906379697,4.328321137e-09,0.6317790346,3.978517433e-10,0.3311966396,1.404350782e-09,1.050580481e-09,1.237692022e-09,0.03633367828,3.785372207e-10
2016-04-29,rstr/A_high/spread_high,53445512.01,30.35115595,1.367403875,0.8134885689,3.55339115,govt_2y,0.002398135997,0.008454512184,0.9674086619,0.01088893402,182.7545228,0.005796989283,0.3540175833,9.004735781e-05,optimal,CLARABEL,0,,False,8,0.4863353875,2.891402003,True,1.932009069,0.002196205516,0.001019953168,0.0001139589471,9.004735781e-05,True,0.001246681498,0.05999999869,False,4.281547082e-12,0.4863353875,False,1.33719489e-12,0.3540175833,3.00068444e-11,1.35688978e-10,1.504774258e-10,0.0176707052,0.1022615023,0.4863353875,1.90779275e-09,0.2994543177,4.178146015e-10,2.280122949e-07,1.12406472e-09,0.09427785525,1.755294647e-10
2016-05-31,rstr/A_high/spread_high,53390156.16,70.63989941,3.182523669,0.9166876173,4.420166919,govt_2y,0.002339663376,0.005466439027,0.8813213068,0.03538544152,407.9777894,0.005998422297,0.3575229333,0.0002274411799,optimal,CLARABEL,0,,False,8,0.4614558207,3.23304129,True,1.995593446,0.0003525115045,0.00254169917,0.0005275502447,0.0002274411799,False,0.0007257884327,0.05999997952,False,1.366538162e-11,0.4614558207,False,4.521022708e-12,0.3575229333,8.617824917e-11,2.60037186e-10,4.36802879e-11,0.04843388102,5.66593427e-09,0.4614558207,3.12845835e-10,0.2538983475,5.142094289e-08,0.1468859125,1.223987367e-09,0.08932597897,3.483060382e-10
2016-06-30,rstr/A_high/spread_high,54308328.03,55.59191533,2.504570191,0.6688930289,3.241232292,govt_2y,0.002573841927,0.004661786457,0.9487377946,0.02448932336,867.7167621,0.006461927669,0.1120271119,9.884101621e-05,optimal,CLARABEL,0,,False,8,0.4660580556,3.214937815,True,1.97415034,0.0003696141901,0.002321324324,0.0004128357799,9.884101621e-05,False,3.111081699e-10,0.04259660063,False,7.608337052e-12,0.4660580556,False,2.166107938e-12,0.1120271119,1.434355477e-10,2.235483894e-10,0,0.02771183345,5.325222026e-09,0.4660580556,1.728492968e-10,0.2227113805,4.147475512e-08,0.1822449528,3.494029439e-10,0.1012737296,3.328120898e-10
2016-07-29,rstr/A_high/spread_high,54651699.52,111.4829104,5.022614756,1.305469713,5.67340427,govt_2y,0.002587166152,0.006733836272,0.9587393528,0.02844595221,597.0893626,0.006313769863,0.07363495027,3.608582766e-05,optimal,CLARABEL,0,,False,7,0.4779177238,3.190415113,True,1.964206195,-0.0008806932418,0.004444120169,0.002254739392,3.608582766e-05,False,3.888826866e-10,0.006125904716,False,2.183670393e-11,0.4779177238,False,5.921547635e-12,0.07363495027,1.458729464e-09,1.727470566e-10,2.29630534e-10,0.02475585996,1.300828785e-08,0.4779177238,2.200677263e-10,0.2214246638,0.02169547508,0.1632323833,5.885805605e-10,0.09097387793,3.957730108e-10
2016-08-31,rstr/A_high/spread_high,54508428.03,136.3154147,6.141388043,1.788829134,8.06229642,govt_2y,0.002391096647,0.007054555757,0.8534366627,0.0467284313,265.8859652,0.00537306951,0.283475457,0.00017139427,optimal,CLARABEL,0,,False,7,0.5688454633,2.687556295,True,1.782969532,-0.001739338504,0.003935409113,0.002620712205,0.00017139427,False,0.001027998469,0.05999995503,False,5.220254198e-11,0.5688454633,False,1.331814404e-11,0.283475457,1.698619255e-10,1.105462143e-10,4.544969446e-10,0.05061552615,1.21361536e-08,0.5688454633,4.304245272e-09,0.1762340447,0.04664495664,0.06709095295,9.682275148e-10,0.09056903468,3.398993073e-09
2016-09-30,rstr/A_high/spread_high,54616416.61,152.515011,6.871224853,2.124753125,8.275527826,govt_2y,0.002365077665,0.006366856747,0.8980241743,0.04819810052,472.538767,0.005846871953,0.2714687621,7.736806741e-05,optimal,CLARABEL,0,,False,7,0.5106446467,3.119207671,True,1.912648498,-0.002184583585,0.00521386469,0.00353444839,7.736806741e-05,False,0.0006607928799,0.05999994567,False,3.54694755e-11,0.5106446467,False,1.005137622e-11,0.2714687621,3.733442188e-10,6.447298146e-11,1.906803327e-10,0.0330217992,4.408745647e-09,0.5106446467,5.565164245e-10,0.1340398428,0.07803308221,0.1714171062,6.247183613e-10,0.07284350196,1.458404259e-08
2016-10-31,rstr/A_high/spread_high,54193087.89,178.4556494,8.039922662,2.369313539,8.758268406,govt_2y,0.002344547672,0.004750349602,0.8431111837,0.05145794864,606.6168236,0.005930798446,0.3314322261,8.319509625e-05,optimal,CLARABEL,0,,False,5,0.4767712085,3.400241735,True,1.996352015,-0.002864504716,0.006277065078,0.005145764222,8.319509625e-05,True,0.001613530554,0.05999998763,False,1.744034665e-11,0.4767712085,False,5.477109674e-12,0.3314322261,3.637083047e-10,0,4.287593923e-11,0.02631298557,0.03444511398,0.4767712085,1.074710146e-10,0.1785037106,0.1588115831,0.07782845567,6.450265908e-10,0.04162497149,0.005701969931
2016-11-30,rstr/A_high/spread_high,53733342.18,68.90662787,3.104434972,0.7831510057,3.279921656,govt_2y,0.002873247458,0.002155709019,0.8045150975,0.01707824672,801.3936771,0.005955631695,0.4174574455,0.0001091563648,optimal,CLARABEL,0,,False,8,0.5703227362,2.660720363,True,1.691914892,-0.0009155938284,0.002444087006,0.001580051446,0.0001091563648,True,0.001236641289,0.05999998792,False,1.63537839e-11,0.5703227362,False,4.452746084e-12,0.4174574455,1.346669522e-09,1.346203074e-10,2.623487916e-10,2.778656372e-08,9.137144522e-10,0.5703227362,0,0.1304215933,0.06211728282,0.1467151906,1.864068011e-09,0.09042316298,1.810363634e-09
2016-12-30,rstr/A_high/spread_high,53956277.88,17.98699939,0.810364281,0.5631847893,1.073053316,govt_2y,0.002824398479,0.006266305227,0.9971103026,0.002549360228,865.3869491,0.008941023712,0.5633842176,0.0001636910918,optimal,CLARABEL,0,,False,8,0.6532445111,2.125291974,True,1.518146967,0.002707609363,0.001437914997,3.0579339e-05,0.0001636910918,True,0.0004582438111,0.05999999592,False,2.792185133e-12,0.6532445111,False,6.74314764e-13,0.5633842176,1.512777161e-10,3.627592141e-11,4.117658913e-11,1.355274566e-10,2.998918229e-10,0.6532445111,1.42853438e-10,0.08432274054,0.09112597031,0.002864736337,7.499435943e-10,6.773585881e-10,0.1684420395
2017-01-31,rstr/A_high/spread_high,53999392.82,21.81645528,0.9828919049,0.8028931436,0.969979122,govt_2y,0.002741683471,0.007244289492,0.9981470904,0.003055945419,1209.842866,0.009246922604,0.3209352357,7.357553561e-05,optimal,CLARABEL,0,,False,8,0.5587559182,2.675110085,True,1.715050522,0.002632897763,0.001865428611,0.0001023439347,7.357553561e-05,True,0.0008007523389,0.05999999237,False,6.67524376e-12,0.5587559182,False,1.75523542e-12,0.3209352357,1.264819893e-09,1.243806622e-10,7.612434958e-11,3.457107621e-10,6.213343133e-10,0.5587559182,2.784637292e-10,0.03896474351,0.1817181987,0.0732342837,7.685333518e-10,3.322745417e-09,0.1473268491
2017-02-28,rstr/A_high/spread_high,54376461.41,51.98924557,2.342259912,1.224852544,1.611779921,govt_2y,0.002668850637,0.006799362703,0.988103303,0.01114457044,784.0038905,0.006444481659,0.3992413708,8.466961698e-05,optimal,CLARABEL,0,,False,9,0.6199617432,2.293395509,True,1.615251296,5.643142795e-05,0.002159183234,0.0009432422995,8.466961698e-05,False,5.982677819e-10,0.05218502937,False,9.150246967e-12,0.6199617432,False,2.173676072e-12,0.3992413708,8.035719622e-10,1.042990898e-10,8.105278387e-11,4.86425246e-09,6.119247385e-10,0.6199617432,3.373139852e-10,7.507191366e-09,0.1715028797,0.08805961211,4.991438517e-08,0.1204756992,1.65243802e-09
2017-03-31,rstr/A_high/spread_high,54382585.86,74.92280073,3.375480269,1.456731356,2.89945541,govt_2y,0.00267193761,0.006739825941,0.9582108153,0.01634688865,338.2758916,0.005637807203,0.2779647452,5.60537969e-05,optimal,CLARABEL,0,,False,8,0.7016745322,1.886391088,True,1.430336085,-0.0002491474789,0.002381411486,0.0006668951007,5.60537969e-05,False,1.594671768e-10,0.04654778413,False,1.254473318e-11,0.7016745322,False,2.180136436e-12,0.2779647452,2.719104397e-10,5.92922967e-11,1.777585375e-11,0.00406527203,7.211118688e-10,0.7016745322,2.805633814e-10,1.68477492e-09,0.05043908613,0.06956255949,1.334226103e-09,0.1742585456,1.839477496e-10
2017-04-28,rstr/A_high/spread_high,54593998.12,90.71149304,4.08680471,1.587149516,4.128079311,govt_2y,0.002595908408,0.005745154148,0.9484024129,0.02049047607,475.0040072,0.005434303517,0.09760627189,4.024893439e-05,optimal,CLARABEL,0,,False,8,0.6829492401,1.966333323,True,1.45854011,-0.001260876776,0.002678860491,0.001413461517,4.024893439e-05,False,7.212933798e-11,0.009981213272,False,7.167438135e-12,0.6829492401,False,1.194741092e-12,0.09760627189,9.994629755e-11,6.765784606e-12,3.976541016e-11,0.02132214303,4.581908499e-10,0.6829492401,7.887012471e-11,1.269880867e-09,0.01873319375,0.09994700801,6.611570644e-10,0.1770484125,4.247840001e-11
2017-05-31,rstr/A_high/spread_high,54860655.16,109.3404265,4.926089904,1.73059662,5.236690844,govt_2y,0.002460389705,0.006193346379,0.9675697337,0.01887122274,593.0964171,0.005706707365,0.2356012613,4.480976757e-05,optimal,CLARABEL,0,,False,8,0.5856972452,2.504836474,True,1.596892069,-0.001089712206,0.003560835979,0.001962113327,4.480976757e-05,False,0.0005400336373,0.05999998626,False,1.688671625e-11,0.5856972452,False,3.972184503e-12,0.2356012613,1.426379026e-10,1.926874946e-10,0,0.02119214956,1.423085945e-09,0.5856972452,0,4.542140841e-09,0.07800542922,0.1593975428,1.38246426e-09,0.1557076252,4.308308274e-10
2017-06-30,rstr/A_high/spread_high,54910344.74,127.3219798,5.736208825,2.270090969,6.388408363,govt_2y,0.002352235593,0.006009173045,0.9643799424,0.01680201364,511.5268688,0.005942446289,0.1867084591,4.884566143e-05,optimal,CLARABEL,0,,False,8,0.5051028754,2.907757908,True,1.749263289,-0.001380070677,0.00449607879,0.00140558972,4.884566143e-05,False,1.143522017e-09,0.05178103404,False,2.919030852e-11,0.5051028754,False,8.118034602e-12,0.1867084591,2.313313997e-10,1.183732265e-09,0,0.006951767729,3.632737769e-09,0.5051028754,0,7.055904346e-08,0.09509844622,0.2319361731,1.993913465e-09,0.1609106596,3.844335256e-10
2017-07-31,rstr/A_high/spread_high,55307707.12,111.2816254,5.013546305,2.108673476,5.886474069,govt_2y,0.002253981912,0.006029042918,0.9799287458,0.01202858068,640.5458328,0.005844466765,0.07273236522,1.233665163e-05,optimal,CLARABEL,0,,False,9,0.482382446,2.962215047,True,1.77566175,-0.000985281906,0.003801134587,0.0008596226369,1.233665163e-05,False,3.817693537e-10,0.01350288135,False,2.229758527e-11,0.482382446,False,6.088134525e-12,0.07273236522,2.952928781e-10,2.111071979e-09,9.318422671e-11,1.584073318e-09,1.676144621e-09,0.482382446,2.047166884e-11,3.104122545e-08,0.09456982052,0.268375686,7.981900638e-10,0.1546720073,2.630454109e-09
2017-08-31,rstr/A_high/spread_high,55493424.47,153.0111989,6.893579496,2.934192352,7.228221894,govt_2y,0.002078237676,0.006050128575,0.9624940179,0.01493649124,426.4490424,0.005365448349,0.1668796487,2.953379322e-05,optimal,CLARABEL,0,,False,8,0.5225840892,2.689755629,True,1.682623243,-0.00226444738,0.004404891901,0.001315646282,2.953379322e-05,False,1.74516794e-10,0.027623554,False,9.022884213e-12,0.5225840892,False,2.36826471e-12,0.1668796487,1.149850785e-09,3.67209043e-10,1.987502329e-10,9.501237375e-10,8.122061792e-10,0.5225840892,4.544777517e-12,0.01861330686,0.0234970151,0.2566580156,5.613450332e-10,0.178647569,2.428537814e-10
2017-09-29,rstr/A_high/spread_high,55629960.61,163.5687723,7.3692275,2.844961664,8.052417528,govt_2y,0.002084683005,0.005613004438,0.933315945,0.02173733934,411.6683015,0.005299388203,0.06034416385,1.038283698e-05,optimal,CLARABEL,0,,False,7,0.5104565215,2.834940306,True,1.689958048,-0.002490937717,0.004593586124,0.002075207816,1.038283698e-05,False,3.521228876e-10,0.006892080083,False,2.010824317e-11,0.5104565215,False,5.086677219e-12,0.06034416385,1.241904237e-09,4.247626465e-10,6.70337649e-10,0.003212485818,3.129973437e-09,0.5104565215,1.07850735e-10,0.02166113055,0.0472700774,0.2429780271,1.852267595e-09,0.1744217492,9.959914304e-10
2017-10-31,rstr/A_high/spread_high,55864866.9,176.1886291,7.937787099,3.325481992,8.180672517,govt_2y,0.002005302975,0.006590630034,0.9523395768,0.01640425325,312.2094138,0.005054843457,0.2237621181,3.505653308e-05,optimal,CLARABEL,0,,False,8,0.5227436693,2.779404396,True,1.696629855,-0.002701190634,0.004501873604,0.001780674759,3.505653308e-05,False,1.335249624e-10,0.02985121345,False,6.085176715e-12,0.5227436693,False,1.659853135e-12,0.2237621181,1.328546993e-09,3.362046406e-10,4.683249995e-11,1.062480566e-09,3.996732911e-10,0.5227436693,0,1.15451594e-08,0.08008297452,0.2648370268,4.282828261e-10,0.09086619631,0.04147011798
2017-11-30,rstr/A_high/spread_high,56079681.52,184.0250663,8.290840361,3.513106515,7.974226236,govt_2y,0.001955484588,0.006533868688,0.9629596724,0.01619732988,401.3960307,0.005094459198,0.2437010294,4.436285049e-05,optimal,CLARABEL,0,,False,8,0.5198409453,2.678060738,True,1.767245839,-0.002917686096,0.00477609723,0.001819819169,4.436285049e-05,False,5.062428888e-10,0.03893120057,False,1.580423732e-11,0.5198409453,False,4.3789532e-12,0.2437010294,0.008058994883,4.840703334e-10,2.000852866e-10,8.27551479e-10,1.745077773e-09,0.5198409453,0,0.02794419105,2.223933542e-08,0.2650132602,1.760162091e-09,0.1791425803,1.024619702e-09
2017-12-29,rstr/A_high/spread_high,56385931.44,201.7008215,9.087182229,3.902433677,8.676298545,govt_2y,0.001923651396,0.006515839705,0.9618005977,0.01413358345,341.709239,0.004797248416,0.1165173142,2.410785465e-05,optimal,CLARABEL,0,,False,8,0.504408168,2.88586001,True,1.870385356,-0.003229384989,0.004641860487,0.001746757142,2.410785465e-05,False,0.0007925769917,0.05999996022,False,2.843354369e-11,0.504408168,False,7.712295042e-12,0.1165173142,0.008700321536,6.572391681e-10,1.675588308e-11,3.300017808e-09,6.683194308e-09,0.504408168,1.048535318e-10,0.07040228566,2.92264496e-08,0.2210070048,2.918047644e-09,0.1954821765,5.572449626e-10
2018-01-31,rstr/A_high/spread_high,56603798.71,229.4650163,10.33803632,4.368520859,9.517435933,govt_2y,0.001899761567,0.006571587132,0.9618030985,0.008515371715,202.4119582,0.004232973234,0.1723104528,2.530369348e-05,optimal,CLARABEL,0,,False,8,0.576472586,2.519593349,True,1.708548242,-0.004628650947,0.00411156848,0.001974503838,2.530369348e-05,False,0.0004243540984,0.05999998671,False,1.055334217e-11,0.576472586,False,2.490910766e-12,0.1723104528,0.0140763684,4.259735513e-10,3.292785027e-11,2.584896864e-10,6.122843568e-10,0.576472586,0,0.07334273511,7.610690853e-09,0.203459691,1.117843219e-09,0.132648609,4.213015975e-10
2018-02-28,rstr/A_high/spread_high,55910938.6,254.5487565,11.46812849,5.247089672,10.71828992,govt_2y,0.001939655923,0.01009466439,0.955228787,0.06441438913,555.4683605,0.005199716699,0.2232570822,6.481037241e-05,optimal,CLARABEL,0,,False,7,0.5294615106,2.928157257,True,1.802729887,-0.006871207256,0.006882248414,0.005613764376,6.481037241e-05,True,0.008332530118,0.0599999979,False,1.640074747e-11,0.5294615106,False,4.393516395e-12,0.2232570822,0.02951520958,1.346367364e-10,7.671571491e-10,7.181996291e-10,0.05526588822,0.5294615106,0,0.1144480088,6.559930693e-10,0.1962930467,9.472130365e-09,0.07501632246,1.905168254e-09
2018-03-29,rstr/A_high/spread_high,55974813.45,123.9425919,5.583958013,2.889533358,4.923879964,govt_2y,0.001872469933,0.007176316099,0.9635722144,0.04029440655,841.4312581,0.004340319298,0.4014145117,0.0001546422593,optimal,CLARABEL,0,,False,7,0.6083476951,2.441030016,True,1.640180841,-0.003736452116,0.002334876605,0.0027706059,0.0001546422593,True,0.002759275008,0.05999999415,False,1.673651208e-11,0.6083476951,False,4.190449249e-12,0.4014145117,0.03056931493,3.537561476e-10,6.391844946e-09,2.94358234e-09,1.229998226e-08,0.6083476951,4.205275321e-10,0.155647869,1.37543789e-09,0.05325598516,0.07596695305,0.07621215859,3.796149722e-10
2018-04-30,rstr/A_high/spread_high,55705628.24,131.9543222,5.944908714,2.707277018,5.248920548,govt_2y,0.001904754769,0.005343615521,0.9196028665,0.04626638853,807.6066545,0.00426234062,0.409860639,0.0002970220052,optimal,CLARABEL,0,,False,7,0.6557378936,2.104239077,True,1.543920014,-0.00389561876,0.002397286424,0.0028635292,0.0002970220052,True,0.002182481406,0.05999999423,False,1.602588458e-11,0.6557378936,False,3.474135473e-12,0.409860639,0.03169969439,6.062948066e-10,0.03706515368,4.405732666e-10,0.0606692809,0.6557378936,6.773127413e-10,0.1971469222,2.939240207e-09,1.654591318e-08,4.324145243e-09,2.700507038e-09,0.01768102701
2018-05-31,rstr/A_high/spread_high,55902407.49,75.46784867,3.400036192,1.973623247,2.492265811,govt_2y,0.002214322692,0.005500823235,0.9723293748,0.009697960148,451.734489,0.004131821437,0.2812244702,0.0001268633626,optimal,CLARABEL,0,,False,7,0.6873675174,1.981483404,True,1.565646968,-0.002630922097,0.001288383217,0.000729017808,0.0001268633626,True,0.001010871144,0.05999999387,False,8.915006359e-12,0.6873675174,False,1.622649953e-12,0.2812244702,0.03936864142,8.819648382e-10,3.573338442e-10,5.970201018e-10,6.769791705e-10,0.6873675174,0.002124736818,0.153941526,0.05234299114,4.723464557e-10,8.567000948e-10,4.827294324e-10,0.06485458282
2018-06-29,rstr/A_high/spread_high,55772605.77,97.40987887,4.388585597,2.175187181,3.384134472,govt_2y,0.002126331328,0.00561014971,0.9201644447,0.01191537289,189.9680699,0.004242371338,0.1918993482,3.46931132e-05,optimal,CLARABEL,0,,False,8,0.7385828832,1.76033683,True,1.448352971,-0.002125450215,0.001753155196,0.000784364492,3.46931132e-05,True,0.001205044236,0.05999999625,False,7.603607929e-12,0.7385828832,False,1.103708118e-12,0.1918993482,0.04174253495,1.26418073e-10,1.514725651e-11,3.343950148e-10,4.951115872e-10,0.7385828832,0.01811856503,0.1104032275,2.135126323e-09,3.107321862e-10,4.863225627e-10,1.723585606e-10,0.09115278521
2018-07-31,rstr/A_high/spread_high,55611217.36,57.66260546,2.597860532,1.573463858,1.865534088,govt_2y,0.002073645122,0.005360584662,0.9607825173,0.008903239241,309.9354357,0.005211395444,0.1171420833,2.342857239e-05,optimal,CLARABEL,0,,False,8,0.7205377856,1.839264335,True,1.500068622,-0.0002977354676,0.001566038086,0.0001949267564,2.342857239e-05,True,0.001186671889,0.05999999441,False,9.629235484e-12,0.7205377856,False,1.464511485e-12,0.1171420833,0.04260292839,1.973486676e-10,7.257741489e-12,1.867116067e-10,5.806555002e-10,0.7205377856,0.03944065196,0.06987090867,1.28202578e-09,3.665289574e-10,8.233448034e-10,5.222385058e-10,0.1275477214
2018-08-31,rstr/A_high/spread_high,56009771.5,41.93197193,1.889151801,1.392274007,1.304865056,govt_2y,0.001976026413,0.005981661734,0.9928353503,0.004505362938,678.3851807,0.006002287046,0.1224300147,3.157502778e-05,optimal,CLARABEL,0,,False,7,0.737963208,1.738566337,True,1.46869373,0.0005544536607,0.001510702013,0.0001411704306,3.157502778e-05,True,0.0004129332063,0.05999999017,False,7.021355161e-12,0.737963208,False,9.819784912e-13,0.1224300147,0.02857152404,2.317801507e-10,3.174479484e-11,7.569792445e-11,6.256083582e-10,0.737963208,0.03297860184,0.02921488272,5.934832686e-09,8.819365958e-10,4.73941534e-10,0.004480392373,0.1667913828
2018-09-28,rstr/A_high/spread_high,55586943.26,75.92450567,3.420609859,1.801406456,2.836492381,govt_2y,0.002002944226,0.006350850254,0.9890015022,0.006410612499,558.8869186,0.004818560736,0.134374016,2.593779248e-05,optimal,CLARABEL,0,,False,6,0.7411335203,1.766014683,True,1.475148148,-0.0004742116038,0.001762855228,0.0006903345122,2.593779248e-05,False,2.509332204e-10,0.0232912115,False,2.406402578e-11,0.7411335203,False,3.367420907e-12,0.134374016,0.01891120535,3.972192442e-10,2.853731807e-11,3.056377129e-10,1.362914196e-08,0.7411335203,0.0285989553,0.04498956095,0.02765836204,1.619280648e-09,1.895571366e-09,0.02822496522,0.110483413
2018-10-31,rstr/A_high/spread_high,54569884.42,32.54687079,1.466326927,1.140627773,0.9857533484,govt_2y,0.002015752218,0.006382197387,0.9686794048,0.007022863195,215.0925599,0.005841043579,0.3986332141,0.0001959153757,optimal,CLARABEL,0,,False,9,0.8150592119,1.46377789,True,1.472683652,0.0009679621553,0.001110427306,4.749579667e-06,0.0001959153757,False,0.0004822006797,0.05999998498,False,1.907590647e-11,0.8150592119,False,2.203200945e-12,0.3986332141,0.06016384241,2.960245337e-10,2.153616225e-11,2.827375751e-10,1.614128795e-09,0.8150592119,3.647270272e-09,0.001405241076,4.272553919e-09,2.625689307e-09,1.307714335e-09,0.1233716882,2.263707174e-09
2018-11-30,rstr/A_high/spread_high,54555091.14,103.392289,4.658109787,1.55246278,5.493707277,govt_2y,0.002081769434,0.004235821396,0.7839486005,0.03052788044,339.5772596,0.00226581728,0.304928393,0.0001973050813,optimal,CLARABEL,0,,False,7,0.9475041716,1.112617727,True,1.093062862,0.00309744271,0.0005308085619,0.002258914941,0.0001973050813,False,0.0003224015273,0.05999998162,False,1.522879668e-10,0.9475041716,False,4.774080124e-12,0.304928393,0.02954770591,3.670650143e-09,6.456302134e-10,2.02367694e-10,1.613359685e-08,0.9475041716,4.403161983e-10,0.005770742097,0.006571478532,0.002921285645,7.918101988e-08,2.491407185e-08,0.00768449098
2018-12-31,rstr/A_high/spread_high,54751124.41,83.02797296,3.74064079,1.355143299,3.017560529,govt_2y,0.002274920808,0.003681072991,0.8884450315,0.00931885469,251.1175488,0.002175910243,0.07981963379,9.774904123e-05,optimal,CLARABEL,0,,False,10,0.9470616563,1.112215365,True,0.985733115,0.002890164366,0.0003931030275,0.001203388224,9.774904123e-05,False,7.329956196e-10,0.03891982862,False,2.115362898e-10,0.9470616563,False,5.853938104e-12,0.07981963379,1.49479735e-09,2.597067445e-09,9.456626429e-10,1.241906662e-09,4.436064023e-09,0.9470616563,3.232328649e-10,2.813789535e-08,0.04621035046,9.651433007e-09,5.17224472e-09,2.599564547e-08,0.006727913256
2019-01-31,rstr/A_high/spread_high,54953450.1,123.3675529,5.558050907,2.411549884,4.395432414,govt_2y,0.002298578931,0.006647862003,0.9199820219,0.01451002981,164.3903142,0.002319528933,0.07151323312,1.725982575e-05,optimal,CLARABEL,0,,False,10,0.9546191362,1.096081528,True,1.006271552,0.004932069778,0.0006637438929,0.001624573654,1.725982575e-05,False,6.120843501e-10,0.02997867858,False,3.416948435e-10,0.9546191362,False,8.067062074e-12,0.07151323312,1.241178165e-09,4.601600547e-09,3.538015887e-09,8.761287721e-09,2.9568566e-08,0.9546191362,8.927550324e-10,0.0252878096,0.02009289237,1.522822996e-08,8.530076472e-08,5.230931792e-09,7.494257037e-09
2019-02-28,rstr/A_high/spread_high,54890804.69,23.57000819,1.061894334,0.6593260913,0.7764692558,govt_2y,0.002110045226,0.003121419652,0.8290483448,0.003455374149,87.24668045,0.003082318033,0.266343379,7.528386281e-05,optimal,CLARABEL,0,,False,8,0.8213449482,1.460151028,True,1.215976827,0.001269743575,0.0002239312105,1.540121766e-05,7.528386281e-05,False,3.59464949e-11,0.04506673298,False,7.60779652e-12,0.8213449482,False,7.850627587e-13,0.266343379,2.647202868e-10,1.262212017e-10,3.766581272e-10,0.01734669711,0.0732174471,0.8213449482,3.322180987e-10,0.02518500169,0.06290589577,7.311112913e-09,3.336784974e-10,1.260991243e-09,1.529950651e-10
2019-03-29,rstr/A_high/spread_high,55263392.54,36.36823868,1.638490164,0.4194555086,1.821599155,govt_2y,0.002308096422,0.002079538941,0.7230798219,0.008356864063,311.5343017,0.003857514358,0.2241359416,3.71793333e-05,optimal,CLARABEL,0,,False,8,0.7403432293,1.728276476,True,1.391445051,-0.0002010991421,0.000541174558,9.417314116e-05,3.71793333e-05,False,1.018137116e-10,0.02474232153,False,1.385239001e-11,0.7403432293,False,2.062649846e-12,0.2241359416,4.115836809e-10,3.096574586e-10,1.971636435e-10,0.02687527937,0.04373850929,0.7403432293,3.481503656e-10,0.02381380151,0.1652289178,7.084866964e-09,9.174746057e-10,2.52224288e-07,1.21534746e-09
2019-04-30,rstr/A_high/spread_high,55291049.53,73.80919787,3.325309367,0.8775294943,3.728486612,govt_2y,0.002264558994,0.003068071023,0.8774435195,0.01032521101,366.70903,0.004324668719,0.3303079223,6.935496085e-05,optimal,CLARABEL,0,,False,7,0.6534036325,2.175334527,True,1.555867042,-0.0005516955962,0.001380435679,0.0003547976974,6.935496085e-05,False,1.233691379e-10,0.04554678041,False,4.880478126e-12,0.6534036325,False,1.165866182e-12,0.3303079223,2.331404261e-10,1.110693032e-10,4.327042821e-11,2.117689893e-10,0.1187148248,0.6534036325,6.507116107e-11,0.06675750851,0.1144549048,0.01984171426,3.588034846e-10,0.02682741401,1.363988698e-11
2019-05-31,rstr/A_high/spread_high,55579924.49,62.70892466,2.825211228,0.7869247439,2.864000939,govt_2y,0.002605400742,0.002715821542,0.8287839271,0.008238949162,274.4221011,0.004275374233,0.4023902341,8.87581887e-05,optimal,CLARABEL,0,,False,8,0.7042820627,1.915911466,True,1.473122299,-0.0007394821577,0.001146245449,0.0002339424831,8.87581887e-05,False,1.687424341e-10,0.02630965621,False,1.622399136e-11,0.7042820627,False,3.006899657e-12,0.4023902341,9.932070556e-10,5.832057428e-10,1.962216887e-10,4.760784762e-10,6.70454424e-07,0.7042820627,2.541899878e-10,0.09282310462,0.0326753651,0.1147786989,1.324146056e-09,0.05544009429,1.410422661e-10
2019-06-28,rstr/A_high/spread_high,56197592.11,34.635708,1.560434845,0.6316548304,1.87628149,govt_2y,0.002750228601,0.005313285875,0.947657496,0.005492052787,146.7904841,0.005780364259,0.3014825368,7.127151902e-05,optimal,CLARABEL,0,,False,7,0.5661749692,2.722722567,True,1.956353223,0.001413766399,0.001157269437,2.125867329e-06,7.127151902e-05,False,1.211285682e-10,0.04004346455,False,6.958567819e-12,0.5661749692,False,1.787305447e-12,0.3014825368,3.608957276e-10,3.414513935e-10,1.085270491e-10,3.02883481e-10,0.1264720203,0.5661749692,7.007411282e-10,0.098527873,0.03326837509,0.1352417901,8.521752413e-10,0.04031496949,2.003360745e-10
2019-07-31,rstr/A_high/spread_high,56092652.68,101.5983953,4.577289896,1.375869394,5.100407161,govt_2y,0.002715152263,0.004129285453,0.8343759306,0.01016099257,150.879826,0.005056860751,0.2859042963,6.518579323e-05,optimal,CLARABEL,0,,False,8,0.5981551133,2.37532801,True,2.054207666,-0.001249650347,0.002598057976,0.0005596729802,6.518579323e-05,False,2.229707869e-10,0.03033438662,False,1.170406495e-11,0.5981551133,False,2.745592158e-12,0.2859042963,1.033971525e-09,2.913834508e-10,9.893608664e-11,4.73978295e-10,1.640105316e-08,0.5981551133,5.619443183e-11,0.1313499917,0.01700134853,0.2090073202,6.139994601e-10,0.04448620726,6.149208223e-11
2019-08-30,rstr/A_high/spread_high,56846800.79,84.66406555,3.814351305,0.9940893714,4.500376761,govt_2y,0.003403878606,0.006541800428,0.9244210882,0.01036846266,128.1373363,0.005570036845,0.1332258776,1.842771223e-05,optimal,CLARABEL,0,,False,8,0.6379127918,2.213211369,True,1.967139125,-0.0006623420267,0.002626728918,0.0008746414272,1.842771223e-05,False,1.053389392e-10,0.0149678652,False,5.612806926e-12,0.6379127918,False,1.089248278e-12,0.1332258776,2.106304256e-10,8.500650177e-11,1.15242139e-11,5.386502698e-10,6.060428488e-09,0.6379127918,5.469293318e-11,0.1149974074,0.0168542944,0.1645481729,3.959247057e-10,0.06568732609,6.898166503e-11
2019-09-30,rstr/A_high/spread_high,56643407.3,113.9899333,5.135563099,1.361663506,5.986094624,govt_2y,0.003731620195,0.01046950672,0.9526733768,0.01625792304,123.4622387,0.005260634727,0.5099420415,0.0001227977677,optimal,CLARABEL,0,,False,7,0.6388765085,2.172332684,True,1.934757998,-0.002253730501,0.003154589073,0.001728203595,0.0001227977677,False,1.351801217e-05,0.05999958549,False,1.888307933e-11,0.6388765085,False,4.638984995e-12,0.5099420415,9.589746383e-10,3.711065763e-10,1.718689099e-10,2.257405737e-08,0.05710457367,0.6388765085,7.367621431e-10,0.03805975171,0.2139671179,0.03881132263,1.866835578e-09,0.01318069843,4.265813522e-10
2019-10-31,rstr/A_high/spread_high,56660142.23,73.01120685,3.289357655,0.9074652334,4.113757375,govt_2y,0.003865833569,0.008429514275,0.961684436,0.01025601738,147.7154513,0.005292269626,0.1208218751,2.395651425e-05,optimal,CLARABEL,0,,False,6,0.6758365182,2.005219438,True,1.836541806,-0.0009116552362,0.002044906482,0.000800834853,2.395651425e-05,False,3.240945549e-10,0.02300338719,False,1.585149031e-11,0.6758365182,False,2.743658076e-12,0.1208218751,5.228580668e-10,4.235736588e-10,2.340180392e-10,0.003681519985,0.052060081,0.6758365182,5.854201684e-10,0.007276845097,0.1885435075,0.05846644104,7.598340077e-10,0.01413508413,4.67673935e-10
2019-11-29,rstr/A_high/spread_high,56599702.8,90.71443184,4.086937112,1.097999932,4.748869031,govt_2y,0.003633690182,0.0046388633,0.8420848924,0.01308449109,160.7892512,0.004864000271,0.3029253094,5.185369264e-05,optimal,CLARABEL,0,,False,8,0.7554657525,1.696131585,True,1.665432109,-0.002293090449,0.002146167262,0.001192124522,5.185369264e-05,False,3.804600608e-10,0.02294627184,False,2.293042481e-11,0.7554657525,False,3.313789274e-12,0.3029253094,1.055500042e-09,7.803525542e-10,1.843165414e-10,0.01152082648,3.973343743e-08,0.7554657525,3.477978224e-10,1.773654399e-08,0.09688880969,0.07368713276,6.108666244e-10,0.06243741779,3.028119186e-10
2019-12-31,rstr/A_high/spread_high,56786529.99,90.53711341,4.078948424,1.292867826,4.887886331,govt_2y,0.003328754354,0.005423455071,0.896785355,0.0135026125,180.3693947,0.005234108179,0.2169777665,3.349137095e-05,optimal,CLARABEL,0,,False,9,0.7413301553,1.7212594,True,1.690755056,-0.001876132609,0.002480344657,0.0009867955466,3.349137095e-05,False,5.086585418e-10,0.003650370021,False,2.820182292e-11,0.7413301553,False,4.106507412e-12,0.2169777665,9.183261992e-10,6.853603129e-10,1.333670615e-10,8.336149784e-09,3.918669886e-09,0.7413301553,9.602001506e-10,8.734315027e-09,0.01268746455,0.1451826941,1.057678955e-09,0.1007996608,5.276741863e-10
2020-01-31,rstr/A_high/spread_high,57126083.78,109.5082559,4.933651083,1.58760708,5.289011269,govt_2y,0.003334514336,0.003529893013,0.6751936604,0.01173095348,133.0997859,0.004734317872,0.3075313547,6.357639865e-05,optimal,CLARABEL,0,,False,8,0.7118355965,1.86455903,True,1.74845289,-0.003134584157,0.002454492391,0.0009719318023,6.357639865e-05,False,1.708410781e-10,0.009409309608,False,8.482814882e-12,0.7118355965,False,1.499537809e-12,0.3075313547,1.479497898e-09,1.434798019e-10,7.087130042e-11,0.01878684377,4.786167907e-10,0.7118355965,4.58288232e-11,1.673352594e-09,0.1474891038,0.06709014884,2.629934308e-10,0.05479830275,2.653114293e-10
2020-02-28,rstr/A_high/spread_high,57105530.14,106.206354,4.784891232,1.280845293,5.769489986,govt_2y,0.004158239903,0.006313657323,0.9224166978,0.01270862309,164.4285941,0.005112454286,0.147694819,2.919007153e-05,optimal,CLARABEL,0,,False,8,0.7327320312,1.765143326,True,2.126767925,-0.003273819166,0.002775935528,0.0009570288567,2.919007153e-05,False,1.270737662e-09,0.005241465809,False,6.798356151e-11,0.7327320312,False,1.028400247e-11,0.147694819,7.663541621e-10,1.048540976e-09,1.070878971e-09,0.06890317287,4.960599912e-09,0.7327320312,1.830914689e-10,2.805707374e-08,0.15414372,0.03060522872,3.98179801e-09,0.01361580449,2.644331313e-09
2020-03-31,rstr/A_high/spread_high,56412741.76,65.93041704,2.970348408,0.6752350238,3.663027711,govt_2y,0.005109513644,0.01062468356,0.9808814853,0.02440414133,439.1122262,0.006753334307,0.3502315435,0.0008501174052,optimal,CLARABEL,0,,False,7,0.8219681535,1.45841172,True,1.547569378,-0.001240035938,0.003006923095,0.002057082355,0.0008501174052,False,0.0006862267722,0.05999997878,False,8.691003024e-11,0.8219681535,False,9.381963819e-12,0.3502315435,1.643987936e-09,4.406193198e-10,2.460454751e-09,0.03786458983,0.01561875143,0.8219681535,1.666255067e-10,0.08702782594,0.02548228954,4.001958936e-10,2.174022286e-09,0.01203838165,7.968134375e-10
2020-04-30,rstr/A_high/spread_high,56765913.77,85.70057132,3.861048769,2.326396087,1.916592757,govt_2y,0.004727286429,0.02073459179,0.9670294561,0.06635663764,183.0682647,0.005026193022,0.2032881261,0.0002146853121,optimal,CLARABEL,0,,False,10,0.9192257646,1.176905445,True,1.274242263,0.008721383175,0.00216502065,0.005298986105,0.0002146853121,False,2.720208359e-09,0.03256533578,False,5.005430417e-10,0.9192257646,False,2.274543261e-11,0.2032881261,2.088531122e-09,2.420651817e-09,1.451488635e-09,1.590944072e-08,1.61054037e-08,0.9192257646,5.006334761e-09,0.06729148647,3.439809024e-09,2.105118514e-08,3.245581523e-08,0.0134826435,5.539140048e-09
2020-05-29,rstr/A_high/spread_high,56858738.96,27.8570264,1.255036412,1.166242138,3.073749046,govt_2y,0.004383017864,0.01776793468,0.9875010971,0.02575286472,252.5974868,0.007420159193,0.2964122379,0.0001799719589,optimal,CLARABEL,0,,False,7,0.7703687681,1.62411105,True,1.520227243,0.003789320336,0.001533773399,7.996364424e-05,0.0001799719589,False,3.891097652e-10,0.0429781159,False,2.489036676e-11,0.7703687681,False,3.392918693e-12,0.2964122379,0,7.26071382e-10,6.039352445e-10,0.07824125517,0.0008411649429,0.7703687681,0.01067662331,0.125770216,7.379875472e-10,9.224100169e-10,1.593899402e-09,0.01410196715,8.000117149e-10
2020-06-30,rstr/A_high/spread_high,57019800.25,53.98435134,2.432144968,0.7998313904,3.891923578,govt_2y,0.004038143159,0.01168479052,0.9726101482,0.04900865299,511.0420141,0.006954275672,0.2032103766,6.429766825e-05,optimal,CLARABEL,0,,False,9,0.6849666404,1.906523936,True,1.637825558,0.001152978012,0.002610788507,0.0002516475678,6.429766825e-05,False,9.982996158e-10,0.05044807129,False,4.490127828e-11,0.6849666404,False,7.919216266e-12,0.2032103766,2.892612113e-10,1.446297016e-09,2.089666438e-09,0.0736023866,5.12528316e-08,0.6849666404,3.250892291e-10,0.2226314424,2.053394329e-09,6.975949347e-10,2.841158096e-09,0.01879946909,5.388960025e-10
2020-07-31,rstr/A_high/spread_high,57630090.93,77.12019611,3.474479034,0.9690702486,4.91139219,govt_2y,0.003690095653,0.009569728277,0.9270607319,0.07253362998,433.4510347,0.006400149005,0.03393370554,1.284507245e-05,optimal,CLARABEL,0,,False,9,0.6736290913,1.943710854,True,1.610771753,-0.0006428180623,0.003158990323,0.0004230042028,1.284507245e-05,False,6.605129683e-10,0.007479178774,False,2.882746504e-11,0.6736290913,False,4.800707574e-12,0.03393370554,2.213366658e-10,6.253109291e-10,6.367777959e-09,0.06850200347,3.068185921e-09,0.6736290913,5.478595486e-11,0.2356184532,6.210259911e-10,4.684359903e-10,1.842723164e-09,0.02225043851,2.096417385e-10
2020-08-31,rstr/A_high/spread_high,57658573.47,149.5185804,6.736227333,2.127543254,8.054831868,govt_2y,0.003441996165,0.01045982626,0.8567935409,0.1648101656,435.7781773,0.007077617668,0.2462136788,9.150825962e-05,optimal,CLARABEL,0,,False,8,0.5565016875,2.290241486,True,1.807189756,-0.003621342997,0.007489785187,0.002511978565,9.150825962e-05,False,0.001046286855,0.05999998802,False,3.373834509e-11,0.5565016875,False,8.536368921e-12,0.2462136788,2.032007979e-10,2.337159851e-10,0.007972069973,0.06173403302,2.018958902e-09,0.5565016875,0,0.3500005159,1.129575626e-09,1.318227741e-10,2.663343695e-09,0.0237916871,1.795066115e-10
2020-09-30,rstr/A_high/spread_high,57477533.49,162.778261,7.333612769,2.38711285,8.47236371,govt_2y,0.003128672477,0.007225670185,0.6510864149,0.1666730173,426.2633495,0.007162181562,0.200955313,6.26033902e-05,optimal,CLARABEL,0,,False,9,0.465773892,2.438727887,True,1.957465943,-0.003735878209,0.008350011179,0.003092828859,6.26033902e-05,False,1.386709754e-09,0.04257836937,False,3.735935327e-11,0.465773892,False,1.118427693e-11,0.200955313,2.324073143e-10,8.253829324e-11,8.4091848e-10,0.05938139254,1.419221686e-09,0.465773892,0,0.4334320887,6.493808833e-10,1.003160137e-10,9.787221358e-09,0.04141261367,0
2020-10-30,rstr/A_high/spread_high,57237184.94,129.9366612,5.854007483,1.848255323,7.235003214,govt_2y,0.002911811362,0.006741390899,0.8517563824,0.08007688654,493.747547,0.00660295369,0.1878211618,4.834850422e-05,optimal,CLARABEL,0,,False,9,0.5215269353,2.301996033,True,2.079267905,-0.002503240925,0.005665108159,0.001867156849,4.834850422e-05,False,2.203046029e-09,0.04487205049,False,6.38704811e-11,0.5215269353,False,1.996358046e-11,0.1878211618,8.494766478e-10,1.497489032e-10,1.820583592e-09,0.03417477852,3.849494776e-09,0.3989921131,0,0.5215269353,1.515613538e-09,7.635057471e-10,7.523735714e-09,0.04530615654,5.193730869e-12
2020-11-30,rstr/A_high/spread_high,57427820.95,103.1750974,4.648324702,1.54128841,6.039993103,govt_2y,0.002657192025,0.006138163929,0.8774033393,0.06383002088,566.1981443,0.006926684994,0.1655189339,6.303459573e-05,optimal,CLARABEL,0,,False,7,0.5153657601,2.573502674,True,2.130712665,-0.00154067187,0.004950234386,0.003292927467,6.303459573e-05,False,8.368113263e-10,0.02231405105,False,2.546143226e-11,0.5153657601,False,6.729787349e-12,0.1655189339,7.186232019e-10,3.857834962e-11,0.005330045132,0.0223477893,1.140657861e-09,0.3388135725,0,0.5153657601,2.291449671e-09,1.208650581e-09,0.07740533444,0.04073749142,1.723338543e-09
2020-12-31,rstr/A_high/spread_high,57683731.26,209.747161,9.449692168,3.627366842,10.29499657,govt_2y,0.002489805908,0.007160533314,0.90816203,0.06184511527,529.4607697,0.00672358048,0.3242799615,0.0001973522048,optimal,CLARABEL,0,,False,6,0.629123368,2.153984941,True,2.311993915,-0.006210837452,0.009481942261,0.005866445609,0.0001973522048,False,0.003082170355,0.05999998586,False,1.304331098e-10,0.629123368,False,2.942406197e-11,0.3242799615,0.0003012911357,0.006394252695,0.02082972297,4.420888965e-09,5.440995667e-09,0.2503932525,0,0.629123368,3.198301571e-09,3.025905336e-09,0.06847163483,5.389127796e-09,0.0244864564
2021-01-29,rstr/A_high/spread_high,57618356.81,249.2830085,11.23089191,4.427837389,11.81286309,govt_2y,0.002415254066,0.008365207999,0.8839870169,0.1022237275,514.1269536,0.007419369013,0.3068584028,0.0002364108973,optimal,CLARABEL,0,,False,7,0.7485626366,1.716490413,True,2.542364049,-0.007013011911,0.01372229088,0.007163662414,0.0002364108973,False,0.001502246617,0.05999997811,False,1.552123063e-10,0.7485626366,False,2.397365519e-11,0.3068584028,0.007416206219,0.002609421345,2.817055555e-08,7.436256015e-09,1.878810159e-09,0.1220386274,0,0.7485626366,4.035666344e-09,1.503465984e-09,0.06857095359,1.037142568e-09,0.05080211082
2021-02-26,rstr/A_high/spread_high,57124007.57,264.7249998,11.92659651,5.031575673,12.23294484,govt_2y,0.002045227684,0.009905748766,0.8734663252,0.1097650044,362.9893777,0.006943743237,0.3691959905,0.0001446945379,optimal,CLARABEL,0,,False,6,0.6234225129,2.107143143,True,1.822008715,-0.007289566627,0.0127638668,0.01112431256,0.0001446945379,False,0.003301079788,0.05999998524,False,1.480557048e-10,0.6234225129,False,3.448193039e-11,0.3691959905,0.01736549819,3.001613134e-09,0.004236459799,1.317819127e-09,1.434238219e-09,0.2889662493,0,0.6234225129,0.005142169154,2.759340372e-09,0.0199280282,7.652289006e-10,0.0409390732
2021-03-31,rstr/A_high/spread_high,56903636.27,223.356436,10.06282781,5.401111166,8.989407446,govt_2y,0.00150502062,0.01291520612,0.9668322406,0.07638896807,540.0091956,0.006535483127,0.2697417049,0.0001030818292,optimal,CLARABEL,0,,False,7,0.5010039283,2.62243626,True,1.518798844,-0.005990208592,0.009540120639,0.007863479333,0.0001030818292,False,0.0002206103092,0.05999996484,False,2.251499215e-11,0.5010039283,False,6.496983111e-12,0.2697417049,0.02811224847,9.506716474e-10,4.44824654e-09,1.110434423e-10,4.046006513e-10,0.352030737,1.395996291e-11,0.5010039283,0.02359614357,1.160727629e-09,0.06360051176,3.784563567e-10,0.0316564234
2021-04-30,rstr/A_high/spread_high,57336689,163.5009701,7.366172823,4.216428986,6.125635607,govt_2y,0.001448125324,0.01290144563,0.9829161098,0.05001097763,682.2666218,0.006091990967,0.3120009038,6.916265491e-05,optimal,CLARABEL,0,,False,7,0.4325239511,2.897391747,True,1.382122255,-0.004605059483,0.006067905872,0.005165712828,6.916265491e-05,False,0.0001300640196,0.05999983414,False,6.129374273e-11,0.4325239511,False,2.32115866e-11,0.3120009038,0.03053501653,1.825239613e-09,2.177733883e-09,6.361887163e-10,1.18764069e-09,0.4325239511,1.391842248e-10,0.3788037802,1.311976269e-08,4.359429008e-09,0.1121078108,0.02511568268,0.02091373523
2021-05-28,rstr/A_high/spread_high,57596494.46,260.0650203,11.71665149,6.441622497,9.95087768,govt_2y,0.001333639191,0.01303499177,0.9764596311,0.02731795687,265.8166174,0.004527236772,0.3372623263,8.342003213e-05,optimal,CLARABEL,0,,False,8,0.5760752847,2.338213398,True,1.088905021,-0.00661770813,0.005330259573,0.006571414884,8.342003213e-05,False,1.995641124e-09,0.03940639055,False,6.948111684e-11,0.5760752847,False,1.846079916e-11,0.3372623263,0.02421945412,1.365047114e-09,4.078297361e-10,5.617856477e-10,1.630805832e-09,0.5760752847,1.901729539e-10,0.3005094926,3.114391362e-09,1.943513369e-09,0.05054422265,0.04865153493,1.830932521e-09
2021-06-30,rstr/A_high/spread_high,57606477.25,254.4777285,11.46492847,6.503652559,9.46322286,govt_2y,0.001477812205,0.01239154035,0.9686183312,0.02081917389,168.8231466,0.004150209951,0.07080138977,1.384831341e-05,optimal,CLARABEL,0,,False,8,0.6103032652,2.190380858,True,1.101664044,-0.007466205962,0.004383186142,0.005950239927,1.384831341e-05,False,1.705990092e-09,0.009242673353,False,1.181990398e-10,0.6103032652,False,2.442487788e-11,0.07080138977,0.02506037011,4.268767746e-09,7.991049336e-10,1.050678721e-09,3.978857205e-09,0.6103032652,1.212208161e-09,0.2827346543,7.632376092e-09,6.729798538e-09,0.03227088522,0.04963079715,2.324256638e-09
2021-07-30,rstr/A_high/spread_high,57974621.63,244.5364922,11.01704817,6.277871563,9.233572312,govt_2y,0.001457101995,0.01046985854,0.960424941,0.01977640669,178.8753984,0.004086846285,0.0415662568,6.461050455e-06,optimal,CLARABEL,0,,False,8,0.600584766,2.198498226,True,1.149822064,-0.006989695248,0.004084324923,0.005669709116,6.461050455e-06,False,5.290590257e-10,0.008641747871,False,4.178043955e-11,0.600584766,False,8.79367119e-12,0.0415662568,0.025163911,8.135080039e-10,1.952538577e-10,2.284530293e-10,5.918963454e-09,0.600584766,9.100798495e-10,0.3002451691,3.790850994e-09,2.111225796e-08,0.01918379563,0.05482232463,7.192392582e-10
2021-08-31,rstr/A_high/spread_high,57987563.23,252.6811441,11.38398736,6.205146718,10.02022912,govt_2y,0.001428334441,0.007951189164,0.8717028723,0.05935855269,300.7612902,0.005448819818,0.2413196483,4.369924188e-05,optimal,CLARABEL,0,,False,8,0.4869101744,2.855937533,True,1.395152298,-0.005443563239,0.007502011549,0.007050816111,4.369924188e-05,False,5.839410234e-10,0.03204296175,False,3.382325508e-11,0.4869101744,False,1.065645445e-11,0.2413196483,0.01760574334,1.306812612e-09,0,1.225906582e-10,8.226460681e-09,0.4869101744,9.860000739e-10,0.3086539271,1.855830016e-09,5.931742186e-09,0.09767169224,0.0891584445,0
2021-09-30,rstr/A_high/spread_high,57503157.13,239.9809234,10.81180714,5.718551195,9.549026506,govt_2y,0.001442837201,0.008302567532,0.8884969735,0.05256593096,278.5692827,0.004934009905,0.1904576284,3.097352011e-05,optimal,CLARABEL,0,,False,8,0.5754137542,2.434419998,True,1.22583495,-0.005241213918,0.005842204489,0.007437557771,3.097352011e-05,False,4.264025619e-10,0.02666256046,False,3.684590707e-11,0.5754137542,False,8.951519764e-12,0.1904576284,0.01411121169,4.016830588e-10,0,4.913258134e-10,1.109177648e-08,0.5754137542,8.59002141e-09,0.2592219497,4.282343413e-09,4.657645877e-09,0.05512549133,0.0961275636,0
2021-10-29,rstr/A_high/spread_high,57783234.83,127.1039744,5.726387075,3.192807762,3.640011581,govt_2y,0.001652755733,0.008182578347,0.9484508869,0.0413537772,473.0214399,0.005342405076,0.07804466206,3.084877581e-05,optimal,CLARABEL,0,,False,6,0.5655871903,2.536807685,True,1.375160416,-0.002812408695,0.003627711647,0.004461699532,3.084877581e-05,False,3.829323742e-10,0.02565764951,False,2.293179996e-11,0.5655871903,False,5.233088524e-12,0.07804466206,0.0342036432,6.305426317e-10,6.550403397e-11,3.554387171e-09,8.177610603e-09,0.5655871903,0.005984829596,0.2502543575,0.01357704182,1.131119767e-07,0.03528887838,0.09510393362,1.025287935e-10
2021-11-30,rstr/A_high/spread_high,57619287.08,140.9021429,6.348032888,3.633130536,4.774597758,govt_2y,0.002140875761,0.009282969598,0.9257440853,0.04712960984,294.202942,0.005967471269,0.2755118475,7.305168753e-05,optimal,CLARABEL,0,,False,8,0.5857718047,2.533834079,True,1.621431874,-0.003856171393,0.005017625819,0.00398170295,7.305168753e-05,False,0.001386446534,0.05999999054,False,3.456343117e-11,0.5857718047,False,8.343180855e-12,0.2755118475,0.02579262526,8.170057121e-10,9.365288784e-11,3.224739354e-09,3.030286797e-09,0.5857718047,3.226926032e-09,0.138950227,2.377796337e-09,2.388790527e-09,0.1395131779,0.1099721498,1.336035548e-10
2021-12-30,rstr/A_high/spread_high,57866672.64,85.49870111,3.851953956,2.325744327,3.230990304,govt_2y,0.002153502307,0.005989039118,0.8622088549,0.02190092267,183.0438169,0.00535254508,0.4290645029,0.000102683577,optimal,CLARABEL,0,,False,7,0.7621463025,1.669357573,True,1.180652254,-0.001904943453,0.002449515458,0.001334282193,0.000102683577,True,0.001337539482,0.05999999754,False,1.53607483e-11,0.7621463025,False,2.3365184e-12,0.4290645029,0.01440023395,1.3751526e-10,3.985030341e-11,4.231758282e-10,9.428337454e-10,0.7621463025,0.03052688039,0.02548888032,5.281187859e-10,4.456390218e-10,0.04937342203,0.1180642783,2.341413898e-11
2022-01-31,rstr/A_high/spread_high,57022693.36,96.57406373,4.350929803,2.70659387,3.483538719,govt_2y,0.002432421428,0.007331717654,0.8701601205,0.02865446863,168.8692785,0.005393688847,0.1111671189,3.354960227e-05,optimal,CLARABEL,0,,False,8,0.8145631882,1.480340015,True,1.195918097,-0.003351886408,0.002809521013,0.002334137222,3.354960227e-05,False,1.897236293e-10,0.01300770545,False,5.110547339e-11,0.8145631882,False,5.025549067e-12,0.1111671189,0.02460954207,5.702332129e-10,5.014693674e-11,1.226394847e-08,8.524864589e-09,0.8145631882,0.01929239742,1.301195146e-08,2.168636497e-09,2.054472644e-09,0.04825726754,0.09327756615,0
2022-02-28,rstr/A_high/spread_high,56754828.96,24.46992019,1.102437869,0.9571000025,1.203080333,govt_2y,0.003012855433,0.008319994304,0.9127888538,0.008353991463,55.65005402,0.006366057334,0.1839705842,0.000272116212,optimal,CLARABEL,0,,False,9,0.8410462725,1.390983816,True,1.45598181,0.00121748637,0.0009916847715,3.674297101e-06,0.000272116212,True,0.0113670342,0.0599999998,False,1.084706779e-11,0.8410462725,False,9.496719568e-13,0.1839705842,0.09231529011,2.512520904e-10,1.119237431e-10,3.424126768e-09,7.312851606e-10,0.8410462725,0.01314076244,9.381128659e-10,5.527372386e-10,3.774988089e-10,7.624066265e-10,0.05349766769,6.611072615e-11
2022-03-31,rstr/A_high/spread_high,56585544.81,37.68971187,1.698026202,1.194713483,0.7630733372,govt_2y,0.004116554363,0.01231980936,0.9837396308,0.01125504668,176.8401611,0.008283718103,0.06830950652,4.69219698e-05,optimal,CLARABEL,0,,False,9,0.8637744216,1.322941943,True,1.49105702,0.0005355637131,0.002586267487,0.0002707820619,4.69219698e-05,False,1.776687918e-10,0.01220917845,False,7.672267574e-11,0.8637744216,False,5.462134274e-12,0.06830950652,0.08604784762,1.124958983e-09,4.280495685e-10,0.001406729901,1.51118041e-08,0.8637744216,4.120728897e-09,7.872715563e-09,3.131535613e-09,1.129045217e-09,4.154745266e-09,0.04877096333,4.314464946e-10
2022-04-29,rstr/A_high/spread_high,56347180.49,39.23890694,1.767821743,1.547709539,0.9248350977,govt_2y,0.00447979441,0.01390695523,0.9783675688,0.01621957816,150.7369676,0.008772784829,0.03236135521,2.702621609e-05,optimal,CLARABEL,0,,False,9,0.8526773649,1.355314704,True,1.609885235,-7.557172843e-05,0.00301989509,0.0002939082381,2.702621609e-05,False,8.593712332e-11,0.004552707434,False,4.392209526e-11,0.8526773649,False,3.302882822e-12,0.03236135521,0.08510348525,1.454810063e-09,2.780552148e-10,0.002833144819,1.365477928e-09,0.8526773649,1.023416182e-09,1.573706563e-09,1.79278794e-09,8.126329033e-10,1.145344295e-09,0.05938599524,3.065217419e-10
2022-05-31,rstr/A_high/spread_high,56887803.9,54.1716042,2.440581229,1.027461523,4.124111024,govt_2y,0.004528070033,0.01596989358,0.9835972934,0.0211285838,195.8637059,0.007289932868,0.1295632997,4.853020912e-05,optimal,CLARABEL,0,,False,11,0.9149425683,1.184336436,True,1.52205351,0.005978492925,0.002878848128,0.001441739428,4.853020912e-05,False,3.046816415e-11,0.01414642898,False,2.82673193e-11,0.9149425683,False,1.302006938e-12,0.1295632997,0.0850574282,2.811157361e-10,2.343782145e-10,4.75680166e-10,2.368238702e-10,0.9149425683,8.867570256e-11,6.182915179e-10,3.016518623e-10,2.116631372e-10,5.166703667e-10,3.319141111e-10,2.436160556e-10
2022-06-30,rstr/A_high/spread_high,56194907.24,46.86176201,2.111252536,0.8849528635,3.702142295,govt_2y,0.005953569722,0.01605047826,0.9825586007,0.0205722527,177.6458987,0.008047760123,0.006823931242,8.628711632e-06,optimal,CLARABEL,0,,False,11,0.9169643538,1.179636813,True,1.614995783,0.006319716528,0.003035069638,0.001220727595,8.628711632e-06,False,1.204041114e-10,0.002221608273,False,1.277003808e-10,0.9169643538,False,5.332132398e-12,0.006823931242,0.08303563494,9.120702486e-10,1.002755685e-09,1.373380594e-09,7.104639964e-10,0.9169643538,1.995029637e-10,2.019939603e-09,1.406546427e-09,8.166956654e-10,9.411504638e-10,1.018922427e-09,8.720653936e-10
2022-07-29,rstr/A_high/spread_high,56304690.38,81.26674502,3.661292579,1.322435571,4.910135327,govt_2y,0.006006530021,0.01408827986,0.9735670549,0.01957680471,145.440405,0.006866057398,0.03900224824,2.580149076e-05,optimal,CLARABEL,0,,False,11,0.9382804471,1.130992067,True,1.390750526,0.008809199079,0.003831137372,0.005227979103,2.580149076e-05,False,5.643712807e-11,0.01217153242,False,7.008624588e-11,0.9382804471,False,2.216602476e-12,0.03900224824,0.06171954698,3.551993068e-10,6.889248879e-10,5.124205217e-10,3.115359168e-10,0.9382804471,8.791243417e-11,9.799981074e-10,7.881777483e-10,4.312229177e-10,9.521855905e-10,3.057882688e-10,4.807710678e-10
2022-08-31,rstr/A_high/spread_high,55697038.13,39.33978183,1.772366437,0.7883982849,2.647816416,govt_2y,0.005881998391,0.009715878319,0.9776769508,0.01895302893,349.8342047,0.006921126662,0.006797646423,2.327240514e-06,optimal,CLARABEL,0,,False,11,0.9352945715,1.137704672,True,1.352035562,0.005083361838,0.001884454004,0.001721253711,2.327240514e-06,False,5.697904859e-11,0.00202327681,False,8.54280936e-11,0.9352945715,False,2.774479793e-12,0.006797646423,0.06470541197,3.431616599e-10,6.795704592e-10,5.343543589e-10,6.735981039e-10,0.9352945715,1.289270506e-10,5.379781539e-09,1.705592091e-09,8.229221671e-10,1.267456263e-09,3.049238396e-09,1.961153109e-09
2022-09-30,rstr/A_high/spread_high,54641546.59,65.98628945,2.972865615,1.106923152,3.799087277,govt_2y,0.006317105234,0.01020668636,0.9809633358,0.009971965212,195.254286,0.006932033332,0.01233939271,5.892592173e-06,optimal,CLARABEL,0,,False,11,0.9449861396,1.116039881,True,1.275077547,0.007395381512,0.00317084485,0.004873504309,5.892592173e-06,False,2.842955093e-11,0.003566924019,False,5.024611965e-11,0.9449861396,False,1.504500389e-12,0.01233939271,0.05501384719,1.704336375e-10,5.605170572e-10,3.457480719e-10,1.973240175e-10,0.9449861396,5.479145112e-11,8.954050023e-10,7.913672222e-09,3.163883238e-10,4.122589284e-10,1.890023752e-09,4.074792228e-10
2022-10-31,rstr/A_high/spread_high,54642965.75,111.5294711,5.024712442,2.008807618,5.798215475,govt_2y,0.0064420269,0.01100403593,0.9377047482,0.01710643405,90.02633833,0.006655970575,0.04220770219,4.644755328e-05,optimal,CLARABEL,0,,False,10,0.9470319639,1.112962216,True,1.267183122,0.01255512272,0.004940972415,0.008614251739,4.644755328e-05,False,2.132222156e-10,0.01225808856,False,3.291459744e-10,0.9470319639,False,9.183825558e-12,0.04220770219,0.0372253392,6.369292986e-10,1.749422701e-09,1.303343225e-09,5.508645093e-10,0.9470319639,4.859656242e-11,2.363291543e-09,0.01574268331,1.215883149e-09,1.431694381e-09,3.309030206e-09,9.626942135e-10
2022-11-30,rstr/A_high/spread_high,54905247.32,88.9568096,4.007751348,1.574196913,4.864769848,govt_2y,0.006938511543,0.01431240866,0.9551594585,0.04649169814,199.1377377,0.007996898331,0.1118176683,7.257140852e-05,optimal,CLARABEL,0,,False,8,0.8911833224,1.25294012,True,1.285273345,0.009984263233,0.005688822036,0.01032393863,7.257140852e-05,False,4.663243685e-11,0.007456063307,False,4.133759549e-11,0.8911833224,False,2.399475958e-12,0.1118176683,0.04290359636,9.023877831e-11,1.239696248e-08,2.54236814e-10,2.242816829e-10,0.8911833224,3.409351146e-11,1.106750028e-08,0.03656679571,7.067060488e-10,0.02705403768,0.00229222272,3.641915534e-10
2022-12-30,rstr/A_high/spread_high,54616224.94,32.9151087,1.482917068,0.6446570725,1.994419986,govt_2y,0.006880551974,0.009193309689,0.942246842,0.02066827656,167.7015091,0.007465424407,0.07993996764,8.16338559e-05,optimal,CLARABEL,0,,False,9,0.9238148941,1.167391967,True,1.213090751,0.003558799103,0.001834443322,0.00117473082,8.16338559e-05,False,5.574848522e-11,0.0056020144,False,6.856260309e-11,0.9238148941,False,2.725354247e-12,0.07993996764,0.05143613223,6.852506412e-10,4.2397491e-09,5.981220714e-10,3.113386189e-10,0.9238148941,5.751450962e-11,1.157817665e-09,0.02296750768,4.812696284e-10,4.380493394e-10,0.001781456995,1.060526923e-09
2023-01-31,rstr/A_high/spread_high,54841695.67,51.15634007,2.304735206,0.8893030339,2.769477294,govt_2y,0.006573388854,0.008005499832,0.9239734781,0.02567966169,210.719553,0.006967740645,0.04885997983,4.895338015e-05,optimal,CLARABEL,0,,False,9,0.9445372407,1.117992237,True,1.187243845,0.005326568,0.002483610113,0.003420992382,4.895338015e-05,False,1.619410559e-10,0.002795324611,False,2.832178783e-10,0.9445372407,False,8.077565567e-12,0.04885997983,0.04773359904,1.649832235e-09,0.002962263141,2.472764083e-09,1.080922927e-09,0.9445372407,1.267816532e-10,4.310187873e-09,0.004766880253,1.257878715e-09,2.549179403e-09,1.676563177e-09,1.785228922e-09
2023-02-28,rstr/A_high/spread_high,54060308.39,12.11620915,0.5458688746,0.4765203097,0.6048116037,govt_2y,0.006579942332,0.006260493483,0.9214394517,0.008180158942,106.3579713,0.01109696979,0.347571972,0.0001922284189,optimal,CLARABEL,0,,False,9,0.780152454,1.589950953,True,1.567716512,0.001425652141,0.001492023175,2.47828709e-05,0.0001922284189,False,1.596821969e-11,0.02139207691,False,6.686939919e-12,0.780152454,False,8.926962597e-13,0.347571972,0.04608638274,0.04756173946,1.656703984e-09,0.12619942,1.37307948e-10,0.780152454,2.362419448e-11,3.553525422e-10,7.397315939e-10,2.179670606e-10,8.567529154e-11,3.924001798e-10,1.991249663e-10
2023-03-31,rstr/A_high/spread_high,55147552.01,35.03647014,1.578490293,0.5633235409,1.676335402,govt_2y,0.008898932917,0.00768032172,0.9233004052,0.02364927101,209.0621384,0.009001687437,0.2927799876,0.0001259987283,optimal,CLARABEL,0,,False,10,0.920795319,1.175008703,True,1.800172167,0.00337535211,0.002839018374,0.001656698926,0.0001259987283,False,1.097945273e-10,0.01837685421,False,1.054231434e-10,0.920795319,False,4.983714026e-12,0.2927799876,0.04493253632,0.03427205502,1.714309983e-08,7.020514914e-10,4.56920701e-10,0.920795319,7.816262327e-11,1.436332532e-09,1.316976941e-08,7.653392023e-10,7.344596026e-10,3.835100034e-09,5.137309656e-08
2023-04-28,rstr/A_high/spread_high,55274947.07,23.87281084,1.075536435,0.5320829235,1.078075497,govt_2y,0.008651361036,0.006416235644,0.8582555255,0.01315942652,93.35152757,0.008833101857,0.04069731818,5.78516976e-05,optimal,CLARABEL,0,,False,9,0.926575704,1.162042192,True,1.797521866,0.003064522124,0.001862644755,0.000101266113,5.78516976e-05,False,5.943864213e-11,0.01814031744,False,3.812191148e-11,0.926575704,False,1.438232482e-12,0.04069731818,0.02391768586,0.03509517451,3.92278237e-10,0.01441143179,1.769888094e-10,0.926575704,8.417358914e-12,5.071629286e-10,8.36209733e-10,2.764193497e-10,1.718164577e-10,1.160855978e-09,3.149586304e-10
2023-05-31,rstr/A_high/spread_high,54675745.33,23.15630313,1.043255772,0.5354836221,1.023655422,govt_2y,0.00852612705,0.006527015895,0.7748499692,0.0115734746,52.29466818,0.009027607523,0.1202919125,6.310786429e-05,optimal,CLARABEL,0,,False,10,0.9020041312,1.215852897,True,1.856804474,0.003022866635,0.00188718539,9.078351902e-05,6.310786429e-05,False,7.698551433e-11,0.02247422467,False,2.957369675e-11,0.9020041312,False,1.562889034e-12,0.1202919125,1.584599869e-09,0.09402497944,1.89052561e-10,0.00397088461,2.070565372e-10,0.9020041312,1.850398322e-11,6.004041449e-10,6.771497266e-10,2.493504894e-10,1.597214723e-10,9.683783781e-10,1.374681289e-10
2023-06-30,rstr/A_high/spread_high,54379995.34,28.68246205,1.29222458,0.5669939348,1.116643653,govt_2y,0.008005084392,0.005318459916,0.7271094241,0.01204522131,69.50103292,0.007991125073,0.1739931044,5.49609616e-05,optimal,CLARABEL,0,,False,10,0.9461778986,1.114859263,True,1.676945721,0.003203468913,0.001831606954,0.0001716071261,5.49609616e-05,False,1.048973709e-10,0.00646015455,False,1.007347803e-10,0.9461778986,False,2.97156697e-12,0.1739931044,6.017455532e-10,0.01522387723,3.661154744e-10,4.98181194e-09,2.885043491e-10,0.9461778986,0,1.060812943e-09,1.815080506e-09,4.537603211e-10,2.367474466e-10,0.03859821397,4.418610169e-10
2023-07-31,rstr/A_high/spread_high,54411058.27,21.46901577,0.9672387901,0.4625724448,0.8893258855,govt_2y,0.007871929382,0.005580151808,0.8228179293,0.009244285421,70.70903352,0.009018098507,0.1923398826,2.957934623e-05,optimal,CLARABEL,0,,False,11,0.8641774164,1.306761846,True,1.715906273,0.002349259184,0.001745991338,0.0001344782198,2.957934623e-05,False,4.215058059e-11,0.01107180801,False,1.400484724e-11,0.8641774164,False,1.052318324e-12,0.1923398826,1.898441092e-10,1.039888925e-09,1.117122863e-10,5.211138667e-10,1.181180485e-10,0.8641774164,1.364485369e-11,3.264912954e-10,5.199783391e-10,1.886760691e-10,9.606996984e-11,0.1358225803,1.726375113e-10
2023-08-31,rstr/A_high/spread_high,54249584.45,20.51928183,0.9244506383,0.5764350718,0.9749799696,govt_2y,0.007479188891,0.008062937642,0.9527698584,0.007086466936,90.91373494,0.009312546536,0.05833634995,1.753788396e-05,optimal,CLARABEL,0,,False,11,0.8374493203,1.374109413,True,1.707129219,0.002655392646,0.00177950441,9.982406583e-05,1.753788396e-05,False,1.665002782e-11,0.004026867607,False,3.765637725e-12,0.8374493203,False,3.152783785e-13,0.05833634995,1.013114953e-09,1.425894391e-10,6.193486802e-11,2.011129753e-10,4.25071713e-11,0.8374493203,5.08196858e-12,1.052397992e-10,1.512345672e-10,5.917754401e-11,3.768008439e-11,0.1625506778,1.167595593e-10
2023-09-29,rstr/A_high/spread_high,53595914.73,27.04471276,1.218439426,0.5566394224,1.232446719,govt_2y,0.00722939867,0.006501009085,0.8688168387,0.008101252227,60.145401,0.008297247587,0.05515989436,1.728854712e-05,optimal,CLARABEL,0,,False,10,0.8697615602,1.293652148,True,1.667508639,0.002346315605,0.001861874792,0.0001311001916,1.728854712e-05,False,6.308045191e-11,0.003615134614,False,1.461516157e-11,0.8697615602,False,1.104028251e-12,0.05515989436,0.001719183662,3.267427854e-10,1.353707592e-10,4.758840137e-10,1.071133886e-10,0.8697615602,1.884555976e-11,3.051208667e-10,6.936507022e-10,1.784086041e-10,9.362119557e-11,0.1285192536,1.843694185e-10
2023-10-31,rstr/A_high/spread_high,53341861.72,70.53943363,3.177997406,1.151217911,3.165031897,govt_2y,0.006817823064,0.009827267387,0.9345546895,0.01270669195,79.93998448,0.006682158557,0.1959873714,0.0001285112262,optimal,CLARABEL,0,,False,10,0.9396817218,1.130146666,True,1.458384111,0.00685854072,0.003149673391,0.002353672574,0.0001285112262,False,0.0001169638347,0.05999994825,False,5.113059949e-11,0.9396817218,False,1.711591213e-12,0.1959873714,0.03332306183,4.104075011e-10,2.860900548e-10,2.243115831e-10,1.119958529e-10,0.9396817218,1.728433657e-11,3.272679425e-10,1.160428917e-09,2.069005566e-10,1.663892551e-10,0.02699521205,1.427189485e-09
2023-11-30,rstr/A_high/spread_high,53714820.58,89.13733924,4.01588471,1.407618468,3.877451731,govt_2y,0.006691056177,0.01075076824,0.8893099739,0.02295385345,73.05022297,0.006585970439,0.05700332811,9.459385468e-06,optimal,CLARABEL,0,,False,10,0.9620172733,1.07885303,True,1.423092611,0.008058120761,0.00386633268,0.00253673912,9.459385468e-06,False,3.331517349e-10,0.01160469941,False,2.119289841e-10,0.9620172733,False,4.245057585e-12,0.05700332811,0.03785581523,1.989708501e-09,9.02827946e-10,7.685783879e-10,2.432506632e-10,0.9620172733,3.185793801e-11,7.217342789e-10,4.608055647e-09,4.688006535e-10,3.829715178e-10,0.0001269002786,1.088285876e-09
2023-12-29,rstr/A_high/spread_high,54066366.89,29.76898144,1.341175296,0.5785475576,1.31243949,govt_2y,0.00672767721,0.00633858309,0.7682011,0.01085000227,50.68262198,0.007162842655,0.1767687191,6.633498663e-05,optimal,CLARABEL,0,,False,9,0.9021877014,1.218456139,True,1.603792757,0.002089541673,0.001527336736,9.532773671e-05,6.633498663e-05,False,5.387970911e-10,0.0538813691,False,1.684129249e-11,0.9021877014,False,9.038618657e-13,0.1767687191,0.009301327663,3.809807028e-10,1.201838485e-10,0.007077205732,8.877823487e-11,0.9021877014,1.35643159e-11,2.727539077e-10,1.479008143e-09,2.128232018e-10,7.594624204e-11,0.08143376251,6.516082487e-11
2024-01-31,rstr/A_high/spread_high,54055126.73,20.8261447,0.938275663,0.5748736587,1.035000993,govt_2y,0.006493328534,0.005528862974,0.863332702,0.008051737728,79.56454808,0.009443962075,0.2638582155,8.240954945e-05,optimal,CLARABEL,0,,False,10,0.7787540505,1.564131596,True,1.881170083,0.000413367923,0.001857450934,1.720236522e-05,8.240954945e-05,False,5.418710412e-11,0.02067006032,False,4.37250005e-12,0.7787540505,False,5.608484094e-13,0.2638582155,6.345837118e-11,2.845358143e-10,4.529579638e-11,0.04581695592,1.189129369e-10,0.7787540505,2.546425006e-11,2.899932286e-10,1.267643396e-09,4.051592451e-10,5.056504229e-11,0.175428991,5.838393028e-11
2024-02-29,rstr/A_high/spread_high,54151576.45,20.23592939,0.9116848238,0.5878705667,0.9096918823,govt_2y,0.006212624623,0.006524777038,0.9070450616,0.007829403101,79.80324059,0.01062176486,0.1365692201,6.592680803e-05,optimal,CLARABEL,0,,False,10,0.7431070328,1.624378729,True,1.899970393,0.002726143358,0.002283055775,3.382578364e-05,6.592680803e-05,False,2.431989253e-11,0.003944012821,False,2.502779355e-12,0.7431070328,False,3.458160818e-13,0.1365692201,5.625134636e-11,8.666128535e-11,1.664422477e-11,0.005127953194,7.86538637e-11,0.7431070328,1.253645161e-11,2.1592327e-10,4.011689575e-10,1.94676964e-10,5.812583549e-11,0.2517650129,2.155401626e-11
2024-03-28,rstr/A_high/spread_high,54526750.96,19.6438228,0.8850087774,0.7143203702,0.9310639962,govt_2y,0.005944391753,0.007292322067,0.9316324424,0.008751863396,95.86298323,0.01255003915,0.149818183,1.858652052e-05,optimal,CLARABEL,0,,False,11,0.6679380893,1.797247475,True,1.956302483,0.004225749724,0.003093970505,5.395667781e-05,1.858652052e-05,False,7.42964209e-11,0.01047834595,False,5.661272508e-12,0.6679380893,False,1.028969149e-12,0.149818183,9.682136372e-11,2.808507075e-10,7.776153744e-11,8.35102234e-10,2.123799904e-10,0.6679380893,5.708259734e-11,5.507991333e-10,6.40618125e-10,3.416586599e-10,1.907796526e-10,0.3320619073,6.942858771e-11
2024-04-30,rstr/A_high/spread_high,53421780.9,36.38823516,1.639391061,0.9762935468,1.712743899,govt_2y,0.00570594919,0.008106483597,0.8741555454,0.02029811654,100.7413248,0.01001382816,0.2463402909,0.0001554751683,optimal,CLARABEL,0,,False,10,0.7119926495,1.80236619,True,1.862149435,0.001550859726,0.00364889412,8.990018819e-05,0.0001554751683,False,1.828803248e-10,0.005357935548,False,1.657057001e-11,0.7119926495,False,3.233730751e-12,0.2463402909,3.382387805e-10,6.839147222e-10,1.525503068e-10,0.08735316335,3.546741396e-10,0.7119926495,8.089986364e-11,9.007590685e-10,1.654740383e-09,6.702515078e-10,2.969742306e-10,0.2006541819,9.609002377e-11
2024-05-31,rstr/A_high/spread_high,54057941.38,20.71133717,0.9331032647,0.7667075062,0.8329784866,govt_2y,0.005496181511,0.007754828792,0.8243562499,0.01189187647,47.47011228,0.0113991639,0.1111142185,8.134615068e-05,optimal,CLARABEL,0,,False,10,0.6516285241,2.052254785,True,1.992224621,0.003534206862,0.002691250573,5.670572288e-05,8.134615068e-05,False,5.923081708e-11,0.008685320014,False,4.546850015e-12,0.6516285241,False,8.955531357e-13,0.1111142185,1.370180535e-10,2.704256141e-10,1.439476286e-10,0.1428180946,1.303797553e-10,0.6516285241,2.683734346e-11,3.287032886e-10,6.46791745e-10,2.098611238e-10,1.195052809e-10,0.2055533793,6.289544008e-11
2024-06-28,rstr/A_high/spread_high,54440324.52,27.59707142,1.243324718,0.9342495259,1.224321298,govt_2y,0.005304900274,0.008638599901,0.9061586932,0.01110514728,63.99427884,0.01129779633,0.06611778673,4.937028047e-05,optimal,CLARABEL,0,,False,10,0.6424544444,2.061625687,True,1.938661864,0.003427979781,0.003522495766,2.232935203e-07,4.937028047e-05,False,1.108801222e-10,0.001216993574,False,8.11332862e-12,0.6424544444,False,1.503052146e-12,0.06611778673,2.797316267e-10,3.971352475e-10,2.154314968e-10,0.1140156158,1.977234615e-10,0.6424544444,3.95142782e-11,5.192737476e-10,8.112471032e-10,3.321021173e-10,2.007675576e-10,0.2435299367,8.183644674e-11
2024-07-31,rstr/A_high/spread_high,55103807.47,36.07313234,1.625194804,0.9207033803,1.702065261,govt_2y,0.005214230873,0.007454846068,0.9196541625,0.01270586086,114.0241925,0.01000885333,0.1382951757,3.272877207e-05,optimal,CLARABEL,0,,False,10,0.7085608818,1.781473435,True,1.818099051,0.002395833512,0.00361370341,0.0001802272132,3.272877207e-05,False,1.326748711e-10,0.01243753833,False,1.19924944e-11,0.7085608818,False,1.880068403e-12,0.1382951757,3.051080628e-10,2.489751337e-10,1.589872304e-10,0.05405114722,2.469041782e-10,0.7085608818,5.699287761e-11,7.285910204e-10,1.697559771e-09,3.940417013e-10,2.076726353e-10,0.2373879669,4.24597145e-11
2024-08-30,rstr/A_high/spread_high,55628544.08,54.25358844,2.444274847,0.788556967,2.920413223,govt_2y,0.005590807678,0.006203445693,0.7937227139,0.02914900026,157.4735529,0.007928578635,0.3225135576,0.0001876165532,optimal,CLARABEL,0,,False,9,0.8304598326,1.42286199,True,1.650599299,-0.000779575223,0.003410508563,0.0009490273629,0.0001876165532,False,2.368943903e-10,0.02248673085,False,3.585715271e-11,0.8304598326,False,3.632358072e-12,0.3225135576,1.93368209e-10,3.620156521e-10,1.80597819e-10,0.08336921964,3.997033328e-10,0.8304598326,7.794245314e-11,1.255310044e-09,0.007856404686,6.943475074e-10,3.108906248e-10,0.07831453936,2.133103777e-10
2024-09-30,rstr/A_high/spread_high,56096592.98,69.2267081,3.118855476,1.001973334,3.590198852,govt_2y,0.005525330653,0.006572192525,0.7771102686,0.03528053079,158.6232218,0.007839375614,0.1370425305,8.565443157e-05,optimal,CLARABEL,0,,False,9,0.793564246,1.551071043,True,1.660131315,-0.001887676674,0.004254383422,0.001185961731,8.565443157e-05,False,1.930661595e-10,0.006034902867,False,2.313148959e-11,0.793564246,False,2.797838644e-12,0.1370425305,1.338177648e-10,5.794727746e-10,6.375061039e-11,0.08352128465,2.266638736e-10,0.793564246,1.653304306e-11,7.452391189e-10,0.07631983841,4.628214124e-10,1.859820416e-10,0.04659462851,2.5953946e-11
2024-10-31,rstr/A_high/spread_high,55665713.26,91.97814212,4.143870769,1.22784152,4.452686442,govt_2y,0.005721359914,0.006743864306,0.7962205731,0.03945883954,182.3321728,0.008331792437,0.2606625,7.842702936e-05,optimal,CLARABEL,0,,False,10,0.7198337326,1.766410946,True,1.854626748,-0.003329717133,0.006385009052,0.001731375865,7.842702936e-05,False,1.167241539e-10,0.0130706637,False,9.903135482e-12,0.7198337326,False,1.596022472e-12,0.2606625,2.068196315e-10,4.322034875e-11,1.237397535e-10,0.07408120264,8.189011449e-11,0.7198337326,0,2.935909379e-10,0.2060850627,1.828683996e-10,9.310409273e-11,1.015246678e-09,0
2024-11-29,rstr/A_high/spread_high,55717956.97,50.45018201,2.272920823,1.038509652,2.574206039,govt_2y,0.0055294835,0.008712660206,0.7188202975,0.0347999932,72.96587795,0.008833316379,0.4173617736,7.185941294e-05,optimal,CLARABEL,0,,False,10,0.7936319802,1.534993966,True,1.733879081,0.0007181100377,0.003936500479,0.0001433186465,7.185941294e-05,False,1.567419918e-10,0.01474447996,False,1.672979488e-11,0.7936319802,False,2.182164809e-12,0.4173617736,1.35673791e-10,1.286846286e-10,1.591599573e-10,0.11588755,1.740655234e-10,0.7936319802,4.850041688e-11,5.154995907e-10,2.446021739e-09,2.769858728e-10,1.954106747e-10,0.09048046562,9.224407067e-11
2009-05-29,zero/control,405994.6505,1,0,0,0,govt_2y,0.004272390349,0,,0,,0.003784642859,1,0,optimal,CLARABEL,0,,False,9,0.9551872691,1.094634837,True,0.6048992705,0,1.432352157e-05,0,0,,,,False,8.638813766e-13,0.9551872691,False,8.912082301e-13,1,6.986536299e-10,2.735763796e-09,9.964019393e-08,3.711968546e-10,1.723194e-10,0.9551872691,7.405724582e-11,1.834091327e-10,0.03246318345,6.470404121e-10,2.262326437e-10,0.002061996975,0.01028744575
2009-06-30,zero/control,405901.6939,1,0,0,0,govt_2y,0.006350889451,0,,0,,0.00585248599,0.04391901408,0,optimal,CLARABEL,0,,False,9,0.9444885356,1.11806947,True,0.923290055,0,3.425159227e-05,0,0,,,,False,5.700944429e-13,0.9444885356,False,6.117667262e-13,0.04391901408,0.001847724116,1.593910712e-09,0.005655167445,8.034930534e-10,3.103092844e-10,0.9444885356,2.383112921e-10,5.426363912e-10,0.04800852344,1.318350182e-09,3.980231305e-10,3.819930641e-08,5.976853674e-09
2009-07-31,zero/control,408058.2529,1,0,0,0,govt_2y,0.005795750219,0,,0,,0.005224389975,0.05860570998,0,optimal,CLARABEL,0,,False,9,0.9560512181,1.092978405,True,0.8825627611,0,2.729425061e-05,0,0,,,,False,3.193855524e-12,0.9560512181,False,2.472481895e-12,0.05860570998,4.841038507e-07,5.387797167e-09,0.00369027005,3.279480638e-09,1.383536728e-09,0.9560512181,1.092387527e-09,2.230301335e-09,0.02618118615,5.935037753e-09,2.050918086e-09,0.01407678113,3.907292418e-08
2009-08-31,zero/control,409912.2808,1,0,0,0,govt_2y,0.005389281136,0,,0,,0.004706914267,0.03711008676,0,optimal,CLARABEL,0,,False,8,0.9446887098,1.118236218,True,0.905777474,0,2.215504192e-05,0,0,,,,False,3.793039042e-13,0.9446887098,False,3.68691472e-13,0.03711008676,0.00245512031,1.086463161e-09,0.002401594278,1.018081539e-09,2.353617632e-10,0.9446887098,1.603037093e-10,3.878501296e-10,0.0417204889,7.424245776e-10,3.851244347e-10,0.008734053666,2.90482478e-08
2009-09-30,zero/control,412101.1606,1,0,0,0,govt_2y,0.004804675397,0,,0,,0.004187280258,0.02998306342,0,optimal,CLARABEL,0,,False,9,0.9497300627,1.107152002,True,0.8531225188,0,1.753331596e-05,0,0,,,,False,1.92900815e-13,0.9497300627,False,1.56616152e-13,0.02998306342,0.003857712548,3.948878885e-10,1.5824484e-07,3.709612119e-10,1.09423722e-10,0.9497300627,8.395590331e-11,1.906742359e-10,0.03154968491,3.455710547e-10,1.709069583e-10,0.01486234528,3.466916508e-08
2009-10-30,zero/control,412789.5222,1,0,0,0,govt_2y,0.004550291059,0,,0,,0.003949120363,0.009444981327,0,optimal,CLARABEL,0,,False,8,0.9490965998,1.108358929,True,0.8818772485,0,1.559555164e-05,0,0,,,,False,1.503326797e-12,0.9490965998,False,1.242562353e-12,0.009444981327,0.002924349812,3.262108289e-09,8.600302585e-06,3.130733567e-09,9.493931615e-10,0.9490965998,6.517453788e-10,1.652052915e-09,0.03605415286,2.078137966e-09,1.46028585e-09,0.01191608498,1.990461946e-07
2009-11-30,zero/control,415936.2705,1,0,0,0,govt_2y,0.004310852875,0,,0,,0.003785854358,0.017302907,0,optimal,CLARABEL,0,,False,7,0.9468941435,1.112809202,True,0.8925665875,0,1.433269322e-05,0,0,,,,False,2.365950654e-12,0.9468941435,False,2.243672593e-12,0.017302907,0.002945103496,1.301075114e-08,1.896132104e-05,9.023034789e-09,2.27859496e-09,0.9468941435,1.733776753e-09,3.634682807e-09,0.04452881545,5.129755845e-09,3.676165044e-09,0.005139337129,0.0004736006367
2009-12-31,zero/control,413962.6602,1,0,0,0,govt_2y,0.004230732022,0,,0,,0.003689692018,0.02030669406,0,optimal,CLARABEL,0,,False,9,0.9459978072,1.115193932,True,0.9190963589,0,1.361382718e-05,0,0,,,,False,1.470824859e-13,0.9459978072,False,1.467923973e-13,0.02030669406,0.004777594949,8.956495984e-10,3.478914424e-07,5.956656872e-10,1.739879345e-10,0.9459978072,1.481818577e-10,2.675553911e-10,0.04132787919,3.910958096e-10,3.029871473e-10,1.502379895e-08,0.007896352961
2010-01-29,zero/control,416505.8477,1,0,0,0,govt_2y,0.004069319326,0,,0,,0.003571580491,0.005593714041,0,optimal,CLARABEL,0,,False,9,0.9492474577,1.107788839,True,0.9456184117,0,1.27561872e-05,0,0,,,,False,5.899331918e-13,0.9492474577,False,5.68035683e-13,0.005593714041,0.002618798638,2.842197034e-09,4.685026471e-08,2.493134688e-09,7.931091437e-10,0.9492474577,7.262176779e-10,1.168445305e-09,0.03928347285,1.678397049e-09,1.417977266e-09,3.673811622e-08,0.008850176057
2010-02-26,zero/control,418746.8828,1,0,0,0,govt_2y,0.003997730605,0,,0,,0.003482396108,0.004476257424,0,optimal,CLARABEL,0,,False,9,0.9474663114,1.111898462,True,0.9751943595,0,1.212708266e-05,0,0,,,,False,7.746189151e-13,0.9474663114,False,7.294823351e-13,0.004476257424,0.004860368857,4.685672542e-09,1.969755741e-07,3.762419988e-09,9.80983746e-10,0.9474663114,8.245589155e-10,1.481471627e-09,0.03981000521,2.176240363e-09,1.828426979e-09,1.069634632e-07,0.007862994836
2010-03-31,zero/control,418529.9587,1,0,0,0,govt_2y,0.003844726634,0,,0,,0.003360112655,0.02762954279,0,optimal,CLARABEL,0,,False,9,0.9442128609,1.119166266,True,0.9560250985,0,1.129035705e-05,0,0,,,,False,1.145675058e-12,0.9442128609,False,1.027695195e-12,0.02762954279,0.001291776623,4.531943377e-09,1.644214071e-08,3.027614399e-09,1.352032746e-09,0.9442128609,9.90159771e-10,2.111467016e-09,0.04302462728,2.949562321e-09,2.744803531e-09,0.01147045733,2.436777919e-07
2010-04-30,zero/control,421036.1692,1,0,0,0,govt_2y,0.003705025495,0,,0,,0.003245305775,0.008523289693,0,optimal,CLARABEL,0,,False,9,0.9447127268,1.118261921,True,0.9507545893,0,1.053200957e-05,0,0,,,,False,1.222343919e-12,0.9447127268,False,1.22895452e-12,0.008523289693,0.001362388195,7.494154445e-09,9.227370015e-08,4.530811168e-09,2.053461464e-09,0.9447127268,1.388494123e-09,2.952529756e-09,0.03935090356,5.048947142e-09,3.643371208e-09,0.01457384024,2.1861667e-08
2010-05-28,zero/control,421584.0203,1,0,0,0,govt_2y,0.004041485501,0,,0,,0.003457580219,0.02213699233,0,optimal,CLARABEL,0,,False,8,0.9414239107,1.125411927,True,1.008512665,0,1.195486097e-05,0,0,,,,False,2.614774502e-12,0.9414239107,False,3.257935707e-12,0.02213699233,0.002862255293,4.267438347e-08,2.664469751e-06,1.488400565e-08,5.1437227e-09,0.9414239107,3.203997091e-09,7.080635145e-09,0.04688842439,1.648258814e-08,8.586086539e-09,0.008822586718,6.040598146e-08
2010-06-30,zero/control,423525.3085,1,0,0,0,govt_2y,0.003880962955,0,,0,,0.003316785686,0.0141548537,0,optimal,CLARABEL,0,,False,8,0.9469132574,1.113144992,True,0.9301387836,0,1.100106728e-05,0,0,,,,False,2.247130045e-12,0.9469132574,False,2.073412485e-12,0.0141548537,0.003540835539,4.074419103e-08,1.148336658e-06,6.458418655e-09,2.305766615e-09,0.9469132574,1.268879079e-09,4.13485062e-09,0.04011793913,7.300165949e-09,3.586581858e-09,0.009426742986,1.085695555e-08
2010-07-30,zero/control,426025.7072,1,0,0,0,govt_2y,0.003699605987,0,,0,,0.003216259672,0.0233406914,0,optimal,CLARABEL,0,,False,8,0.9533021823,1.098694749,True,0.9155299128,0,1.034432628e-05,0,0,,,,False,1.138002683e-12,0.9533021823,False,1.008088032e-12,0.0233406914,2.447227863e-06,2.804296672e-08,0.002684779323,4.807813795e-09,1.184255742e-09,0.9533021823,6.358585306e-10,2.056829278e-09,0.03632639458,3.868934877e-09,1.947898433e-09,0.007684057374,9.665433037e-08
2010-08-31,zero/control,426499.2252,1,0,0,0,govt_2y,0.003490908069,0,,0,,0.003089190676,0.01981791566,0,optimal,CLARABEL,0,,False,9,0.9558475022,1.092791263,True,0.7723811863,0,9.54309903e-06,0,0,,,,False,2.201308662e-12,0.9558475022,False,1.710337393e-12,0.01981791566,4.037503628e-07,1.065976585e-08,1.822244535e-05,9.439544802e-09,2.056441102e-09,0.9558475022,1.440439193e-09,3.527774487e-09,0.03738844837,7.41782321e-09,2.971587081e-09,7.669669104e-08,0.006745308973
2010-09-30,zero/control,428229.0287,1,0,0,0,govt_2y,0.003357459231,0,,0,,0.002998359366,0.006649504837,0,optimal,CLARABEL,0,,False,9,0.9557791125,1.092775228,True,0.7640159051,0,8.990158889e-06,0,0,,,,False,1.300352051e-12,0.9557791125,False,1.054291328e-12,0.006649504837,6.493645639e-08,7.847570138e-09,0.0003728307859,3.398129338e-09,1.318547685e-09,0.9557791125,9.724083133e-10,2.222076918e-09,0.03961725404,4.286740247e-09,1.762068394e-09,7.02523223e-07,0.004230013435
2010-10-29,zero/control,429615.6898,1,0,0,0,govt_2y,0.003125909133,0,,0,,0.002814621078,0.01009348495,0,optimal,CLARABEL,0,,False,10,0.9587946937,1.086273998,True,0.6801536239,0,7.922091814e-06,0,0,,,,False,1.877122822e-12,0.9587946937,False,1.39431443e-12,0.01009348495,2.377529364e-07,9.819247134e-09,8.026265367e-08,4.280212854e-09,2.129861783e-09,0.9587946937,2.364217112e-09,3.331003307e-09,0.03546625962,6.805075414e-09,2.81759621e-09,1.913480099e-07,0.005738505751
2010-11-30,zero/control,428549.6759,1,0,0,0,govt_2y,0.003216265235,0,,0,,0.002928982916,0.01126134203,0,optimal,CLARABEL,0,,False,9,0.9605590193,1.082658815,True,0.5172730847,0,8.578940921e-06,0,0,,,,False,7.116057672e-13,0.9605590193,False,6.308146789e-13,0.01126134203,5.954690268e-08,1.646046125e-08,2.070712746e-08,1.749495174e-09,8.472477777e-10,0.9605590193,7.039258729e-10,1.476536456e-09,0.03064490101,2.267671563e-09,1.354613591e-09,0.003852578613,0.004943395994
2010-12-30,zero/control,428127.3291,1,0,0,0,govt_2y,0.003437182403,0,,0,,0.003130533762,0.02153614006,0,optimal,CLARABEL,0,,False,10,0.9569168249,1.090861561,True,0.4871904313,0,9.800241637e-06,0,0,,,,False,7.068150354e-13,0.9569168249,False,4.818623441e-13,0.02153614006,2.552249151e-08,3.615083095e-09,2.48252399e-09,1.223677406e-09,5.265876804e-10,0.9569168249,4.115146508e-10,9.653683218e-10,0.02820186913,1.516851467e-09,7.448704565e-10,0.01488125247,1.645857674e-08
2011-01-31,zero/control,429268.3333,1,0,0,0,govt_2y,0.0032662151,0,,0,,0.002986062219,0.009316836681,0,optimal,CLARABEL,0,,False,10,0.9547616339,1.095507388,True,0.4790857506,0,8.916567575e-06,0,0,,,,False,6.114164862e-13,0.9547616339,False,4.262822525e-13,0.009316836681,1.548475276e-08,2.667768021e-09,2.550338419e-09,1.268654893e-09,4.535139571e-10,0.9547616339,3.750057307e-10,8.755705603e-10,0.03324947735,1.186836111e-09,6.244107982e-10,0.01198883795,2.530598375e-08
2011-02-28,zero/control,429317.8644,1,0,0,0,govt_2y,0.00351746477,0,,0,,0.003191808661,0.01206455923,0,optimal,CLARABEL,0,,False,10,0.9478413863,1.11105263,True,0.5488147144,0,1.018764253e-05,0,0,,,,False,3.782781221e-13,0.9478413863,False,3.211029783e-13,0.01206455923,8.171153212e-09,2.298832995e-09,1.853823589e-09,1.219121619e-09,3.57120098e-10,0.9478413863,2.722992106e-10,6.503640126e-10,0.03799188324,8.744117927e-10,4.711237505e-10,0.01416670539,8.93017008e-09
2011-03-31,zero/control,428985.6715,1,0,0,0,govt_2y,0.003577817813,0,,0,,0.003212853515,0.00479277706,0,optimal,CLARABEL,0,,False,10,0.9453866366,1.116704426,True,0.5856190333,0,1.032242771e-05,0,0,,,,False,2.330880639e-13,0.9453866366,False,2.280985142e-13,0.00479277706,4.866378622e-09,1.735145306e-09,1.476219762e-09,1.128821752e-09,3.05045471e-10,0.9453866366,2.285844685e-10,5.084633667e-10,0.03837252776,6.944554132e-10,4.104807236e-10,0.01624081732,6.973278704e-09
2011-04-29,zero/control,431597.1336,1,0,0,0,govt_2y,0.003495458406,0,,0,,0.003165571971,0.005347973232,0,optimal,CLARABEL,0,,False,10,0.9454221592,1.116483849,True,0.6410911766,0,1.00208459e-05,0,0,,,,False,3.305332909e-13,0.9454221592,False,2.936056005e-13,0.005347973232,5.352150993e-09,2.378824131e-09,2.054029039e-09,1.449474419e-09,3.472238391e-10,0.9454221592,2.393909472e-10,6.033489322e-10,0.04064174377,7.926504276e-10,4.767794455e-10,0.01393607385,9.450362633e-09
2011-05-31,zero/control,433131.9513,1,0,0,0,govt_2y,0.003316059517,0,,0,,0.003039680141,0.005994419194,0,optimal,CLARABEL,0,,False,10,0.9484680166,1.109634933,True,0.6787484569,0,9.239655361e-06,0,0,,,,False,2.786258269e-13,0.9484680166,False,2.450547346e-13,0.005994419194,8.384638814e-09,1.748153753e-09,1.662377025e-09,1.673015863e-09,3.421687548e-10,0.9484680166,2.308618369e-10,5.727561442e-10,0.03755463261,7.592473645e-10,5.152964279e-10,0.01397732848,6.461732612e-09
2011-06-30,zero/control,432972.9351,1,0,0,0,govt_2y,0.003230646812,0,,0,,0.002987115689,0.02785830168,0,optimal,CLARABEL,0,,False,10,0.9577514856,1.08909805,True,0.6336352333,0,8.922860137e-06,0,0,,,,False,9.77935762e-14,0.9577514856,False,6.520840962e-14,0.02785830168,5.239713576e-09,3.790354719e-10,3.476005608e-10,5.205651067e-10,7.441239231e-11,0.9577514856,4.45203131e-11,1.339110447e-10,0.02342626192,1.6196881e-10,1.214018077e-10,0.0188222451,3.152860162e-10
2011-07-29,zero/control,434349.1252,1,0,0,0,govt_2y,0.003271475482,0,,0,,0.002993367737,0.005325227352,0,optimal,CLARABEL,0,,False,10,0.9556501687,1.09375509,True,0.6435372433,0,8.96025041e-06,0,0,,,,False,1.227411455e-13,0.9556501687,False,8.751349158e-14,0.005325227352,1.155087383e-08,7.197231637e-10,6.977958602e-10,8.167030316e-10,1.065782818e-10,0.9556501687,5.948288661e-11,1.807342527e-10,0.02609673464,2.307815314e-10,1.846329329e-10,0.01825308173,3.95846961e-10
2011-08-31,zero/control,435037.1126,1,0,0,0,govt_2y,0.003443367393,0,,0,,0.003165174911,0.01966299933,0,optimal,CLARABEL,0,,False,9,0.9669633339,1.068812043,True,0.5756385311,0,1.001833221e-05,0,0,,,,False,1.37989014e-12,0.9669633339,False,1.058721173e-12,0.01966299933,0.0003015123628,1.013418608e-08,9.877911754e-09,1.135013983e-08,1.152633885e-09,0.9669633339,9.233161149e-10,1.803240303e-09,0.02203440061,3.20347348e-09,1.785413853e-09,0.01070070317,9.762177551e-09
2011-09-30,zero/control,433556.2164,1,0,0,0,govt_2y,0.00337103791,0,,0,,0.003193440336,0.01056226551,0,optimal,CLARABEL,0,,False,10,0.9705025441,1.061006233,True,0.573557464,0,1.019806118e-05,0,0,,,,False,2.37388635e-13,0.9705025441,False,1.465379807e-13,0.01056226551,7.106391251e-08,6.170509177e-09,9.077371861e-10,3.703497225e-10,1.804462637e-10,0.9705025441,3.28163958e-10,2.502679859e-10,0.02452867612,4.751226402e-10,2.460842441e-10,0.004968696907,2.850099925e-09
2011-10-31,zero/control,434934.4955,1,0,0,0,govt_2y,0.003265293124,0,,0,,0.003117533681,0.02346696308,0,optimal,CLARABEL,0,,False,10,0.9772881315,1.046718588,True,0.5748482017,0,9.71901625e-06,0,0,,,,False,7.095865008e-13,0.9772881315,False,3.015381155e-13,0.02346696308,2.898285613e-08,1.188727387e-07,1.773977665e-09,7.817782745e-10,3.488495596e-10,0.9772881315,6.405698861e-10,5.138189018e-10,0.01423835375,1.042754797e-09,4.994868192e-10,0.008473354505,6.812268502e-09
2011-11-30,zero/control,434785.8589,1,0,0,0,govt_2y,0.003095996698,0,,0,,0.002999139979,0.02267343973,0,optimal,CLARABEL,0,,False,9,0.9861379462,1.028237678,True,0.5709493903,0,8.994840614e-06,0,0,,,,False,1.169686185e-11,0.9861379462,False,2.718071696e-12,0.02267343973,8.13514888e-07,0.003194450982,3.590862137e-08,1.195948091e-08,3.746299091e-09,0.9861379462,9.033046682e-09,4.989473662e-09,0.006484213095,1.476976235e-08,5.956572829e-09,0.004182395902,9.396102169e-08
2011-12-30,zero/control,435136.7562,1,0,0,0,govt_2y,0.002941484034,0,,0,,0.002854332767,0.007766816252,0,optimal,CLARABEL,0,,False,9,0.9859182409,1.028662645,True,0.5793080447,0,8.147215545e-06,0,0,,,,False,4.377639541e-12,0.9859182409,False,1.093112744e-12,0.007766816252,1.489178978e-07,2.378783165e-06,7.815166971e-09,2.706250363e-09,1.387627989e-09,0.9859182409,2.329037925e-09,2.080257909e-09,0.006009743304,4.975596564e-09,2.359902105e-09,0.008069446723,1.775473804e-08
2012-01-31,zero/control,435968.6934,1,0,0,0,govt_2y,0.002753656891,0,,0,,0.002668669056,0.001516380287,0,optimal,CLARABEL,0,,False,9,0.9860654702,1.028355629,True,0.5391248463,0,7.121794532e-06,0,0,,,,False,1.75775297e-12,0.9860654702,False,4.564213234e-13,0.001516380287,5.892083968e-08,7.78188793e-05,3.868974279e-09,1.040518929e-09,6.674827669e-10,0.9860654702,1.258158649e-09,9.772368323e-10,0.005328070098,2.471143582e-09,1.063177685e-09,0.008528563304,7.29856754e-09
2012-02-29,zero/control,435428.0305,1,0,0,0,govt_2y,0.002567030845,0,,0,,0.002479963066,0.00264717041,0,optimal,CLARABEL,0,,False,10,0.9860773482,1.028319242,True,0.5215130921,0,6.150216808e-06,0,0,,,,False,2.757730364e-13,0.9860773482,False,6.99077329e-14,0.00264717041,1.467966121e-08,2.37557795e-08,3.06731727e-10,1.054405956e-10,1.067497225e-10,0.9860773482,1.908784595e-10,1.744250623e-10,0.004204919764,3.413137939e-10,1.660306911e-10,0.009717691948,2.148689949e-10
2012-03-30,zero/control,435307.2941,1,0,0,0,govt_2y,0.002581262378,0,,0,,0.002460011888,0.006895543904,0,optimal,CLARABEL,0,,False,10,0.9823532621,1.036063207,True,0.5172644673,0,6.051658491e-06,0,0,,,,False,1.02497596e-11,0.9823532621,False,2.93363909e-12,0.006895543904,2.772482664e-07,1.403523706e-07,8.455134713e-09,3.744681954e-09,3.807978602e-09,0.9823532621,3.218022574e-09,6.905580852e-09,0.005785767759,9.581634293e-09,6.163825704e-09,0.01186049484,1.584795261e-08
2012-04-30,zero/control,436060.7713,1,0,0,0,govt_2y,0.002458893174,0,,0,,0.002342404777,0.0005227628073,0,optimal,CLARABEL,0,,False,9,0.9821604818,1.036463565,True,0.5310042375,0,5.486860137e-06,0,0,,,,False,1.594088759e-11,0.9821604818,False,4.526109727e-12,0.0005227628073,1.202204626e-06,2.414530512e-07,1.533399973e-08,6.205085439e-09,6.654873725e-09,0.9821604818,5.441808976e-09,1.226997226e-08,0.005683117422,1.576184079e-08,1.080797962e-08,0.0121548503,3.436062993e-08
2012-05-31,zero/control,435733.4187,1,0,0,0,govt_2y,0.002364545996,0,,0,,0.002277585362,0.006322033723,0,optimal,CLARABEL,0,,False,10,0.9858294439,1.02880125,True,0.5360813207,0,5.18739508e-06,0,0,,,,False,1.735597265e-11,0.9858294439,False,3.43643208e-12,0.006322033723,3.996355665e-07,2.44403842e-07,1.197263545e-08,5.147231125e-09,5.154130702e-09,0.9858294439,4.031281248e-09,9.753940723e-09,0.002343864111,1.153226839e-08,8.602687736e-09,0.0118259727,1.900668874e-08
2012-06-29,zero/control,435810.9162,1,0,0,0,govt_2y,0.002208346785,0,,0,,0.002135624632,0.004929664962,0,optimal,CLARABEL,0,,False,9,0.9867982333,1.026821833,True,0.5095631789,0,4.560892568e-06,0,0,,,,False,6.212458322e-12,0.9867982333,False,1.419752629e-12,0.004929664962,7.66557469e-08,1.115741135e-05,1.253099986e-08,4.804656929e-09,2.600002218e-09,0.9867982333,2.240359383e-09,4.908604085e-09,0.003351865057,6.66908694e-09,4.386421033e-09,0.009838570467,5.893915611e-08
2012-07-31,zero/control,436957.8478,1,0,0,0,govt_2y,0.002097781313,0,,0,,0.002026637943,0.003421142558,0,optimal,CLARABEL,0,,False,10,0.9859536308,1.028583635,True,0.5199005145,0,4.107261352e-06,0,0,,,,False,2.421126159e-12,0.9859536308,False,5.614186893e-13,0.003421142558,2.792893569e-08,9.903104812e-07,1.023849689e-08,3.737088492e-09,1.098540784e-09,0.9859536308,8.659652335e-10,2.159013658e-09,0.00508779508,2.348214412e-09,1.718741519e-09,0.008957501386,3.235139588e-08
2012-08-31,zero/control,437270.3084,1,0,0,0,govt_2y,0.002107848138,0,,0,,0.002023840281,0.01368257508,0,optimal,CLARABEL,0,,False,9,0.987082239,1.026282363,True,0.554746815,0,4.095929485e-06,0,0,,,,False,9.108190792e-12,0.987082239,False,1.570914455e-12,0.01368257508,5.631679507e-08,0.005436101354,2.551276957e-08,5.662711773e-09,2.954350431e-09,0.987082239,2.149236457e-09,5.980661573e-09,0.002784908088,5.393214514e-09,4.719398525e-09,0.004696436994,2.058318188e-07
2012-09-28,zero/control,437436.5041,1,0,0,0,govt_2y,0.002019137767,0,,0,,0.001941314816,0.01000868644,0,optimal,CLARABEL,0,,False,8,0.9858850829,1.028737992,True,0.5139469,0,3.768703214e-06,0,0,,,,False,7.913122336e-12,0.9858850829,False,1.738541821e-12,0.01000868644,5.572833355e-08,0.001498243612,1.564516089e-08,7.639290377e-09,4.332232021e-09,0.9858850829,5.123417255e-09,7.519663761e-09,0.00329945493,7.889660934e-09,5.944443045e-09,0.009067452819,0.0002496558992
2012-10-26,zero/control,436868.2546,1,0,0,0,govt_2y,0.00185181351,0,,0,,0.001772113693,0.02453201464,0,optimal,CLARABEL,0,,False,9,0.9900431901,1.020163226,True,0.4958931764,0,3.14038694e-06,0,0,,,,False,6.612089778e-12,0.9900431901,False,7.070363628e-13,0.02453201464,3.174012077e-08,0.005371653316,3.335843228e-08,5.229910093e-09,2.082834001e-09,0.9900431901,2.108007432e-09,3.452586497e-09,1.039281172e-05,4.501712006e-09,2.675298328e-09,6.540032507e-07,0.004574024636
2012-11-30,zero/control,437446.0188,1,0,0,0,govt_2y,0.001728486192,0,,0,,0.001657143153,0.02456534688,0,optimal,CLARABEL,0,,False,10,0.9877062185,1.024922662,True,0.4450648203,0,2.746123431e-06,0,0,,,,False,4.030307256e-13,0.9877062185,False,6.552267471e-14,0.02456534688,3.073720278e-09,1.538008122e-08,4.3988405e-10,6.898130079e-10,1.644721478e-10,0.9877062185,1.441376075e-10,3.260973979e-10,0.001444186364,3.586903829e-10,2.046542951e-10,0.01084957062,3.779049205e-09
2012-12-31,zero/control,437557.1099,1,0,0,0,govt_2y,0.001643330363,0,,0,,0.001566922505,0.004479360982,0,optimal,CLARABEL,0,,False,9,0.9862078344,1.028047196,True,0.4279643197,0,2.455246135e-06,0,0,,,,False,1.585587927e-12,0.9862078344,False,3.50785284e-13,0.004479360982,4.492682578e-08,1.151072417e-07,4.420222983e-09,4.50150453e-09,1.000941558e-09,0.9862078344,8.07919623e-10,1.925349927e-09,0.003167071382,2.413631118e-09,1.336414465e-09,0.01008846556,0.0005364521912
2013-01-31,zero/control,437860.8804,1,0,0,0,govt_2y,0.00163145347,0,,0,,0.001543609554,0.02714366413,0,optimal,CLARABEL,0,,False,9,0.9886442659,1.023038312,True,0.4609814606,0,2.382730455e-06,0,0,,,,False,8.114490893e-12,0.9886442659,False,9.244328342e-13,0.02714366413,5.241824247e-08,0.004958128606,1.288525295e-08,1.572672899e-08,3.022280414e-09,0.9886442659,2.516640744e-09,5.556949038e-09,0.0002010487877,9.800253366e-09,4.485345265e-09,3.810341184e-07,0.00619606923
2013-02-28,zero/control,438278.6513,1,0,0,0,govt_2y,0.001543101133,0,,0,,0.001451832448,0.003701093694,0,optimal,CLARABEL,0,,False,10,0.9886676751,1.022986263,True,0.4535190839,0,2.107817458e-06,0,0,,,,False,4.202370626e-13,0.9886676751,False,5.340461178e-14,0.003701093694,1.892246348e-09,0.00672730114,6.689996517e-10,5.198978771e-10,1.769774445e-10,0.9886676751,1.383594016e-10,3.436209732e-10,2.242125164e-07,4.58108476e-10,2.544119906e-10,9.309544122e-09,0.004604785742
2013-03-28,zero/control,438588.2683,1,0,0,0,govt_2y,0.00144010245,0,,0,,0.00134552831,0.001314655423,0,optimal,CLARABEL,0,,False,10,0.9886134088,1.023095265,True,0.4009415754,0,1.810446432e-06,0,0,,,,False,2.101158313e-13,0.9886134088,False,2.829118802e-14,0.001314655423,1.451720044e-09,0.007240268733,6.168210431e-10,4.069163592e-10,1.025072698e-10,0.9886134088,8.653034481e-11,2.046295921e-10,5.510310185e-08,2.564703003e-10,1.458533378e-10,3.429754757e-09,0.004146260629
2013-04-30,zero/control,439239.1442,1,0,0,0,govt_2y,0.001358928398,0,,0,,0.001290279302,0.008199294984,0,optimal,CLARABEL,0,,False,9,0.9888069072,1.022719253,True,0.3936065971,0,1.664820678e-06,0,0,,,,False,4.012382597e-13,0.9888069072,False,6.339765181e-14,0.008199294984,1.040211529e-08,0.003492717648,6.432115073e-09,9.738816266e-10,2.434341562e-10,0.9888069072,1.830516182e-10,4.616838591e-10,0.002350355072,6.605599223e-10,3.551692597e-10,3.779824209e-08,0.005349962533
2013-05-31,zero/control,438433.8825,1,0,0,0,govt_2y,0.001406059547,0,,0,,0.001308084606,0.006019897005,0,optimal,CLARABEL,0,,False,9,0.9882988783,1.023732143,True,0.3856071658,0,1.711085338e-06,0,0,,,,False,2.526152693e-12,0.9882988783,False,3.594558002e-13,0.006019897005,4.149257351e-08,0.00311784548,3.861687423e-08,4.750252034e-09,1.026240465e-09,0.9882988783,6.51861308e-10,2.279547257e-09,2.734668076e-06,2.296587316e-09,1.387421312e-09,1.817959448e-07,0.008580267257
2013-06-28,zero/control,438051.75,1,0,0,0,govt_2y,0.001506710823,0,,0,,0.001410346556,0.01777750178,0,optimal,CLARABEL,0,,False,9,0.9866906462,1.027080871,True,0.3262658851,0,1.989077409e-06,0,0,,,,False,1.233847488e-13,0.9866906462,False,2.28149706e-14,0.01777750178,2.499011047e-09,0.005037356211,9.836256893e-10,2.158099783e-09,6.546249364e-11,0.9866906462,3.637774234e-11,1.217703378e-10,5.049858044e-09,1.368565601e-10,7.665655734e-11,0.006887971646,0.001384014774
2013-07-31,zero/control,439254.0392,1,0,0,0,govt_2y,0.001471685979,0,,0,,0.001389127607,0.009828386284,0,optimal,CLARABEL,0,,False,9,0.9868390337,1.026723761,True,0.3214549947,0,1.929675508e-06,0,0,,,,False,1.916238373e-12,0.9868390337,False,4.18983429e-13,0.009828386284,8.609031515e-08,0.0003767727981,2.994703476e-09,7.750577402e-09,1.077091479e-09,0.9868390337,5.85724419e-10,2.168468579e-09,5.018930291e-08,1.995856491e-09,1.300208993e-09,0.01078939475,0.001994644637
2013-08-30,zero/control,438576.848,1,0,0,0,govt_2y,0.001476879331,0,,0,,0.001400654201,0.006197863411,0,optimal,CLARABEL,0,,False,10,0.9864188403,1.027531177,True,0.3340080689,0,1.961832192e-06,0,0,,,,False,6.767155923e-13,0.9864188403,False,1.503659644e-13,0.006197863411,3.372324371e-06,1.4860769e-07,2.33091593e-09,7.641079906e-09,3.416490803e-10,0.9864188403,1.854632253e-10,6.77856818e-10,1.571902768e-08,6.961765769e-10,3.755881402e-10,0.01357760314,7.62228763e-09
2013-09-30,zero/control,439928.2133,1,0,0,0,govt_2y,0.001658503956,0,,0,,0.00158111629,0.00281129619,0,optimal,CLARABEL,0,,False,10,0.9853281692,1.029813629,True,0.3854521162,0,2.499928723e-06,0,0,,,,False,2.968487979e-13,0.9853281692,False,7.054677869e-14,0.00281129619,0.001408655059,9.288739432e-10,3.724469272e-10,3.063605296e-10,1.464404843e-10,0.9853281692,8.093691135e-11,2.782779462e-10,4.839920129e-09,2.587266376e-10,1.539483947e-10,0.01326291881,2.495980681e-07
2013-10-31,zero/control,440689.5205,1,0,0,0,govt_2y,0.001619130367,0,,0,,0.001566020277,0.0100514334,0,optimal,CLARABEL,0,,False,9,0.9879688789,1.024416154,True,0.3948232249,0,2.452419509e-06,0,0,,,,False,1.611315639e-12,0.9879688789,False,2.652346799e-13,0.0100514334,0.002343023018,9.338222727e-09,4.443771567e-09,1.490770812e-09,7.360138809e-10,0.9879688789,3.810872312e-10,1.340412437e-09,4.130980767e-07,1.583717747e-09,8.441452611e-10,0.008772283401,0.0009153814387
2013-11-29,zero/control,441315.7339,1,0,0,0,govt_2y,0.001537122243,0,,0,,0.001492712962,0.01199059886,0,optimal,CLARABEL,0,,False,9,0.9896472766,1.020989988,True,0.3942475477,0,2.228191987e-06,0,0,,,,False,3.854154905e-13,0.9896472766,False,4.151123962e-14,0.01199059886,0.00223242865,2.734370547e-09,1.227560465e-09,4.509387703e-10,1.726510009e-10,0.9896472766,9.192784218e-11,2.84004079e-10,2.09027382e-07,3.772198081e-10,1.971663072e-10,0.003098253262,0.005021826964
2013-12-31,zero/control,440765.8708,1,0,0,0,govt_2y,0.001509942198,0,,0,,0.00147533489,0.006123051421,0,optimal,CLARABEL,0,,False,9,0.990165945,1.019923573,True,0.3938834676,0,2.176613038e-06,0,0,,,,False,2.84241952e-13,0.990165945,False,3.327020194e-14,0.006123051421,0.002685053044,1.695076883e-09,5.033720441e-10,2.260823428e-10,1.220206902e-10,0.990165945,6.57374044e-11,2.020329803e-10,6.801059736e-08,2.709916225e-10,1.448886598e-10,0.005033862564,0.002115068143
2014-01-31,zero/control,441453.5899,1,0,0,0,govt_2y,0.001522174167,0,,0,,0.001488519795,0.006870276438,0,optimal,CLARABEL,0,,False,10,0.9898848466,1.02046649,True,0.4367846041,0,2.21569118e-06,0,0,,,,False,7.497567643e-13,0.9898848466,False,1.023068454e-13,0.006870276438,0.00183104814,4.621347644e-09,1.565551231e-09,4.881199876e-10,3.384075376e-10,0.9898848466,1.819179126e-10,5.63986123e-10,1.240467278e-07,7.484353165e-10,3.994824185e-10,0.008283938411,3.38732333e-08
2014-02-28,zero/control,441659.8651,1,0,0,0,govt_2y,0.001514245014,0,,0,,0.001463725505,0.002786121577,0,optimal,CLARABEL,0,,False,10,0.9880677018,1.024199958,True,0.4451853961,0,2.142492355e-06,0,0,,,,False,6.42991018e-12,0.9880677018,False,9.219925948e-13,0.002786121577,0.002583525997,2.836548801e-08,8.967974672e-09,3.997114831e-09,2.779977869e-09,0.9880677018,1.543164142e-09,4.803337263e-09,7.509899827e-07,5.357869107e-09,2.994563447e-09,0.009347951617,1.079454736e-08
2014-03-31,zero/control,441265.1992,1,0,0,0,govt_2y,0.001593822275,0,,0,,0.001552344368,0.001239870268,0,optimal,CLARABEL,0,,False,10,0.9886248562,1.023053501,True,0.5065222162,0,2.409773036e-06,0,0,,,,False,5.216387316e-12,0.9886248562,False,8.145530039e-13,0.001239870268,0.002356443704,9.21518618e-08,8.446226915e-09,3.119435479e-09,2.770211912e-09,0.9886248562,1.568977224e-09,4.240723949e-09,3.655499241e-07,5.420881407e-09,2.912252324e-09,0.009018201608,1.232130517e-08
2014-04-30,zero/control,441909.1493,1,0,0,0,govt_2y,0.001572847343,0,,0,,0.001519090646,0.004987719711,0,optimal,CLARABEL,0,,False,10,0.9875000171,1.025335178,True,0.5089247042,0,2.307636389e-06,0,0,,,,False,2.258327664e-13,0.9875000171,False,3.760753383e-14,0.004987719711,0.0009384453056,3.837611476e-09,6.310796914e-10,1.706771066e-10,1.200550151e-10,0.9875000171,6.496555655e-11,1.924634059e-10,1.28617727e-08,2.272512975e-10,1.282597443e-10,0.01156151896,3.750971267e-10
2014-05-30,zero/control,442808.1647,1,0,0,0,govt_2y,0.001498412527,0,,0,,0.001454023655,0.00255700602,0,optimal,CLARABEL,0,,False,10,0.9881596107,1.023990076,True,0.4972628427,0,2.114184788e-06,0,0,,,,False,1.359507515e-13,0.9881596107,False,2.389962036e-14,0.00255700602,0.00131305942,4.095795024e-09,5.07929567e-10,1.764977251e-10,8.864223104e-11,0.9881596107,4.968933267e-11,1.377028399e-10,7.078249038e-09,1.708072459e-10,9.328397384e-11,0.01052730572,1.173213853e-08
2014-06-30,zero/control,442799.2452,1,0,0,0,govt_2y,0.001511018476,0,,0,,0.001454768351,0.004813133089,0,optimal,CLARABEL,0,,False,10,0.9855078246,1.029469464,True,0.5248569642,0,2.116350954e-06,0,0,,,,False,6.79202106e-12,0.9855078246,False,1.303424963e-12,0.004813133089,0.002584016375,8.088341278e-08,5.194959471e-08,9.137223898e-09,4.709375637e-09,0.9855078246,2.534099446e-09,7.645228286e-09,9.60093362e-07,9.014932473e-09,5.047951209e-09,0.01190695707,7.094154284e-08
2014-07-31,zero/control,442412.0427,1,0,0,0,govt_2y,0.001518586464,0,,0,,0.001448758556,0.005879579887,0,optimal,CLARABEL,0,,False,8,0.9836369546,1.033327758,True,0.5681539432,0,2.098901353e-06,0,0,,,,False,3.348651836e-12,0.9836369546,False,7.863199767e-13,0.005879579887,0.001664886346,2.729235218e-07,1.01245653e-06,4.155359959e-09,3.430176154e-09,0.9836369546,1.936076679e-09,5.278603677e-09,0.0004662419471,6.475913486e-09,3.665649735e-09,0.01423056904,3.774958825e-08
2014-08-29,zero/control,443372.9799,1,0,0,0,govt_2y,0.001537376633,0,,0,,0.001449278514,0.01614273463,0,optimal,CLARABEL,0,,False,9,0.977841625,1.045617754,True,0.5941310704,0,2.100408212e-06,0,0,,,,False,1.88166766e-12,0.977841625,False,6.834869079e-13,0.01614273463,0.003862218357,1.534495471e-07,6.354306405e-08,3.631370349e-09,3.548152029e-09,0.977841625,2.231715428e-09,5.030484339e-09,0.006327686218,6.186390543e-09,3.829214471e-09,0.01196817097,5.79886513e-08
2014-09-30,zero/control,442934.8641,1,0,0,0,govt_2y,0.001557049931,0,,0,,0.001485106516,0.008455804049,0,optimal,CLARABEL,0,,False,8,0.9805278943,1.039910396,True,0.623310039,0,2.205541363e-06,0,0,,,,False,1.045110615e-13,0.9805278943,False,3.162022722e-14,0.008455804049,0.001347679355,0.001033638637,2.298535028e-09,1.676684805e-10,1.429670088e-10,0.9805278943,7.973674114e-11,2.165113558e-10,0.004219337908,2.489169038e-10,1.590474496e-10,0.01287143254,1.391010578e-08
2014-10-31,zero/control,444373.921,1,0,0,0,govt_2y,0.001852775804,0,,0,,0.001754370731,0.01060033593,0,optimal,CLARABEL,0,,False,10,0.9809742041,1.038907085,True,0.7141416935,0,3.077816661e-06,0,0,,,,False,2.856339509e-12,0.9809742041,False,8.928995374e-13,0.01060033593,0.004099211546,6.306032349e-08,5.237198376e-08,2.966416036e-09,2.913033597e-09,0.9809742041,1.32580752e-09,4.644778124e-09,1.612564713e-07,5.964195279e-09,3.486105502e-09,0.0149262732,1.312801816e-08
2014-11-28,zero/control,445219.5175,1,0,0,0,govt_2y,0.001816349942,0,,0,,0.001722268965,0.001925170217,0,optimal,CLARABEL,0,,False,10,0.9812385522,1.038321643,True,0.7122816817,0,2.966210388e-06,0,0,,,,False,1.52116941e-12,0.9812385522,False,4.975334776e-13,0.001925170217,0.00276191319,2.760119551e-08,1.378186107e-08,1.602084112e-09,1.879955474e-09,0.9812385522,8.792552504e-10,2.910232738e-09,6.685620885e-08,3.482737088e-09,2.294289922e-09,0.01599940194,1.141573381e-08
2014-12-31,zero/control,443817.2769,1,0,0,0,govt_2y,0.00190279191,0,,0,,0.001826346301,0.006179439894,0,optimal,CLARABEL,0,,False,10,0.9846261702,1.031255592,True,0.7667964884,0,3.335540811e-06,0,0,,,,False,7.56056767e-14,0.9846261702,False,1.980709158e-14,0.006179439894,0.001173888392,1.057581917e-09,3.057975579e-10,8.810493072e-11,7.840140108e-11,0.9846261702,4.61445587e-11,1.09087361e-10,1.470506375e-09,1.637554146e-10,9.44611184e-11,0.01419993757,4.149970887e-10
2015-01-30,zero/control,445968.9945,1,0,0,0,govt_2y,0.002166487331,0,,0,,0.002072579249,0.006389991024,0,optimal,CLARABEL,0,,False,10,0.9819905385,1.036744422,True,0.8252522777,0,4.295584742e-06,0,0,,,,False,1.319664749e-12,0.9819905385,False,4.226649925e-13,0.006389991024,0.002285624757,1.940915493e-08,4.564593095e-09,1.615299156e-09,1.242191101e-09,0.9819905385,5.982083751e-10,1.803781375e-09,2.164589335e-08,2.334444313e-09,1.516838285e-09,0.01572376884,1.316632781e-08
2015-02-27,zero/control,445687.6218,1,0,0,0,govt_2y,0.002398905105,0,,0,,0.002277332589,0.006451356275,0,optimal,CLARABEL,0,,False,10,0.9777954061,1.045565727,True,0.8723282306,0,5.186243721e-06,0,0,,,,False,5.976895239e-13,0.9777954061,False,2.417918096e-13,0.006451356275,0.004407073774,3.894181011e-09,1.918996542e-09,8.06185976e-10,5.430659543e-10,0.9777954061,2.073032184e-10,8.456882834e-10,1.814196189e-08,9.33573978e-10,7.166158215e-10,0.01779740897,8.31851025e-08
2015-03-31,zero/control,446483.4189,1,0,0,0,govt_2y,0.00250217212,0,,0,,0.002389921471,0.01044281448,0,optimal,CLARABEL,0,,False,9,0.9796373384,1.041732098,True,0.9203297899,0,5.711724636e-06,0,0,,,,False,2.102863109e-12,0.9796373384,False,6.828597166e-13,0.01044281448,0.001117362584,9.016577603e-09,5.262991163e-09,2.431107175e-09,1.414864213e-09,0.9796373384,4.944771865e-10,2.287831344e-09,6.767676538e-08,2.428905274e-09,1.995261718e-09,0.01527725993,0.00396794608
2015-04-30,zero/control,446391.8451,1,0,0,0,govt_2y,0.002390950342,0,,0,,0.002282536476,0.01087014278,0,optimal,CLARABEL,0,,False,10,0.9792251028,1.042412769,True,0.9062035546,0,5.209972764e-06,0,0,,,,False,4.811995937e-13,0.9792251028,False,1.603315759e-13,0.01087014278,1.229760394e-05,1.351856524e-09,9.404687886e-10,5.633314778e-10,3.207318088e-10,0.9792251028,1.157418729e-10,5.387849379e-10,1.264511958e-08,5.216075454e-10,4.364232877e-10,0.0207625287,5.348948754e-08
2015-05-29,zero/control,446772.0295,1,0,0,0,govt_2y,0.002403890154,0,,0,,0.002317104369,0.0138944981,0,optimal,CLARABEL,0,,False,10,0.9808021344,1.039288003,True,0.9124323536,0,5.368972656e-06,0,0,,,,False,1.236210679e-12,0.9808021344,False,3.822958774e-13,0.0138944981,1.262104917e-07,3.724272843e-09,4.016653049e-09,1.692176149e-09,9.213353197e-10,0.9808021344,3.487308392e-10,1.434609279e-09,4.833042125e-08,1.560619491e-09,1.308793929e-09,0.01407608189,0.00512159418
2015-06-30,zero/control,446956.8004,1,0,0,0,govt_2y,0.002435609881,0,,0,,0.002332337147,0.01759673402,0,optimal,CLARABEL,0,,False,9,0.9804051627,1.040127712,True,0.8782082409,0,5.439796569e-06,0,0,,,,False,2.882336053e-12,0.9804051627,False,7.401239178e-13,0.01759673402,1.709699781e-05,1.884598307e-08,1.80172493e-08,3.528975152e-09,1.655805079e-09,0.9804051627,6.154549799e-10,2.692250482e-09,2.645610439e-07,2.897417479e-09,2.423554443e-09,0.005636719954,0.01394070509
2015-07-31,zero/control,447358.0334,1,0,0,0,govt_2y,0.002377623905,0,,0,,0.002278904103,0.01399509278,0,optimal,CLARABEL,0,,False,9,0.9790383591,1.043063159,True,0.8810899391,0,5.193403911e-06,0,0,,,,False,1.154458393e-12,0.9790383591,False,3.882057513e-13,0.01399509278,0.001386968466,2.243260345e-08,1.35256716e-08,2.110649025e-09,8.763491753e-10,0.9790383591,3.512962866e-10,1.418887304e-09,6.146586774e-08,1.57831796e-09,1.264324204e-09,0.01138438157,0.008190185843
2015-08-31,zero/control,446525.2571,1,0,0,0,govt_2y,0.002369090478,0,,0,,0.002262186485,0.0164759346,0,optimal,CLARABEL,0,,False,8,0.9829995867,1.034737475,True,0.9184207742,0,5.117487694e-06,0,0,,,,False,5.635552414e-13,0.9829995867,False,1.746421459e-13,0.0164759346,0.003452396216,8.06727313e-06,2.628236595e-08,7.41279513e-10,4.008042932e-10,0.9829995867,1.816846128e-10,6.163610082e-10,1.663724302e-08,7.700949643e-10,6.000170382e-10,0.002472521069,0.01106738256
2015-09-30,zero/control,447724.4872,1,0,0,0,govt_2y,0.002392079683,0,,0,,0.002285690464,0.01749242729,0,optimal,CLARABEL,0,,False,8,0.982717481,1.03534163,True,0.9688048507,0,5.224380895e-06,0,0,,,,False,5.380594746e-13,0.982717481,False,1.589251084e-13,0.01749242729,0.002556006704,0.0005984291059,7.278473407e-09,7.048874044e-10,3.377068317e-10,0.982717481,1.403286463e-10,5.641735071e-10,9.580608829e-09,5.97543652e-10,4.861651907e-10,0.01055865987,0.00356940366
2015-10-30,zero/control,447748.3086,1,0,0,0,govt_2y,0.002319384601,0,,0,,0.002224602334,0.01959289689,0,optimal,CLARABEL,0,,False,9,0.9852915438,1.029963986,True,0.9578141368,0,4.948855546e-06,0,0,,,,False,4.190989518e-12,0.9852915438,False,1.032028141e-12,0.01959289689,0.002385232958,1.248636831e-07,1.192920638e-08,3.783773472e-09,2.553148135e-09,0.9852915438,1.1211519e-09,4.07609212e-09,6.77877549e-08,4.724636971e-09,3.704425161e-09,0.00250841779,0.009814580879
2015-11-30,zero/control,446628.6187,1,0,0,0,govt_2y,0.002348519617,0,,0,,0.002243716981,0.005947501893,0,optimal,CLARABEL,0,,False,10,0.9847640657,1.030992497,True,0.9585869766,0,5.034265891e-06,0,0,,,,False,4.457476592e-13,0.9847640657,False,1.200068636e-13,0.005947501893,0.002012429816,1.145805417e-08,1.756636419e-09,5.042311448e-10,2.983255577e-10,0.9847640657,1.245646946e-10,4.688426316e-10,4.473525627e-09,5.414610692e-10,4.640461532e-10,4.619122785e-07,0.01322302246
2015-12-31,zero/control,445895.0403,1,0,0,0,govt_2y,0.002249800981,0,,0,,0.00214960113,0.009105776436,0,optimal,CLARABEL,0,,False,9,0.9844869072,1.031630451,True,0.9551907146,0,4.620785019e-06,0,0,,,,False,9.131596461e-14,0.9844869072,False,2.522770815e-14,0.009105776436,0.0007842573142,3.696729162e-09,1.10966762e-09,1.177473022e-10,7.420381821e-11,0.9844869072,3.199740784e-11,1.085722772e-10,8.732490682e-10,1.399483314e-10,1.189573465e-10,0.004553342943,0.01017548627
2016-01-29,zero/control,448086.8979,1,0,0,0,govt_2y,0.002361415259,0,,0,,0.002242943173,0.0146054523,0,optimal,CLARABEL,0,,False,8,0.9840455904,1.032584088,True,0.9482239081,0,5.030794076e-06,0,0,,,,False,1.324169012e-13,0.9840455904,False,3.364501702e-14,0.0146054523,0.002471728783,0.0009704166711,9.458852281e-10,1.067925521e-10,6.977927416e-11,0.9840455904,2.876573845e-11,1.178788642e-10,1.664870886e-09,1.314074432e-10,1.105878652e-10,0.008813236849,0.003699024102
2016-02-29,zero/control,448577.7733,1,0,0,0,govt_2y,0.002407244006,0,,0,,0.002257681979,0.01475822335,0,optimal,CLARABEL,0,,False,8,0.9827828646,1.035250541,True,0.9820323609,0,5.097127918e-06,0,0,,,,False,1.242140365e-12,0.9827828646,False,3.158135696e-13,0.01475822335,0.001918449927,0.006713022377,2.401201627e-08,1.255581446e-09,7.239463439e-10,0.9827828646,2.967895724e-10,1.124034813e-09,2.860442595e-08,1.529946718e-09,1.332079915e-09,0.003295816967,0.005289787248
2016-03-31,zero/control,450095.0968,1,0,0,0,govt_2y,0.002461719998,0,,0,,0.002315293792,0.01795945051,0,optimal,CLARABEL,0,,False,9,0.9820375636,1.036735076,True,0.9591105158,0,5.360585343e-06,0,0,,,,False,4.981447129e-12,0.9820375636,False,1.487942021e-12,0.01795945051,0.001373609906,0.004465091115,2.72874799e-08,5.93264488e-09,3.154296994e-09,0.9820375636,1.33793297e-09,5.084600729e-09,3.839902236e-07,7.105185682e-09,4.553030496e-09,0.01212325899,3.792860009e-08
2016-04-29,zero/control,450358.575,1,0,0,0,govt_2y,0.002398135997,0,,0,,0.002233404948,0.002885299031,0,optimal,CLARABEL,0,,False,9,0.980325458,1.040331665,True,0.9440289161,0,4.988097661e-06,0,0,,,,False,2.198598315e-12,0.980325458,False,7.331353118e-13,0.002885299031,0.001983937553,0.004752303174,1.449739522e-08,2.904416835e-09,1.682729176e-09,0.980325458,6.90303719e-10,2.674800133e-09,2.317431639e-07,3.839131354e-09,2.374281725e-09,0.01293801363,2.723373783e-08
2016-05-31,zero/control,449866.2114,1,0,0,0,govt_2y,0.002339663376,0,,0,,0.002196330264,0.00312386549,0,optimal,CLARABEL,0,,False,8,0.9806662166,1.039616776,True,0.9572327723,0,4.823866631e-06,0,0,,,,False,4.822744414e-12,0.9806662166,False,1.470866459e-12,0.00312386549,0.0029685421,0.00349300311,1.471924022e-08,5.082810392e-09,3.361579328e-09,0.9806662166,1.466813224e-09,5.532728982e-09,1.103824579e-06,7.123276271e-09,4.464210012e-09,0.012871008,8.460342361e-08
2016-06-30,zero/control,452850.7751,1,0,0,0,govt_2y,0.002573841927,0,,0,,0.002387437201,0.00675345756,0,optimal,CLARABEL,0,,False,8,0.9788584701,1.043435093,True,0.9482296184,0,5.699856389e-06,0,0,,,,False,3.450465867e-12,0.9788584701,False,1.133261724e-12,0.00675345756,0.001712181075,0.006762669309,1.23844077e-08,2.873087832e-09,2.210304503e-09,0.9788584701,8.619031859e-10,3.551244832e-09,1.237480139e-06,4.715044295e-09,3.469599608e-09,0.01266531865,9.331287532e-08
2016-07-29,zero/control,452854.8795,1,0,0,0,govt_2y,0.002587166152,0,,0,,0.002394387172,0.001694848741,0,optimal,CLARABEL,0,,False,7,0.9776336741,1.046032782,True,0.9829493577,0,5.733089931e-06,0,0,,,,False,3.456699293e-13,0.9776336741,False,1.220331232e-13,0.001694848741,0.002058210178,0.007410284705,1.820773829e-09,2.234615482e-10,2.477107706e-10,0.9776336741,9.855095922e-11,3.860690641e-10,1.58177092e-06,5.450838778e-10,3.782407513e-10,0.01289316771,3.0778122e-06
2016-08-31,zero/control,451980.3318,1,0,0,0,govt_2y,0.002391096647,0,,0,,0.002238244592,0.01692082014,0,optimal,CLARABEL,0,,False,8,0.9765231486,1.048310985,True,0.9772023292,0,5.009738855e-06,0,0,,,,False,1.717195175e-13,0.9765231486,False,6.894234708e-14,0.01692082014,0.002168060382,2.140462945e-08,9.57531403e-10,1.363953691e-10,1.525710727e-10,0.9765231486,6.492371764e-11,2.510361045e-10,0.001426437924,3.14358948e-10,2.270938718e-10,0.01747636511,0.002405964447
2016-09-30,zero/control,452714.8759,1,0,0,0,govt_2y,0.002365077665,0,,0,,0.002233900735,0.003696618911,0,optimal,CLARABEL,0,,False,7,0.9775641003,1.046136439,True,0.9895005906,0,4.990312492e-06,0,0,,,,False,2.783115642e-12,0.9775641003,False,1.066769017e-12,0.003696618911,0.002341492753,0.0002208704941,1.029127832e-08,2.019754667e-09,2.573269136e-09,0.9775641003,1.180189854e-09,4.10762931e-09,0.001173791757,5.511487546e-09,3.802850153e-09,0.01586673052,0.002832984655
2016-10-31,zero/control,452103.094,1,0,0,0,govt_2y,0.002344547672,0,,0,,0.002213074813,0.01124636039,0,optimal,CLARABEL,0,,False,8,0.9751578359,1.051217629,True,1.017255265,0,4.89770013e-06,0,0,,,,False,7.61525973e-14,0.9751578359,False,3.286142399e-14,0.01124636039,0.002897012619,0.001371155533,3.027157022e-10,5.675609541e-11,8.037275577e-11,0.9751578359,3.520094428e-11,1.290564097e-10,0.00244210625,1.661702269e-10,1.179551916e-10,0.01813187091,1.794269044e-08
2016-11-30,zero/control,450604.6021,1,0,0,0,govt_2y,0.002873247458,0,,0,,0.002609409113,0.04421329148,0,optimal,CLARABEL,0,,False,9,0.9728790614,1.05601622,True,0.9125870198,0,6.809015918e-06,0,0,,,,False,6.197086187e-14,0.9728790614,False,2.532650977e-14,0.04421329148,0.004133890164,2.132822819e-08,1.435756532e-10,3.12412194e-11,3.775096389e-11,0.9728790614,1.343047856e-11,6.746197188e-11,0.002001604239,6.736623378e-11,5.409319029e-11,4.281054324e-09,0.02098541812
2016-12-30,zero/control,451133.1202,1,0,0,0,govt_2y,0.002824398479,0,,0,,0.002603038232,0.01490891084,0,optimal,CLARABEL,0,,False,8,0.9728997931,1.056165121,True,0.8950433197,0,6.775808039e-06,0,0,,,,False,1.714351407e-13,0.9728997931,False,5.719086802e-14,0.01490891084,0.005726647629,1.002669082e-08,3.073839093e-10,7.535180807e-11,9.298953074e-11,0.9728997931,3.384958632e-11,1.599819806e-10,0.001103929086,1.682811034e-10,1.392515938e-10,0.005225734533,0.01504388468
2017-01-31,zero/control,451444.6829,1,0,0,0,govt_2y,0.002741683471,0,,0,,0.002519299039,0.002455338772,0,optimal,CLARABEL,0,,False,8,0.9721420401,1.05779955,True,0.9070264651,0,6.346867648e-06,0,0,,,,False,1.761047284e-13,0.9721420401,False,5.684770365e-14,0.002455338772,0.005231651224,2.663470056e-09,2.868886911e-10,8.863926505e-11,1.0261027e-10,0.9721420401,3.618024838e-11,1.762602034e-10,0.001104028393,1.813476931e-10,1.543490562e-10,0.006381992535,0.01514028401
2017-02-28,zero/control,451965.2295,1,0,0,0,govt_2y,0.002668850637,0,,0,,0.002434877978,0.01484404107,0,optimal,CLARABEL,0,,False,9,0.9749023546,1.051697213,True,0.9267956764,0,5.928630767e-06,0,0,,,,False,1.941758182e-12,0.9749023546,False,6.018710067e-13,0.01484404107,0.005168530107,2.455883553e-08,3.392779874e-09,1.014383752e-09,1.190084659e-09,0.9749023546,4.27997906e-10,2.046421432e-09,0.0003695059066,2.116730704e-09,1.790707058e-09,3.578599634e-07,0.01955921496
2017-03-31,zero/control,452284.3858,1,0,0,0,govt_2y,0.00267193761,0,,0,,0.002443994057,0.03206978433,0,optimal,CLARABEL,0,,False,9,0.9686609133,1.065302254,True,0.9274029718,0,5.97310695e-06,0,0,,,,False,3.520370528e-13,0.9686609133,False,1.425922885e-13,0.03206978433,0.004295100924,8.105131237e-09,1.062425811e-09,3.105487156e-10,3.202177119e-10,0.9686609133,1.039575946e-10,5.289138886e-10,3.181809959e-07,5.773927507e-10,4.79055398e-10,0.01603525022,0.01100840586
2017-04-28,zero/control,452926.873,1,0,0,0,govt_2y,0.002595908408,0,,0,,0.002372542221,0.03367566342,0,optimal,CLARABEL,0,,False,9,0.9624673763,1.07829883,True,0.922837854,0,5.628956593e-06,0,0,,,,False,3.489644969e-13,0.9624673763,False,2.176116567e-13,0.03367566342,0.005327517569,4.319438222e-09,8.425726173e-10,2.858571693e-10,3.265947511e-10,0.9624673763,1.104575111e-10,6.42952226e-10,8.26773354e-08,5.303669808e-10,4.60792306e-10,0.03185515475,0.0003498611446
2017-05-31,zero/control,453684.1873,1,0,0,0,govt_2y,0.002460389705,0,,0,,0.002253889522,0.01347624974,0,optimal,CLARABEL,0,,False,9,0.9649661314,1.073067071,True,0.8773100211,0,5.080017976e-06,0,0,,,,False,1.904938926e-13,0.9649661314,False,1.014457972e-13,0.01347624974,0.004035473218,1.845706607e-09,5.553067425e-10,1.628979878e-10,1.852844377e-10,0.9649661314,6.255933745e-11,3.582977429e-10,1.389480679e-07,3.093498082e-10,2.715833401e-10,0.02672036221,0.004277890459
2017-06-30,zero/control,453470.7983,1,0,0,0,govt_2y,0.002352235593,0,,0,,0.002169520934,0.003264137642,0,optimal,CLARABEL,0,,False,8,0.9654591109,1.071919696,True,0.8754595272,0,4.706821081e-06,0,0,,,,False,5.841458122e-13,0.9654591109,False,2.957108038e-13,0.003264137642,0.002574957448,4.072556245e-09,1.866989567e-09,6.115192852e-10,6.456516006e-10,0.9654591109,2.354553135e-10,1.198761416e-09,1.008452872e-06,1.094379576e-09,9.0487859e-10,0.02774898298,0.004215929589
2017-07-31,zero/control,454721.917,1,0,0,0,govt_2y,0.002253981912,0,,0,,0.002069540011,0.03983997796,0,optimal,CLARABEL,0,,False,9,0.9727982581,1.056303575,True,0.8416602593,0,4.282995858e-06,0,0,,,,False,1.50997536e-13,0.9727982581,False,5.111125818e-14,0.03983997796,0.00113799283,1.105411359e-09,4.106630259e-10,1.413243818e-10,1.476589307e-10,0.9727982581,5.546880352e-11,2.592139518e-10,9.687873377e-07,2.502063088e-10,2.168815816e-10,0.009856216733,0.01620656094
2017-08-31,zero/control,455600.3677,1,0,0,0,govt_2y,0.002078237676,0,,0,,0.001907320758,0.009960242156,0,optimal,CLARABEL,0,,False,9,0.9712309549,1.059710147,True,0.8243073694,0,3.637872473e-06,0,0,,,,False,4.493594593e-13,0.9712309549,False,1.533496363e-13,0.009960242156,0.001929574351,6.302241403e-09,2.491540204e-09,5.415190683e-10,6.182157621e-10,0.9712309549,2.395108202e-10,1.00975313e-09,6.369468914e-07,1.120789664e-09,8.967672585e-10,0.01405678076,0.01278203979
2017-09-29,zero/control,455298.0319,1,0,0,0,govt_2y,0.002084683005,0,,0,,0.001898487074,0.003836290632,0,optimal,CLARABEL,0,,False,9,0.9683492692,1.065925144,True,0.8127781632,0,3.604253171e-06,0,0,,,,False,8.44738363e-14,0.9683492692,False,3.393330958e-14,0.003836290632,0.001785743629,1.234066708e-09,8.338809776e-10,1.10300084e-10,1.388005037e-10,0.9683492692,5.282711469e-11,2.282495835e-10,9.245077433e-07,2.609124672e-10,1.876875939e-10,0.01610573161,0.01375832799
2017-10-31,zero/control,455257.1851,1,0,0,0,govt_2y,0.002005302975,0,,0,,0.001831126989,0.007322326217,0,optimal,CLARABEL,0,,False,8,0.9700825125,1.062180216,True,0.8306720842,0,3.353026049e-06,0,0,,,,False,1.112387024e-12,0.9700825125,False,3.997170015e-13,0.007322326217,0.001859000612,1.40640025e-08,7.414163437e-09,1.301772346e-09,1.779551235e-09,0.9700825125,7.316413737e-10,2.86875347e-09,3.900484317e-06,3.273356479e-09,2.320691452e-09,0.01285283076,0.01520172189
2017-11-30,zero/control,454892.3271,1,0,0,0,govt_2y,0.001955484588,0,,0,,0.001814210626,0.01940680385,0,optimal,CLARABEL,0,,False,8,0.9693153466,1.063678228,True,0.8682869564,0,3.291360195e-06,0,0,,,,False,1.323230763e-12,0.9693153466,False,5.891478164e-13,0.01940680385,0.001719064221,1.549684375e-08,1.098588744e-08,1.753238662e-09,2.869457017e-09,0.9693153466,1.516196719e-09,4.26547089e-09,5.045926754e-06,5.824861531e-09,3.563850955e-09,0.02282846991,0.006132027071
2017-12-29,zero/control,454935.8083,1,0,0,0,govt_2y,0.001923651396,0,,0,,0.001799845586,0.01957874972,0,optimal,CLARABEL,0,,False,9,0.9653365192,1.072044345,True,0.9445644042,0,3.239444135e-06,0,0,,,,False,9.153187498e-13,0.9653365192,False,5.093249289e-13,0.01957874972,0.002471934795,8.905649181e-09,7.36714562e-09,1.48734578e-09,2.477059564e-09,0.9653365192,1.281300803e-09,3.686725318e-09,0.001982152519,5.286319992e-09,3.309867158e-09,0.03020926345,9.622516522e-08
2018-01-31,zero/control,453425.4278,1,0,0,0,govt_2y,0.001899761567,0,,0,,0.001758313457,0.009214644159,0,optimal,CLARABEL,0,,False,9,0.9673927027,1.067618034,True,0.9212772924,0,3.091666213e-06,0,0,,,,False,5.090474669e-13,0.9673927027,False,2.713117376e-13,0.009214644159,0.001495950322,4.880665235e-09,5.364705338e-09,8.902500203e-10,1.333314108e-09,0.9673927027,6.882220469e-10,2.032194873e-09,0.002715365126,2.662172129e-09,1.943142783e-09,0.02839595083,1.126776613e-08
2018-02-28,zero/control,451877.466,1,0,0,0,govt_2y,0.001939655923,0,,0,,0.001815656144,0.04437196267,0,optimal,CLARABEL,0,,False,8,0.980808475,1.039375494,True,0.8976676035,0,3.296607232e-06,0,0,,,,False,9.574932045e-14,0.980808475,False,2.542866873e-14,0.04437196267,0.002062095512,6.569437327e-09,3.783887699e-10,1.989639417e-10,1.622319117e-10,0.980808475,1.095882896e-10,1.828859532e-10,0.001671415905,4.16015743e-10,2.624282948e-10,0.006243510405,0.009214494865
2018-03-29,zero/control,451754.9219,1,0,0,0,govt_2y,0.001872469933,0,,0,,0.001766037907,0.003833793287,0,optimal,CLARABEL,0,,False,8,0.9820899863,1.036693417,True,0.8900489096,0,3.11888989e-06,0,0,,,,False,8.641898098e-14,0.9820899863,False,2.314621718e-14,0.003833793287,0.002156426459,3.135295497e-08,4.464437911e-10,2.196305182e-10,1.540643363e-10,0.9820899863,1.066931036e-10,1.715104018e-10,0.00187617706,4.670422664e-10,2.358791105e-10,0.006682064998,0.007195312044
2018-04-30,zero/control,450011.9067,1,0,0,0,govt_2y,0.001904754769,0,,0,,0.001788250188,0.005343664876,0,optimal,CLARABEL,0,,False,8,0.982016559,1.036817291,True,0.8912861114,0,3.197838734e-06,0,0,,,,False,4.454494737e-13,0.982016559,False,1.101590605e-13,0.005343664876,0.00209101988,3.252457276e-07,1.384822197e-09,6.985585184e-10,5.941492026e-10,0.982016559,3.903689185e-10,7.617485642e-10,3.828899974e-05,1.605884266e-09,9.339489388e-10,0.009253600533,0.006600199953
2018-05-31,zero/control,451072.8904,1,0,0,0,govt_2y,0.002214322692,0,,0,,0.002035982801,0.0403709948,0,optimal,CLARABEL,0,,False,8,0.9745187466,1.052515497,True,1.03139433,0,4.145225967e-06,0,0,,,,False,2.032998481e-12,0.9745187466,False,7.846421081e-13,0.0403709948,0.0008801117954,0.02018579777,6.445916974e-09,2.611149601e-09,2.151761288e-09,0.9745187466,9.639196936e-10,3.745474317e-09,1.24439213e-07,4.533423913e-09,3.152314033e-09,0.00219330316,0.002221892665
2018-06-29,zero/control,450071.2715,1,0,0,0,govt_2y,0.002126331328,0,,0,,0.001957310443,0.003452561985,0,optimal,CLARABEL,0,,False,8,0.9757760016,1.049842208,True,1.006645498,0,3.831064171e-06,0,0,,,,False,1.594864753e-12,0.9757760016,False,5.402072238e-13,0.003452561985,0.0001268241541,0.01931729759,5.736926949e-09,2.117697538e-09,1.71386698e-09,0.9757760016,8.45049449e-10,2.907249658e-09,3.244736042e-07,3.899968649e-09,2.581913697e-09,0.002978949129,0.001800583291
2018-07-31,zero/control,449221.8921,1,0,0,0,govt_2y,0.002073645122,0,,0,,0.001933687833,0.02094195849,0,optimal,CLARABEL,0,,False,7,0.9764205301,1.048698167,True,1.062123939,0,3.739148637e-06,0,0,,,,False,3.118721396e-13,0.9764205301,False,1.022600581e-13,0.02094195849,0.0008686929979,0.00939312678,1.234379237e-09,6.971987104e-10,4.687490578e-10,0.9764205301,2.353432873e-10,6.512270297e-10,0.001128952256,1.279292342e-09,7.060798066e-10,0.00519274548,0.006995947114
2018-08-31,zero/control,449825.1585,1,0,0,0,govt_2y,0.001976026413,0,,0,,0.001837497426,0.009236111768,0,optimal,CLARABEL,0,,False,7,0.9764342011,1.048640135,True,1.055435962,0,3.37639679e-06,0,0,,,,False,1.819760844e-12,0.9764342011,False,6.32830536e-13,0.009236111768,0.0001773925325,0.009193458726,8.781801745e-09,5.115084022e-09,3.470220765e-09,0.9764342011,1.664412904e-09,4.555960643e-09,0.0009593430236,9.327328532e-09,5.284769503e-09,0.009714477534,0.003521088843
2018-09-28,zero/control,448395.9121,1,0,0,0,govt_2y,0.002002944226,0,,0,,0.001872313543,0.01965245849,0,optimal,CLARABEL,0,,False,7,0.9723070298,1.057567568,True,1.108471799,0,3.505558002e-06,0,0,,,,False,1.824822771e-13,0.9723070298,False,7.53221098e-14,0.01965245849,0.001985117726,0.003857613556,1.043982054e-09,6.49957437e-10,3.529865125e-10,0.9723070298,1.471044454e-10,4.950499906e-10,0.005821771816,9.019976286e-10,5.411679374e-10,0.00941613964,0.006612323355
2018-10-31,zero/control,447213.5319,1,0,0,0,govt_2y,0.002015752218,0,,0,,0.001894918499,0.02011815752,0,optimal,CLARABEL,0,,False,8,0.9803147051,1.040404873,True,1.142126979,0,3.590716117e-06,0,0,,,,False,1.062962299e-13,0.9803147051,False,2.827541608e-14,0.02011815752,0.001987883117,0.005742058346,1.891109798e-10,1.804409039e-10,1.010947488e-10,0.9803147051,4.349620839e-11,1.610799269e-10,1.251558185e-07,2.343207754e-10,1.389960087e-10,0.01039189699,0.001563330223
2018-11-30,zero/control,448116.1228,1,0,0,0,govt_2y,0.002081769434,0,,0,,0.001941002713,0.01201822795,0,optimal,CLARABEL,0,,False,7,0.9795212888,1.042005322,True,1.040556114,0,3.76749153e-06,0,0,,,,False,3.873362962e-12,0.9795212888,False,1.210020601e-12,0.01201822795,0.003190647747,0.001925171476,5.712867905e-09,6.294505593e-09,3.702111184e-09,0.9795212888,1.571405237e-09,6.272884845e-09,0.0008077342984,9.745940206e-09,5.119723227e-09,0.01454313037,1.198890654e-05
2018-12-31,zero/control,450174.183,1,0,0,0,govt_2y,0.002274920808,0,,0,,0.002090868204,0.01263148736,0,optimal,CLARABEL,0,,False,7,0.977987396,1.045364491,True,0.9643521373,0,4.371729846e-06,0,0,,,,False,8.167678228e-14,0.977987396,False,2.480155128e-14,0.01263148736,0.005431777611,0.001903752984,2.485605189e-10,1.327730701e-10,6.60423448e-11,0.977987396,3.210988684e-11,1.14981481e-10,0.002384945353,1.752765512e-10,8.902067775e-11,0.0100466456,0.002245481563
2019-01-31,zero/control,451276.0011,1,0,0,0,govt_2y,0.002298578931,0,,0,,0.002127201722,0.01161756665,0,optimal,CLARABEL,0,,False,7,0.979773522,1.041529961,True,0.9575797058,0,4.524987168e-06,0,0,,,,False,3.931903657e-12,0.979773522,False,1.199674485e-12,0.01161756665,0.004936519882,0.003700740342,9.625817545e-09,6.034864539e-09,3.124901348e-09,0.979773522,1.576666092e-09,5.226167259e-09,1.863052259e-06,8.318416795e-09,4.174056463e-09,0.01147928024,0.0001080364025
2019-02-28,zero/control,450964.6527,1,0,0,0,govt_2y,0.002110045226,0,,0,,0.001948739645,0.008473525552,0,optimal,CLARABEL,0,,False,8,0.981384962,1.03811482,True,0.9052253056,0,3.797586206e-06,0,0,,,,False,5.947876354e-13,0.981384962,False,1.625034834e-13,0.008473525552,0.004597637758,4.00235999e-07,1.209988133e-09,7.877844398e-10,5.111167728e-10,0.981384962,2.634952884e-10,8.326343933e-10,2.487773784e-05,1.357764926e-09,7.000935797e-10,0.01195132411,0.002040792444
2019-03-29,zero/control,453041.4243,1,0,0,0,govt_2y,0.002308096422,0,,0,,0.002102152741,0.02866987677,0,optimal,CLARABEL,0,,False,7,0.9774509576,1.046438723,True,0.9226457709,0,4.419046147e-06,0,0,,,,False,2.285380319e-13,0.9774509576,False,6.738350401e-14,0.02866987677,0.005103613216,0.000656615218,7.847836245e-10,2.650141564e-10,1.851355904e-10,0.9774509576,8.042450305e-11,2.998326616e-10,0.001735946902,4.29334136e-10,2.713103979e-10,0.001654099917,0.01339876483
2019-04-30,zero/control,453303.5119,1,0,0,0,govt_2y,0.002264558994,0,,0,,0.002070996575,0.03072405261,0,optimal,CLARABEL,0,,False,7,0.9744655779,1.052869828,True,0.9345773642,0,4.289026813e-06,0,0,,,,False,1.095419535e-13,0.9744655779,False,3.957653431e-14,0.03072405261,0.00460771719,0.005806675707,5.789445683e-10,1.450608558e-10,1.155857778e-10,0.9744655779,4.767633526e-11,1.818052341e-10,0.001792131561,2.787196015e-10,1.655831695e-10,0.01190271923,0.001425176878
2019-05-31,zero/control,455094.1408,1,0,0,0,govt_2y,0.002605400742,0,,0,,0.002308865713,0.04720365771,0,optimal,CLARABEL,0,,False,7,0.9605472882,1.083414899,True,0.9764831762,0,5.330860881e-06,0,0,,,,False,7.181825e-14,0.9605472882,False,4.672362618e-14,0.04720365771,0.008516577298,0.008917373946,1.582441726e-09,1.673479759e-10,1.39510344e-10,0.9605472882,5.021049492e-11,2.026367159e-10,0.01220374541,3.582794572e-10,2.017145881e-10,0.003012062897,0.006802949582
2019-06-28,zero/control,457319.6997,1,0,0,0,govt_2y,0.002750228601,0,,0,,0.002514344192,0.03433594271,0,optimal,CLARABEL,0,,False,9,0.962143949,1.079663922,True,1.150748937,0,6.321926716e-06,0,0,,,,False,7.693284758e-14,0.962143949,False,4.156879982e-14,0.03433594271,0.01023756435,2.98393415e-09,3.852943487e-10,7.029854729e-11,8.198174721e-11,0.962143949,3.088459732e-11,1.517230295e-10,0.011942198,1.659355911e-10,9.924757735e-11,0.0156762706,1.404041414e-08
2019-07-31,zero/control,455875.9493,1,0,0,0,govt_2y,0.002715152263,0,,0,,0.00251392077,0.005652999145,0,optimal,CLARABEL,0,,False,9,0.9614664915,1.081160629,True,1.318543643,0,6.319797635e-06,0,0,,,,False,1.632221452e-13,0.9614664915,False,9.763989369e-14,0.005652999145,0.009273286859,2.887953213e-09,1.316672488e-09,1.550907975e-10,2.735881426e-10,0.9614664915,1.142263607e-10,4.244243964e-10,0.0147987986,5.788470924e-10,3.80432004e-10,0.01446129724,1.197045078e-07
2019-08-30,zero/control,458350.8127,1,0,0,0,govt_2y,0.003403878606,0,,0,,0.003011332459,0.03691636093,0,optimal,CLARABEL,0,,False,8,0.9438657568,1.121113,True,1.337626643,0,9.068123177e-06,0,0,,,,False,5.307094698e-13,0.9438657568,False,4.679077047e-13,0.03691636093,0.0138479749,5.607823821e-09,2.882733742e-09,4.050628048e-10,7.456818702e-10,0.9438657568,2.336350935e-10,1.402375018e-09,0.0200455258,1.191691278e-09,1.049796916e-09,0.02223938293,1.346048986e-06
2019-09-30,zero/control,457159.753,1,0,0,0,govt_2y,0.003731620195,0,,0,,0.003199463575,0.05723163849,0,optimal,CLARABEL,0,,False,9,0.9375112946,1.135968277,True,1.359182975,0,1.023656717e-05,0,0,,,,False,1.509683994e-14,0.9375112946,False,2.176629478e-14,0.05723163849,0.0137256076,7.387628506e-10,4.537185353e-10,2.645507798e-11,4.319643403e-11,0.9375112946,1.127338742e-11,6.97592106e-11,0.02350589679,6.613414901e-11,6.720279955e-11,2.507604679e-09,0.02525719706
2019-10-31,zero/control,458179.0508,1,0,0,0,govt_2y,0.003865833569,0,,0,,0.003268767323,0.008606892839,0,optimal,CLARABEL,0,,False,9,0.935070285,1.14171435,True,1.337170053,0,1.068483981e-05,0,0,,,,False,6.545464717e-13,0.935070285,False,8.975776459e-13,0.008606892839,0.01459971937,3.724841707e-08,2.767009449e-08,1.106183416e-09,1.679068382e-09,0.935070285,4.496900402e-10,2.647463649e-09,0.02071020578,2.628214595e-09,2.588061434e-09,5.564457204e-08,0.02961965823
2019-11-29,zero/control,457649.8504,1,0,0,0,govt_2y,0.003633690182,0,,0,,0.003114070715,0.01150785291,0,optimal,CLARABEL,0,,False,9,0.9337575221,1.144866156,True,1.300280647,0,9.697436418e-06,0,0,,,,False,4.083336995e-14,0.9337575221,False,6.509343573e-14,0.01150785291,0.01397653825,4.060466504e-09,1.0652219e-08,8.053523646e-11,1.241909653e-10,0.9337575221,3.452049623e-11,2.007931946e-10,0.02647323618,1.935330673e-10,1.97678071e-10,5.963688925e-09,0.02579268192
2019-12-31,zero/control,458251.87,1,0,0,0,govt_2y,0.003328754354,0,,0,,0.002868954963,0.01240715552,0,optimal,CLARABEL,0,,False,9,0.9382917282,1.134099852,True,1.272234363,0,8.230902582e-06,0,0,,,,False,5.788841674e-14,0.9382917282,False,8.069013888e-14,0.01240715552,0.01263378605,4.64536416e-09,1.141948512e-08,1.220297323e-10,1.682815965e-10,0.9382917282,5.23012282e-11,2.789804723e-10,0.02368777279,2.70693963e-10,2.631763943e-10,1.87911971e-08,0.02538667696
2020-01-31,zero/control,459089.9975,1,0,0,0,govt_2y,0.003334514336,0,,0,,0.00284354672,0.009531063241,0,optimal,CLARABEL,0,,False,9,0.9381039007,1.134490894,True,1.287747664,0,8.085757949e-06,0,0,,,,False,1.1740266e-14,0.9381039007,False,1.525982902e-14,0.009531063241,0.01212999416,1.293353178e-09,3.206063047e-08,2.299929061e-11,2.942422916e-11,0.9381039007,9.190461156e-12,5.053895571e-11,0.02112475528,4.798481603e-11,4.428248248e-11,2.144664965e-09,0.02864131412
2020-02-28,zero/control,460930.5252,1,0,0,0,govt_2y,0.004158239903,0,,0,,0.003387145276,0.04145920405,0,optimal,CLARABEL,0,,False,9,0.9528192386,1.099898333,True,1.672530209,0,1.147275312e-05,0,0,,,,False,2.434597772e-13,0.9528192386,False,2.081087251e-13,0.04145920405,0.01354147102,5.388093707e-09,6.74940192e-05,8.099486718e-10,3.702069321e-10,0.9528192386,1.165902912e-10,5.579703781e-10,4.107137322e-08,6.094091633e-10,6.556254063e-10,2.163754325e-09,0.03357174462
2020-03-31,zero/control,461089.2524,1,0,0,0,govt_2y,0.005109513644,0,,0,,0.004680777606,0.05269855502,0,optimal,CLARABEL,0,,False,10,0.9713421287,1.059404615,True,1.219430221,0,2.1909679e-05,0,0,,,,False,2.880896042e-13,0.9713421287,False,1.390520979e-13,0.05269855502,0.01659247445,4.150274415e-10,3.419762912e-09,3.051899008e-10,8.456837623e-11,0.9713421287,2.761148362e-11,1.498356099e-10,3.78500832e-10,7.426073662e-11,1.283113516e-10,0.01206539151,3.237985897e-10
2020-04-30,zero/control,462188.1758,1,0,0,0,govt_2y,0.004727286429,0,,0,,0.004385028054,0.01161847129,0,optimal,CLARABEL,0,,False,10,0.976205915,1.049030537,True,1.13807559,0,1.922847103e-05,0,0,,,,False,2.35139201e-12,0.976205915,False,9.11185118e-13,0.01161847129,0.01202216612,4.51758371e-09,9.673141909e-08,2.860792277e-09,6.095070386e-10,0.976205915,2.287583004e-10,1.046750847e-09,3.465427861e-09,6.997845977e-10,1.056472424e-09,0.01177180568,1.991114721e-09
2020-05-29,zero/control,463366.4615,1,0,0,0,govt_2y,0.004383017864,0,,0,,0.004074946983,0.005233934133,0,optimal,CLARABEL,0,,False,10,0.9773558096,1.046593037,True,1.113617408,0,1.660519291e-05,0,0,,,,False,2.111973524e-12,0.9773558096,False,7.855495133e-13,0.005233934133,0.01083677005,5.469224856e-09,4.436145639e-08,3.012865458e-09,6.240346533e-10,0.9773558096,2.486106248e-10,1.065390108e-09,3.606519729e-09,7.799957425e-10,1.127169943e-09,0.01180735808,1.967356391e-09
2020-06-30,zero/control,463923.4039,1,0,0,0,govt_2y,0.004038143159,0,,0,,0.003759601371,0.004982047122,0,optimal,CLARABEL,0,,False,9,0.9787005417,1.043761324,True,1.035538837,0,1.413460247e-05,0,0,,,,False,2.897112086e-12,0.9787005417,False,1.01261824e-12,0.004982047122,0.009496011561,9.434222464e-09,0.0004770868246,2.57215621e-09,8.456945468e-10,0.9787005417,3.516578952e-10,1.524414924e-09,4.980837282e-09,1.035980889e-09,1.507924734e-09,0.01132633465,2.974123936e-09
2020-07-31,zero/control,464969.5596,1,0,0,0,govt_2y,0.003690095653,0,,0,,0.003442196459,0.003817210403,0,optimal,CLARABEL,0,,False,9,0.9794673636,1.042133721,True,0.9866247859,0,1.184871646e-05,0,0,,,,False,1.78286644e-12,0.9794673636,False,6.17447614e-13,0.003817210403,0.008983050406,8.34745006e-09,2.814882688e-05,2.153934484e-09,6.141798715e-10,0.9794673636,2.672942977e-10,1.093177661e-09,3.616380192e-09,7.607718193e-10,1.074755213e-09,0.01152141725,1.940690028e-09
2020-08-31,zero/control,465406.312,1,0,0,0,govt_2y,0.003441996165,0,,0,,0.003220588637,0.003755685447,0,optimal,CLARABEL,0,,False,9,0.9801439628,1.040708342,True,0.9473286482,0,1.037219117e-05,0,0,,,,False,1.28373465e-11,0.9801439628,False,4.307919763e-12,0.003755685447,0.008390697089,9.761158174e-08,1.578724148e-06,1.123656404e-08,4.858820414e-09,0.9801439628,2.237867671e-09,8.610911091e-09,2.83208961e-08,6.184182356e-09,8.766743375e-09,0.01146357759,1.595433075e-08
2020-09-30,zero/control,465171.7291,1,0,0,0,govt_2y,0.003128672477,0,,0,,0.002940180424,0.008553332308,0,optimal,CLARABEL,0,,False,8,0.9825089563,1.035793019,True,0.9143757638,0,8.644660925e-06,0,0,,,,False,6.205117003e-12,0.9825089563,False,1.706376802e-12,0.008553332308,0.006253605281,2.154683474e-05,0.002608336841,4.929878185e-09,2.187037243e-09,0.9825089563,1.024316485e-09,3.981649133e-09,1.638038685e-08,2.970960194e-09,3.899680659e-09,0.008607511025,8.361350995e-09
2020-10-30,zero/control,464844.5206,1,0,0,0,govt_2y,0.002911811362,0,,0,,0.002741002206,0.002099675818,0,optimal,CLARABEL,0,,False,9,0.9834734129,1.033783399,True,0.9007886919,0,7.513093092e-06,0,0,,,,False,2.705786542e-13,0.9834734129,False,6.884705749e-14,0.002099675818,0.005850825162,1.013952221e-07,0.003164044135,2.835557721e-10,9.709978861e-11,0.9834734129,4.683772708e-11,1.820697455e-10,7.736707366e-10,1.392087087e-10,1.708146236e-10,0.007511614286,4.5684234e-10
2020-11-30,zero/control,465726.7555,1,0,0,0,govt_2y,0.002657192025,0,,0,,0.002488352297,0.02219692459,0,optimal,CLARABEL,0,,False,9,0.9845159072,1.03159862,True,0.8302114709,0,6.191897153e-06,0,0,,,,False,2.784695818e-13,0.9845159072,False,7.621550291e-14,0.02219692459,0.004169543429,0.008512368387,1.065404972e-08,4.293941792e-10,1.427926868e-10,0.9845159072,8.078397952e-11,2.470451235e-10,8.998574405e-10,2.217086825e-10,2.772941587e-10,0.002802151154,1.686054813e-08
2020-12-31,zero/control,466424.9902,1,0,0,0,govt_2y,0.002489805908,0,,0,,0.002324468721,0.005839366501,0,optimal,CLARABEL,0,,False,9,0.9848347916,1.030898467,True,0.8354555708,0,5.403154837e-06,0,0,,,,False,2.213662544e-13,0.9848347916,False,6.336851874e-14,0.005839366501,0.003074328677,0.01081618476,8.061254244e-09,4.96839292e-10,1.482675622e-10,0.9848347916,9.056372012e-11,2.405342889e-10,9.037825412e-10,2.413265079e-10,3.028550685e-10,0.001274674389,1.011313891e-08
2021-01-29,zero/control,466468.9924,1,0,0,0,govt_2y,0.002415254066,0,,0,,0.002263229881,0.004022270484,0,optimal,CLARABEL,0,,False,8,0.9849022759,1.030791394,True,0.8152848195,0,5.122209495e-06,0,0,,,,False,1.344293761e-12,0.9849022759,False,3.718727682e-13,0.004022270484,0.003597865903,0.008667783235,1.446229005e-08,1.810695982e-09,8.784204382e-10,0.9849022759,5.346706469e-10,1.446639039e-09,6.677236914e-09,1.549044291e-09,1.534577432e-09,0.002797306959,3.473906891e-05
2021-02-26,zero/control,466386.4668,1,0,0,0,govt_2y,0.002045227684,0,,0,,0.00189213733,0.007952863132,0,optimal,CLARABEL,0,,False,9,0.9855707381,1.029419476,True,0.4191245205,0,3.580183677e-06,0,0,,,,False,1.287242649e-12,0.9855707381,False,2.825014106e-13,0.007952863132,0.003604013878,0.005283107922,6.417796898e-09,1.429435069e-09,7.861362122e-10,0.9855707381,5.910889409e-10,1.233253368e-09,8.131538707e-09,1.699750482e-09,1.305889594e-09,0.005542109014,9.539279275e-09
2021-03-31,zero/control,466722.7069,1,0,0,0,govt_2y,0.00150502062,0,,0,,0.001424251637,0.01486028204,0,optimal,CLARABEL,0,,False,8,0.9909676203,1.018274205,True,0.238161123,0,2.028492725e-06,0,0,,,,False,1.978853423e-11,0.9909676203,False,2.364022476e-12,0.01486028204,0.00193255397,0.005549171509,7.142320589e-08,1.229075573e-08,8.534301393e-09,0.9909676203,8.54359481e-09,1.371817091e-08,8.714405032e-08,2.086883759e-08,1.157334831e-08,2.468529518e-06,0.001547951621
2021-04-30,zero/control,467165.4863,1,0,0,0,govt_2y,0.001448125324,0,,0,,0.001343896593,0.002522599697,0,optimal,CLARABEL,0,,False,9,0.9903215814,1.019603165,True,0.263277267,0,1.806058053e-06,0,0,,,,False,6.911402249e-12,0.9903215814,False,7.991640346e-13,0.002522599697,0.001777060493,0.00507420894,2.719478667e-08,5.408082362e-09,4.17729604e-09,0.9903215814,4.64156206e-09,5.934642152e-09,7.210566113e-08,1.163716865e-08,5.831899778e-09,1.859817116e-07,0.002826826214
2021-05-28,zero/control,467703.2889,1,0,0,0,govt_2y,0.001333639191,0,,0,,0.001256179819,0.006796119788,0,optimal,CLARABEL,0,,False,9,0.992114804,1.015935193,True,0.2544829109,0,1.577987738e-06,0,0,,,,False,4.290901561e-13,0.992114804,False,4.011304076e-14,0.006796119788,0.002203878137,0.001847079652,1.772784455e-09,3.230397706e-10,2.146708708e-10,0.992114804,2.26914299e-10,3.161214123e-10,8.938152877e-09,6.597285079e-10,2.869295221e-10,4.13313036e-08,0.003834184126
2021-06-30,zero/control,466932.7789,1,0,0,0,govt_2y,0.001477812205,0,,0,,0.001390872577,0.009219527294,0,optimal,CLARABEL,0,,False,9,0.9891929389,1.021925778,True,0.3361067111,0,1.934526525e-06,0,0,,,,False,7.496280037e-13,0.9891929389,False,1.38118955e-13,0.009219527294,0.002313123583,2.587181649e-07,1.558558068e-08,6.1049188e-10,8.716459958e-10,0.9891929389,2.057581073e-09,1.113812472e-09,0.003719676661,2.920879052e-09,7.860440794e-10,3.323989031e-08,0.004773944984
2021-07-30,zero/control,467662.8272,1,0,0,0,govt_2y,0.001457101995,0,,0,,0.001391105178,0.009280881357,0,optimal,CLARABEL,0,,False,8,0.9917058912,1.016771112,True,0.3658881121,0,1.935173617e-06,0,0,,,,False,5.416427832e-12,0.9917058912,False,5.57544283e-13,0.009280881357,0.001905794304,0.00210617402,0.0001773453032,2.82621284e-09,3.612096954e-09,0.9917058912,6.096385968e-09,4.548030502e-09,4.100801844e-07,1.173998701e-08,4.406940197e-09,1.545566071e-07,0.004104197294
2021-08-31,zero/control,467692.7453,1,0,0,0,govt_2y,0.001428334441,0,,0,,0.001373909359,0.005015368452,0,optimal,CLARABEL,0,,False,10,0.9932851779,1.013537223,True,0.3817449515,0,1.887626926e-06,0,0,,,,False,4.255615341e-12,0.9932851779,False,3.687292836e-13,0.005015368452,0.001682665978,9.67004015e-07,1.278754494e-07,1.638502279e-09,2.032800783e-09,0.9932851779,2.453570927e-09,2.838070382e-09,9.70776115e-08,5.076279636e-09,2.319982402e-09,7.169922992e-08,0.005030876106
2021-09-30,zero/control,467288.253,1,0,0,0,govt_2y,0.001442837201,0,,0,,0.001383720146,0.0012126897,0,optimal,CLARABEL,0,,False,10,0.9928763391,1.014367208,True,0.3899503084,0,1.914681442e-06,0,0,,,,False,4.078982214e-13,0.9928763391,False,3.95225928e-14,0.0012126897,0.001627021954,7.241313267e-09,7.056850968e-09,1.18925049e-10,2.07852414e-10,0.9928763391,2.291266141e-10,2.923584432e-10,4.188764304e-09,5.233506585e-10,2.366320242e-10,4.077403706e-09,0.00549661478
2021-10-29,zero/control,465985.7282,1,0,0,0,govt_2y,0.001652755733,0,,0,,0.001618648749,0.005410189331,0,optimal,CLARABEL,0,,False,8,0.9931428212,1.013839601,True,0.528540389,0,2.620023771e-06,0,0,,,,False,1.416581044e-12,0.9931428212,False,1.326804259e-13,0.005410189331,0.002067922377,0.001711132487,3.371362075e-06,5.637833121e-10,1.120330894e-09,0.9931428212,1.0762239e-08,1.004680536e-09,1.269605988e-08,3.752764928e-09,1.783764077e-09,3.733162634e-07,0.003074347549
2021-11-30,zero/control,465664.1373,1,0,0,0,govt_2y,0.002140875761,0,,0,,0.002029551229,0.02467012521,0,optimal,CLARABEL,0,,False,7,0.9841338445,1.032427175,True,0.8209014848,0,4.119078189e-06,0,0,,,,False,7.897920077e-12,0.9841338445,False,1.868211109e-12,0.02467012521,0.004003440339,2.144752835e-06,0.005821265301,1.26532547e-08,1.124104743e-08,0.9841338445,1.14416003e-08,1.196540285e-08,3.658038931e-07,3.105333655e-08,1.729686784e-08,0.00438832027,0.001650523408
2021-12-30,zero/control,464490.4829,1,0,0,0,govt_2y,0.002153502307,0,,0,,0.001999756609,0.01425527061,0,optimal,CLARABEL,0,,False,8,0.9821681383,1.036531471,True,0.7902567034,0,3.999026494e-06,0,0,,,,False,1.954208276e-13,0.9821681383,False,4.8686681e-14,0.01425527061,0.003053446491,2.310987601e-08,0.007574423096,3.829562272e-10,3.447912533e-10,0.9821681383,4.187624795e-10,3.640014687e-10,0.001463409182,1.05923049e-09,4.622529822e-10,2.14543142e-08,0.005740535318
2022-01-31,zero/control,461059.2597,1,0,0,0,govt_2y,0.002432421428,0,,0,,0.002332680187,0.02135965299,0,optimal,CLARABEL,0,,False,9,0.9843928915,1.031859752,True,0.8883662901,0,5.441396857e-06,0,0,,,,False,3.284089378e-13,0.9843928915,False,7.125403531e-14,0.02135965299,0.008188620343,9.469336134e-08,0.003616362008,3.020347733e-10,3.18063536e-10,0.9843928915,2.689811967e-10,3.601476709e-10,1.141650084e-08,6.999903611e-10,4.029713634e-10,0.003801988294,2.940795961e-08
2022-02-28,zero/control,459327.7582,1,0,0,0,govt_2y,0.003012855433,0,,0,,0.002926521902,0.008744236118,0,optimal,CLARABEL,0,,False,9,0.9850086123,1.030505691,True,1.209879507,0,8.564530445e-06,0,0,,,,False,9.766808993e-13,0.9850086123,False,2.117467388e-13,0.008744236118,0.01214604309,4.055408821e-05,0.002804298119,8.031250002e-10,6.490625414e-10,0.9850086123,3.509974597e-10,7.994338556e-10,6.032760356e-09,1.025887463e-09,8.51697641e-10,4.334814188e-07,4.838354188e-08
2022-03-31,zero/control,453145.7391,1,0,0,0,govt_2y,0.004116554363,0,,0,,0.003903875602,0.03223389184,0,optimal,CLARABEL,0,,False,9,0.9746826573,1.052242887,True,1.275178504,0,1.524024472e-05,0,0,,,,False,2.181845946e-12,0.9746826573,False,9.582895347e-13,0.03223389184,0.009158497528,0.01614816312,6.256849097e-08,3.53678233e-09,1.672681283e-09,0.9746826573,1.096752408e-09,2.233949588e-09,1.326698282e-08,2.638123407e-09,2.676450742e-09,1.053891394e-05,5.341164069e-08
2022-04-29,zero/control,450478.1024,1,0,0,0,govt_2y,0.00447979441,0,,0,,0.00425594343,0.009644867322,0,optimal,CLARABEL,0,,False,9,0.972859822,1.056070541,True,1.361780699,0,1.811305448e-05,0,0,,,,False,3.13658913e-12,0.972859822,False,1.46497744e-12,0.009644867322,0.007168488966,0.01997055924,1.027252769e-06,4.939339735e-09,2.056828791e-09,0.972859822,1.446768329e-09,2.707984744e-09,1.265569241e-08,3.341408739e-09,4.206849086e-09,5.046933209e-08,2.068014979e-08
2022-05-31,zero/control,453712.6004,1,0,0,0,govt_2y,0.004528070033,0,,0,,0.004341392318,0.0147449952,0,optimal,CLARABEL,0,,False,9,0.9748359936,1.05202223,True,1.387543789,0,1.884768725e-05,0,0,,,,False,1.980200299e-13,0.9748359936,False,8.571243233e-14,0.0147449952,0.007585150579,0.01285147677,0.004727226196,4.042918975e-10,1.362457333e-10,0.9748359936,8.30086517e-11,1.747498912e-10,1.025180617e-09,2.194017615e-10,3.781482986e-10,1.296839872e-07,2.073234985e-08
2022-06-30,zero/control,450054.8762,1,0,0,0,govt_2y,0.005953569722,0,,0,,0.005744472205,0.02772918436,0,optimal,CLARABEL,0,,False,10,0.9745413437,1.052569431,True,1.492948642,0,3.299896091e-05,0,0,,,,False,1.930513857e-13,0.9745413437,False,7.504413167e-14,0.02772918436,0.01195792809,1.716521335e-09,0.01350072425,1.724804312e-10,4.411694788e-11,0.9745413437,2.172197536e-11,7.559398668e-11,2.45863376e-10,8.041306832e-11,6.629853961e-11,5.964805821e-10,9.393440459e-10
2022-07-29,zero/control,451655.3291,1,0,0,0,govt_2y,0.006006530021,0,,0,,0.005792438527,0.004073923708,0,optimal,CLARABEL,0,,False,10,0.9735123542,1.054766041,True,1.311620561,0,3.355234409e-05,0,0,,,,False,1.503275752e-13,0.9735123542,False,5.909537431e-14,0.004073923708,0.01371545832,1.068181001e-09,0.01277218404,1.005723915e-10,3.325197047e-11,0.9735123542,1.906642819e-11,5.720855162e-11,2.459845461e-10,6.441546194e-11,4.810515993e-11,5.720341858e-10,1.248613714e-09
2022-08-31,zero/control,446911.3941,1,0,0,0,govt_2y,0.005881998391,0,,0,,0.005683711587,0.004000056387,0,optimal,CLARABEL,0,,False,10,0.9731100371,1.05562303,True,1.265254232,0,3.23045774e-05,0,0,,,,False,1.379020557e-13,0.9731100371,False,5.832942571e-14,0.004000056387,0.01218265074,6.10996122e-10,0.01470730951,1.08692527e-10,3.488032717e-11,0.9731100371,2.073202849e-11,6.068836773e-11,2.37324907e-10,6.432237619e-11,4.867485939e-11,4.793542773e-10,1.002346738e-09
2022-09-30,zero/control,439112.4612,1,0,0,0,govt_2y,0.006317105234,0,,0,,0.006179841588,0.003712597894,0,optimal,CLARABEL,0,,False,10,0.9771407361,1.047048786,True,1.199346472,0,3.819044205e-05,0,0,,,,False,8.146439109e-12,0.9771407361,False,2.557725234e-12,0.003712597894,0.01127807168,1.899959141e-08,0.01158111926,4.605192358e-09,1.318766209e-09,0.9771407361,9.549199573e-10,2.390769199e-09,1.016481043e-08,2.716161177e-09,1.612444817e-09,1.662065132e-08,1.354560419e-08
2022-10-31,zero/control,437878.6105,1,0,0,0,govt_2y,0.0064420269,0,,0,,0.006317912041,0.00491387477,0,optimal,CLARABEL,0,,False,10,0.9784652146,1.044242641,True,1.193297833,0,3.991601256e-05,0,0,,,,False,1.248920275e-12,0.9784652146,False,3.555267758e-13,0.00491387477,0.01246877143,6.532718001e-09,0.009065967219,5.402522857e-10,2.13945562e-10,0.9784652146,1.142857681e-10,4.090529435e-10,2.665572459e-09,4.626232681e-10,2.728483284e-10,3.005749532e-08,5.529725819e-09
2022-11-30,zero/control,440427.2783,1,0,0,0,govt_2y,0.006938511543,0,,0,,0.006833173833,0.01537496773,0,optimal,CLARABEL,0,,False,10,0.9829730002,1.034709574,True,1.101407845,0,4.669226464e-05,0,0,,,,False,1.296688073e-12,0.9829730002,False,2.020404562e-13,0.01537496773,0.01459168844,1.630251951e-09,0.00243529325,2.632744165e-10,1.284582037e-10,0.9829730002,7.004069887e-11,2.74047267e-10,2.30430031e-09,2.841486897e-10,1.755290085e-10,7.96676143e-09,4.978806218e-09
2022-12-30,zero/control,439050.0971,1,0,0,0,govt_2y,0.006880551974,0,,0,,0.006771998235,0.002863651142,0,optimal,CLARABEL,0,,False,10,0.9820189515,1.036688518,True,1.095456396,0,4.585996009e-05,0,0,,,,False,7.335747338e-13,0.9820189515,False,1.269119683e-13,0.002863651142,0.01558646357,8.052197761e-10,0.002394574481,1.383033854e-10,6.570519053e-11,0.9820189515,3.028359697e-11,1.357056487e-10,1.31833859e-09,1.346272925e-10,9.626258269e-11,5.349975069e-09,2.373905845e-09
2023-01-31,zero/control,440624.704,1,0,0,0,govt_2y,0.006573388854,0,,0,,0.00648970986,0.006398280455,0,optimal,CLARABEL,0,,False,10,0.9849987942,1.030468539,True,1.119476161,0,4.211633407e-05,0,0,,,,False,8.954137826e-13,0.9849987942,False,1.089929689e-13,0.006398280455,0.01447203489,5.872000575e-10,0.0005291598152,1.697059996e-10,7.048665812e-11,0.9849987942,2.934844199e-11,1.529231105e-10,1.218585726e-09,1.308993427e-10,1.004552766e-10,6.513824185e-09,2.138732697e-09
2023-02-28,zero/control,434989.9639,1,0,0,0,govt_2y,0.006579942332,0,,0,,0.006504914151,0.001179046967,0,optimal,CLARABEL,0,,False,11,0.9854584904,1.029505748,True,1.157104358,0,4.231390812e-05,0,0,,,,False,2.553647901e-12,0.9854584904,False,2.902460415e-13,0.001179046967,0.01454145626,1.867117464e-09,1.262559052e-08,4.165423133e-10,1.935024124e-10,0.9854584904,7.451426432e-11,4.381026554e-10,3.148538618e-09,3.543252688e-10,2.703405469e-10,2.780737472e-08,6.179344819e-09
2023-03-31,zero/control,440408.3105,1,0,0,0,govt_2y,0.008898932917,0,,0,,0.008635569671,0.0488825872,0,optimal,CLARABEL,0,,False,10,0.9612740896,1.081312932,True,1.71045942,0,7.457306354e-05,0,0,,,,False,4.013872636e-12,0.9612740896,False,2.320635147e-12,0.0488825872,0.02076719543,1.731195692e-08,7.721750799e-09,8.364706287e-10,8.132877498e-10,0.9612740896,4.238333692e-10,1.76347318e-09,1.161308589e-08,1.53261096e-09,1.119194222e-09,7.130707549e-09,0.01795866468
2023-04-28,zero/control,440989.2625,1,0,0,0,govt_2y,0.008651361036,0,,0,,0.008371879778,0.006857138002,0,optimal,CLARABEL,0,,False,10,0.9587901918,1.086805524,True,1.7225029,0,7.008837101e-05,0,0,,,,False,6.929418185e-12,0.9587901918,False,3.904836632e-12,0.006857138002,0.02041702515,2.935386693e-08,2.95084657e-08,1.636577703e-09,1.553081915e-09,0.9587901918,7.005622076e-10,3.672895581e-09,2.005746524e-08,2.759699052e-09,2.26927139e-09,1.300731004e-08,0.02079267857
2023-05-31,zero/control,436910.5951,1,0,0,0,govt_2y,0.00852612705,0,,0,,0.008241382872,0.005511669165,0,optimal,CLARABEL,0,,False,10,0.9573182104,1.090073863,True,1.754374711,0,6.792039164e-05,0,0,,,,False,8.857688227e-14,0.9573182104,False,5.402605247e-14,0.005511669165,0.0213880677,9.231882786e-10,3.571362457e-10,2.058106357e-11,2.115626841e-11,0.9573182104,1.157317172e-11,4.720532967e-11,3.620980275e-10,3.741582656e-11,3.097713357e-11,3.994792072e-10,0.02129371973
2023-06-30,zero/control,433657.6642,1,0,0,0,govt_2y,0.008005084392,0,,0,,0.007706086253,0.006647055387,0,optimal,CLARABEL,0,,False,10,0.9577071606,1.089195692,True,1.648805159,0,5.938376534e-05,0,0,,,,False,5.458620415e-12,0.9577071606,False,2.998991669e-12,0.006647055387,0.01876733044,2.311896216e-08,2.188330832e-08,1.698179545e-09,1.82970803e-09,0.9577071606,1.134598193e-09,4.158519732e-09,2.723427318e-08,3.323942526e-09,2.733775453e-09,2.615858265e-08,0.02352539574
2023-07-31,zero/control,434549.2295,1,0,0,0,govt_2y,0.007871929382,0,,0,,0.00761533666,0.009978554809,0,optimal,CLARABEL,0,,False,10,0.9598955232,1.084359239,True,1.521182701,0,5.799335244e-05,0,0,,,,False,2.562884067e-13,0.9598955232,False,1.338435333e-13,0.009978554809,0.01999184039,7.0525756e-10,3.440441983e-10,6.123851698e-11,5.639669893e-11,0.9598955232,2.818485164e-11,1.184584038e-10,1.323132994e-09,1.017047338e-10,8.262599929e-11,4.403416105e-08,0.02011258952
2023-08-31,zero/control,433938.9615,1,0,0,0,govt_2y,0.007479188891,0,,0,,0.007263926914,0.008140364511,0,optimal,CLARABEL,0,,False,9,0.9608246851,1.082418615,True,1.460378486,0,5.27646342e-05,0,0,,,,False,2.140741391e-13,0.9608246851,False,9.944818631e-14,0.008140364511,0.02074176476,5.874796569e-10,2.988377299e-10,5.019505356e-11,4.040145567e-11,0.9608246851,2.026413012e-11,8.539173235e-11,1.674084643e-09,7.62807467e-11,5.871462371e-11,0.003183839176,0.01524970805
2023-09-29,zero/control,431709.0873,1,0,0,0,govt_2y,0.00722939867,0,,0,,0.007024778404,0.008747252806,0,optimal,CLARABEL,0,,False,10,0.9631699912,1.077147283,True,1.480691764,0,4.934751163e-05,0,0,,,,False,1.010058894e-12,0.9631699912,False,4.409621005e-13,0.008747252806,0.01974035176,2.662922827e-09,1.416922788e-09,2.523872691e-10,1.955904007e-10,0.9631699912,9.650880017e-11,4.203640677e-10,6.772146933e-09,3.747994965e-10,2.859694339e-10,6.122811276e-07,0.01708903229
2023-10-31,zero/control,430515.0487,1,0,0,0,govt_2y,0.006817823064,0,,0,,0.006626850312,0.02866709642,0,optimal,CLARABEL,0,,False,9,0.9623320037,1.079069041,True,1.413083548,0,4.391514506e-05,0,0,,,,False,7.180939952e-14,0.9623320037,False,2.962333366e-14,0.02866709642,0.02249911804,4.167446679e-10,2.141491754e-10,3.48736176e-11,2.24454077e-11,0.9623320037,1.030531387e-11,5.140859712e-11,9.349935268e-10,5.124707722e-11,3.38843822e-11,0.01079528476,0.00437359175
2023-11-30,zero/control,433453.1653,1,0,0,0,govt_2y,0.006691056177,0,,0,,0.006522777014,0.01077374849,0,optimal,CLARABEL,0,,False,10,0.9635493279,1.076303654,True,1.420028483,0,4.254661997e-05,0,0,,,,False,2.614746436e-12,0.9635493279,False,1.203784138e-12,0.01077374849,0.02088972462,8.305735561e-09,3.313410878e-09,1.158146431e-09,6.007326755e-10,0.9635493279,2.639211233e-10,1.301706526e-09,1.341438856e-08,1.218284545e-09,9.041541596e-10,0.01556091332,3.639335063e-09
2023-12-29,zero/control,436850.0265,1,0,0,0,govt_2y,0.00672767721,0,,0,,0.006582085446,0.002321860497,0,optimal,CLARABEL,0,,False,10,0.9651220039,1.072870081,True,1.477924107,0,4.332384882e-05,0,0,,,,False,2.335054534e-12,0.9651220039,False,9.585680741e-13,0.002321860497,0.01973973351,8.263028524e-09,3.396878538e-09,9.475995883e-10,5.70835663e-10,0.9651220039,2.369318135e-10,1.317216186e-09,1.277247915e-08,1.140743342e-09,8.163663347e-10,0.01513823097,2.171911854e-09
2024-01-31,zero/control,436515.7496,1,0,0,0,govt_2y,0.006493328534,0,,0,,0.006367872808,0.004404255531,0,optimal,CLARABEL,0,,False,10,0.9669445197,1.068893946,True,1.504789127,0,4.05498041e-05,0,0,,,,False,1.741471666e-12,0.9669445197,False,5.810690246e-13,0.004404255531,0.01956691051,4.95521685e-09,2.283289187e-09,7.906171835e-10,4.487872225e-10,0.9669445197,1.930215413e-10,1.050388415e-09,9.771215205e-09,9.289834418e-10,6.38809154e-10,0.01348854681,1.927826435e-09
2024-02-29,zero/control,433069.0362,1,0,0,0,govt_2y,0.006212624623,0,,0,,0.006084137677,0.002881782517,0,optimal,CLARABEL,0,,False,10,0.9649659076,1.07320747,True,1.456252638,0,3.701673127e-05,0,0,,,,False,6.295881548e-13,0.9649659076,False,2.126449944e-13,0.002881782517,0.02010422646,1.622832882e-09,9.3712316e-10,2.863693142e-10,1.521832283e-10,0.9649659076,7.339041102e-11,3.552569524e-10,3.413771379e-09,3.325054241e-10,2.32125425e-10,0.01492985815,4.229231371e-10
2024-03-28,zero/control,433251.17,1,0,0,0,govt_2y,0.005944391753,0,,0,,0.005818636958,0.005506707613,0,optimal,CLARABEL,0,,False,10,0.9658210662,1.071312112,True,1.360213843,0,3.385653605e-05,0,0,,,,False,8.230649293e-13,0.9658210662,False,2.244914549e-13,0.005506707613,0.02158176877,1.540521934e-09,1.400685304e-09,4.431910696e-10,2.139344407e-10,0.9658210662,1.035403768e-10,5.243185132e-10,4.158076572e-09,4.587706942e-10,3.309884563e-10,0.01259715531,5.093676748e-10
2024-04-30,zero/control,429699.2048,1,0,0,0,govt_2y,0.00570594919,0,,0,,0.005601384122,0.007800350987,0,optimal,CLARABEL,0,,False,10,0.9697509379,1.062782141,True,1.346632847,0,3.137550409e-05,0,0,,,,False,1.473821896e-12,0.9697509379,False,3.674421352e-13,0.007800350987,0.02023474959,3.609794106e-09,3.910790387e-09,1.12879952e-09,3.578564e-10,0.9697509379,1.67588803e-10,8.564677281e-10,7.076646487e-09,7.609859449e-10,5.531982667e-10,0.01001429315,8.928864025e-10
2024-05-31,zero/control,430894.3104,1,0,0,0,govt_2y,0.005496181511,0,,0,,0.005403311171,0.005428456528,0,optimal,CLARABEL,0,,False,10,0.9717034265,1.058548029,True,1.352074798,0,2.919577161e-05,0,0,,,,False,1.810591058e-12,0.9717034265,False,4.230811076e-13,0.005428456528,0.02056510702,3.949437965e-09,6.724756737e-09,1.291242439e-09,4.127808731e-10,0.9717034265,1.850641033e-10,9.890783389e-10,9.746032188e-09,9.003625332e-10,6.467406929e-10,0.00773144041,1.21616347e-09
2024-06-28,zero/control,431876.0841,1,0,0,0,govt_2y,0.005304900274,0,,0,,0.00520405039,0.003243925145,0,optimal,CLARABEL,0,,False,10,0.9709444653,1.060144372,True,1.281681807,0,2.708214046e-05,0,0,,,,False,1.430298316e-12,0.9709444653,False,3.759936191e-13,0.003243925145,0.02202734212,4.516039239e-09,4.767587567e-09,6.234846093e-10,3.136422262e-10,0.9709444653,1.317724882e-10,7.288548807e-10,8.147957764e-09,6.588012096e-10,4.896267699e-10,0.007028170672,1.545642327e-09
2024-07-31,zero/control,434709.981,1,0,0,0,govt_2y,0.005214230873,0,,0,,0.005117730334,0.004295381103,0,optimal,CLARABEL,0,,False,10,0.9732042464,1.055263808,True,1.288812286,0,2.619116377e-05,0,0,,,,False,3.905914134e-12,0.9732042464,False,8.484510718e-13,0.004295381103,0.02190750669,8.417799474e-09,9.112764356e-09,1.133352775e-09,7.728100577e-10,0.9732042464,3.411769083e-10,1.78756389e-09,1.950456053e-08,1.64743656e-09,1.206904188e-09,0.004888199848,3.141081238e-09
2024-08-30,zero/control,437009.9407,1,0,0,0,govt_2y,0.005590807678,0,,0,,0.005440929434,0.02018451193,0,optimal,CLARABEL,0,,False,10,0.963708651,1.075833564,True,1.396581117,0,2.96037131e-05,0,0,,,,False,5.797489731e-13,0.963708651,False,2.887459131e-13,0.02018451193,0.02585646633,2.277163112e-09,1.895930048e-09,3.451231122e-10,1.95312894e-10,0.963708651,9.703879425e-11,4.449361938e-10,5.048094191e-09,4.081278719e-10,3.740284194e-10,0.01043487045,1.179498804e-09
2024-09-30,zero/control,438786.7868,1,0,0,0,govt_2y,0.005525330653,0,,0,,0.005370880864,0.001119228049,0,optimal,CLARABEL,0,,False,10,0.9638077742,1.075634954,True,1.480305591,0,2.884636125e-05,0,0,,,,False,6.971595609e-13,0.9638077742,False,3.418947495e-13,0.001119228049,0.02527497764,3.768739861e-09,1.841565753e-09,4.153751298e-10,2.302537576e-10,0.9638077742,1.115929487e-10,5.03174842e-10,5.055802593e-09,4.535064146e-10,4.319637026e-10,0.01091723432,1.025920967e-09
2024-10-31,zero/control,434254.7993,1,0,0,0,govt_2y,0.005721359914,0,,0,,0.005545804488,0.003493619352,0,optimal,CLARABEL,0,,False,10,0.9612595529,1.081235381,True,1.552393943,0,3.075594742e-05,0,0,,,,False,5.149698221e-13,0.9612595529,False,2.603436245e-13,0.003493619352,0.02635796527,2.116209527e-09,1.313249366e-09,3.349080877e-10,1.642874379e-10,0.9612595529,7.515337222e-11,3.722047104e-10,4.22023262e-09,3.231664828e-10,2.968447531e-10,0.01238247158,1.009225795e-09
2024-11-29,zero/control,433911.2938,1,0,0,0,govt_2y,0.0055294835,0,,0,,0.005358838357,0.006284182599,0,optimal,CLARABEL,0,,False,10,0.9633814543,1.076524987,True,1.380086592,0,2.871714853e-05,0,0,,,,False,1.203149354e-12,0.9633814543,False,5.433372709e-13,0.006284182599,0.02669145513,4.319935366e-09,3.384980757e-09,1.156869764e-09,4.44487279e-10,0.9633814543,2.091066897e-10,1.033144742e-09,1.175171286e-08,8.344429679e-10,8.026701356e-10,0.009927062039,4.611648707e-09
