end,sample_equal_weight/none/patient,sample_equal_weight/gross_then_net/patient,sample_equal_weight/flat_spread/patient,sample_equal_weight/time_varying/patient,ewma/none/patient,ewma/gross_then_net/patient,ewma/flat_spread/patient,ewma/time_varying/patient,newey_west/none/patient,newey_west/gross_then_net/patient,newey_west/flat_spread/patient,newey_west/time_varying/patient,eigenfactor_a1.0/none/patient,eigenfactor_a1.0/gross_then_net/patient,eigenfactor_a1.0/flat_spread/patient,eigenfactor_a1.0/time_varying/patient,eigenfactor_a1.4/none/patient,eigenfactor_a1.4/gross_then_net/patient,eigenfactor_a1.4/flat_spread/patient,eigenfactor_a1.4/time_varying/patient,volatility_regime/none/patient,volatility_regime/gross_then_net/patient,volatility_regime/flat_spread/patient,volatility_regime/time_varying/patient,ledoit_wolf/none/patient,ledoit_wolf/gross_then_net/patient,ledoit_wolf/flat_spread/patient,ledoit_wolf/time_varying/patient
2009-06-30,-0.008698178099418419,-0.011477598361817387,-0.007833864863755036,-0.007545298704807801,-0.005665056392133994,-0.008835826938987434,-0.014735517324812042,-0.014342594820460297,-0.0064330505722158815,-0.00948114716203552,-0.014727764384518172,-0.014341569898277506,-0.006139321029426825,-0.00930301812128076,-0.014318208620521689,-0.013931780051385068,-0.006046605125382909,-0.009258479586796597,-0.014147832340664634,-0.0137621023197817,-0.006751569551878611,-0.010195507691256878,-0.009120220374932098,-0.008780687166049295,-0.008594567954610222,-0.011326367184043673,-0.0078292431884055,-0.007536498118810964
2009-07-31,0.013959033152986189,0.013103667942877095,0.012353065418080789,0.011304912939316347,0.019598428385935174,0.017255866894021255,0.015769169293263774,0.014370293240104415,0.020696186884644918,0.017976337952210653,0.0161282323479901,0.015355410640573997,0.021577486281951108,0.018773021821883118,0.016652329793571452,0.01572435388307114,0.021935881515291022,0.01909214910053958,0.016869048728207714,0.015880974272475923,0.019905605258401238,0.017503397030576462,0.014939469343477896,0.013937959069227679,0.013800521449176317,0.012952760918998774,0.012236663640791123,0.011199522414569563
2009-08-31,0.005580659536594146,0.0052382566557871435,0.0037287959299801,0.004643946780727548,0.007958808845084597,0.006472501850289136,0.001562114272662063,0.003377379125408142,0.009096464151661987,0.006608106975143357,0.0024899949162926482,0.00412605501201746,0.009149615194856686,0.006687127681523908,0.002418099042493793,0.004130246766087531,0.009171750013472701,0.0067217976560127735,0.0023885244255248406,0.004128042547432154,0.008178630444650503,0.006306411180175164,0.0023767286446993996,0.003991971982808984,0.005588602047719826,0.00523981216674807,0.0037414822457702,0.0046227632177107125
2009-09-30,0.02142386975315791,0.019802143148953455,0.01991594122811935,0.02056901436235914,0.031387229143747364,0.03001556432942687,0.038699536219021224,0.038311155155103416,0.032630483569555224,0.03079492587227395,0.03990242335762639,0.039214880375581185,0.032514221053483006,0.030696560915729476,0.04006293832249486,0.0393508735411654,0.03245687153036858,0.030648164505099107,0.04012748186391768,0.03940745410438917,0.03196214027872224,0.030277407805964662,0.038875233346221894,0.03809407024663791,0.021217823186502338,0.019644802844166476,0.019821509085330202,0.020518950868172903
2009-10-30,-0.002682151279012168,-0.002769178016689744,-0.0012555020922364601,-0.000919183870629392,-0.012646316505300903,-0.013164081113017922,-0.009602028442355803,-0.006920963579132744,-0.013418367359598227,-0.013717736191565577,-0.01055827433830625,-0.007870357503293901,-0.013367868161917928,-0.01369666396850755,-0.01045701425462553,-0.0077929887942905784,-0.013345368345409225,-0.013687053821297201,-0.010414860651670299,-0.00775664870526116,-0.013746676696365645,-0.014042577287457392,-0.010593303904688933,-0.009289298790928213,-0.0026777497497552094,-0.002776089305038809,-0.0013093969610014078,-0.0009755355477854
2009-11-30,0.02694616875639011,0.026310021528873406,0.02750227736294586,0.028439909498215288,0.04147495276916735,0.0408453967925535,0.027902784768705002,0.03337240699486599,0.04235073603341677,0.041136547718238825,0.02571675172949872,0.03315044161299929,0.042291659631541245,0.04111550171094591,0.025870314277172346,0.03312123775627174,0.04227065575215505,0.04110938935482156,0.02593510720297032,0.03312095051129593,0.04352487355925305,0.04199937420490274,0.0258239395644122,0.03104692627073158,0.0269801067282065,0.026409412870679327,0.027374335698834518,0.02830503832195741
2009-12-31,-0.015383214236532883,-0.015559683454641648,-0.016741119857822673,-0.016103191225766422,-0.012172415511647161,-0.012537925215742707,-0.015838295811828274,-0.013742748665662274,-0.01002005542854556,-0.010630852598933038,-0.015919660279741343,-0.013809395114345535,-0.009661291632441782,-0.010264940570417158,-0.015512273626831052,-0.01347220808177152,-0.009520062698996301,-0.010120606108124153,-0.015350545447858854,-0.013337006029017218,-0.008956897112593953,-0.009624102078827357,-0.015365500557268819,-0.012909606014531283,-0.015353263193378264,-0.0155126764155189,-0.016722152717053462,-0.016068444767086354
2010-01-29,0.0006447997495055979,0.00012782946276357343,0.000281323955699353,0.0007570904976190729,-0.0013879044931707218,-0.0023510555574971503,-0.0028862605478635617,-0.002436887261806686,-0.0014388706806272022,-0.0026458779980773617,-0.0034007164107906496,-0.002698428993733182,-0.0017087311470835864,-0.0028930394441841756,-0.003665348451307171,-0.0029447532384978548,-0.0018187584059070616,-0.0029938717759788736,-0.0037720471058070304,-0.0030451310473478266,-0.003552735032667065,-0.005087063151321347,-0.005723071494023069,-0.004718778499064213,0.0006515003622840077,0.00017288445768670613,0.00037095227758832117,0.000831490756094011
2010-02-26,0.015013504706172132,0.014819623960347306,0.014717603504120325,0.014501469955172874,0.02044606235626434,0.020388779789732414,0.01854387451823092,0.017678593990965386,0.02122354042316399,0.021181820984298216,0.01879956578680808,0.017685938351968078,0.021283464340235536,0.021243749488050634,0.018935353318026982,0.01784288259788469,0.02130746671750483,0.02126852051927286,0.01898951060652676,0.017905793012545024,0.023215124605928894,0.0231823927615471,0.02010574190882508,0.017976414629648385,0.014981637381216828,0.014791489951087922,0.014659788869862966,0.01443151001910814
2010-03-31,0.008457503911081021,0.008305213826390823,0.0076407097832991155,0.007583632994472067,0.013395175845604124,0.01336972105016554,0.011769454396870715,0.0119182183197577,0.014255732058628512,0.014218123855724851,0.01214581470314191,0.012247156618149235,0.014217210766271915,0.01418141021700392,0.012187853868629528,0.01228957986099899,0.014201803516348921,0.014166739947497176,0.012204239792021454,0.01230608110376652,0.015449842738924469,0.015365219143959052,0.013122791176660709,0.012960615301155887,0.008445563563681091,0.008293160001231259,0.007643215793064151,0.007594502625267285
2010-04-30,0.030578076764553597,0.03048212847865006,0.031245632200178397,0.03135384212994996,0.027878375875355355,0.02779056622769538,0.028722346366153673,0.028858512090981003,0.0274259480340433,0.027341850122884592,0.028339941053965756,0.02850058910631259,0.02746896902202356,0.027386713400455287,0.02835579111645048,0.02851379114407715,0.02748553431247136,0.027404038632376615,0.028362727858045833,0.028519683907678006,0.026913050686167672,0.026793948611856022,0.028563783408987797,0.028913775565766242,0.03055963043843235,0.03046379837155455,0.031228574744347926,0.03133804911490534
2010-05-28,-0.029734888821613126,-0.0303096788262206,-0.02799109067787564,-0.028545403321255547,-0.0362159238028984,-0.037111464323493215,-0.03353468461295872,-0.03458138525466292,-0.03851156212206275,-0.03954926800715253,-0.03563630721831679,-0.03675057394242898,-0.038273604576742226,-0.03928078405175872,-0.03545170767039707,-0.036547673382278045,-0.03817754677571039,-0.039172850181592334,-0.03537705829006965,-0.03646577117820271,-0.043543256036288946,-0.04460771043688183,-0.040206826079701274,-0.04137124915299584,-0.029783296423608996,-0.030339152192179197,-0.02804582464302874,-0.02859729305820169
2010-06-30,0.005142288707538745,0.004069463688189723,0.007932490044147977,0.006634945832949324,0.010296192381948455,0.009171155032084322,0.012511473350271585,0.011730228258627129,0.004488736354998801,0.0036165705331725473,0.00826949642034358,0.0074617721377161494,0.0048346187661250095,0.003958522031281664,0.008444369402691887,0.007657135161812656,0.004969549610168933,0.004091723546056691,0.008512930827916598,0.007733363528061421,0.008863430880276635,0.00806031018803477,0.011768074952900776,0.011051785586198903,0.005223763666377668,0.004126316912773209,0.007938087702456187,0.006662733254455544
2010-07-30,-0.002411903183023756,-0.0025705169907473957,-0.004013839238326655,-0.003917787638415993,-0.00360467507209572,-0.0037616262649073917,-0.005285156498132104,-0.005379063102963655,-0.008865686649595972,-0.00905881922933438,-0.007652297522035889,-0.007687403751566957,-0.008522788540576753,-0.008719642618295609,-0.007254193193045211,-0.007289381238328008,-0.008385229198742072,-0.008583619934668607,-0.00709451440225517,-0.007129796808805988,-0.002672365044161795,-0.0028613780523415455,-0.0015893059241829377,-0.0016489042568883505,-0.0021221339196223488,-0.002279955018407498,-0.00396935599394177,-0.003865819365754586
2010-08-31,0.05047619604739251,0.04925841084589422,0.047347862548501984,0.04768521313847085,0.048338636593515893,0.04715923949279244,0.045213953998982204,0.04562626028192018,0.052657943281657404,0.05130090320947178,0.049918704903070044,0.05035226305213869,0.05249031903106749,0.0511505659851359,0.049786907226743615,0.05021724812231487,0.05242244653611561,0.051089429590733815,0.049733278547264836,0.05016232254806563,0.0509001203418884,0.049716144210989466,0.048244500791815526,0.04851224913911456,0.05033217525906508,0.04912577094331305,0.04739133498006454,0.0477743660643819
2010-09-30,0.037493378562492685,0.036689549585530834,0.03700660480271112,0.03846943269511627,0.03463670099114191,0.033880596297427124,0.03424021204504868,0.03887333374037505,0.03685935557041109,0.036085143757543126,0.03631543562250128,0.04068169980795111,0.036797869689423335,0.03601844535756671,0.03625878666698523,0.04067131055337003,0.036773379393020056,0.03599300156471563,0.03623585642396243,0.04066733746653384,0.035566476078151776,0.03478266003693764,0.03500751782828937,0.03869321627873412,0.03721673254223101,0.036395376784142286,0.036586938872189556,0.03819450252859591
2010-10-29,0.0008329172989223199,0.0005969382191846062,-0.0032688783164602775,-0.00485540346794322,0.002925422383512899,0.0027063870873009765,0.0004114235413659184,0.0006857329991545313,-0.001630862335811889,-0.002098542311408047,-0.0061308512490345635,-0.006371796952208797,-0.0015608488204145177,-0.0020286388843473446,-0.006229406630218093,-0.006407639668262077,-0.0015807517374772928,-0.002046675448117985,-0.006269293294016376,-0.006422257196457948,-0.002358563413192849,-0.0028575672369578475,-0.007211955847162943,-0.008418512901558595,0.0009908460502128236,0.0007629078776376641,-0.0033627564129445897,-0.004601532558394905
2010-11-30,-0.008933032352703485,-0.009424098665363312,-0.009486945790876278,-0.012156465071844202,-0.008055519639308284,-0.008882839360022099,-0.008384159178263073,-0.008836746496596937,-0.006401869210064581,-0.007027524330076251,-0.007205862718863476,-0.011090573839441897,-0.006467044921492859,-0.007113297731464074,-0.007272822306944482,-0.011033178870659688,-0.006493061664717081,-0.007147673236918672,-0.007299519791141185,-0.011009891144931672,-0.006767806368090934,-0.007384979077260989,-0.00771567443422283,-0.012233363375711903,-0.008849577907966033,-0.009361753362380099,-0.009377831467571984,-0.011563249846011647
2010-12-30,0.0009718345038545184,0.000699144600965429,-0.006615136402940092,-0.006468001340085183,0.005222608371890702,0.005071879671550983,-0.0019912237867438787,-0.0021098325835140486,0.0034066094532665403,0.0033046899018021048,-0.004156981826351047,-0.004832873304998486,0.003836273616592223,0.0037363733449484737,-0.003885022489692247,-0.004518842937670131,0.004008675502953585,0.00390994284973778,-0.0037806825970319036,-0.004391656705246327,0.0016673881450293138,0.0015306112928288318,-0.005102605841139307,-0.005851162325787418,0.0012838831339510026,0.001028195256144837,-0.006271953805996988,-0.006046306580667626
2011-01-31,-0.016069829241296074,-0.016321763450829918,-0.0177547920149681,-0.017355313057225707,-0.018750666137817174,-0.018905380597221244,-0.019370720047270695,-0.018998501691827707,-0.019962737549716225,-0.020185093488089167,-0.02096639365576436,-0.02053580263748922,-0.01974958286247619,-0.019965193110713986,-0.02077447906278629,-0.020341973169461403,-0.019665540971219864,-0.01987846134769755,-0.020699035556395184,-0.020265504918667743,-0.016911197689906787,-0.017130276994399396,-0.01779202446572925,-0.017391206636707568,-0.015903133534566516,-0.01614570754953648,-0.017554171879171743,-0.017150405678256764
2011-02-28,0.02939498036343391,0.029179828189918045,0.02975046668946213,0.02993490405480359,0.031296804714247006,0.03101016856805594,0.03116435004441076,0.03134111075396073,0.031590672824872934,0.03122249206992267,0.03152586899593346,0.03177312895365403,0.03155230959477451,0.031197067104045795,0.03151857761521182,0.03176419740196379,0.031537722707020155,0.031187775475726598,0.03151726424199808,0.03176212885608498,0.031125333078765305,0.030786087937895612,0.031014506870622016,0.0312280923553494,0.029440751456118797,0.02920917661966893,0.029745716417711066,0.02993620209886716
2011-03-31,0.0026605094052079004,0.0021915040019191423,0.003306413823396692,0.0023206190762778967,0.001989838022959045,0.0013615372383710689,0.0028024854511565778,0.0012311305661392158,0.0014125633681496552,0.0007168190952426823,0.002969435806156717,0.0009561746073709632,0.0014938149193355343,0.000812133888114186,0.003015028425606081,0.0010007950151973422,0.0015262878918704814,0.0008500906758259763,0.0030337343956172713,0.0010192469990963904,0.0014338610490955972,0.0006842599771250679,0.003330358937376765,0.0014085522292821562,0.002718917810482724,0.0022549749930345087,0.00325623443918599,0.0024083395328990953
2011-04-29,0.03774876575851693,0.037562987456896346,0.037835514442356555,0.03707540883219851,0.040495755206553685,0.040260154666042824,0.04098342808432931,0.03988449762221591,0.03973285400048665,0.03948038703659695,0.040008591682750394,0.03901313551480601,0.03966464891311405,0.039416924150761146,0.039949352146815276,0.03897671606529984,0.03963804868892673,0.03939214586740247,0.03992586322607128,0.03896223351618433,0.03893411186613127,0.03863134135842894,0.03918064860272974,0.03821399849923335,0.03758787234947092,0.037390858365169644,0.03764812323460398,0.03691317770992297
2011-05-31,-0.006244027728536938,-0.006357653887610004,-0.006974723283007411,-0.007567778600868436,-0.005133312232873832,-0.005542636738057549,-0.006452165742351967,-0.0071069160718274516,-0.004110992380563672,-0.004621166235053931,-0.005409763102520393,-0.006027984355324034,-0.004322636076428132,-0.004811457642586947,-0.005556978882860442,-0.006280368941465331,-0.004407714256529971,-0.0048880946654975554,-0.005616376779087884,-0.006381668197420809,-0.006301374220507805,-0.00676813672569565,-0.007887858923421143,-0.00864780032400736,-0.0065519139293892525,-0.00666397452302514,-0.007057819750336147,-0.00758037123129196
2011-06-30,-0.013819113633872226,-0.014188793629299479,-0.014393227332675118,-0.014380989453757653,-0.017049576457048632,-0.01745304975934492,-0.016548510863041654,-0.01674163364668202,-0.01752398389753307,-0.01798293670623663,-0.016951542723568358,-0.0171247738488699,-0.017453796106705277,-0.017901857395578702,-0.016878873860445065,-0.017023885220900814,-0.017425908653019295,-0.017870335669408766,-0.016850403941056302,-0.016984104933240096,-0.01821800523036976,-0.01860072066191909,-0.01754976510694184,-0.017792148492714155,-0.013819722563771286,-0.014181267434533074,-0.014469008029928565,-0.014432781924456406
2011-07-29,0.04243380663307916,0.04238447378698029,0.041262540335251785,0.04109780763881421,0.05011686810864169,0.05007551927794229,0.047999668772089166,0.04883886033115048,0.05044531985959022,0.05037533898055613,0.048398929493026266,0.04943325317428626,0.0501890205214266,0.0501192345614907,0.0480946606365944,0.04910652766450463,0.05008565461101955,0.05001585566957445,0.04797264271126522,0.04897515749016601,0.04977935876994133,0.04971740339768571,0.04788206327789357,0.048859667961505426,0.042350957547306,0.042299239379144815,0.04113191224179191,0.040926690703529944
2011-08-31,0.034469786811959446,0.03382053599402801,0.03522278800007905,0.032586427680403984,0.055727838126553575,0.054596855122771126,0.05568023694110291,0.054558745997210334,0.05751439789697699,0.056327827982991074,0.058110319669054444,0.05666050239596476,0.05691326130482666,0.05575977810248922,0.05753589191410935,0.05594846372973383,0.05667436534994752,0.0555343695935715,0.05730513616378441,0.05566282791072119,0.05767814784661707,0.05623892444742484,0.05807453559496123,0.0569395437018303,0.034199099107035336,0.033508018220931524,0.03495688244499329,0.03227879903790698
2011-09-30,-0.04806771826344791,-0.048934102181541594,-0.05081150110328114,-0.0547036596106949,-0.050276318425209965,-0.05086378357854804,-0.04910410509816443,-0.05101269537713038,-0.05023193202774834,-0.05072746541515505,-0.04902374708590074,-0.05143273902437007,-0.05023036547539894,-0.05070544024615664,-0.04932818055394961,-0.05191912558161882,-0.05023021605276268,-0.05069708037160803,-0.04943153220487029,-0.052085546779198966,-0.041588639156131424,-0.042082320189096745,-0.035735898841778524,-0.03709984352675666,-0.04731975972137348,-0.04819100369162732,-0.05015930831788884,-0.05411243963915213
2011-10-31,0.01678378703364558,0.016345476141259585,0.01992097889751876,0.022470093467589214,0.013753755572882387,0.01349040540312485,0.015091437322009904,0.015579871861258754,0.011696047829161671,0.011398069211875805,0.01331830833613279,0.013080456157827491,0.011861158121893478,0.01154894909953641,0.013491183584793287,0.013309038339297752,0.011927973630318833,0.011609287086776998,0.013558545680369516,0.013398787951810043,0.013106579616515512,0.012361325944879153,0.012925287952513687,0.012621703420842234,0.01636223653874902,0.01597218772353748,0.019893141252151247,0.02208546101468767
2011-11-30,0.005097856648136556,0.004748109590487992,0.002759427150156313,-0.00011321797599372907,0.005544474040714675,0.004970074986818229,0.003972894250252379,0.0017013881882796955,0.00638606957428256,0.005939318990665576,0.004147613746154688,0.00254936021484764,0.006378183941299298,0.005925756819759265,0.004047820037950123,0.0023395377337096512,0.006375133653478082,0.005920158990798008,0.00401113434983702,0.0022570699997739307,0.004191183647365149,0.00380904883707478,0.002595192943506852,0.0009317980613587906,0.005251248298186573,0.004874929333716471,0.0025874951913531508,8.226333787564322e-05
2011-12-30,0.0015720193098609503,0.0012057945547510052,-0.0026300347525881618,0.0002708317244455305,0.011643047502568615,0.011131660167816415,0.006370617446146198,0.007392100091455411,0.011903163840695452,0.011494902178389443,0.007937772193530312,0.009402584474001552,0.012083526203646722,0.011668276639140052,0.008197894345282952,0.009621180157319387,0.012156011657253218,0.01173773381411225,0.008307332835699066,0.009708744736076413,0.01454751578916924,0.01409907652594744,0.012414440894396694,0.014476993018291084,0.002093613578660003,0.0016781210130241142,-0.002711558830416516,0.0003513486021027301
2012-01-31,0.03681705427766491,0.03613400682745871,0.03637414218424606,0.03568409014913598,0.028848439804586734,0.027891924420254677,0.02826547945761848,0.027598633830652197,0.028804351345619983,0.028310523343042293,0.02902886394622084,0.028390258430962767,0.02873382153483628,0.028213472271662265,0.028880941117014336,0.028225680449779356,0.02870464488114255,0.02816890221708901,0.028822706397433118,0.028159869263707282,0.025045499422825968,0.024020170137586838,0.024655456956353516,0.024438255715278245,0.03656999740864819,0.03585722475235742,0.035425204083748385,0.034976649929707726
2012-02-29,0.0025562579232192295,0.0019512733272684102,0.0026461298634588015,0.003140362509439276,0.001398484118285248,0.0009216868594046357,0.0014804839195066144,0.0014990713595164351,0.0019324896300141337,0.0013738368498974474,0.001804797631902444,0.002024374232276971,0.0018137673173597157,0.001250909044422599,0.0017296813881468864,0.0019358166424741086,0.0017666759876209248,0.0012050802207088651,0.0016976555366563506,0.0019005149175084224,0.0020143869292177374,0.0013381087657595714,0.0014296635512192069,0.0012761515919448296,0.002302075874591303,0.001765842338401935,0.0024517161470463122,0.0028574848029194744
2012-03-30,-0.012206333758584265,-0.012639153141738357,-0.014264629034191012,-0.014935489461370244,-0.015312610765473633,-0.015769503658363826,-0.01709085580897396,-0.018518205811482447,-0.013371562183595143,-0.013774804115703754,-0.015244800366138844,-0.018270672892501172,-0.0135783414058539,-0.013991208945335676,-0.015538997820921385,-0.01847194801405161,-0.013692501043404026,-0.014108492837496156,-0.01565585816016002,-0.01855164597461345,-0.013822124689650161,-0.014242346488194446,-0.016252130432444112,-0.01948371905720936,-0.013033080885129,-0.013437291665919449,-0.014915667502579,-0.015510989171852896
2012-04-30,0.010711092879630124,0.01055184669184861,0.01191765402072642,0.01138421533693923,0.012975369758728483,0.012779880228071638,0.013688889419007033,0.012925331703691034,0.011711715883922391,0.011607785391035907,0.012403244624088705,0.011792618049847103,0.011694430699307867,0.011588346207092926,0.01246030821181554,0.011842461508117852,0.011695078155490979,0.011587809894180845,0.012482768679076495,0.011861975528619118,0.01115801335395461,0.010987059313394942,0.011661609436904419,0.010901997925442997,0.01101993233945775,0.010838760977011974,0.012188997715657957,0.01158425553075415
2012-05-31,0.009185142387643896,0.008886159532702775,0.009699042686279746,0.007491551091872939,0.009887593026347119,0.009573271063570754,0.01089944196779502,0.01038985447853924,0.012535329560847464,0.01243928785753301,0.013112498252008109,0.01289044258289418,0.012431773803954771,0.01232247658410457,0.01304692188576051,0.012818447472093597,0.012390683213530984,0.012275925469006133,0.01302089676055207,0.012789493888193837,0.01582725158753595,0.015805913541895977,0.016209114937887348,0.01592016758734416,0.009199960804465945,0.008954037897055844,0.009672142647331405,0.007389157038512062
2012-06-29,0.01140128783894312,0.010876893988583491,0.011365896826918354,0.01158611579081481,0.014344973780015424,0.013992756136421702,0.013527401099666658,0.01360343807647224,0.01725198215220014,0.016871501486382723,0.01658390845172475,0.016722276725928742,0.01712836912777882,0.016746983136641136,0.0164560744544624,0.016596042300028868,0.017079092830430076,0.016697387198976843,0.016404942436967218,0.016545570412650923,0.020033257052836984,0.01938893642662154,0.019130506604198017,0.01930631977180819,0.010872236706719107,0.010277737681162469,0.011046377789176942,0.011363248169844908
2012-07-31,0.02030464176240554,0.0194888158123383,0.021304628011163063,0.021084410676993404,0.02260579907872362,0.021695307891817617,0.023097797253062158,0.02322372723776689,0.02719131094796956,0.026744078387281656,0.027480398189726696,0.027611544002060562,0.027044349006297708,0.026581866735946313,0.027326772858804027,0.027457116904917145,0.026986030673638917,0.026517431713337647,0.027265484366109094,0.027395495036421247,0.028993717845817057,0.02849430389660257,0.02948938102568799,0.0297010118573795,0.019874069416594864,0.019060922399298796,0.021291986673487306,0.0214903141922258
2012-08-31,0.0035839076596004826,0.003474944311852468,0.003441536716366711,0.003422839076260731,0.001768012815408726,0.0016014912861552766,0.0019493223012148064,0.0020115818458474877,0.0013732226250058321,0.001271189010494611,0.0013241708191733537,0.0012787730294951949,0.0013233180250915577,0.001218970205949521,0.0012788562925658553,0.001232590161264202,0.0013032330053537322,0.001197964137406471,0.0012604798851865162,0.0012138663394225535,0.0006437927786224762,0.0005924988046335233,0.0006219685555057808,0.0005982200578154018,0.0035406758463127908,0.0034079382129599267,0.003344412341857561,0.0033273038705645686
2012-09-28,0.00039175761444187884,0.00029495308323479463,0.0016454687816311875,0.0022262422167937945,-0.0015522969688798183,-0.0016703010058924939,-0.00032568785036879433,0.0008292906990028381,-0.0003019092991958239,-0.00044051554270452264,0.0008834791738265846,0.0013711264163143166,-0.00040594245831948594,-0.0005444940440676449,0.000790692882448818,0.0012998017071537138,-0.0004475074101579768,-0.0005861400017442842,0.0007533913533404046,0.0012704864002845984,-0.0028816280105550263,-0.0030062773420603817,-0.001554514806254459,-0.0011122052394757498,0.0005235647448973424,0.0004504972713330613,0.0016914081410694948,0.0022413927733977435
2012-10-26,-0.017706867347276,-0.01779674812533516,-0.01759837406816811,-0.01788716280446845,-0.011448580666461261,-0.011644108214062587,-0.011196763175605362,-0.011653643249378898,-0.018227288756548443,-0.018245662873993207,-0.017640038137971215,-0.017823387323454343,-0.017948195331702332,-0.017970390150598203,-0.01737369233137509,-0.017570796542653144,-0.01783873125218771,-0.017862517348559925,-0.01726812894948848,-0.017470310268556943,-0.0216800600398952,-0.02169113396050648,-0.021689585434000347,-0.02168917614113619,-0.016354454118644446,-0.016493024923757815,-0.016468311217349263,-0.01675126259464299
2012-11-30,0.005597589177601225,0.00467997121137631,0.005783036584999124,0.0056169234646497035,0.003225358805149181,0.002489517344372638,0.004135030256096295,0.003702365664421725,0.005936227003247696,0.004973982408220445,0.005442576096692298,0.005350981994494575,0.0058370182182636565,0.004882950351069892,0.005335294617939468,0.005244386725058003,0.0057975483902263925,0.004846747903594739,0.005292706581977891,0.005201965166344635,0.006714620494614465,0.005620970881814014,0.00629906479409037,0.006160959325816062,0.0051179770875695585,0.004241895342700808,0.005439364681741665,0.005326697608507347
2012-12-31,-0.003312836706478861,-0.004241490455247243,-0.009775127482082757,-0.009709566828266292,-0.0033128189049556056,-0.004207168692660024,-0.009158885103479952,-0.009146968008215461,-0.003312819588416227,-0.004260727030109046,-0.010162151896706995,-0.01009626526489793,-0.0033128197263199155,-0.004257795549183485,-0.010158164100443123,-0.010091647459783637,-0.003312819604968875,-0.004256604158352717,-0.010156674982512381,-0.010089877758354349,-0.0033128203113784727,-0.004362867696461548,-0.01260048349350873,-0.01250626829220658,-0.0033128192324500816,-0.004237136004355491,-0.009740647336163755,-0.009706631279118083
2013-01-31,0.0027572892720035824,0.0022875777078257276,-0.006073081444678996,-0.003720927449399669,-0.0062187199096365164,-0.006535096238265203,-0.010296025490650895,-0.008451925332837895,0.0005868392864516458,0.00015847569511096005,-0.007415785749575132,-0.005557332249360392,0.00019674654076617948,-0.00022755665130347325,-0.007682119798395615,-0.005820575526570448,4.205881473362538e-05,-0.0003799841143290461,-0.007788393644857283,-0.005925894264446119,-0.00857815350193658,-0.00922594641016894,-0.010205681133157674,-0.009174636785176271,0.0017661609815085022,0.0013126256139712744,-0.007059568333750543,-0.004532214952677416
2013-02-28,0.0006693938707087455,-2.245897014219178e-05,-5.0287903343604334e-05,2.124741256781526e-05,0.003004867946396317,0.0022972829381973092,0.0005341546251751428,0.001688864733263351,0.0019719937905733342,0.0011278117851163394,-0.00012843284404240318,0.0009431478149843908,0.002006715606717613,0.0011630894641943001,-0.0001240325489400007,0.0009525245260491033,0.002020541937475251,0.0011771726831975027,-0.00012219987490924566,0.0009562333768056153,-0.003816210203319237,-0.004837171110021687,-0.004702043932130473,-0.004675282705382311,0.0008927376154943545,0.00022991547353745645,6.12939293531678e-05,0.00026258093522568693
2013-03-28,0.022169335479995222,0.021716179002851055,0.02078402831106896,0.021565208785973233,0.01889918864421891,0.018606459747768422,0.016226947368448874,0.017514878189485605,0.024567087533063026,0.02436379950730294,0.023583307997725234,0.023716680956874292,0.024348690439728538,0.024143184150893893,0.023325045363402852,0.023480932970749713,0.024262047892861904,0.02405563011961198,0.023221797149290513,0.02338690562235146,0.0324174584151542,0.03227791260125401,0.029182719574771365,0.02995088232491927,0.022047875926364036,0.021641090404299845,0.02052484264677612,0.02141631812943312
2013-04-30,0.0268236016578145,0.0266463089971829,0.021871209460421204,0.022971238460297583,0.017969671516550267,0.017452695733507273,0.015995763876268665,0.01776981539967193,0.022806322801880885,0.022507971810449057,0.019491165665042942,0.021171406273267968,0.02249715472211422,0.022189441358930972,0.019252190008124836,0.02093932558698297,0.022373549023257056,0.02206202349178077,0.019157641333293007,0.020846321199278872,0.019948235331836983,0.01970920953830424,0.01794954216218425,0.01679372357247444,0.02515442606104834,0.024916265654380654,0.021218552355829035,0.02259358574263204
2013-05-31,-0.00625351330690449,-0.006281952201636187,-0.007547297516998452,-0.007184730085357027,-0.004057347361290264,-0.0042425020110820055,-0.0046366078056125914,-0.006153219758497364,-0.0053062020007138555,-0.005323694498166054,-0.004983745954962537,-0.0034105968314067647,-0.005085004189960607,-0.0051065999800296025,-0.004781072886083648,-0.0032687836838717343,-0.00499594058751629,-0.005019181540324769,-0.004700286544931154,-0.003212095452218122,0.0037844159453406245,0.003772069303866532,0.0034164330436994295,0.0031948297018953298,-0.0049395108538202726,-0.0049964113233407215,-0.007436769065009785,-0.00700474828764186
2013-06-28,-0.020300088029892804,-0.020619622825411188,-0.020513902039489107,-0.02051341725161282,-0.022820484163429522,-0.023241214136524357,-0.022810825377119315,-0.022592726452299483,-0.019731474557453943,-0.019827268865578174,-0.019766988619297043,-0.01976796728794039,-0.01978452757638416,-0.019889352070371125,-0.019824116160546912,-0.019825126195522125,-0.019806295776662153,-0.019914781409109406,-0.01984754303298475,-0.019848565355218062,-0.01910886118409605,-0.019261480074134307,-0.01914842814159856,-0.019148998702683828,-0.020630794339702274,-0.020963610273917466,-0.0208759871426889,-0.020870910312043578
2013-07-31,0.033556212575047706,0.033310643114256244,0.0323454991689891,0.032367831641265,0.030491247839575353,0.030174800998252094,0.02915171268521899,0.02911489819300561,0.033850271013450284,0.03369616610111481,0.03291159039664038,0.03290788014521073,0.033834950136562236,0.03367977664496413,0.032869852267392474,0.03286586454113771,0.0338287369605883,0.03367307268103392,0.032853319270278236,0.03284921937615515,0.03146119674341552,0.03130327694993862,0.030397270841668433,0.030395505845910664,0.03334124974371511,0.0331073403284734,0.03256989784907294,0.03269631630375258
2013-08-30,-0.02013899115975981,-0.02015811089933217,-0.02142185928181428,-0.021522081295245465,-0.019806023796182903,-0.019849376842852484,-0.021664526525360328,-0.0214384269461666,-0.022643487328723566,-0.022721202903105087,-0.02467318022495013,-0.02455544346555094,-0.02249690164789253,-0.02257267655874018,-0.024529097896100693,-0.024410503236270475,-0.022438346237938722,-0.022512899995294156,-0.02447155456955019,-0.024352625325400945,-0.02083805877125089,-0.020906506346048292,-0.022704193299638242,-0.022582412268199903,-0.019744802371034598,-0.019753895477754968,-0.020848209391506223,-0.021010334349418014
2013-09-30,0.027651343422540497,0.02741041681584333,0.02514473259361205,0.02738168047072098,0.026467998055790032,0.0262439342707812,0.02291852081529644,0.02546453328847198,0.02914279805352127,0.028943407603059024,0.025741479274924206,0.028104652486121928,0.029088389512195834,0.028888379290107125,0.025681691516145078,0.028048786519762725,0.029066497144345727,0.028866245203762242,0.025657868521956617,0.028026516508471877,0.02744787082891409,0.02726501745985299,0.024352064839614496,0.02652222361817702,0.028213896235576685,0.028015956932877728,0.026298660247057182,0.028012559160024653
2013-10-31,0.010620082615976578,0.010621917647136492,0.014698236450938262,0.013518710232375719,0.010548675722066081,0.010524839083693838,0.01055014357174855,0.010550210936417503,0.010921349303547823,0.01089272345145087,0.010921856395209373,0.01092220407616229,0.010907315326747158,0.01088163633976058,0.010907809558224901,0.010908271431089966,0.01090165211214722,0.010877137138445736,0.01090214145772328,0.01090264253834805,0.01030609578525099,0.01029914864574022,0.010305903013962059,0.010305077595736067,0.011890966666350256,0.011889049262576057,0.015977926034088652,0.015090320116663669
2013-11-29,0.020578697881171282,0.020040213376572025,0.02031212477938027,0.020311039231978745,0.02039168890275289,0.019840665319990514,0.020006674920725498,0.020000027791421404,0.021059125038643378,0.02054367173239391,0.020687889911441104,0.02068433137928616,0.021027022154181063,0.020509826623298588,0.02066115652365541,0.020655237652266845,0.021014122715619088,0.02049596889021843,0.020650369498038668,0.02064353237165384,0.02104829109400974,0.02049161162400015,0.020675182129255898,0.020685778667229426,0.02033984732375882,0.01990113363652357,0.020537393006075266,0.020022041955017666
2013-12-31,0.015662750750544463,0.015579919517874519,0.017848528515562068,0.01778081177771651,0.012808713946681927,0.012706850463092723,0.013091155878278915,0.012844364310958811,0.013325098669906277,0.01312709856142491,0.013702229053986992,0.013506061817214476,0.013335668767405995,0.013147362235092164,0.01373909973207943,0.013517750806422368,0.013339741076897615,0.01315513964238546,0.01375381268821485,0.013522283857938522,0.014625666909446,0.014464854042982145,0.01513094156311845,0.015019449086317582,0.016461195752256685,0.01641330605559732,0.017992266908457122,0.017955561325999625
2014-01-31,-0.022578750877163656,-0.02268097159946303,-0.021265151454449183,-0.021845270753595325,-0.015898388289931176,-0.01630225165511834,-0.015933429663804843,-0.016406003235570066,-0.01605880619411537,-0.016442229917049245,-0.014878008561774014,-0.01577496339798201,-0.016047591937595085,-0.01643069755089388,-0.014988685501857835,-0.015862225386971684,-0.016043108802613615,-0.0164260724552604,-0.0150330220082463,-0.015901544693279424,-0.019491659964480434,-0.019783738900403747,-0.017878935905808913,-0.01882206102079964,-0.02200160101432247,-0.02211741448173088,-0.021071168027687492,-0.02149766967094413
2014-02-28,0.028187590170624777,0.028052339895583422,0.02746854409437849,0.027040826702291243,0.026969925095199576,0.026640381334568586,0.02447876457949505,0.023573178458032418,0.027268852936656263,0.026943753137795623,0.02488908480151708,0.024043333214543994,0.027252417167128895,0.026923670586807447,0.024871122658412848,0.024024266878229783,0.02724580383782138,0.02691560280438532,0.024863903579932067,0.024016111409885577,0.030310864149546646,0.029994294296028956,0.028203938202411516,0.027532807809985682,0.027659451284273384,0.027530741915541723,0.026439785128980153,0.02610774749369238
2014-03-31,0.0010365623906534172,0.0009602927285992102,0.0029205716447777696,0.0019046037286956086,-0.003687507013746094,-0.0038281050591879584,-0.0021455151000832062,-0.002279969599786269,-0.004284752785221002,-0.004480968633672089,-0.002395065964572174,-0.0032121770314154086,-0.004277514166015628,-0.004471193871723345,-0.002422552654611332,-0.0031612908977080023,-0.004274600648833227,-0.0044672728568175835,-0.002433215662227317,-0.003140920549367765,-0.004319602653310994,-0.004585943474055831,-0.0008456167075144849,-0.002566191942985463,0.0007067023708065001,0.0006455374867904151,0.0021219191879544574,0.0013284494709933092
2014-04-30,0.006306375625129368,0.0062991747559237865,0.005357551371699687,0.0038708391037494128,-0.0029630628052305097,-0.003159613546668605,-0.005056841747275609,-0.007236431475894478,-0.0036314370800838436,-0.0038503344898365155,-0.006869303794249881,-0.009045250904469504,-0.003597771636071334,-0.0038208537422258493,-0.006790211182861605,-0.008953825016903338,-0.0035842603778408755,-0.0038090201649515487,-0.0067591687970045555,-0.008916935207861743,-0.0035404492409985,-0.003665188923855034,-0.007721655769734714,-0.008990689618027736,0.003664382363575358,0.00364976093271574,0.002565917605965362,0.0019566119525138426
2014-05-30,0.018964543928287947,0.01889160165606385,0.018654361553866572,0.01884229749354871,0.025469887436940564,0.025442093928718323,0.02359219737502083,0.02457831394792076,0.027116011883450364,0.027117541859828398,0.024897117495426446,0.02695608961244167,0.02714931196356485,0.027150882435511114,0.02482962681629708,0.02684112464825117,0.027162896843447415,0.027164482836535386,0.024802349197958984,0.026795146812720327,0.025883271927356732,0.02587821760058029,0.024255769794927717,0.02508296932820242,0.018704243318562463,0.018585920093778574,0.018221410239824376,0.018617296679447115
2014-06-30,0.013566499911737084,0.013458670821175911,0.013690981302650007,0.013747457358342485,0.016629315462130867,0.016611818470878337,0.01653938050237702,0.016604743309674763,0.017446444084987522,0.01743410364170206,0.017434483011928847,0.017434180143998113,0.017421902417992463,0.017409460850180247,0.017409857474831147,0.017409541396850914,0.017411925471455536,0.01739944260632753,0.0173998482991633,0.017399525509427027,0.018771096577828494,0.018748834640355927,0.01874943837052334,0.018749171730210623,0.01342561075999571,0.013319620400576104,0.013736262570759994,0.013766073104540588
2014-07-31,-0.008665906450976424,-0.00867709531751526,-0.009071025866966509,-0.008975110922640361,-0.008859310701420542,-0.008859957438584143,-0.008859913579448264,-0.008859946025303378,-0.009701794636162275,-0.009703045588856707,-0.009703025630435569,-0.009703028356469301,-0.009672299202470258,-0.009673564327558504,-0.009673543881257851,-0.009673546455727378,-0.00966033302595537,-0.009661603876986002,-0.009661583554235631,-0.009661585616022483,-0.012279479242119917,-0.01227987369633532,-0.012279871366229766,-0.012279870837272111,-0.00888717399447625,-0.008897911541681292,-0.009256266877540109,-0.009166114304527184
2014-08-29,0.0406070425375864,0.040556505288328326,0.04119388649017974,0.04087706949502046,0.04543278373972104,0.04542914826541988,0.04542920776572723,0.04542919543931134,0.04407883542141189,0.04407882186809298,0.04407882129822527,0.044078821844136806,0.04411480363597775,0.04411479085728276,0.044114789851108505,0.04411478992536577,0.04412939258191395,0.04412938008987588,0.04412937925632998,0.044129379151287784,0.04112979474756284,0.0411293635297072,0.041129367677139816,0.041129368053554716,0.03963894690996894,0.039589855264087204,0.04027223298754201,0.03993602995572232
2014-09-30,-0.017141954645898627,-0.017176716037451856,-0.016945422901927243,-0.017031765611388305,-0.015800032161581767,-0.015893674668577162,-0.01580008647878295,-0.015803896848979537,-0.01565306780563458,-0.01577830370857003,-0.01565306867157701,-0.0156568294114251,-0.01566769379132027,-0.0157920436948078,-0.01566769460722972,-0.01567145644875223,-0.01567361863913419,-0.015797603683650352,-0.01567361955374491,-0.01567738164775556,-0.01438451281460007,-0.014583301475423194,-0.014385964109625338,-0.014388282003705899,-0.01697000375472124,-0.017005080859940014,-0.016777453045141,-0.016862917858804005
2014-10-31,0.041327839274818645,0.041319918436465874,0.040982326800697466,0.041038240832423245,0.04142740606708273,0.04141391628676261,0.04076230413858095,0.040841453373208214,0.04152148569502234,0.04150224749566145,0.0407102925893148,0.040789833177344414,0.0415200955133459,0.04150004286965259,0.040714586876186676,0.040794084026206656,0.04151953275897302,0.041499141528413386,0.04071633363056226,0.04079580781807346,0.04160172407158802,0.04152598516567263,0.04057901758351257,0.04061790990659686,0.04129039572331683,0.04128343130616541,0.04101592934417031,0.041028460284290524
2014-11-28,0.03878147301440005,0.03874116157118124,0.03874399597602274,0.03874350061248899,0.038212977283193617,0.03818988972780546,0.03819420271856089,0.03819341227557449,0.03932807361260049,0.03931953304007507,0.03932493786777669,0.03932409146209359,0.03925492197510572,0.03924574679876014,0.039251021444487444,0.03925017866644076,0.03922481379522691,0.03921537153339649,0.039220592447601677,0.039219751279306436,0.03714176864496044,0.03712483110768394,0.03702086715316932,0.037053908516570644,0.03807782455494513,0.0380298517492248,0.038032011944330923,0.038031916742937044
2014-12-31,0.015245883345688993,0.015245824029492372,0.01524582610275571,0.015245826845058597,0.01352062827070366,0.013510427422722238,0.013510572864241288,0.013510542069177234,0.014439200094760851,0.014432687390033117,0.014432787525618274,0.014432775000299713,0.014365403974067714,0.014358457563957261,0.01435856617379594,0.014358553698289311,0.014335321703615067,0.014328184385779874,0.014328296413649522,0.014328283916931195,0.012042093112783592,0.01197412831276412,0.012017523758261595,0.01201027863099191,0.014561076955369678,0.014561105346081904,0.014561108431345726,0.01456110875427763
2015-01-30,0.06674013286880132,0.06667459722661095,0.0666746891322032,0.06667472657514617,0.04734222793425413,0.04724729687218732,0.047249833070454494,0.047250867497362625,0.054544299012706965,0.05441031997687373,0.05441346600029928,0.054414514378402945,0.0538470048970785,0.053716379388174085,0.05371947563575841,0.053720528637491105,0.05355269469948509,0.05342350952558572,0.053426581309726995,0.05342763379289628,0.039408097491985705,0.03926373776161496,0.0400735861321988,0.0400200482744999,0.0636917383324247,0.06362701564607454,0.06362711672687471,0.0636271383343181
2015-02-27,-0.00598604501504596,-0.005994636430529998,-0.0059924673782761895,-0.005993567347474804,0.007227225169560869,0.007166628204871017,0.006840628287858808,0.006673502202425574,0.008234811581392165,0.008177339077813706,0.007834276566616172,0.0076772395867830134,0.008128739304569477,0.008071213628207952,0.007729760898250504,0.007572181024463331,0.008085609444766328,0.008028071755902255,0.007687935271460944,0.007530109699549925,0.007021775953472531,0.006970502249652011,0.0067279010963290364,0.0066016313990480135,-0.004083576806128586,-0.0041250411285650435,-0.004104965879546563,-0.004100556779566333
2015-03-31,-0.003111768198869047,-0.0032551648071085237,-0.0034186493989033506,-0.0033295072824681693,-0.002992162805932508,-0.003088351060977379,-0.0032701618151753653,-0.0031854883056456895,-0.003549539338283725,-0.0036414392464804157,-0.0038179009823829935,-0.0037354995937356472,-0.003491785809761616,-0.0035840419887224195,-0.0037606167268983137,-0.0036781414353999065,-0.003468747282268314,-0.0035611483093044294,-0.0037376828125118555,-0.0036551781894493818,-0.0029460096593947327,-0.003029525366371577,-0.003178100665854,-0.0031062402845211112,-0.002748743708167911,-0.0029371167090571637,-0.003135072135760031,-0.0030912958449949013
2015-04-30,-0.014463337432230161,-0.01451657537901141,-0.014687527122213107,-0.014803408454310718,-0.01330854489852995,-0.01335357740909493,-0.013533124685518594,-0.013593603309362656,-0.013603219173278669,-0.013653378771791846,-0.013830000174886115,-0.013888746409883024,-0.013564079956156494,-0.013614200182381242,-0.013790909180947386,-0.013849780935477507,-0.013548276450301655,-0.013598385935729373,-0.013775289788786615,-0.013834231364378002,-0.011414336768512556,-0.011466368433046603,-0.011614433685766645,-0.011663128940115008,-0.013571280464946933,-0.013644190425085356,-0.014259232679516343,-0.01450048525489911
2015-05-29,-0.009324251311210952,-0.009442345749393732,-0.00938331823950489,-0.009297838595223706,-0.0076297817552684055,-0.007718600068252979,-0.008188715451388995,-0.0077051481762695495,-0.00791966210588635,-0.007955658781678254,-0.008461686943792568,-0.007966686949316903,-0.007918761818978104,-0.007957940426492227,-0.008460028732897973,-0.007967518328200529,-0.007918480028292096,-0.007958222888183153,-0.008459324456346007,-0.007967348006362007,-0.006793704066297868,-0.006900647115341996,-0.007303136083556483,-0.0068506858416799155,-0.007613321870271195,-0.007645602876745872,-0.008575440837862325,-0.008815649614337229
2015-06-30,-0.032551044404046325,-0.032620760637426915,-0.03314006092129218,-0.032666593366255325,-0.03313609863427658,-0.03317921204191665,-0.03333178950586557,-0.03336699929404585,-0.03611682565192764,-0.03614824352634449,-0.035561192410181186,-0.03614061573465277,-0.03558276170202712,-0.03561219700398599,-0.035076500229249685,-0.03566897292561744,-0.03553157983149735,-0.03556108933468871,-0.03503999878212938,-0.035616280778012155,-0.03168242502493446,-0.03172539567775956,-0.03226310494057971,-0.03197827106931517,-0.03201377345879952,-0.032080489462927075,-0.03213484674776801,-0.032133742867677895
2015-07-31,0.02608006266513674,0.02593470489991012,0.02727904485142818,0.02686442666334954,0.028005861587863112,0.027785894741903183,0.02841744741780783,0.028512849003331064,0.030706369555483448,0.030411557201495132,0.030640080292351657,0.03103130326558201,0.030597904504119144,0.030306708089407275,0.030309969127020553,0.030930938883644066,0.030553847493310915,0.030264290315134224,0.030286107048849376,0.030889506067723893,0.027308586817867964,0.027103777873066948,0.028068066185856333,0.027807009586517273,0.025654570941137544,0.02552098684327153,0.026760163755950694,0.026437880914847556
2015-08-31,-0.04088774930114769,-0.04192153519618447,-0.042658037715436525,-0.042001775135276365,-0.04277278267306894,-0.04400558846242353,-0.04444845802245323,-0.043932912406747904,-0.04612334069587809,-0.047283055045132305,-0.047963147262954586,-0.04749856072580383,-0.04604960905990696,-0.047207058432281235,-0.04788349113335566,-0.047423778865535615,-0.04602161358660761,-0.04717733709763117,-0.047853197189937524,-0.04739355097496267,-0.04165174705509089,-0.04279211550886519,-0.04356872499498865,-0.043103797790908116,-0.04090236739677244,-0.04190868412840232,-0.04254517570880756,-0.041897610570016064
2015-09-30,-0.0064575981231744795,-0.007843509564442352,-0.0075205572046127545,-0.010196552862479669,-0.005572458558689153,-0.006939762920591841,-0.006683065610291639,-0.009860710121795124,-0.006191658172610914,-0.0077624431173084485,-0.007410640196769069,-0.00857685301323563,-0.0060929791188932825,-0.0076556467260033845,-0.007311834491631419,-0.008462409745146782,-0.006053460585199066,-0.007612809666529552,-0.007272320805317256,-0.0084169248278394,-0.00025779052270769043,-0.0012419384089291663,-0.0011332425010323055,-0.0014314984437349132,-0.0061895052152898256,-0.00754911503788358,-0.007235658712561266,-0.010199459057838922
2015-10-30,-0.0019341672824956246,-0.002139630803209003,0.007501145381007435,0.01867491545860034,-0.0027127562335423905,-0.0028615861816538857,0.006442331705837745,0.017541699547930056,-0.007431416706057847,-0.007448206469734098,0.005261167074219308,0.01865865422057178,-0.007432467813267674,-0.0074492002489753295,0.0050517050144538445,0.018448381174506423,-0.007432899768386458,-0.007449608357780746,0.004967788601200063,0.018364105272295594,-0.0026477422013490015,-0.0027456094080210436,0.0020785389267132803,0.012727826206823778,-0.001820173052319185,-0.0020239540421198576,0.006989339810870021,0.01803238046310729
2015-11-30,-0.0048971306477521015,-0.005287699991138206,-0.005168430780161715,-0.005025938668855701,-0.004947253325868539,-0.005414809420745015,-0.0052845723797443345,-0.005190639001644293,-0.00585658094322683,-0.006437733616281416,-0.006395238391934344,-0.006422451419123565,-0.005855204016015025,-0.0064315460177006845,-0.006389108648169661,-0.006416675529930749,-0.005854639860990107,-0.0064289900378960985,-0.006386642773667517,-0.006413927711473866,-0.005046219158171605,-0.0055860346621030565,-0.005551599175817268,-0.0055394303095125386,-0.004899674540080889,-0.005280448171699925,-0.005236628917680841,-0.0050800357875977475
2015-12-31,-0.010006482988046517,-0.010023504659049665,-0.009584274750109145,-0.009806405582114541,-0.010026559430688642,-0.010038643594267427,-0.00953916355476292,-0.009789829753767743,-0.010176984585470672,-0.010198568207534287,-0.009534495467658832,-0.009857010116627207,-0.010150563774801502,-0.010172133720197318,-0.00950953173870328,-0.009842224025885415,-0.010139977754235141,-0.010161539390147634,-0.009499575112561942,-0.00982892063403551,-0.009748498747135348,-0.00975762036624428,-0.00917796180003827,-0.009474038034729682,-0.00993880973584449,-0.009955341717992838,-0.00949505810296769,-0.009740194114067902
2016-01-29,-0.010159194222773338,-0.010206113502538194,-0.008859541587268316,-0.009730637522010088,-0.008522250858588265,-0.008572218047163793,-0.006868388850567619,-0.008147763873011304,-0.009720762713065878,-0.00981909384265689,-0.008833016995530407,-0.009581003341660788,-0.009596187075741391,-0.00969485710112239,-0.008711221362139088,-0.009467885067392268,-0.009546348809295058,-0.009645139297592698,-0.008662447355753722,-0.009415706416248337,-0.006416882164653859,-0.006491909415950792,-0.0044939819091489586,-0.005921633807454807,-0.0098545814326636,-0.009898897594007638,-0.008565261242294286,-0.00942009691910528
2016-02-29,0.009953659422344163,0.009719369921014298,0.010779482744075919,0.010376154475347343,0.011349399533138849,0.011045979830107688,0.012513766773373014,0.01212399358278815,0.012609479218299358,0.012251694129778556,0.014022335210843062,0.013417449705404705,0.012572852313133875,0.012219262660583485,0.013998998769058746,0.013391479272672813,0.012558274483324805,0.012206400894724911,0.013989668350965045,0.01338117480529144,0.012249493875916118,0.011956933223823407,0.013538543925087243,0.012928723688220956,0.01006001986632521,0.009829308732660191,0.010769479723131692,0.010367877044806795
2016-03-31,0.0009329518000404935,0.0008573086123870866,0.0008645313526627341,0.0008645994574367766,0.0008156519907216442,0.0007745005738444277,0.0007814472852374355,0.0007812898411712066,0.00033315344178008743,0.00030991798379265134,0.00033230012980878243,0.0003277058395005916,0.0003334430631825036,0.00031031935683767387,0.0003325799142712693,0.00032800683806888387,0.0003335668555497495,0.00031048729150495724,0.0003326993412728907,0.0003281349724975069,0.0006716081140534236,0.0006381571816624909,0.00066200235191749,0.0006549063108935993,0.0009292556461304446,0.0008536087359349853,0.0008616465894688563,0.0008616565853469815
2016-04-29,0.004867500841721162,0.004675563360140966,0.0037388511448483985,0.003682330939792866,0.0028109913864089453,0.002582099631190271,0.0018261379950350598,0.001753782978757279,0.0017152722719659952,0.001454302178686806,-0.0011127853444207192,-0.00032382576272793617,0.0017073795737267972,0.0014496384579336663,-0.0011085145524345474,-0.000322098928554837,0.0017043141048809218,0.001448104458450894,-0.001106830197318165,-0.00032135372438113485,0.002575064167787966,0.00232232298813817,-6.88141010917187e-05,0.0007831668692144245,0.004929440732649226,0.004744095802298176,0.003785713405124236,0.003730656191708981
2016-05-31,0.00601008021412297,0.004688602030957556,0.0025274869939528877,0.0038736167153838874,0.0063836611469545446,0.005030163444384339,0.0023830640929107805,0.00393562995311636,0.006988539226288726,0.005735032442413468,0.00295216654041508,0.004526349076316549,0.0069295383123721965,0.005672975268058877,0.002917642268344789,0.004483160764053418,0.0069059952124244095,0.0056482294563280355,0.0029039032704616385,0.004466014142710417,0.006439658026211603,0.0051187843259523635,0.0025474716495119676,0.004043936564334549,0.005899105263108995,0.004562334625452857,0.002507697245549778,0.0038102239640109836
2016-06-30,0.05862896845709176,0.057009227344732016,0.056803436447151245,0.05671533676199436,0.0584708413252184,0.05662724239972605,0.05632543094317555,0.05563713697984651,0.06266812542755296,0.06095591946450907,0.060562556468265694,0.05987836982573991,0.0626095254069936,0.060896514010840175,0.06050730142652472,0.059828096635732075,0.06258602989099149,0.060872679841669886,0.06048518393346014,0.05980799700367623,0.06402899692947561,0.062231232409122095,0.061666862643519504,0.06118218110928564,0.05850835100855911,0.05689191532756488,0.05670557893132844,0.05657987226030947
2016-07-29,0.02978312433342234,0.02918460805625145,0.02717520901677961,0.027901813221069327,0.027357118644881995,0.026978549684335107,0.02634893817513606,0.0273853431954183,0.030440912341034743,0.02998622698147746,0.02924081760625974,0.030077613144557258,0.030260831950501332,0.02980696595123833,0.029066833265035674,0.02991907040410835,0.03018893312480042,0.029735716248373345,0.02899741424882718,0.029855801895451783,0.02721299942781341,0.026849022373128584,0.026919832092844986,0.02758570727352505,0.029422447195999624,0.028797985027880113,0.026680899537081082,0.027293430008288322
2016-08-31,-0.0033206018711240404,-0.004004996855608733,-0.004739573352120163,-0.0026197704638396546,-0.006197630357465567,-0.007330472246034003,-0.006293618489456643,-0.00400605473647242,-0.005543625687101317,-0.006610246708791845,-0.00555467077299765,-0.0029159421309723488,-0.005605490362250998,-0.0066817306825983636,-0.005629852623608045,-0.002988456698702291,-0.005630191525874628,-0.006710263891034796,-0.005659860671312522,-0.003017962723041556,-0.006180408187498321,-0.0073874284392428935,-0.006380380504085514,-0.004378181393966396,-0.0037018602969081105,-0.00437618246951621,-0.00479404719626042,-0.002952648099412203
2016-09-30,-0.004532420353545619,-0.004963568550385822,-0.005092136156599536,-0.0060474364739548925,-0.0029665724047955866,-0.0034732175171472424,-0.003665068134738325,-0.004863684458890738,-0.004601216344099268,-0.0049680381275798435,-0.005088138373934847,-0.006181734830292274,-0.004546864838587572,-0.004917123915472499,-0.005029541911390822,-0.006130339232878201,-0.004524931465329063,-0.004896539960845159,-0.00500592714173409,-0.006109864139076326,-0.004585954618620103,-0.004994228651837407,-0.005191573974038355,-0.006633880571249362,-0.0042728316712203895,-0.004714451995420199,-0.0048595836145219895,-0.005836252814854559
2016-10-31,-0.03897201305322806,-0.03901803385202729,-0.03896970601269145,-0.03955518871161079,-0.037986297649390655,-0.03805300031224257,-0.03755804961832632,-0.03836656667807159,-0.04108811264881451,-0.04118877244131791,-0.04040195493276533,-0.04159512189379799,-0.04097545066574926,-0.04107507501026475,-0.04031849325710235,-0.041480553911620754,-0.040930595843985174,-0.04103021533153839,-0.040283833661669766,-0.04143491812468647,-0.043194918551232586,-0.04328888478673154,-0.04285594387814606,-0.04371980983679902,-0.038797549168274936,-0.03885863987921634,-0.038321589760486274,-0.039397635654058294
2016-11-30,-0.03186142044857154,-0.0320323723653273,-0.03233652573954915,-0.03189067848718252,-0.018713916389030194,-0.018985005758266782,-0.02035073225599049,-0.019025142151974705,-0.01653899959804339,-0.016849379572332124,-0.020293152532598335,-0.01757187663726234,-0.016665999233759443,-0.016973500234587657,-0.020382426154204825,-0.017652766056768576,-0.016716808974846398,-0.017023125877881906,-0.020418003690739428,-0.017684986718093376,-0.016743079775465852,-0.01717181897483988,-0.019186708812158226,-0.01756336591245955,-0.03139790069148796,-0.03156103211555439,-0.03211149874293473,-0.03135249089262948
2016-12-30,0.016130378381523425,0.015589088606567936,0.01085228905672797,0.013407268967075225,0.0173626837033507,0.017016902165114534,0.011661527399141391,0.01359180993706155,0.017645872426311326,0.01722673092455529,0.012097873976987028,0.013784715769943334,0.017644802325595954,0.017228132151851927,0.01212190765533161,0.013814908232020473,0.017644407925269556,0.017228760903979623,0.01213151427725756,0.013827097766357266,0.017952346772937666,0.017528334822826785,0.013121797223290876,0.014212997905715286,0.016020772977303643,0.015492202635837282,0.010865222265477703,0.013567453228915838
2017-01-31,-0.0006350007076052488,-0.0007204564936970081,0.0012286845549078773,0.0004690006333327723,0.0015014967167712445,0.001395598259026798,0.0030831522186882676,0.0024406822739810874,0.0007833362601736837,0.0006796187080500005,0.0026521871119271623,0.0019751933992659954,0.0008093809907669947,0.0007038087815696148,0.0026695492963946243,0.0019904512377608707,0.0008197314255922183,0.0007138332311078521,0.0026763096324058377,0.0019962338317236483,0.0007598683517517912,0.0006507801334993957,0.0025913745936980703,0.001924251637459795,-0.000525501219609148,-0.0006140551876275824,0.0014042065240358337,0.00070005628506431
2017-02-28,0.012763096474341928,0.0126203511120766,0.011604412988483359,0.01169545447564202,0.016187464668439233,0.01610151111528757,0.014484560897503274,0.015336416298038946,0.016248627490408785,0.016117430776732,0.014605264759360415,0.015331284726020744,0.016237708053058908,0.016108546798555334,0.01456431085630494,0.01529213730912371,0.016221167593652996,0.016092876132815626,0.014548044737210608,0.015276688736551858,0.01630700897321047,0.0162178917920357,0.01468204383124938,0.015579996214835079,0.01271524600423568,0.012597014867049339,0.01182146280713825,0.011806041396303035
2017-03-31,-3.273655021762689e-05,-0.0003384912357360381,-0.00015169589227626012,-0.00016035903115918515,-0.0003962892076518898,-0.000490415075572459,-0.0008376428344477604,-0.0005788138487214933,-0.0003540174679920183,-0.000493055008340848,-0.0008926368277343277,-0.0005931050578117381,-0.00035750694644187675,-0.000494918290239621,-0.0008874277472833425,-0.000592787450827692,-0.00035891998899573174,-0.0004956711100735367,-0.000885367978505136,-0.0005926557201889615,-0.00022230096516928644,-0.0003522031663081293,-0.0007414064961459577,-0.0004915233924106532,-8.70155176936338e-05,-0.0003338895974829281,-9.90572979983062e-05,-0.00014676054244988634
2017-04-28,0.010968069983035456,0.010959236614178858,0.010534058299582982,0.010349141977146425,0.00956301058644593,0.009404124472966569,0.009131264980892562,0.009284836394387375,0.009884369044896868,0.00974244044719752,0.009428965852007698,0.009571668967279567,0.009871678627655811,0.009729095198302007,0.009416627583689552,0.009561516909556644,0.009866630207479243,0.009723526719547237,0.009411746950429789,0.00955748204312612,0.009688514379283308,0.00965666891563255,0.009592230150518466,0.009595406684285601,0.010533964157770859,0.010439597903035391,0.01011700078631228,0.009970980171139843
2017-05-31,0.011452818952575328,0.011445375061110319,0.011446151396300452,0.011481220817183724,0.012840553315375924,0.01279704913572477,0.012639306223812152,0.01345292226758077,0.012941669190377203,0.012905746644909177,0.012858261446819341,0.01383838498248502,0.012905313294055532,0.012869783326386441,0.012837308301162365,0.013817552078304374,0.012903785275805157,0.01286832854121589,0.0128309978183474,0.013809294821887308,0.014052847707666238,0.014015353177449175,0.014015754217289178,0.014143831677388752,0.01124571828120402,0.011228367298015796,0.011423955878431036,0.011918463222028386
2017-06-30,0.0018612531001571675,0.0016165612772889304,0.0016633471323430626,0.0016752416699890027,0.005140850184552903,0.005044441391198307,0.004167964237997035,0.005564232117469592,0.0053857614727366165,0.005301706164039466,0.004904801267559655,0.006153984417335945,0.005374320248751063,0.005289569187185927,0.004871700148205482,0.006153014199410389,0.005369335047799462,0.005284450423141074,0.00485866695450099,0.006152620006486975,0.009695530698202948,0.009548254974313997,0.00959654357584716,0.00957884184349389,0.0016885378747930613,0.0014270876747162209,0.0017213436957725925,0.002306422301022737
2017-07-31,0.020695780953596365,0.020681482106351012,0.020957991765712114,0.02155207267880921,0.01876193640860957,0.018718439323460734,0.018594906177264114,0.018539930874746258,0.02033625478389367,0.02029374247431548,0.02013776600092121,0.02002881495615072,0.020300435995395993,0.02025816133287739,0.020135244404996033,0.020005552046853836,0.020285508617644554,0.020243329014889566,0.020133955809593207,0.019996404611530183,0.030147257931709248,0.030104513666624477,0.030040852861434653,0.03026219179410461,0.021234385386573518,0.021223890834235704,0.021370943185229807,0.02173402254125434
2017-08-31,0.003898563113969411,0.0038415699318801177,0.003993184335065125,0.003791415494605044,0.00745961440211107,0.007354738987459752,0.006040465282109775,0.00694590334070333,0.006205093064567846,0.006095159380405724,0.004445466515352603,0.0054644267521044565,0.006166319353590577,0.0060568475957962775,0.004419397853525853,0.005438573324182849,0.006150921127713982,0.0060416441374353536,0.004409029637392203,0.0054283312853982135,0.00760593422440059,0.007513203764002663,0.01012382026408365,0.008278560927462486,0.003625000347943441,0.003571744817167266,0.003712753614439235,0.0035304241781217716
2017-09-29,0.014953903751578457,0.014731650396215601,0.014741056473607017,0.01531699766411565,0.008379888640082545,0.008217672226292994,0.008837158000856382,0.00908912626502345,0.009602981304149827,0.009452172347905519,0.010264519273538442,0.01049885124799732,0.009667774133589768,0.009516752155324104,0.010328792847999813,0.010559121329800636,0.009693647776766845,0.009542547166559556,0.01035452651575608,0.01058325314583386,0.008951409143566291,0.008732627531051973,0.009464702179646567,0.009993992448474431,0.015263147345015327,0.015032893053605889,0.015290995692587073,0.01566933067482079
2017-10-31,0.022277518130912277,0.022117522825076064,0.023377819967713487,0.023154686496544397,0.021875424453294157,0.021635315458768067,0.02246754379816185,0.02219837269451408,0.024083675296570073,0.02383086055911332,0.024195439878943237,0.02411755916943803,0.02408480111756739,0.023832487144859638,0.024196645158023555,0.024105889221707866,0.02408520148543003,0.02383314875924225,0.02419710795941099,0.02410120287922335,0.025920843242791758,0.02553676080496836,0.026078837037427194,0.026028562646495557,0.022385653333352407,0.02222090269977639,0.023377454747620652,0.023111232676404914
2017-11-30,0.02235244115536239,0.022286948223713132,0.02334502675879402,0.022980987964808408,0.026464931597232733,0.026343232488568846,0.026726148172883324,0.02648757811004132,0.02693753518894848,0.02678891387354909,0.026763065542390718,0.026779676417864273,0.026901899111230643,0.026754719642780644,0.026780989752739792,0.026752148484281424,0.026888367031783433,0.026741964054868506,0.026788382628184504,0.026741147024959888,0.023109054577578503,0.022868194402994257,0.021603428574172412,0.022109270627058697,0.02194948764565141,0.021888519061019407,0.02289473225271954,0.022499326344614046
2017-12-29,0.01997746149047308,0.019955220156011366,0.02045980753600052,0.020015173646995343,0.01887265886090783,0.018842621805997384,0.019291402072194153,0.018887473561086,0.018157701668648718,0.018143489661587298,0.018628526982152005,0.018233306342962496,0.018113738048011863,0.018099021172059082,0.018583799286514324,0.01818798924101328,0.0180962134506637,0.018081291413263534,0.018565906761715878,0.018169806216548956,0.02124676454796237,0.02124125556083456,0.021242336777780313,0.021238670611225086,0.019895558996264384,0.01986757321963406,0.020140533886995993,0.019869521635885068
2018-01-31,0.06268604563809554,0.06267845984330034,0.06265545230807046,0.0626804206955458,0.05670796324934968,0.05668639488926952,0.05624450633092737,0.05648162250781685,0.059588454993571016,0.05956898711742897,0.059331121829538924,0.059569219031843534,0.059591442778241355,0.059571920054333205,0.059365551352022594,0.05957213372985071,0.05959254023599114,0.05957299585902165,0.05937918775722806,0.05957320251072962,0.06471037644276412,0.06466823193603655,0.06445164706125617,0.06411513416309922,0.062889024725852,0.06288385487665904,0.06288348607412098,0.06288368134763433
2018-02-28,-0.04677676480878268,-0.047425997223013105,-0.0467503568778429,-0.04697747746282177,-0.04560509187233741,-0.04616755913237702,-0.045291043161900024,-0.045479653046345936,-0.04442289694775248,-0.04486710376975245,-0.04419676777150583,-0.044699214431423884,-0.04438504435939972,-0.04482953610867857,-0.044160756764701214,-0.04466788622977491,-0.04436987002050441,-0.04481440571642714,-0.04414633363783005,-0.04465526698125277,-0.04574866282206991,-0.046283443123695256,-0.04726794553648239,-0.046583506783593354,-0.04660812315426388,-0.04723609836349252,-0.04663378814556329,-0.04700392376543994
2018-03-29,-0.022137414325372973,-0.02229688534400076,-0.022178864680096777,-0.021990119374687866,-0.007765191811726302,-0.008006228843474794,-0.009785321366551969,-0.009927975765945951,-0.0067087862732706505,-0.006984873892026067,-0.008581264112534792,-0.008602010382051106,-0.006852279193805599,-0.007128637704371887,-0.00871911858950225,-0.008740554230956876,-0.006910455747425992,-0.00718743587090287,-0.008774474039069946,-0.00879612448699063,-0.006909970835505597,-0.00717661276431214,-0.008525751810357418,-0.008598608568385124,-0.021832171390496313,-0.022020499461302356,-0.022319826510662444,-0.02159714422455583
2018-04-30,0.006258154601260557,0.004674514932265117,0.003069029936584533,0.0010626731077996165,0.005587929799126812,0.004378145754280194,0.00043734299011166655,0.001169184763730513,0.0050567436359447715,0.003808788009313391,3.987293069629416e-05,0.0008271817377096813,0.005134227493845955,0.0038891200093142952,0.000121277712728185,0.0009089879293080472,0.005165314426166523,0.003921437186896748,0.00015388050597975322,0.0009418050656164745,0.004386281020981597,0.0032065117603323756,-0.0005943134750509005,0.0002947605793768293,0.0063234152436477675,0.00475958115383901,0.002567231059562136,0.00012321231580636471
2018-05-31,0.01407773705219495,0.013477178269765133,0.008865464961306246,0.011944043971916507,0.026290977594782827,0.026028799945592818,0.019320976453876648,0.0202226530787899,0.029400680137569912,0.029208618200399883,0.022117973959556947,0.02287776234791261,0.02925903347134584,0.02906516452501573,0.022002262419107632,0.022805333931370297,0.02920263831934422,0.029008036200205423,0.021956236674786744,0.02277668554798984,0.028374860230818255,0.028191041453726307,0.02137415870722026,0.021757395297633986,0.013176923943155394,0.012554738105202246,0.008409558618358792,0.010373800880629114
2018-06-29,-0.009691501631695298,-0.009829786519032324,-0.00858225704254234,-0.0073573658265139175,-0.005272106817129196,-0.0053940688451167285,-0.003826534806204984,-0.0035209650688432514,-0.002860414112875853,-0.0029278237125156537,-0.0021272791194455465,-0.0018803705898919887,-0.002906546542921995,-0.002973133490750235,-0.0021982165191430925,-0.001955010666307433,-0.0029250252498731477,-0.0029912773046651964,-0.0022266647092030745,-0.001984958671555015,-0.0027715248603447096,-0.0028189304221228895,-0.0019660654264896937,-0.0017874544464647757,-0.010269335605849195,-0.010407259097217625,-0.008757699253447604,-0.007708421949677913
2018-07-31,-0.010597514376235129,-0.010762352811267806,-0.010167408170230319,-0.010112424744620818,-0.01116201694583785,-0.011329156506550975,-0.011146850114271079,-0.011050492291907688,-0.00933783056873394,-0.009471317002621382,-0.009445549979263945,-0.009596300291801252,-0.009275718710071379,-0.009403673592762063,-0.009369803400492316,-0.009530011066445243,-0.00925088071837854,-0.009376622255072409,-0.009339474756674848,-0.009503513295506139,-0.009394327409422587,-0.009555348090052762,-0.008959855353561474,-0.009101519996868035,-0.010373283028266678,-0.010538557158845663,-0.009905390232621714,-0.009904720832136227
2018-08-31,0.022848255009266127,0.022486910294729157,0.021229362171445,0.021484947907786767,0.02597118398725251,0.025681601154298628,0.024317044714167846,0.024615040020758983,0.027451905577889013,0.0271921098194432,0.025730138304171923,0.026003256340634495,0.02732085415032337,0.027059012464573096,0.02565819075333775,0.02591999464120498,0.02726810635820187,0.027005470347828853,0.0256290964591388,0.025886393236208338,0.028292755687169047,0.028057851141280787,0.02650377255835168,0.026708961190154312,0.02256564036969899,0.022184050503843977,0.0209413060339525,0.021195951380347466
2018-09-28,-0.010074055516669511,-0.010161803301169448,-0.008347083139584988,-0.008114893682291902,-0.018762045925772353,-0.018792746577579567,-0.01636805521133433,-0.016260693868727083,-0.019031022321131075,-0.019060170305247204,-0.017591905256571505,-0.01734944067353128,-0.018817199010206287,-0.018846651989732233,-0.0173373776533976,-0.017152010047107202,-0.018733446273411558,-0.01876301150016746,-0.01723567007673521,-0.017072774809935742,-0.018240390229383507,-0.018287845396220526,-0.01756452457190527,-0.016828765473970164,-0.00855990204062096,-0.008648770641755066,-0.007218416505536229,-0.0067823404451234914
2018-10-31,-0.07127471116129347,-0.07201806693600199,-0.07298431654690252,-0.07270301202114315,-0.08499780406822799,-0.08572953957903784,-0.08762757812499,-0.0869140176821418,-0.08697555565139004,-0.08769388164091296,-0.0899070979364115,-0.08869254338559296,-0.08675630923035715,-0.08747100976208733,-0.0897444500548511,-0.0885471821367414,-0.08666870825443784,-0.08738191525951722,-0.0896225705396434,-0.08848860829892025,-0.09088066619377255,-0.09162799838050906,-0.0924740659596186,-0.09174692761072123,-0.06999148622843532,-0.07071505709529613,-0.07158410270573945,-0.07132031751009171
2018-11-30,-0.025682683065336498,-0.026699655937587607,-0.017691473415106573,-0.0179561311104649,-0.018872430313980337,-0.019603235297356525,-0.006947380395696312,-0.006339830646814537,-0.014507411112379631,-0.01518546582933833,-0.00423816840151281,-0.0029000799229245144,-0.014593182298925145,-0.015259864095805376,-0.004801853784235255,-0.0034858958299144316,-0.014627422978950255,-0.015289561065327306,-0.004939548188973353,-0.003720227391158737,-0.01364689558177945,-0.014255595578549496,0.004560423012191173,0.004427125254385933,-0.02548377777843147,-0.02648113121252227,-0.017327145282490908,-0.01759921733359726
2018-12-31,-0.0451081788360449,-0.04540579861155836,-0.04650271337048684,-0.046139944367581176,-0.04677818121580235,-0.04708922640553659,-0.04602355756274856,-0.04586251474857528,-0.047254881303780194,-0.04751610373259574,-0.04631107499541065,-0.04617912437358129,-0.047310131774969566,-0.0475781887085337,-0.04635932510572893,-0.046211956712189806,-0.04733230609916528,-0.04760308125888535,-0.046387172657467945,-0.04622498376360973,-0.04402262829506032,-0.04430469235273071,-0.043912050109682244,-0.043917745939528796,-0.045104637585232754,-0.04541093663330564,-0.04658582924928545,-0.04647865600893575
2019-01-31,0.039670455917225844,0.03899075126779783,0.039032613570227914,0.03902617159945243,0.038311475020931685,0.0376207858223192,0.037654811962018586,0.03764137963380221,0.037612668851481956,0.03691116000398598,0.03694589946859006,0.03693038465460985,0.03763259090440996,0.036931340167097204,0.036966460168031956,0.036951152525118935,0.03764032570780351,0.036939243817120104,0.03697436249449604,0.03695924642577775,0.03255850406570859,0.03185763741161951,0.03190707213989641,0.031900884447242595,0.03961997018539587,0.038940665212751746,0.038982169284869306,0.03897608849670098
2019-02-28,-0.010426478970682607,-0.01203171501327549,-0.012933401717441395,-0.010428825739156045,-0.010426476205830704,-0.012136805925141325,-0.012946111447271536,-0.010430418390109164,-0.010426476221134684,-0.012130995234745479,-0.012959644840856432,-0.010430970233560877,-0.010426477780696941,-0.012131129555822628,-0.012959141612342795,-0.010430893093061222,-0.010426477246052723,-0.012131091220047185,-0.012959001346475096,-0.010430868451852704,-0.010426476803794826,-0.011984269417628424,-0.012615544827596303,-0.010143484550942827,-0.010426478808235329,-0.012032797588182431,-0.012932390261519378,-0.010428824857627639
2019-03-29,-0.007163323866945515,-0.007724709885538639,-0.0038644692364004918,0.03145275279770643,-0.009024535790395527,-0.00959138072117216,-0.002868116875682336,0.031510976018113146,-0.008647819097312825,-0.009243362331282978,-0.0018929926632922367,0.031531677030743,-0.008650701935077998,-0.009244919859963119,-0.0019236514125809956,0.031531512961644914,-0.00865173235951644,-0.009245379431619072,-0.0019330257103427062,0.03153144577813971,-0.005539304501676279,-0.006100150997194742,-0.001411711648489189,0.02970668663343412,-0.0071864041119180655,-0.007756526619209336,-0.0039659018672524304,0.03145145790401216
2019-04-30,0.015986697687915052,0.015606685893467365,0.012990686899469805,0.016910097276029434,0.014017743040108943,0.01372561290022034,0.012054847211577346,0.014908025508121092,0.013852274606767079,0.013595624822803076,0.011774438478791449,0.014711910875221612,0.013827050494747972,0.013569798752195661,0.011763112692043665,0.014681025750164611,0.013816814150919843,0.013559316609016214,0.011758572004013867,0.014668466913816403,0.013906608441505597,0.013620596836459997,0.011854826478682634,0.014594339661688549,0.016160146375086892,0.015789781262419034,0.012814931299253818,0.016938808705223796
2019-05-31,0.03119677294878498,0.03102135613936441,0.026281146088372953,0.02980557013596674,0.020255376886159526,0.020075064913010587,0.01578541761479335,0.01918959427902789,0.021756853050425295,0.02156338174551209,0.01732670814680559,0.020723652386816616,0.021782057237829777,0.02158500384607165,0.01729297294109755,0.020723751717487415,0.02179225928773665,0.021594127927858864,0.017279741841154994,0.02072404964291663,0.023468591001519323,0.023287618411075517,0.0202907091480653,0.022489307805173553,0.031435554311189495,0.031249339707678292,0.026321986347972004,0.029867712437848803
2019-06-28,0.04468522889494353,0.0443673686972319,0.041086176721979895,0.042434562489936045,0.04559330533035144,0.04514915323031232,0.04221350637365373,0.04297320135035365,0.045501701469826905,0.045050590025890846,0.042186378766297494,0.042813128455860605,0.045523594945587886,0.04506676602915771,0.042156205588000484,0.042793891240784365,0.04553255529057387,0.04507347542151918,0.0421443735520588,0.0427865308012394,0.04636192452600629,0.04589784584272527,0.04359607992494041,0.044155165422884446,0.04487014416967239,0.044544571524123056,0.04106799186433796,0.04259684590350643
2019-07-31,0.0024989813442433118,0.002341383341076142,0.002861140735675116,0.0028047178840779896,0.0019091126193300223,0.0015240573215480335,0.002418054823907223,0.0023307539952233114,0.0018948867737762498,0.0015078263434629147,0.002353896689924584,0.002280985028236593,0.0018359752130767681,0.0014445456588281225,0.002295864146675486,0.0022197565197816793,0.001812488681855795,0.0014193464860603466,0.002272694649039897,0.0021952776598077595,0.0018513515747360376,0.001451171217769387,0.002279848925087924,0.002239900442669418,0.0022697468601626802,0.002111499915413928,0.002643193533303556,0.0025843221938519623
2019-08-30,0.09704063940005381,0.09646561832258871,0.09658161156425771,0.09913595292945798,0.0706704350824714,0.07004302080080937,0.06990354956022071,0.0735384492725264,0.07427346482826169,0.07370540275647586,0.07355255482730239,0.07704494681858942,0.0740562713407984,0.07348691492501547,0.07331546926153543,0.07684750356607672,0.07397071382521103,0.07340087867108869,0.0732217025942965,0.07676964208504078,0.0769031639599913,0.07631819348540203,0.07638525889247338,0.07986686726735015,0.09672273828387712,0.09615463397699298,0.0962715664798417,0.09891570330336763
2019-09-30,-0.023341374612966703,-0.023640519865176568,-0.022090455280577292,-0.02013972745728443,-0.018108405144725337,-0.018294327411720213,-0.016152172467533865,-0.01399304397421397,-0.01624517705131301,-0.016428248232282838,-0.014159613448252673,-0.012633407056567014,-0.016280227000310954,-0.016466053592225638,-0.01419276737336872,-0.012658778525285186,-0.016294318077412218,-0.016481257763492296,-0.01420609121713401,-0.012669098379948451,-0.015427947295884592,-0.015595553519644478,-0.013414107529121089,-0.012046075474902662,-0.023440515529401074,-0.023739576336566315,-0.022170561703289904,-0.020191134502166364
2019-10-31,0.0027095524694451534,0.0026520821734212774,0.0034042844638009218,0.0009172685693050742,0.005856935436557409,0.005484194296391687,0.005224242690818448,0.0025939022776841902,0.0061017409804968725,0.005653726571734019,0.005496688714668574,0.002718800134510868,0.006056533611656034,0.0056013268696539775,0.00544827034599793,0.0026444254092750086,0.0060382925634052675,0.005580300850811959,0.005428944970714333,0.002614664293167257,0.005898587740790884,0.005435359437412801,0.0052704026663770165,0.002615642787441086,0.002390785004079632,0.002331965933671354,0.0030888194429463667,0.0005711647901633921
2019-11-29,0.004882755979133568,0.00469377513939695,0.004549404402683921,0.0056047207306950675,-0.0003872227032312159,-0.0006226335992058907,-0.00030346828487037847,-0.00035092706044115296,0.001089921386692172,0.0008367058932403637,0.001370262141360934,0.0015657642792883397,0.0009082991323119405,0.0006532160321839342,0.001149704052631595,0.0013659911121184365,0.0008374468623699727,0.00058171418708719,0.0010616758399841775,0.001286345826616131,0.000807151982153087,0.0005007039391251578,0.0007190570694106668,0.0010055274122893199,0.004360432790092128,0.0041701570923764475,0.004024996350351806,0.0050988325420597835
2019-12-31,-0.0012158472453110969,-0.0013211984071467286,-0.005309801032386763,-0.0046915886842561205,0.00912897481333208,0.008966742974921837,0.005773075858293009,0.0059759589574821526,0.010517733190036793,0.010378867658644486,0.007260466014011202,0.007383296203144374,0.010657122525566498,0.010517623081552685,0.00738990721415278,0.007512410170121386,0.01071257381046653,0.010572838784043137,0.007441284458220565,0.007563838847690185,0.010663892710945255,0.010504226977402054,0.007022153097302919,0.007184601516817102,-0.0011215398686098554,-0.0012257405955895528,-0.005302456701275715,-0.004667124740546091
2020-01-31,0.04258550673958017,0.0422796076037566,0.04284057239951733,0.04248804788301119,0.03351921552850712,0.033069221463547516,0.033586128907311164,0.033076080844061106,0.03272710117421629,0.03232938452565226,0.0323668060834299,0.03233554022557472,0.032502451388071396,0.03209750050878024,0.032132667675247806,0.032100763461897275,0.03241383305816825,0.032005997281663756,0.032039458387955744,0.03200731726233608,0.03577714832834844,0.03544676633329846,0.035530531003535204,0.03549956819404865,0.04202093310446742,0.04170350375717535,0.0422834729080801,0.041908706452090216
2020-02-28,-0.04891647767885676,-0.049149337665224,-0.0399667670495254,-0.03851931184658386,-0.049308290269703625,-0.04948372392587963,-0.04171753919149612,-0.04052534949086006,-0.0507658525845297,-0.0509050789628146,-0.0437822967609941,-0.04283233101869499,-0.05087958890137034,-0.051019168159947226,-0.04396802940077582,-0.043032389120114756,-0.0509247325875799,-0.05106445860844344,-0.044041773596708245,-0.04311216612828128,-0.055888862393322136,-0.056041799000715375,-0.04694548796294051,-0.04568056322143099,-0.04864191268092777,-0.04885483376908939,-0.04014248370005591,-0.03877837484594371
2020-03-31,-0.0377231808601316,-0.04385066379457525,-0.04528046489264537,-0.042553861254173375,-0.041101947340440814,-0.046057751980795314,-0.04740450856773948,-0.04537996255336707,-0.04318792553299955,-0.04724675934223721,-0.048186668071229066,-0.046104606892722444,-0.04339096724421487,-0.04743417145203266,-0.048366739105799694,-0.0462846452344734,-0.04347193629506285,-0.04750888753851035,-0.04843863393936643,-0.04635644719678578,-0.046892136859416955,-0.05044700940171076,-0.05138944735811779,-0.050561329352978746,-0.03877399132620085,-0.04501403749271249,-0.046046311403202034,-0.04369503194379487
2020-04-30,0.02667604827457426,0.024684122647265827,0.02816254381127581,0.031722849386691676,0.024677823205283556,0.02349082075126141,0.026546366583115155,0.026115987201583257,0.021782833505036958,0.02083109125611915,0.023799638287674174,0.025532741100734224,0.02172088678154016,0.020779468112442467,0.02374271427700969,0.025492398164266072,0.021696054392742026,0.02075842488754054,0.023720053350155368,0.02547615500295386,0.012652102174278701,0.012002257367779379,0.013746958545008292,0.016076390477754776,0.025397663094652412,0.023474364678425008,0.02634733396509903,0.029466378874280386
2020-05-29,0.0030648487982272155,0.0016682164132781896,0.003737503786258145,0.0007382644134743543,0.003868741399562836,0.0030093305425924477,0.003995091649233062,0.0013087792710335666,0.0031080716679854348,0.0022827828222915514,0.002931769765175174,-0.00023516656289457316,0.003100156781293384,0.002278170787065825,0.0029239765391608774,-0.00023952789033210298,0.003096973744843634,0.002276322380108997,0.002920841735318591,-0.00024107245109361575,0.004036318322788945,0.003375033041304487,0.0022852679747362714,0.0038245972724411104,0.0027712239451447296,0.0017385483430631954,0.0026273335967388345,0.0004904559437233225
2020-06-30,0.005463502242261775,0.005427934820385394,0.005508545418331012,0.005154948379227919,0.006249017137067048,0.006111925303059262,0.005873591613768214,0.0056157206208733434,0.006132144624775737,0.005946845667837097,0.005612026460664277,0.005434735454812767,0.0061296602785794185,0.005944789653743232,0.005600953401035946,0.005428690420977489,0.00612865756932246,0.00594399712190441,0.005596452727601786,0.0054262322615690195,0.004604038748073691,0.004208202338886524,0.0040759230844606975,0.004666232519964009,0.0057265423736527765,0.005678256066391496,0.005618410131989604,0.005174123635973027
2020-07-31,0.031215400837050655,0.031167357286237207,0.031297764454234045,0.033809981525409594,0.03377083243909973,0.033730489872150216,0.03597626529937714,0.038278699753417245,0.03350650832668567,0.03346334185110256,0.03561764420420244,0.037552760760108495,0.03348314585701484,0.03343802454287492,0.03556869374727989,0.03750901738221257,0.0334766368131747,0.033431127614962586,0.03554885765055871,0.037491487110287824,0.024423656550263795,0.02428764827595975,0.0256405489516347,0.026380784431524695,0.03169545795930473,0.03164576038622413,0.03161189191231761,0.03377537389030305
2020-08-31,-0.0037143521653878464,-0.0038961741968063235,-0.004145082867917704,-0.004068724011436431,-0.006074875794612633,-0.006384998501034467,-0.00628948902400317,-0.006575158406800563,-0.005803176671795529,-0.006190601886059577,-0.006366451803122564,-0.006647382029230764,-0.005798059575231829,-0.006191243245887601,-0.006371881183130257,-0.006653579822873845,-0.005795984366348761,-0.006191432258386809,-0.006374086332725626,-0.006656053622350999,-0.005165860192620109,-0.005401837217744121,-0.005959545691180845,-0.006329591994494899,-0.00399470735670493,-0.0041496930772561,-0.00447185458208732,-0.004399876465173591
2020-09-30,-0.011984078876471682,-0.012060994268161318,-0.010299263149664895,-0.010957238462329766,-0.011987033684720871,-0.012381844055312063,-0.01101993037835225,-0.011349440085838158,-0.01201174886052947,-0.012373281151230264,-0.011086042220787906,-0.011486334324017689,-0.012024636201600547,-0.01238661557405385,-0.011091873501545724,-0.011492048902039143,-0.012029796256204595,-0.012391918806678892,-0.011094187888639362,-0.011494335164313751,-0.010042561107278747,-0.010409162041875586,-0.009821322694028245,-0.009859597716529,-0.012292505368843076,-0.012366457261194785,-0.01079938091079824,-0.011410386229313119
2020-10-30,-0.012488945042355537,-0.012660011861021725,-0.015354896692508557,-0.014636259550387387,-0.014752008654272175,-0.014986272851500337,-0.01681769118531229,-0.0163521347146095,-0.014729358953386229,-0.014972027726634307,-0.016074338591597015,-0.015369667526308417,-0.014647230030171432,-0.014890856611069148,-0.016011996076933488,-0.015320316045899451,-0.014614431540116879,-0.014858448176520489,-0.01598698163744161,-0.015300604035605625,-0.017808562011739415,-0.018001723682619764,-0.018274087610694267,-0.018373840697852972,-0.011389958676444989,-0.011543021654097485,-0.013866316751759866,-0.013230474062254194
2020-11-30,0.0038165336351974055,0.003651470725287931,0.0017134526614541734,0.002108857087987026,-0.0030494817739048496,-0.003654336576270789,-0.0026932481602899294,-0.0023913946401754593,-0.0021164683727992184,-0.0026940364826105734,-0.001583092614061643,-0.0018334474717440763,-0.0021085671664170524,-0.0026832902864338815,-0.0016503445801214767,-0.0018125362719998428,-0.002104828689271754,-0.002678848520959898,-0.001677290443993562,-0.0018041472295077243,0.00010315862284349109,-0.0004944308479566395,0.0020422138194327033,0.0016344896635183126,0.0016262225508847372,0.0014698489503892631,-0.00024265804575862582,0.0001453464334963961
2020-12-31,0.01694278825717399,0.016573340680144488,0.016574808238005945,0.014987099136613447,0.03046066722742724,0.029856111855883993,0.022792094041664823,0.022691815841086704,0.027321278822872053,0.026772647459873733,0.01954577364660781,0.020144050751749853,0.027336178697510816,0.026788443448862997,0.019567110369646423,0.020129995107299736,0.027341680208728736,0.026794252293620202,0.019575998954078244,0.020124270020498658,0.027220346096521908,0.026553392137925957,0.021141385384481737,0.02036699751842419,0.01783833942384838,0.017478605340361053,0.018034364704020645,0.016568656596418707
2021-01-29,-0.009835849998015345,-0.01047630486397444,-0.012499466229140666,-0.01691791963414302,-0.0011737354069193406,-0.0017524787164222566,-0.009434652292272028,-0.015356539907188105,-0.003724711424694549,-0.00442931992752349,-0.010017957963520785,-0.01534607204984928,-0.0035652473295879616,-0.004266705498199186,-0.009893914643418156,-0.015242465536665972,-0.0035014796243068025,-0.004201667792413266,-0.009844328916449596,-0.015200876061538082,-0.00931114763457963,-0.0099854970113884,-0.014643437799963244,-0.02108080107392285,-0.008059053047088094,-0.008556514211152444,-0.010886709932640182,-0.014583898742921986
2021-02-26,-0.013180726178018243,-0.013325023641897804,-0.018211769274358858,-0.019393341136543563,-0.01608252492159523,-0.01628585922336734,-0.01632749550796564,-0.01941589926715559,-0.012680770349560277,-0.012855301742514813,-0.012440221485114367,-0.015271313198784164,-0.012665916299049007,-0.012842137907832396,-0.012446665967479786,-0.015278024562858872,-0.012659938602226806,-0.012836839185056514,-0.0124495410222909,-0.015280710184096602,-0.009511508693252457,-0.009733219275221972,-0.01055961287506535,-0.012662278568286056,-0.013431493857629428,-0.013549671619358605,-0.017528687304953938,-0.018756793358843282
2021-03-31,-0.005033572336253789,-0.005935111936374193,-0.007689888724908833,-0.005216619112458631,-0.0052420419561148845,-0.006411207554683829,-0.005106818710155725,-0.0056826490280709185,-0.004359240020305077,-0.005434428887694187,-0.004310742519053168,-0.004554806992772109,-0.004361440185376542,-0.005439284378119802,-0.004315306945788411,-0.00457101300898255,-0.004362346220637248,-0.005441223849826371,-0.004317128957518235,-0.004577584112336108,-0.004054531310035303,-0.0054791027501045475,-0.0038739459497997286,-0.0037265571139498688,-0.005211546831411229,-0.006126252935375609,-0.006642022564418371,-0.005423575614283638
2021-04-30,0.025545265366521352,0.025272357056507877,0.0160085911226453,0.01676108129403331,0.026485889194317158,0.026441064783738755,0.017463188138415298,0.016185530302338824,0.02546772103657413,0.02531687992340692,0.016834166312117205,0.015618634150911248,0.02546170524126512,0.02531417601876562,0.01680316416486538,0.015584056519674983,0.02545929720229778,0.02531308860404269,0.01679015571050657,0.015570642117416211,0.028313959586739434,0.028155378221304428,0.01671398618528186,0.015678756937443694,0.025215109334077557,0.02493857929756982,0.016288338148987336,0.01651219773663959
2021-05-28,0.007923146231701761,0.007599509228185974,0.006540508254012645,0.005436463910753142,0.010226218582144675,0.01005621218350572,0.00839485414613761,0.007547003644378991,0.008881031145100637,0.008651746662061033,0.007448776858629769,0.006432659616826264,0.00890516601660396,0.008678625058858858,0.007465890987139234,0.006456700873959553,0.008914756787037126,0.008689322664838794,0.007472604921290316,0.006466473735780243,0.010390796586986273,0.010088228114635278,0.008248329380560193,0.007205763533918885,0.007931625604627346,0.007622116662117984,0.006515868099702615,0.005396040040995587
2021-06-30,0.01432133135655378,0.014199444208358614,0.012839746892876924,0.012353918427644883,0.013623684780330159,0.013518922280573387,0.013139242794613315,0.012757836810488365,0.013857935435760638,0.01373283424303251,0.013154001506752167,0.012733118076377448,0.013872747375603733,0.013749394723679309,0.01318821939481607,0.012765143473909335,0.013878692611454246,0.013756038954984895,0.013201660577029983,0.012778180487016622,0.017191188317683848,0.01707845178978351,0.0156810786488224,0.015372598882854582,0.014205281927345936,0.014086905238278602,0.01278188693495208,0.012270383194338486
2021-07-30,0.012666021722272491,0.012616935513706462,0.012914059039417669,0.013313676508058814,0.01906216709555264,0.019009699590899487,0.019890975096519048,0.019876474351273155,0.018634856248017195,0.018578507007195988,0.018286400230034028,0.018993855739354082,0.018563139772727943,0.018509816745585717,0.01825777015451746,0.01891621077000094,0.01853440233726289,0.018482337528148207,0.01824647466078,0.018885069746316985,0.020276458734793446,0.02021797148276283,0.020036224456159824,0.02097732089981008,0.01191232599454417,0.011856650635298838,0.012024248092696865,0.012400644825223628
2021-08-31,0.003359719816201645,0.0031180846668981133,0.003122512853246606,0.003358049244633232,0.0005657977866293518,0.0004477180021642546,-0.0001990433645269185,0.00036711610564954533,0.0011886843979980188,0.0010575704212707482,0.001103475857719749,0.0015492997107158235,0.0012430250304404922,0.0011134544509168176,0.0011485821393633078,0.0015944094501532113,0.0012649815570555667,0.0011360387317278509,0.0011666230837004132,0.0016123380762451678,0.0016225863715064737,0.0015568243930572656,0.0017442033115953048,0.002384751660194251,0.003018304316035225,0.0027698164320817398,0.003004956842069806,0.0030935254646156096
2021-09-30,-0.015671963122270816,-0.015819112677497027,-0.013037692912110876,-0.014158959211386213,-0.01540266223670761,-0.015482009728097212,-0.013431942610453551,-0.013896685647917684,-0.014659386204475933,-0.014818873316501335,-0.012635253889070053,-0.013211796893772276,-0.014645887956758363,-0.014803039602722556,-0.012640921800363691,-0.013208381785121293,-0.01464052586835285,-0.014796729173168433,-0.012643025935227703,-0.01320689613952064,-0.01245874464050234,-0.012704539901242207,-0.010775262014569242,-0.01203553881231667,-0.015642800354926933,-0.015786970695546243,-0.012999282360788955,-0.014101495585483237
2021-10-29,0.047235508768474155,0.046958611963365815,0.04602041241877863,0.046356682064380816,0.047200253303536055,0.046712424144136344,0.04633936421401108,0.0464130315501563,0.048540584590656355,0.04799167841692675,0.047606454878278415,0.04770142674796052,0.04849014762694015,0.04794569612967159,0.04757342468303438,0.04766396529321404,0.048469966229336636,0.04792733656838233,0.04756009310425946,0.04764894584297674,0.05668999009278086,0.056157810369228844,0.055580405958214785,0.05571176959014301,0.046586363325411106,0.046301588323957255,0.04541784239356028,0.04573199095775782
2021-11-30,-0.030063596890171462,-0.030162155266600155,-0.027472311993608223,-0.028284084099202467,-0.03139481050501247,-0.031597935495737306,-0.026512731641282872,-0.028064020312705495,-0.031981013364974276,-0.03216359196580454,-0.026791223159929545,-0.028314523038098782,-0.031991465768210325,-0.03217301398967809,-0.02683421735085134,-0.02835573030584093,-0.03199603183478272,-0.032177152880942916,-0.02685153897166148,-0.02837260058798763,-0.03602457494425726,-0.036322824641640494,-0.03109389949983532,-0.03255169357993626,-0.03063397625758102,-0.03074237264230517,-0.02803859437774192,-0.028829431566445907
2021-12-30,0.03096021058099696,0.030753374993531812,0.031013560661155237,0.030844618570001314,0.02739505884069371,0.02714750629911844,0.027662385760477415,0.027248725208099733,0.028393263474561392,0.02809274079217472,0.028710094592127477,0.028318121522552975,0.0284524699930071,0.028155239898807194,0.02876939542155932,0.02837267715013203,0.028476229821551513,0.02818034284333537,0.028793186151454764,0.028394543110737747,0.02706595138298784,0.02679733331874501,0.027158913174220256,0.026912001057761037,0.031256663215311065,0.031050985722718583,0.031146816648338183,0.03114540609213301
2022-01-31,-0.028685236088589527,-0.028738379448530638,-0.024016749726795794,-0.02457668551123049,-0.029226150604361956,-0.02934772835975108,-0.024824033176804372,-0.02466851322763397,-0.032827687451293275,-0.033076040000295404,-0.0271061309620233,-0.027171915158062943,-0.03263913632308657,-0.032885038110440856,-0.02699193040537473,-0.027048474931992694,-0.032563912100072034,-0.0328088474082866,-0.026945871028089763,-0.02699914634457634,-0.03138119612363366,-0.03160663746739889,-0.02606533245834486,-0.026030625792881068,-0.02864176799063256,-0.028696378371020792,-0.02401652474872229,-0.024559406999193345
2022-02-28,-0.00888593110350655,-0.010104707818542669,-0.009802699485419897,-0.009661952192145384,-0.0031586614648874134,-0.004415439966484747,-0.004563529995262772,-0.005753219359157735,-0.0003479933040440031,-0.0015777059062380694,-0.0031830342227161523,-0.004089741557930848,-0.0003088255490981684,-0.0015352859756206927,-0.0031125645836472815,-0.004017456386669949,-0.00029320480866978915,-0.001518300065687539,-0.003084383574391114,-0.0039885811117365,-0.0007937714816939057,-0.001805771212757712,-0.003083557855125485,-0.003962845531838677,-0.008825056530485487,-0.010052047035294054,-0.009851157458696358,-0.009643935236044232
2022-03-31,0.027883578422702948,0.02759107316381071,0.0280540635111437,0.028098985582288627,0.02764561619473338,0.027187207551262693,0.02727749228569376,0.027063449048240873,0.030035185095034223,0.029400803232663364,0.029460048260207428,0.029096051034612325,0.030049150356023402,0.029412292894609893,0.029501783442875462,0.0291420996761238,0.030055064564322276,0.029417310451189893,0.029518898400760385,0.029160971128430635,0.023515878007380975,0.02291804534117836,0.02269806106308292,0.022594308729771306,0.02802684884848805,0.027745958771378643,0.028215828537665466,0.0282488631908262
2022-04-29,0.0015883701234633563,0.0013585136984968216,0.0008582844954381219,-0.003052877039808166,0.006562281826236749,0.006360173361174448,0.007228932888917017,0.0033831795715431046,0.005219981608353574,0.00502075133729063,0.006263752727663885,0.003565198725290486,0.004995798893293157,0.004796106007885381,0.006171523063439377,0.0034978724965284425,0.004906571042019525,0.004706718512825336,0.006134181276171047,0.0034710685722603163,0.001939230598475783,0.001788140199603827,0.0032150520502776114,0.005215351681027602,0.002272891340415306,0.002054864711636517,0.0029918648311468843,-0.0009498599279471609
2022-05-31,0.01471639038992767,0.014523724293021845,0.016114870504689627,0.016797541039067276,0.013330213267661595,0.01319471693508012,0.015223419177806008,0.015873113162549357,0.012933788232202703,0.012758279680108675,0.01478977971118578,0.01569079286322106,0.012945268355765815,0.012767811592180545,0.014789241729429303,0.015677299519841537,0.012950099407302407,0.012771892788960848,0.014789115742125158,0.015665366580121853,0.01142706076629385,0.01128908871918477,0.012789025690246536,0.013603340406882936,0.014692261033178777,0.014502114472626726,0.01605560122586458,0.016712759530439047
2022-06-30,-0.028362741106816136,-0.028385833119964565,-0.028384933481489183,-0.028384629376612125,-0.02705705520860735,-0.02710512854284408,-0.027103909150084315,-0.02710396061794551,-0.026487635967314516,-0.02649412668707052,-0.026492979680483475,-0.02649249484004279,-0.026464965291409404,-0.02647152221637361,-0.026470379079890027,-0.02646990000967675,-0.02645578495403844,-0.02646236879513375,-0.026461228353383714,-0.026460753553366523,-0.02208203624667171,-0.022092584866474363,-0.02209189174897319,-0.022091540208893035,-0.028324584150316245,-0.028346888142467774,-0.02834601089472255,-0.028345704076700895
2022-07-29,-0.003532796740264521,-0.003539524676956174,-0.0035394918729397817,-0.003539620689627543,-0.0033332174818140325,-0.003338978997218245,-0.0033389072597278524,-0.0033390269924440386,-0.0027389723750184114,-0.0027463191786276653,-0.0027462041751061816,-0.0027463843410817645,-0.0027315662933340423,-0.002738901013932593,-0.0027387821404952772,-0.0027389611900016098,-0.002728581158176535,-0.0027359101286565934,-0.002735790829370477,-0.002735968796312549,-0.00116105927107224,-0.0011783598617672864,-0.0011781873806778753,-0.0011785145198104363,-0.0035131014148103157,-0.0035198712101638385,-0.0035198419535809045,-0.003519973677744259
2022-08-31,-0.012381143256479987,-0.012381282648610714,-0.0123812831887965,-0.012381285672325548,-0.01233422420687047,-0.012339008365033877,-0.012338949573599267,-0.012339048917747841,-0.012313145681087434,-0.012316636647206392,-0.012316586668338236,-0.012316666127242137,-0.012310951828444772,-0.012314452855414215,-0.012314401058971192,-0.012314480297145547,-0.012310066893764682,-0.012313571664067657,-0.012313519427791353,-0.012313598518449376,-0.011932904951423295,-0.011952854009205649,-0.011952654332572532,-0.011953034692697928,-0.012375083627883976,-0.01237522207095787,-0.012375220007393106,-0.012375222410486386
2022-09-30,-0.03214759889152008,-0.03214767320229206,-0.03214767605530233,-0.032147729307633655,-0.032246641805958376,-0.032257608760957734,-0.03225748585564436,-0.03225769429787384,-0.031959189267014576,-0.03197452162419967,-0.03197430263595025,-0.03197464716031562,-0.03194191017158232,-0.03195737961135703,-0.03195715037811986,-0.03195749811930759,-0.031934943291511586,-0.031950466392481336,-0.03195023535133801,-0.03195058257726868,-0.029808226118328895,-0.029819785128832654,-0.02981969021662645,-0.029819873831183896,-0.03209699876570782,-0.032097076486771736,-0.03209707405684781,-0.032097068741791634
2022-10-31,0.01464122208710128,0.0146279007678205,0.014627951941654782,0.014627741211037604,0.015667371461435264,0.015666182825750052,0.015666189939774533,0.015666179225967136,0.015610724245161522,0.015603079859813462,0.015603166774104782,0.01560303093240889,0.015600027086799306,0.015592373514487834,0.01559246320247154,0.01559232819689882,0.015595676025138117,0.015588019301031375,0.015588109336151845,0.015587975016927658,0.013009292971028152,0.013006845591530647,0.0130068582445797,0.01300683465150354,0.014586674366805275,0.014573347309315032,0.014573406521436683,0.014573196099491925
2022-11-30,0.001744837109454389,0.0017425298666580158,0.0017425322045234726,0.001742521490816884,0.0014187313777216382,0.0014184218736061904,0.0014184224345323848,0.0014184216872132893,0.0015121779859166296,0.001504071318030098,0.0015041189500419883,0.0015040443577445384,0.0015142306110347281,0.0015061079156952761,0.001506157270680042,0.0015060828672894822,0.0015150654723510293,0.0015069368537097283,0.0015069864541366051,0.0015069122351223374,0.0019147015929990019,0.0019074950481425823,0.001907519430421667,0.001907473257043435,0.001754817659949559,0.0017527822641365542,0.0017527836357602578,0.0017527746148748857
2022-12-30,-0.010677966503970904,-0.010793923569511699,-0.01074767402466148,-0.010684350178581936,-0.011436976604243587,-0.01148145926121269,-0.011481285408590947,-0.011481575945314959,-0.011020882659025344,-0.011070952071335904,-0.011070704500650175,-0.011071094688118732,-0.0110153209019751,-0.01106546020756305,-0.01106520343419548,-0.011065592378065814,-0.011013064120823257,-0.011063229476977021,-0.01106297117322197,-0.011063358643215393,-0.010015248184785608,-0.010116769898065314,-0.010116393415477765,-0.010117110632823167,-0.010645936485214613,-0.010751615223022482,-0.010706075906110835,-0.010652365240002348
2023-01-31,0.006027072268076861,0.005841455407260998,0.005156980266737277,0.003774094595621502,0.0038538058858681445,0.0035889361746228587,0.0038179364477886057,0.0038363230338800403,0.0038345599352818116,0.003560328861995199,0.003796515675144496,0.003815185986516978,0.003834305409030847,0.003559259892080835,0.0037961316070158624,0.0038148394718520162,0.0038342014652306133,0.0035588975252831556,0.003795970252829406,0.0038146983883022845,0.003807498456120051,0.003635056345155041,0.0037751839876412063,0.0037746257693649365,0.005832978152306323,0.005641646253096599,0.004978330110280371,0.0037719707946948233
2023-02-28,-0.026198471336519424,-0.02715271796650698,-0.024165492658104526,-0.022985450733397306,-0.030322887450023983,-0.03157227764431003,-0.02707127289424438,-0.026336146831408835,-0.0299708089849815,-0.03111066513832872,-0.02658421804595179,-0.02585601115909386,-0.029981967759995842,-0.0311251192801284,-0.026589319138663137,-0.025860179367545477,-0.029985669464097642,-0.031130155074889254,-0.026591221832085066,-0.02586180601207011,-0.02932151437326025,-0.030477636676661923,-0.02753855699865726,-0.027332074875880408,-0.02627433561798287,-0.02722612926924395,-0.02399260457929986,-0.022963861618017445
2023-03-31,0.037591519417153885,0.037273283062560836,0.03167869396575962,0.02992088442741303,0.0398879716455427,0.03961450249564713,0.03276560513736926,0.030666328189971948,0.038688299447692254,0.038390119518985744,0.0320855604959942,0.030295095209451617,0.03870642811450131,0.03840946079246366,0.03210028080401828,0.030306206108604572,0.03871359545966402,0.03841713547683079,0.03210594642082798,0.03031101337569364,0.037489886372095604,0.03726639747416316,0.031174093922217372,0.02955117832809484,0.037712939463743655,0.0373985548848601,0.03177751413714924,0.03004724882508314
2023-04-28,0.008309708786207404,0.0077804731095521,0.00630513600050131,0.004660434735564101,0.010496146880562218,0.00997066380295819,0.008007171751617248,0.0057636008845389775,0.010321181731079099,0.009729792587462649,0.007826749976262759,0.005649642358545259,0.010352098499811113,0.009761398819869482,0.00787281829952624,0.005697045186782601,0.01036446438532801,0.00977405256729802,0.007891116466330006,0.005716511982764683,0.009436728400265215,0.008858707402735977,0.006941253219693966,0.0046516669527438825,0.00834231374590555,0.007822663738174862,0.006334486627447955,0.004682058108829601
2023-05-31,-0.012153616184647387,-0.012239340185999814,-0.012869299850094773,-0.0133334708125733,-0.015063078717414635,-0.015151936739954408,-0.016299107755465392,-0.01671872558226062,-0.01442524197460271,-0.014537560867453059,-0.015859803742100054,-0.016343069849342196,-0.014457796773612808,-0.014570122238137806,-0.01589457906025671,-0.016362401633291834,-0.014470863617920604,-0.01458317895814265,-0.015908571765062884,-0.016376722649516506,-0.014494527935885904,-0.01460897630963176,-0.015652802304229718,-0.016330615045877517,-0.012162696179294663,-0.012246774384681802,-0.012835608731262993,-0.013301205864963972
2023-06-30,-0.007715764342466014,-0.007866242903069143,-0.010188387882434702,-0.009258954894440508,-0.00449095794408938,-0.004721623343218462,-0.006639168375731641,-0.005824412888706165,-0.003906976326800815,-0.004161272312415809,-0.0064967808366706015,-0.005560585874484381,-0.0038673861116792496,-0.00412286200045775,-0.006456508885057999,-0.005523195650570578,-0.0038515263823425405,-0.0041074024712340895,-0.006440366022261168,-0.005506735035121557,-0.003606521082196057,-0.0039024776996628985,-0.006312196245907287,-0.005275575859891579,-0.007846744725869437,-0.007995925477992993,-0.01031059806938217,-0.009380530753582916
2023-07-31,0.010070438763896128,0.009532791603646507,0.009558184946917514,0.010225201334215672,0.013000317344473489,0.012533752838907786,0.01258705250115466,0.01321688484561312,0.013251620277813236,0.012651866866030925,0.012708049754367012,0.013517075760756114,0.013280657220600789,0.012683572596666304,0.012739773325222359,0.01354619849510974,0.013292279599180334,0.012696274613101632,0.01275247276225211,0.013557877312802447,0.014843975643439089,0.014167974494278868,0.014212657876059742,0.015136793287782613,0.009974678265580073,0.009429824097974882,0.009458605944597576,0.010134275055939002
2023-08-31,-0.008498582221473594,-0.008514734440535854,-0.009288513463045378,-0.009475007442916072,-0.01148740458487274,-0.011511408039851068,-0.012319332668584537,-0.012513652032098088,-0.01146515591555497,-0.011493147271866566,-0.012396664284734293,-0.012607843622304826,-0.011492290821808804,-0.011520694877734106,-0.012420682755158174,-0.012631470491046182,-0.01150350897819552,-0.011531575257089921,-0.012430310762725383,-0.012640901991591513,-0.013071038676495395,-0.01310710910748758,-0.014022785358963508,-0.014203147732472998,-0.008429135380041974,-0.008444380710728283,-0.00922263810243007,-0.009412033881389337
2023-09-29,-0.024398853089186878,-0.0244360393261861,-0.025719037234755326,-0.02663125366563257,-0.03202371390983816,-0.032038644711279596,-0.033596512621099084,-0.034760192096784825,-0.031104953144593384,-0.03111579455730884,-0.032979526410892746,-0.03402624477544469,-0.031178973949440913,-0.03119005979376943,-0.03304910504589642,-0.03409374500688134,-0.03120864600642892,-0.031219750159837467,-0.03307698083996424,-0.03412067777104466,-0.035956994888128535,-0.03597409561611575,-0.037081339696317106,-0.038724000114397916,-0.024188238200954837,-0.02422419527057107,-0.02555957652908747,-0.026436873890960944
2023-10-31,-0.00979099265129757,-0.010934947664262507,-0.011030319347378637,-0.009254073973977262,-0.0061010599928518205,-0.007094018579519301,-0.00525105714361207,-0.004619376752051152,-0.011393876064290986,-0.012281056090413855,-0.010162446554255022,-0.009573569419905614,-0.011238261284862605,-0.012126148160948036,-0.010033230258527426,-0.009487590145687785,-0.011176031504229855,-0.012064116606373632,-0.009981492679189796,-0.009444994111700855,-0.014609550234029545,-0.01566818276165982,-0.01475232748866484,-0.013085182663077566,-0.010013009135302342,-0.011141031456673445,-0.01095383521301585,-0.009390625622931359
2023-11-30,0.008411727289196813,0.0074480165344501525,0.032283421268219925,0.031841223547316666,0.012475409402579407,0.01142450168796616,0.03190346231006469,0.0323232015544066,0.015448253400730083,0.014436844781720248,0.03395199808434102,0.03431417667202763,0.015503821839179643,0.014492366108743271,0.033919348582727604,0.034287561899850605,0.015525708029280327,0.01451436126925798,0.03390653405893462,0.034276205461242215,0.016244682754350315,0.01512728849093592,0.03837770020435416,0.03955627442786036,0.008361109092561492,0.007388739772812958,0.03205816464051203,0.031618509391680316
2023-12-29,0.0067346019370331245,0.006568343021785106,0.004662104685253299,0.0044423948754628295,0.009439935522237208,0.009337931030146018,0.005403936500074202,0.005654882327494004,0.008596007767200708,0.008489469344946876,0.005923884620069764,0.006146231570238747,0.008595831136861465,0.008489365633242762,0.005917890121691638,0.006144206744367775,0.008595759893277988,0.008489329528046152,0.005915570658324043,0.006143356558203861,0.008595746691930195,0.008477821593558366,0.0058761623656209405,0.0064153811677007955,0.006764604407410335,0.006603983680837144,0.00472995123697606,0.00452671742590649
2024-01-31,-0.002234978145541522,-0.0022552231229072683,-0.0028972900797951118,-0.0025587779279504508,-0.0035187403499556957,-0.0035750301977728327,-0.00445945038695883,-0.004027191312807488,-0.004164500593552334,-0.004229702558294135,-0.005225766776720708,-0.004753749999845125,-0.004171832388364827,-0.004236864346921276,-0.005227208716213627,-0.004756722435293015,-0.004174485581649123,-0.004239399143090683,-0.005227842619141332,-0.004757919219235074,-0.0036653711518340737,-0.003723028825097896,-0.004788328012054532,-0.00428672971223798,-0.002175649725724038,-0.002201470808263939,-0.0028705148616828824,-0.002519268945462172
2024-02-29,0.025103363214326935,0.02488511632235313,0.02441769757564005,0.024781568648695185,0.021487023247659387,0.021184621918517,0.020371515209949065,0.02074274651336805,0.0210702609873632,0.020729635493695442,0.019723749397644097,0.02027933148633343,0.021073026871303524,0.02073312334834343,0.01973179032002914,0.020285869716032856,0.021074034010431397,0.020734428102538782,0.019734911153033385,0.02028843592856555,0.023998551361179787,0.023659240828385553,0.022889776739384082,0.023183066756273796,0.024365506047906216,0.02414102494811532,0.024083519422262833,0.024457899060684296
2024-03-28,0.029904342398091366,0.029850459339237467,0.032703011864750664,0.03456084510712443,0.018939267140034133,0.018927874261070565,0.023401190005084338,0.026149946368611898,0.017676532692788793,0.017676380192098495,0.02251203203889074,0.025418958371701494,0.017787208694640677,0.017786459884941985,0.022614552408729782,0.025519011221719845,0.017831480857981585,0.017830490397922283,0.02265573412326627,0.02555900899624386,0.019772677821562112,0.01976979360405462,0.024656767547163394,0.027673672390431836,0.028644477249169187,0.028592422746894552,0.031475997239141185,0.033357685509197044
2024-04-30,-0.030512781284763646,-0.030936918585988904,-0.029329919373470292,-0.02948849501287254,-0.03004692088188765,-0.030454168772282797,-0.03042179237563336,-0.030396251876986136,-0.031105842168265507,-0.031481726691812706,-0.03144822622986676,-0.031421794645531076,-0.031102149224069287,-0.0314793045573456,-0.03144583598309525,-0.031419483200372356,-0.031100586161981858,-0.031478241447743915,-0.031444797943010916,-0.031418471964895,-0.03543399784520673,-0.03584364966114817,-0.03580541812478799,-0.03577526328221203,-0.030934892461213503,-0.03137090446628443,-0.029761977583494637,-0.029919719885809326
2024-05-31,0.027942795523407282,0.02770624146443823,0.028175831539290153,0.028576950927132527,0.026005590186026994,0.025810264535955918,0.02618328880725862,0.026496501146627605,0.027028383491997765,0.0268026153836598,0.027194930070494117,0.027525921313890755,0.02703399389906358,0.02680920315466384,0.027200026802914445,0.027529694292312445,0.027036171920575613,0.026811806778249903,0.027202010251130115,0.027531135095595127,0.030861832664464295,0.03060839884008404,0.031042326380097185,0.03139636129489198,0.027809403710661984,0.02756558102307527,0.02804895049961309,0.028459659127574977
2024-06-28,0.00970794671922226,0.00948175891094305,0.010298715644646794,0.011187941208752328,0.010717565268977713,0.010516003156161746,0.011159203006130936,0.012080875418774228,0.010981976913707614,0.01076846020054556,0.01149809695426618,0.012502960502483562,0.010994504551166795,0.010781558242200617,0.011507831268035673,0.0125086245792414,0.010999725173878261,0.010787382917490262,0.011511679619636617,0.012510822204185201,0.012950731193721365,0.012708584503803744,0.013552918938087632,0.014680822540303895,0.00957275364441279,0.009340864534075344,0.01018415294045627,0.011096736355421521
2024-07-31,0.019828156425266696,0.019801130448982907,0.020424358653635233,0.020988520570653035,0.018081727597283992,0.018063516970715066,0.01861065888703073,0.019147705927495595,0.01750350930914646,0.017482104892895034,0.01809321601387648,0.01868167938219223,0.01753480702126664,0.017513471407554437,0.01812082503136425,0.018706294398635137,0.017547423023306807,0.0175261230869872,0.01813191440898465,0.018716165396647444,0.018558779859181973,0.01852764062905532,0.019227897154913576,0.01988070552124177,0.019631423591051966,0.01960409990084888,0.02024360450798235,0.020821159133919576
2024-08-30,0.015253466079651945,0.015075583591530162,0.015141582255126407,0.015129596607997842,0.015067633945077485,0.014864690177891715,0.014927217325091169,0.014915517827128966,0.015234583688579661,0.014970498102360175,0.015041097430050776,0.015028966436505309,0.015241180077558925,0.01497772775023476,0.015048022463908683,0.015035915935775135,0.015243887104299692,0.014980708545321741,0.01505077743430605,0.015038682024835381,0.016421914283534678,0.016072366184148867,0.01614618078411545,0.016133033431086297,0.015191983497151229,0.015010461758599547,0.015078000316674167,0.015065803230945418
2024-09-30,0.022930621657369477,0.022650433751153498,0.022438233207926928,0.02225496379888159,0.021506197179311126,0.021498457085696865,0.021022728563510285,0.020811812087903725,0.021698288116627218,0.02168465360141103,0.021137714018517828,0.020909228317101514,0.02171358134174306,0.021700042633086225,0.021155505398211538,0.020927789503518035,0.021718569391700582,0.021705010265078428,0.021162616500689735,0.020935232244405633,0.021536038345463915,0.021528783812075458,0.02101198817853711,0.020783048818233896,0.022788833001367914,0.022476257373100328,0.02225689327954039,0.022091612175546782
2024-10-31,-0.0003592364717055485,-0.0004328397327342248,0.00025615847574345096,-0.0009690006525076011,0.0016141828227917987,0.0015524768061678795,0.0008156586329699511,-2.0127706734762718e-05,0.002293131262466108,0.002251246984176669,0.0014538619241735162,0.0005626521534345397,0.002307932696165471,0.002266064437296267,0.001471992024735247,0.0005839229738220375,0.002313912563435716,0.0022720512815312954,0.0014792904095737303,0.000592499682457559,0.0008416187157367361,0.0008273509801255408,0.0003331637460681769,-0.0001344013691809698,-0.0005931664303030493,-0.0006560360704175316,8.863398144121071e-05,-0.0011053012969088893
2024-11-29,0.016144292242359803,0.01608502415644142,0.016813325712836003,0.01790739493197635,0.01199265648263026,0.01198971309042407,0.013109544195625045,0.014001386771360647,0.011772017452440942,0.011770665008241865,0.012872714879464509,0.013716526137795837,0.011778669138732267,0.011777301701557885,0.0128757876419201,0.013717045632925862,0.011781206165618618,0.01177983553801254,0.012876906108943986,0.013717115390134538,0.015293298741512196,0.015285607748647179,0.0161701746006504,0.016903527167542842,0.016193346181235357,0.01614808268652479,0.01693451265131407,0.018030094801950725
2024-12-31,-0.0169658325881058,-0.01696684013252725,-0.017638863809255945,-0.01735776223095775,-0.016624087745741423,-0.016624146443923182,-0.01651407437490826,-0.016631787597431336,-0.01605419538462527,-0.016054226811204386,-0.016089312287747348,-0.016089996915467975,-0.016071472895843653,-0.016071542959382956,-0.016105266945746655,-0.016106087887828857,-0.016078074149363353,-0.01607809497761503,-0.016111625856050305,-0.01611249586222807,-0.015409459196531694,-0.015409579057432787,-0.015443484375135541,-0.01543997132140107,-0.017092304239717526,-0.017093082586302266,-0.01772422402989504,-0.017450662956458918
