date,members,member_no_data,insufficient_history,below_dollar_adv,estimation_universe
2007-04-02,511,173,8,0,330
2007-04-03,511,174,7,0,330
2007-04-04,511,174,7,0,330
2007-04-05,511,173,8,0,330
2007-04-09,511,175,6,0,330
2007-04-10,511,174,7,0,330
2007-04-11,511,173,8,0,330
2007-04-12,511,174,7,0,330
2007-04-13,511,174,7,0,330
2007-04-16,511,174,7,0,330
2007-04-17,511,174,7,0,330
2007-04-18,511,174,7,0,330
2007-04-19,511,174,7,0,330
2007-04-20,511,174,7,0,330
2007-04-23,511,174,7,0,330
2007-04-24,511,175,6,0,330
2007-04-25,511,174,7,0,330
2007-04-26,511,174,7,0,330
2007-04-27,511,173,8,0,330
2007-04-30,511,174,7,0,330
2007-05-01,511,176,5,0,330
2007-05-02,511,176,5,0,330
2007-05-03,511,173,8,0,330
2007-05-04,511,175,6,0,330
2007-05-07,511,174,7,0,330
2007-05-08,511,175,6,0,330
2007-05-09,511,174,7,0,330
2007-05-10,511,174,7,0,330
2007-05-11,511,176,5,0,330
2007-05-14,511,176,5,0,330
2007-05-15,511,175,6,0,330
2007-05-16,511,175,6,0,330
2007-05-17,511,175,6,0,330
2007-05-18,511,176,5,0,330
2007-05-21,511,175,6,0,330
2007-05-22,511,174,7,0,330
2007-05-23,511,176,5,0,330
2007-05-24,511,176,5,0,330
2007-05-25,511,174,6,0,331
2007-05-29,511,175,5,0,331
2007-05-30,511,174,6,0,331
2007-05-31,511,175,5,0,331
2007-06-01,511,176,4,0,331
2007-06-04,511,176,4,0,331
2007-06-05,511,174,6,0,331
2007-06-06,511,173,7,0,331
2007-06-07,511,174,6,0,331
2007-06-08,511,174,6,0,331
2007-06-11,511,176,4,0,331
2007-06-12,511,174,6,0,331
2007-06-13,511,174,6,0,331
2007-06-14,511,174,6,0,331
2007-06-15,511,175,5,0,331
2007-06-18,511,174,6,0,331
2007-06-19,511,173,7,0,331
2007-06-20,511,175,5,0,331
2007-06-21,511,175,5,0,331
2007-06-22,511,173,7,0,331
2007-06-25,511,172,8,0,331
2007-06-26,511,173,7,0,331
2007-06-27,511,173,7,0,331
2007-06-28,511,174,6,0,331
2007-06-29,511,173,7,0,331
2007-07-02,511,176,4,0,331
2007-07-03,511,173,7,0,331
2007-07-05,511,173,7,0,331
2007-07-06,511,172,8,0,331
2007-07-09,511,176,4,0,331
2007-07-10,511,173,7,0,331
2007-07-11,511,173,7,0,331
2007-07-12,511,172,8,0,331
2007-07-13,511,174,6,0,331
2007-07-16,511,172,8,0,331
2007-07-17,511,173,7,0,331
2007-07-18,511,173,7,0,331
2007-07-19,511,174,6,0,331
2007-07-20,511,173,7,0,331
2007-07-23,511,176,4,0,331
2007-07-24,511,173,7,0,331
2007-07-25,511,172,8,0,331
2007-07-26,511,175,5,0,331
2007-07-27,511,174,6,0,331
2007-07-30,511,173,7,0,331
2007-07-31,511,173,7,0,331
2007-08-01,511,175,5,0,331
2007-08-02,511,176,4,0,331
2007-08-03,511,175,5,0,331
2007-08-06,511,174,6,0,331
2007-08-07,511,174,6,0,331
2007-08-08,511,174,6,0,331
2007-08-09,511,174,6,0,331
2007-08-10,511,173,7,0,331
2007-08-13,511,177,3,0,331
2007-08-14,511,173,7,0,331
2007-08-15,511,175,5,0,331
2007-08-16,511,173,7,0,331
2007-08-17,511,174,6,0,331
2007-08-20,511,175,5,0,331
2007-08-21,511,174,6,0,331
2007-08-22,511,175,5,0,331
2007-08-23,511,174,6,0,331
2007-08-24,510,172,7,0,331
2007-08-27,510,174,5,0,331
2007-08-28,510,172,7,0,331
2007-08-29,510,174,5,0,331
2007-08-30,510,172,7,0,331
2007-08-31,510,174,5,0,331
2007-09-04,510,174,5,0,331
2007-09-05,510,173,6,0,331
2007-09-06,510,173,6,0,331
2007-09-07,510,173,6,0,331
2007-09-10,510,173,6,0,331
2007-09-11,510,173,6,0,331
2007-09-12,510,173,6,0,331
2007-09-13,510,173,6,0,331
2007-09-14,510,174,5,0,331
2007-09-17,510,172,7,0,331
2007-09-18,510,173,6,0,331
2007-09-19,510,174,5,0,331
2007-09-20,510,171,8,0,331
2007-09-21,510,174,5,0,331
2007-09-24,510,173,6,0,331
2007-09-25,510,173,6,0,331
2007-09-26,510,173,5,0,332
2007-09-27,509,172,5,0,332
2007-09-28,509,171,6,0,332
2007-10-01,509,171,6,0,332
2007-10-02,509,168,7,0,334
2007-10-03,509,168,7,0,334
2007-10-04,509,168,7,0,334
2007-10-05,509,170,5,0,334
2007-10-08,509,171,4,0,334
2007-10-09,509,171,4,0,334
2007-10-10,509,171,4,0,334
2007-10-11,509,168,7,0,334
2007-10-12,509,169,6,0,334
2007-10-15,509,170,5,0,334
2007-10-16,509,170,5,0,334
2007-10-17,509,170,5,0,334
2007-10-18,509,170,5,0,334
2007-10-19,509,169,6,0,334
2007-10-22,509,170,5,0,334
2007-10-23,509,168,7,0,334
2007-10-24,509,169,6,0,334
2007-10-25,509,168,7,0,334
2007-10-26,509,168,6,0,335
2007-10-29,509,170,4,0,335
2007-10-30,509,169,5,0,335
2007-10-31,509,169,5,0,335
2007-11-01,509,168,6,0,335
2007-11-02,509,167,7,0,335
2007-11-05,509,167,7,0,335
2007-11-06,509,167,7,0,335
2007-11-07,509,168,6,0,335
2007-11-08,509,169,5,0,335
2007-11-09,509,167,7,0,335
2007-11-12,509,169,5,0,335
2007-11-13,509,168,6,0,335
2007-11-14,509,167,7,0,335
2007-11-15,509,169,5,0,335
2007-11-16,509,168,6,0,335
2007-11-19,509,169,4,0,336
2007-11-20,509,167,6,0,336
2007-11-21,509,166,7,0,336
2007-11-23,509,168,5,0,336
2007-11-26,509,169,4,0,336
2007-11-27,509,168,5,0,336
2007-11-28,509,167,6,0,336
2007-11-29,509,169,4,0,336
2007-11-30,509,168,5,0,336
2007-12-03,509,167,6,0,336
2007-12-04,509,168,5,0,336
2007-12-05,509,171,2,0,336
2007-12-06,509,169,4,0,336
2007-12-07,509,169,4,0,336
2007-12-10,509,167,6,0,336
2007-12-11,509,168,5,0,336
2007-12-12,509,167,6,0,336
2007-12-13,509,166,6,0,337
2007-12-14,509,167,5,0,337
2007-12-17,509,168,4,0,337
2007-12-18,509,168,4,0,337
2007-12-19,509,167,5,0,337
2007-12-20,509,166,5,0,338
2007-12-21,509,167,4,0,338
2007-12-24,509,166,5,0,338
2007-12-26,509,168,3,0,338
2007-12-27,509,168,3,0,338
2007-12-28,509,165,6,0,338
2007-12-31,509,166,5,0,338
2008-01-02,509,164,7,0,338
2008-01-03,509,164,7,0,338
2008-01-04,509,165,6,0,338
2008-01-07,509,166,5,0,338
2008-01-08,509,164,7,0,338
2008-01-09,509,166,5,0,338
2008-01-10,509,166,5,0,338
2008-01-11,509,166,5,0,338
2008-01-14,509,165,6,0,338
2008-01-15,509,164,7,0,338
2008-01-16,509,165,6,0,338
2008-01-17,509,165,6,0,338
2008-01-18,509,166,5,0,338
2008-01-22,509,164,7,0,338
2008-01-23,509,165,6,0,338
2008-01-24,509,166,5,0,338
2008-01-25,509,165,6,0,338
2008-01-28,509,165,6,0,338
2008-01-29,509,166,5,0,338
2008-01-30,509,165,6,0,338
2008-01-31,509,165,6,0,338
2008-02-01,509,164,7,0,338
2008-02-04,509,163,8,0,338
2008-02-05,509,165,6,0,338
2008-02-06,509,165,6,0,338
2008-02-07,509,166,5,0,338
2008-02-08,509,164,7,0,338
2008-02-11,509,162,9,0,338
2008-02-12,509,165,6,0,338
2008-02-13,509,164,7,0,338
2008-02-14,509,165,6,0,338
2008-02-15,509,163,8,0,338
2008-02-19,509,164,7,0,338
2008-02-20,509,165,6,0,338
2008-02-21,509,165,6,0,338
2008-02-22,509,166,5,0,338
2008-02-25,509,165,6,0,338
2008-02-26,509,165,6,0,338
2008-02-27,509,166,5,0,338
2008-02-28,509,165,6,0,338
2008-02-29,509,165,6,0,338
2008-03-03,509,166,5,0,338
2008-03-04,509,165,6,0,338
2008-03-05,509,165,6,0,338
2008-03-06,509,164,7,0,338
2008-03-07,509,164,7,0,338
2008-03-10,509,166,5,0,338
2008-03-11,509,163,8,0,338
2008-03-12,509,165,6,0,338
2008-03-13,509,165,6,0,338
2008-03-14,509,164,7,0,338
2008-03-17,509,164,7,0,338
2008-03-18,509,165,6,0,338
2008-03-19,509,162,9,0,338
2008-03-20,509,164,7,0,338
2008-03-24,509,165,6,0,338
2008-03-25,509,166,5,0,338
2008-03-26,509,163,8,0,338
2008-03-27,509,166,5,0,338
2008-03-28,509,164,7,0,338
2008-03-31,509,163,8,0,338
2008-04-01,509,163,8,0,338
2008-04-02,509,163,8,0,338
2008-04-03,509,165,6,0,338
2008-04-04,509,163,8,0,338
2008-04-07,509,165,6,0,338
2008-04-08,509,164,7,0,338
2008-04-09,509,163,8,0,338
2008-04-10,509,164,7,0,338
2008-04-11,509,166,5,0,338
2008-04-14,509,165,6,0,338
2008-04-15,509,165,6,0,338
2008-04-16,509,166,5,0,338
2008-04-17,509,165,6,0,338
2008-04-18,509,163,8,0,338
2008-04-21,509,163,8,0,338
2008-04-22,509,164,7,0,338
2008-04-23,509,164,7,0,338
2008-04-24,509,164,7,0,338
2008-04-25,509,166,5,0,338
2008-04-28,509,165,6,0,338
2008-04-29,509,165,6,0,338
2008-04-30,509,165,6,0,338
2008-05-01,509,164,7,0,338
2008-05-02,509,165,6,0,338
2008-05-05,509,165,6,0,338
2008-05-06,509,163,8,0,338
2008-05-07,509,163,8,0,338
2008-05-08,509,162,9,0,338
2008-05-09,509,162,9,0,338
2008-05-12,509,164,7,0,338
2008-05-13,509,164,7,0,338
2008-05-14,509,162,9,0,338
2008-05-15,509,163,8,0,338
2008-05-16,509,164,7,0,338
2008-05-19,509,164,7,0,338
2008-05-20,509,163,8,0,338
2008-05-21,509,162,9,0,338
2008-05-22,509,163,8,0,338
2008-05-23,509,164,7,0,338
2008-05-27,509,162,9,0,338
2008-05-28,509,163,8,0,338
2008-05-29,509,164,7,0,338
2008-05-30,509,163,8,0,338
2008-06-02,509,163,8,0,338
2008-06-03,509,163,8,0,338
2008-06-04,509,164,7,0,338
2008-06-05,509,164,7,0,338
2008-06-06,509,163,8,0,338
2008-06-09,509,164,7,0,338
2008-06-10,509,163,8,0,338
2008-06-11,509,162,9,0,338
2008-06-12,509,163,7,0,339
2008-06-13,509,163,7,0,339
2008-06-16,509,164,6,0,339
2008-06-17,509,164,6,0,339
2008-06-18,509,164,6,0,339
2008-06-19,509,162,8,0,339
2008-06-20,509,164,6,0,339
2008-06-23,508,161,9,0,338
2008-06-24,508,163,7,0,338
2008-06-25,508,162,8,0,338
2008-06-26,508,162,8,0,338
2008-06-27,508,161,9,0,338
2008-06-30,508,161,9,0,338
2008-07-01,508,165,5,0,338
2008-07-02,508,163,7,0,338
2008-07-03,508,163,7,0,338
2008-07-07,508,161,9,0,338
2008-07-08,508,163,7,0,338
2008-07-09,508,164,6,0,338
2008-07-10,508,164,6,0,338
2008-07-11,508,163,7,0,338
2008-07-14,508,163,7,0,338
2008-07-15,508,163,7,0,338
2008-07-16,508,165,5,0,338
2008-07-17,508,164,6,0,338
2008-07-18,508,163,7,0,338
2008-07-21,508,164,6,0,338
2008-07-22,508,164,6,0,338
2008-07-23,508,164,6,0,338
2008-07-24,508,165,5,0,338
2008-07-25,508,162,8,0,338
2008-07-28,508,166,4,0,338
2008-07-29,508,164,6,0,338
2008-07-30,508,164,6,0,338
2008-07-31,508,164,6,0,338
2008-08-01,508,164,6,0,338
2008-08-04,508,166,4,0,338
2008-08-05,508,165,5,0,338
2008-08-06,508,164,6,0,338
2008-08-07,508,163,7,0,338
2008-08-08,508,164,6,0,338
2008-08-11,508,165,5,0,338
2008-08-12,508,162,8,0,338
2008-08-13,508,163,7,0,338
2008-08-14,508,166,4,0,338
2008-08-15,508,166,4,0,338
2008-08-18,508,163,7,0,338
2008-08-19,508,164,6,0,338
2008-08-20,508,165,5,0,338
2008-08-21,508,164,6,0,338
2008-08-22,508,165,5,0,338
2008-08-25,508,165,5,0,338
2008-08-26,508,165,5,0,338
2008-08-27,508,164,6,0,338
2008-08-28,508,163,7,0,338
2008-08-29,508,163,7,0,338
2008-09-02,508,164,6,0,338
2008-09-03,508,163,7,0,338
2008-09-04,508,164,6,0,338
2008-09-05,508,163,7,0,338
2008-09-08,508,165,5,0,338
2008-09-09,508,163,7,0,338
2008-09-10,508,164,6,0,338
2008-09-11,508,164,6,0,338
2008-09-12,508,158,10,0,340
2008-09-15,508,162,6,0,340
2008-09-16,507,159,8,0,340
2008-09-17,507,158,9,0,340
2008-09-18,507,159,8,0,340
2008-09-19,507,160,7,0,340
2008-09-22,507,160,7,0,340
2008-09-23,507,160,7,0,340
2008-09-24,507,160,7,0,340
2008-09-25,507,161,6,0,340
2008-09-26,507,161,6,0,340
2008-09-29,507,160,7,0,340
2008-09-30,507,159,7,0,341
2008-10-01,507,160,6,0,341
2008-10-02,507,161,5,0,341
2008-10-03,507,162,4,0,341
2008-10-06,507,160,6,0,341
2008-10-07,507,161,5,0,341
2008-10-08,507,162,4,0,341
2008-10-09,507,159,7,0,341
2008-10-10,507,161,5,0,341
2008-10-13,507,161,5,0,341
2008-10-14,507,160,6,0,341
2008-10-15,507,159,7,0,341
2008-10-16,507,161,5,0,341
2008-10-17,507,158,8,0,341
2008-10-20,507,158,8,0,341
2008-10-21,507,161,5,0,341
2008-10-22,507,160,6,0,341
2008-10-23,507,158,8,0,341
2008-10-24,507,159,7,0,341
2008-10-27,507,159,7,0,341
2008-10-28,507,161,5,0,341
2008-10-29,507,161,5,0,341
2008-10-30,507,161,5,0,341
2008-10-31,507,159,7,0,341
2008-11-03,507,161,5,0,341
2008-11-04,507,162,4,0,341
2008-11-05,507,159,7,0,341
2008-11-06,507,161,5,0,341
2008-11-07,507,160,6,0,341
2008-11-10,507,162,4,0,341
2008-11-11,507,161,5,0,341
2008-11-12,507,162,4,0,341
2008-11-13,507,160,6,0,341
2008-11-14,507,159,7,0,341
2008-11-17,507,160,6,0,341
2008-11-18,507,160,6,0,341
2008-11-19,507,159,7,0,341
2008-11-20,507,160,6,0,341
2008-11-21,507,161,5,0,341
2008-11-24,507,161,5,0,341
2008-11-25,507,159,7,0,341
2008-11-26,507,162,4,0,341
2008-11-28,507,162,4,0,341
2008-12-01,507,161,5,0,341
2008-12-02,507,159,7,0,341
2008-12-03,507,162,4,0,341
2008-12-04,507,164,2,0,341
2008-12-05,507,162,4,0,341
2008-12-08,507,161,5,0,341
2008-12-09,507,160,6,0,341
2008-12-10,507,162,4,0,341
2008-12-11,507,159,7,0,341
2008-12-12,507,159,7,0,341
2008-12-15,507,159,7,0,341
2008-12-16,507,160,6,0,341
2008-12-17,507,161,5,0,341
2008-12-18,507,159,7,0,341
2008-12-19,507,159,7,0,341
2008-12-22,507,160,6,0,341
2008-12-23,507,161,5,0,341
2008-12-24,507,162,4,0,341
2008-12-26,507,163,3,0,341
2008-12-29,507,162,4,0,341
2008-12-30,507,159,7,0,341
2008-12-31,507,159,6,0,342
2009-01-02,507,161,4,0,342
2009-01-05,507,160,5,0,342
2009-01-06,507,161,4,0,342
2009-01-07,507,162,3,0,342
2009-01-08,507,160,5,0,342
2009-01-09,507,158,7,0,342
2009-01-12,507,160,5,0,342
2009-01-13,507,161,4,0,342
2009-01-14,507,159,6,0,342
2009-01-15,507,159,6,0,342
2009-01-16,507,159,6,0,342
2009-01-20,507,160,5,0,342
2009-01-21,507,158,7,0,342
2009-01-22,507,161,4,0,342
2009-01-23,507,160,5,0,342
2009-01-26,507,161,4,0,342
2009-01-27,507,161,4,0,342
2009-01-28,507,160,5,0,342
2009-01-29,507,162,3,0,342
2009-01-30,507,159,6,0,342
2009-02-02,507,162,3,0,342
2009-02-03,507,159,6,0,342
2009-02-04,507,162,3,0,342
2009-02-05,507,162,3,0,342
2009-02-06,507,162,3,0,342
2009-02-09,507,162,3,0,342
2009-02-10,507,160,5,0,342
2009-02-11,507,161,4,0,342
2009-02-12,507,162,3,0,342
2009-02-13,507,162,3,0,342
2009-02-17,507,160,5,0,342
2009-02-18,507,161,4,0,342
2009-02-19,507,161,4,0,342
2009-02-20,507,161,4,0,342
2009-02-23,507,162,3,0,342
2009-02-24,507,159,6,0,342
2009-02-25,507,158,7,0,342
2009-02-26,507,160,5,0,342
2009-02-27,507,160,5,0,342
2009-03-02,507,160,5,0,342
2009-03-03,507,156,7,0,344
2009-03-04,507,157,6,0,344
2009-03-05,507,157,6,0,344
2009-03-06,507,157,6,0,344
2009-03-09,507,158,5,0,344
2009-03-10,507,159,4,0,344
2009-03-11,507,158,5,0,344
2009-03-12,507,158,5,0,344
2009-03-13,507,159,4,0,344
2009-03-16,507,159,3,0,345
2009-03-17,507,159,3,0,345
2009-03-18,507,159,3,0,345
2009-03-19,507,157,5,0,345
2009-03-20,507,158,4,0,345
2009-03-23,507,158,4,0,345
2009-03-24,507,158,4,0,345
2009-03-25,507,158,4,0,345
2009-03-26,507,158,4,0,345
2009-03-27,507,158,4,0,345
2009-03-30,507,158,4,0,345
2009-03-31,507,159,3,0,345
2009-04-01,507,158,4,0,345
2009-04-02,507,156,6,0,345
2009-04-03,507,159,3,0,345
2009-04-06,507,159,3,0,345
2009-04-07,507,155,7,0,345
2009-04-08,507,158,4,0,345
2009-04-09,507,158,4,0,345
2009-04-13,507,159,3,0,345
2009-04-14,507,157,5,0,345
2009-04-15,507,157,5,0,345
2009-04-16,507,158,4,0,345
2009-04-17,507,159,3,0,345
2009-04-20,507,158,4,0,345
2009-04-21,507,158,4,0,345
2009-04-22,507,156,6,0,345
2009-04-23,507,157,5,0,345
2009-04-24,507,159,3,0,345
2009-04-27,507,158,4,0,345
2009-04-28,507,158,4,0,345
2009-04-29,507,158,4,0,345
2009-04-30,507,156,6,0,345
2009-05-01,507,159,3,0,345
2009-05-04,507,159,3,0,345
2009-05-05,507,157,5,0,345
2009-05-06,507,157,5,0,345
2009-05-07,507,156,6,0,345
2009-05-08,507,156,6,0,345
2009-05-11,507,158,4,0,345
2009-05-12,507,156,6,0,345
2009-05-13,507,158,4,0,345
2009-05-14,507,157,5,0,345
2009-05-15,507,159,3,0,345
2009-05-18,507,160,2,0,345
2009-05-19,507,160,2,0,345
2009-05-20,507,158,3,0,346
2009-05-21,507,159,2,0,346
2009-05-22,507,158,3,0,346
2009-05-26,507,158,3,0,346
2009-05-27,507,159,2,0,346
2009-05-28,507,159,2,0,346
2009-05-29,507,159,2,0,346
2009-06-01,507,157,4,0,346
2009-06-02,507,159,2,0,346
2009-06-03,507,158,3,0,346
2009-06-04,507,157,4,0,346
2009-06-05,507,158,2,0,347
2009-06-08,507,158,2,0,347
2009-06-09,507,158,2,0,347
2009-06-10,507,156,4,0,347
2009-06-11,507,157,3,0,347
2009-06-12,507,156,4,0,347
2009-06-15,507,158,2,0,347
2009-06-16,507,157,3,0,347
2009-06-17,507,158,2,0,347
2009-06-18,507,155,5,0,347
2009-06-19,507,157,3,0,347
2009-06-22,507,159,1,0,347
2009-06-23,507,158,2,0,347
2009-06-24,507,158,2,0,347
2009-06-25,506,157,3,0,346
2009-06-26,506,158,2,0,346
2009-06-29,507,157,4,0,346
2009-06-30,507,156,5,0,346
2009-07-01,507,159,2,0,346
2009-07-02,507,159,2,0,346
2009-07-06,507,157,4,0,346
2009-07-07,507,156,5,0,346
2009-07-08,507,158,3,0,346
2009-07-09,507,158,3,0,346
2009-07-10,507,159,2,0,346
2009-07-13,507,158,3,0,346
2009-07-14,507,157,4,0,346
2009-07-15,507,158,3,0,346
2009-07-16,507,159,2,0,346
2009-07-17,507,159,2,0,346
2009-07-20,507,157,4,0,346
2009-07-21,507,158,3,0,346
2009-07-22,507,157,4,0,346
2009-07-23,507,158,3,0,346
2009-07-24,507,158,3,0,346
2009-07-27,507,160,1,0,346
2009-07-28,507,159,2,0,346
2009-07-29,507,158,3,0,346
2009-07-30,507,159,2,0,346
2009-07-31,507,158,3,0,346
2009-08-03,507,159,2,0,346
2009-08-04,507,159,2,0,346
2009-08-05,507,159,2,0,346
2009-08-06,507,158,3,0,346
2009-08-07,507,160,1,0,346
2009-08-10,507,159,2,0,346
2009-08-11,507,157,4,0,346
2009-08-12,507,158,3,0,346
2009-08-13,507,158,3,0,346
2009-08-14,507,158,3,0,346
2009-08-17,507,156,5,0,346
2009-08-18,507,159,2,0,346
2009-08-19,507,154,6,0,347
2009-08-20,507,157,3,0,347
2009-08-21,507,157,3,0,347
2009-08-24,507,159,1,0,347
2009-08-25,507,156,4,0,347
2009-08-26,507,157,3,0,347
2009-08-27,507,156,4,0,347
2009-08-28,507,157,3,0,347
2009-08-31,507,157,3,0,347
2009-09-01,507,157,3,0,347
2009-09-02,507,159,1,0,347
2009-09-03,507,158,2,0,347
2009-09-04,507,158,2,0,347
2009-09-08,507,157,3,0,347
2009-09-09,507,156,4,0,347
2009-09-10,507,157,3,0,347
2009-09-11,507,155,5,0,347
2009-09-14,507,157,3,0,347
2009-09-15,507,158,2,0,347
2009-09-16,507,157,3,0,347
2009-09-17,507,157,3,0,347
2009-09-18,507,158,2,0,347
2009-09-21,507,158,2,0,347
2009-09-22,507,157,3,0,347
2009-09-23,507,156,4,0,347
2009-09-24,507,157,3,0,347
2009-09-25,507,155,5,0,347
2009-09-28,507,158,3,0,346
2009-09-29,507,159,2,0,346
2009-09-30,507,160,1,0,346
2009-10-01,507,157,4,0,346
2009-10-02,507,158,3,0,346
2009-10-05,507,157,4,0,346
2009-10-06,507,159,2,0,346
2009-10-07,507,157,4,0,346
2009-10-08,507,158,3,0,346
2009-10-09,507,157,4,0,346
2009-10-12,507,159,2,0,346
2009-10-13,507,158,3,0,346
2009-10-14,507,157,4,0,346
2009-10-15,507,159,2,0,346
2009-10-16,507,158,3,0,346
2009-10-19,507,158,3,0,346
2009-10-20,507,156,5,0,346
2009-10-21,507,158,3,0,346
2009-10-22,507,158,3,0,346
2009-10-23,507,159,2,0,346
2009-10-26,507,160,1,0,346
2009-10-27,507,159,2,0,346
2009-10-28,507,157,4,0,346
2009-10-29,507,157,4,0,346
2009-10-30,507,158,3,0,346
2009-11-02,507,158,3,0,346
2009-11-03,506,157,3,0,346
2009-11-04,506,157,3,0,346
2009-11-05,506,158,2,0,346
2009-11-06,506,159,1,0,346
2009-11-09,506,158,2,0,346
2009-11-10,506,157,3,0,346
2009-11-11,506,157,3,0,346
2009-11-12,506,157,3,0,346
2009-11-13,506,158,2,0,346
2009-11-16,506,156,4,0,346
2009-11-17,506,157,3,0,346
2009-11-18,506,157,3,0,346
2009-11-19,506,156,4,0,346
2009-11-20,506,157,3,0,346
2009-11-23,506,157,3,0,346
2009-11-24,506,157,3,0,346
2009-11-25,506,158,2,0,346
2009-11-27,506,157,3,0,346
2009-11-30,506,157,3,0,346
2009-12-01,506,156,4,0,346
2009-12-02,506,157,3,0,346
2009-12-03,506,156,4,0,346
2009-12-04,506,156,4,0,346
2009-12-07,506,155,5,0,346
2009-12-08,506,155,5,0,346
2009-12-09,506,156,4,0,346
2009-12-10,506,158,2,0,346
2009-12-11,506,158,2,0,346
2009-12-14,506,156,4,0,346
2009-12-15,506,156,4,0,346
2009-12-16,506,156,4,0,346
2009-12-17,506,157,3,0,346
2009-12-18,506,157,3,0,346
2009-12-21,506,157,3,0,346
2009-12-22,506,157,3,0,346
2009-12-23,506,157,3,0,346
2009-12-24,506,157,3,0,346
2009-12-28,506,158,2,0,346
2009-12-29,506,157,3,0,346
2009-12-30,506,156,4,0,346
2009-12-31,506,158,2,0,346
2010-01-04,506,157,3,0,346
2010-01-05,506,156,4,0,346
2010-01-06,506,156,4,0,346
2010-01-07,506,155,5,0,346
2010-01-08,506,154,6,0,346
2010-01-11,506,156,4,0,346
2010-01-12,506,156,4,0,346
2010-01-13,506,157,3,0,346
2010-01-14,506,158,2,0,346
2010-01-15,506,158,2,0,346
2010-01-19,506,157,3,0,346
2010-01-20,506,156,4,0,346
2010-01-21,506,157,3,0,346
2010-01-22,506,156,4,0,346
2010-01-25,506,156,4,0,346
2010-01-26,506,157,3,0,346
2010-01-27,506,157,3,0,346
2010-01-28,506,157,3,0,346
2010-01-29,506,157,3,0,346
2010-02-01,506,156,4,0,346
2010-02-02,506,156,4,0,346
2010-02-03,506,156,4,0,346
2010-02-04,506,157,3,0,346
2010-02-05,506,157,3,0,346
2010-02-08,506,157,3,0,346
2010-02-09,506,157,3,0,346
2010-02-10,506,157,3,0,346
2010-02-11,506,156,4,0,346
2010-02-12,506,156,4,0,346
2010-02-16,506,156,4,0,346
2010-02-17,506,157,3,0,346
2010-02-18,506,156,4,0,346
2010-02-19,506,156,4,0,346
2010-02-22,506,156,4,0,346
2010-02-23,506,157,2,0,347
2010-02-24,506,157,2,0,347
2010-02-25,506,156,3,0,347
2010-02-26,506,156,2,0,348
2010-03-01,506,155,3,0,348
2010-03-02,506,156,2,0,348
2010-03-03,506,156,2,0,348
2010-03-04,506,157,1,0,348
2010-03-05,506,155,3,0,348
2010-03-08,506,155,3,0,348
2010-03-09,506,156,2,0,348
2010-03-10,506,156,2,0,348
2010-03-11,506,156,2,0,348
2010-03-12,506,156,2,0,348
2010-03-15,506,155,3,0,348
2010-03-16,506,155,3,0,348
2010-03-17,506,155,3,0,348
2010-03-18,506,156,2,0,348
2010-03-19,506,156,2,0,348
2010-03-22,506,156,2,0,348
2010-03-23,506,156,2,0,348
2010-03-24,506,156,2,0,348
2010-03-25,506,155,3,0,348
2010-03-26,506,155,3,0,348
2010-03-29,506,154,4,0,348
2010-03-30,506,154,4,0,348
2010-03-31,506,157,1,0,348
2010-04-01,506,155,3,0,348
2010-04-05,506,157,1,0,348
2010-04-06,506,156,2,0,348
2010-04-07,506,155,3,0,348
2010-04-08,506,156,2,0,348
2010-04-09,506,155,3,0,348
2010-04-12,506,157,1,0,348
2010-04-13,506,154,4,0,348
2010-04-14,506,155,3,0,348
2010-04-15,506,153,5,0,348
2010-04-16,506,156,2,0,348
2010-04-19,506,156,2,0,348
2010-04-20,506,155,3,0,348
2010-04-21,506,155,3,0,348
2010-04-22,506,154,4,0,348
2010-04-23,506,155,3,0,348
2010-04-26,506,154,4,0,348
2010-04-27,506,155,3,0,348
2010-04-28,506,155,3,0,348
2010-04-29,506,155,3,0,348
2010-04-30,506,157,1,0,348
2010-05-03,506,155,3,0,348
2010-05-04,506,155,3,0,348
2010-05-05,506,155,3,0,348
2010-05-06,506,155,3,0,348
2010-05-07,506,156,2,0,348
2010-05-10,506,156,2,0,348
2010-05-11,506,155,3,0,348
2010-05-12,506,156,2,0,348
2010-05-13,506,153,5,0,348
2010-05-14,506,155,3,0,348
2010-05-17,506,155,3,0,348
2010-05-18,506,156,2,0,348
2010-05-19,506,155,3,0,348
2010-05-20,506,154,4,0,348
2010-05-21,506,154,4,0,348
2010-05-24,506,157,1,0,348
2010-05-25,506,155,3,0,348
2010-05-26,506,156,2,0,348
2010-05-27,506,156,2,0,348
2010-05-28,506,155,3,0,348
2010-06-01,506,155,3,0,348
2010-06-02,506,155,3,0,348
2010-06-03,506,155,3,0,348
2010-06-04,506,157,1,0,348
2010-06-07,506,154,4,0,348
2010-06-08,506,155,3,0,348
2010-06-09,506,155,3,0,348
2010-06-10,506,156,2,0,348
2010-06-11,506,156,2,0,348
2010-06-14,506,156,2,0,348
2010-06-15,506,155,3,0,348
2010-06-16,506,155,3,0,348
2010-06-17,506,155,3,0,348
2010-06-18,506,154,4,0,348
2010-06-21,506,155,3,0,348
2010-06-22,506,155,3,0,348
2010-06-23,506,155,3,0,348
2010-06-24,506,155,3,0,348
2010-06-25,506,155,3,0,348
2010-06-28,506,155,2,0,349
2010-06-29,506,155,2,0,349
2010-06-30,506,151,6,0,349
2010-07-01,506,156,1,0,349
2010-07-02,506,154,3,0,349
2010-07-06,506,155,2,0,349
2010-07-07,506,155,2,0,349
2010-07-08,506,155,2,0,349
2010-07-09,506,154,3,0,349
2010-07-12,506,155,2,0,349
2010-07-13,506,153,4,0,349
2010-07-14,506,151,5,0,350
2010-07-15,506,153,3,0,350
2010-07-16,506,155,1,0,350
2010-07-19,506,152,4,0,350
2010-07-20,506,153,3,0,350
2010-07-21,506,153,3,0,350
2010-07-22,506,153,3,0,350
2010-07-23,506,151,5,0,350
2010-07-26,506,154,2,0,350
2010-07-27,506,153,3,0,350
2010-07-28,506,153,3,0,350
2010-07-29,506,153,3,0,350
2010-07-30,506,154,2,0,350
2010-08-02,506,155,1,0,350
2010-08-03,506,155,1,0,350
2010-08-04,506,154,2,0,350
2010-08-05,506,154,2,0,350
2010-08-06,506,153,3,0,350
2010-08-09,506,154,2,0,350
2010-08-10,506,153,3,0,350
2010-08-11,506,153,3,0,350
2010-08-12,506,154,2,0,350
2010-08-13,506,154,2,0,350
2010-08-16,506,153,3,0,350
2010-08-17,506,153,3,0,350
2010-08-18,506,153,3,0,350
2010-08-19,506,154,2,0,350
2010-08-20,506,154,2,0,350
2010-08-23,506,154,2,0,350
2010-08-24,506,153,3,0,350
2010-08-25,506,154,2,0,350
2010-08-26,506,154,2,0,350
2010-08-27,506,153,3,0,350
2010-08-30,506,154,2,0,350
2010-08-31,506,154,2,0,350
2010-09-01,506,154,2,0,350
2010-09-02,506,154,2,0,350
2010-09-03,506,153,3,0,350
2010-09-07,506,153,3,0,350
2010-09-08,506,154,2,0,350
2010-09-09,506,154,2,0,350
2010-09-10,506,153,3,0,350
2010-09-13,506,154,2,0,350
2010-09-14,506,155,1,0,350
2010-09-15,506,154,2,0,350
2010-09-16,506,153,3,0,350
2010-09-17,506,154,2,0,350
2010-09-20,506,152,4,0,350
2010-09-21,506,154,2,0,350
2010-09-22,506,153,3,0,350
2010-09-23,506,155,1,0,350
2010-09-24,506,154,2,0,350
2010-09-27,506,154,2,0,350
2010-09-28,506,154,2,0,350
2010-09-29,506,154,2,0,350
2010-09-30,506,154,2,0,350
2010-10-01,506,153,3,0,350
2010-10-04,506,153,3,0,350
2010-10-05,506,152,4,0,350
2010-10-06,506,154,2,0,350
2010-10-07,506,153,3,0,350
2010-10-08,506,153,3,0,350
2010-10-11,506,155,1,0,350
2010-10-12,506,154,2,0,350
2010-10-13,506,154,2,0,350
2010-10-14,506,154,2,0,350
2010-10-15,506,154,2,0,350
2010-10-18,506,154,2,0,350
2010-10-19,506,154,2,0,350
2010-10-20,506,154,2,0,350
2010-10-21,506,154,2,0,350
2010-10-22,506,154,2,0,350
2010-10-25,506,152,4,0,350
2010-10-26,506,153,3,0,350
2010-10-27,506,153,3,0,350
2010-10-28,506,153,3,0,350
2010-10-29,506,155,1,0,350
2010-11-01,506,154,2,0,350
2010-11-02,506,153,3,0,350
2010-11-03,506,154,2,0,350
2010-11-04,506,154,2,0,350
2010-11-05,506,153,3,0,350
2010-11-08,506,153,3,0,350
2010-11-09,506,153,3,0,350
2010-11-10,506,154,2,0,350
2010-11-11,506,154,2,0,350
2010-11-12,506,152,4,0,350
2010-11-15,506,154,2,0,350
2010-11-16,506,154,2,0,350
2010-11-17,505,152,3,0,350
2010-11-18,505,152,3,0,350
2010-11-19,505,153,2,0,350
2010-11-22,505,153,2,0,350
2010-11-23,505,153,2,0,350
2010-11-24,505,152,3,0,350
2010-11-26,505,153,2,0,350
2010-11-29,505,152,3,0,350
2010-11-30,505,153,2,0,350
2010-12-01,505,153,2,0,350
2010-12-02,505,153,2,0,350
2010-12-03,505,153,2,0,350
2010-12-06,505,153,2,0,350
2010-12-07,505,154,1,0,350
2010-12-08,505,153,2,0,350
2010-12-09,505,154,1,0,350
2010-12-10,505,154,1,0,350
2010-12-13,505,153,2,0,350
2010-12-14,505,153,2,0,350
2010-12-15,505,153,2,0,350
2010-12-16,505,152,3,0,350
2010-12-17,505,154,1,0,350
2010-12-20,505,152,3,0,350
2010-12-21,505,153,2,0,350
2010-12-22,505,153,2,0,350
2010-12-23,505,151,4,0,350
2010-12-27,505,153,2,0,350
2010-12-28,505,154,1,0,350
2010-12-29,505,153,2,0,350
2010-12-30,505,153,2,0,350
2010-12-31,505,153,2,0,350
2011-01-03,505,152,3,0,350
2011-01-04,505,151,4,0,350
2011-01-05,505,151,4,0,350
2011-01-06,505,151,4,0,350
2011-01-07,505,153,2,0,350
2011-01-10,505,151,4,0,350
2011-01-11,505,153,2,0,350
2011-01-12,505,153,2,0,350
2011-01-13,505,152,3,0,350
2011-01-14,505,153,2,0,350
2011-01-18,505,153,2,0,350
2011-01-19,505,154,1,0,350
2011-01-20,505,152,3,0,350
2011-01-21,505,152,3,0,350
2011-01-24,505,152,3,0,350
2011-01-25,505,153,2,0,350
2011-01-26,505,153,2,0,350
2011-01-27,505,154,1,0,350
2011-01-28,505,153,2,0,350
2011-01-31,505,154,1,0,350
2011-02-01,505,153,2,0,350
2011-02-02,505,153,2,0,350
2011-02-03,505,153,2,0,350
2011-02-04,505,154,1,0,350
2011-02-07,505,153,2,0,350
2011-02-08,505,151,4,0,350
2011-02-09,505,154,1,0,350
2011-02-10,505,153,2,0,350
2011-02-11,505,153,2,0,350
2011-02-14,505,153,2,0,350
2011-02-15,505,154,1,0,350
2011-02-16,505,152,3,0,350
2011-02-17,505,151,4,0,350
2011-02-18,505,151,4,0,350
2011-02-22,505,152,3,0,350
2011-02-23,505,153,2,0,350
2011-02-24,505,152,3,0,350
2011-02-25,504,151,3,0,350
2011-02-28,504,151,3,0,350
2011-03-01,504,152,2,0,350
2011-03-02,504,152,2,0,350
2011-03-03,504,150,4,0,350
2011-03-04,504,152,2,0,350
2011-03-07,504,152,2,0,350
2011-03-08,504,154,0,0,350
2011-03-09,504,151,3,0,350
2011-03-10,504,151,3,0,350
2011-03-11,504,151,3,0,350
2011-03-14,504,151,3,0,350
2011-03-15,504,150,4,0,350
2011-03-16,504,151,3,0,350
2011-03-17,504,151,3,0,350
2011-03-18,504,152,2,0,350
2011-03-21,504,151,3,0,350
2011-03-22,504,151,3,0,350
2011-03-23,504,152,2,0,350
2011-03-24,504,151,3,0,350
2011-03-25,504,151,3,0,350
2011-03-28,504,151,3,0,350
2011-03-29,504,152,2,0,350
2011-03-30,504,152,2,0,350
2011-03-31,504,150,3,0,351
2011-04-01,504,150,3,0,351
2011-04-04,504,150,3,0,351
2011-04-05,504,151,2,0,351
2011-04-06,504,148,5,0,351
2011-04-07,504,150,3,0,351
2011-04-08,504,151,2,0,351
2011-04-11,504,151,2,0,351
2011-04-12,504,151,2,0,351
2011-04-13,504,151,2,0,351
2011-04-14,504,151,2,0,351
2011-04-15,504,150,3,0,351
2011-04-18,504,151,2,0,351
2011-04-19,504,150,3,0,351
2011-04-20,504,151,2,0,351
2011-04-21,504,150,3,0,351
2011-04-25,504,151,2,0,351
2011-04-26,504,150,3,0,351
2011-04-27,504,150,2,0,352
2011-04-28,504,149,3,0,352
2011-04-29,504,150,2,0,352
2011-05-02,504,150,2,0,352
2011-05-03,504,151,1,0,352
2011-05-04,504,149,3,0,352
2011-05-05,504,149,3,0,352
2011-05-06,504,150,2,0,352
2011-05-09,504,150,2,0,352
2011-05-10,504,151,1,0,352
2011-05-11,504,149,3,0,352
2011-05-12,504,150,2,0,352
2011-05-13,504,149,3,0,352
2011-05-16,504,150,2,0,352
2011-05-17,504,150,2,0,352
2011-05-18,504,151,1,0,352
2011-05-19,504,149,3,0,352
2011-05-20,504,150,2,0,352
2011-05-23,504,149,3,0,352
2011-05-24,504,150,2,0,352
2011-05-25,504,149,3,0,352
2011-05-26,504,151,1,0,352
2011-05-27,504,150,2,0,352
2011-05-31,504,150,2,0,352
2011-06-01,504,149,3,0,352
2011-06-02,504,150,2,0,352
2011-06-03,504,149,3,0,352
2011-06-06,504,150,2,0,352
2011-06-07,504,149,3,0,352
2011-06-08,504,151,1,0,352
2011-06-09,504,150,2,0,352
2011-06-10,504,149,3,0,352
2011-06-13,504,151,1,0,352
2011-06-14,504,150,2,0,352
2011-06-15,504,149,3,0,352
2011-06-16,504,149,3,0,352
2011-06-17,504,151,1,0,352
2011-06-20,504,150,2,0,352
2011-06-21,504,151,1,0,352
2011-06-22,504,151,1,0,352
2011-06-23,504,150,2,0,352
2011-06-24,504,151,1,0,352
2011-06-27,504,148,4,0,352
2011-06-28,504,150,2,0,352
2011-06-29,504,150,2,0,352
2011-06-30,504,149,3,0,352
2011-07-01,504,149,3,0,352
2011-07-05,504,149,2,0,353
2011-07-06,504,149,2,0,353
2011-07-07,504,148,3,0,353
2011-07-08,504,148,3,0,353
2011-07-11,504,148,3,0,353
2011-07-12,504,149,2,0,353
2011-07-13,504,149,2,0,353
2011-07-14,504,147,4,0,353
2011-07-15,504,148,3,0,353
2011-07-18,504,149,2,0,353
2011-07-19,504,149,2,0,353
2011-07-20,504,148,3,0,353
2011-07-21,504,147,4,0,353
2011-07-22,504,147,4,0,353
2011-07-25,504,148,3,0,353
2011-07-26,504,148,3,0,353
2011-07-27,504,148,3,0,353
2011-07-28,504,149,2,0,353
2011-07-29,504,148,3,0,353
2011-08-01,504,150,1,0,353
2011-08-02,504,148,3,0,353
2011-08-03,504,149,2,0,353
2011-08-04,504,147,4,0,353
2011-08-05,504,148,3,0,353
2011-08-08,504,149,2,0,353
2011-08-09,504,147,4,0,353
2011-08-10,504,147,4,0,353
2011-08-11,504,149,2,0,353
2011-08-12,504,149,2,0,353
2011-08-15,504,149,2,0,353
2011-08-16,504,147,4,0,353
2011-08-17,504,149,2,0,353
2011-08-18,504,147,4,0,353
2011-08-19,504,148,3,0,353
2011-08-22,504,148,3,0,353
2011-08-23,504,148,3,0,353
2011-08-24,504,150,1,0,353
2011-08-25,504,148,3,0,353
2011-08-26,504,148,3,0,353
2011-08-29,504,148,3,0,353
2011-08-30,504,148,3,0,353
2011-08-31,504,149,2,0,353
2011-09-01,504,149,2,0,353
2011-09-02,504,148,3,0,353
2011-09-06,504,148,3,0,353
2011-09-07,504,147,4,0,353
2011-09-08,504,148,3,0,353
2011-09-09,504,148,3,0,353
2011-09-12,504,148,3,0,353
2011-09-13,504,148,3,0,353
2011-09-14,504,149,2,0,353
2011-09-15,504,149,2,0,353
2011-09-16,504,149,2,0,353
2011-09-19,504,148,3,0,353
2011-09-20,504,147,4,0,353
2011-09-21,504,149,2,0,353
2011-09-22,504,149,2,0,353
2011-09-23,504,147,3,0,354
2011-09-26,504,148,2,0,354
2011-09-27,504,147,3,0,354
2011-09-28,504,148,2,0,354
2011-09-29,504,148,2,0,354
2011-09-30,504,147,3,0,354
2011-10-03,504,147,3,0,354
2011-10-04,504,148,2,0,354
2011-10-05,504,147,3,0,354
2011-10-06,504,148,2,0,354
2011-10-07,504,147,3,0,354
2011-10-10,504,148,2,0,354
2011-10-11,504,148,2,0,354
2011-10-12,504,147,3,0,354
2011-10-13,504,148,2,0,354
2011-10-14,504,146,3,0,355
2011-10-17,504,147,2,0,355
2011-10-18,504,146,3,0,355
2011-10-19,504,146,3,0,355
2011-10-20,504,147,2,0,355
2011-10-21,504,147,2,0,355
2011-10-24,504,146,3,0,355
2011-10-25,504,147,2,0,355
2011-10-26,504,146,3,0,355
2011-10-27,504,147,2,0,355
2011-10-28,504,147,2,0,355
2011-10-31,504,147,3,0,354
2011-11-01,504,147,3,0,354
2011-11-02,504,147,3,0,354
2011-11-03,504,146,4,0,354
2011-11-04,504,146,4,0,354
2011-11-07,504,146,4,0,354
2011-11-08,504,147,3,0,354
2011-11-09,504,146,4,0,354
2011-11-10,504,147,3,0,354
2011-11-11,504,146,4,0,354
2011-11-14,504,147,3,0,354
2011-11-15,504,147,3,0,354
2011-11-16,504,147,3,0,354
2011-11-17,504,145,5,0,354
2011-11-18,504,144,5,0,355
2011-11-21,504,144,5,0,355
2011-11-22,504,146,4,0,354
2011-11-23,504,145,5,0,354
2011-11-25,504,145,5,0,354
2011-11-28,504,145,5,0,354
2011-11-29,504,144,6,0,354
2011-11-30,504,143,7,0,354
2011-12-01,504,144,6,0,354
2011-12-02,504,144,6,0,354
2011-12-05,504,143,7,0,354
2011-12-06,504,145,5,0,354
2011-12-07,504,143,7,0,354
2011-12-08,504,145,5,0,354
2011-12-09,504,144,6,0,354
2011-12-12,505,145,6,0,354
2011-12-13,505,146,5,0,354
2011-12-14,505,145,6,0,354
2011-12-15,505,144,7,0,354
2011-12-16,505,141,7,0,357
2011-12-19,505,142,6,0,357
2011-12-20,505,142,7,0,356
2011-12-21,505,141,8,0,356
2011-12-22,505,141,8,0,356
2011-12-23,505,140,9,0,356
2011-12-27,505,141,8,0,356
2011-12-28,505,141,8,0,356
2011-12-29,505,141,8,0,356
2011-12-30,505,140,9,0,356
2012-01-03,505,141,8,0,356
2012-01-04,505,142,7,0,356
2012-01-05,505,142,7,0,356
2012-01-06,505,140,9,0,356
2012-01-09,505,141,8,0,356
2012-01-10,505,142,7,0,356
2012-01-11,505,140,9,0,356
2012-01-12,505,142,7,0,356
2012-01-13,505,142,7,0,356
2012-01-17,505,141,8,0,356
2012-01-18,505,142,7,0,356
2012-01-19,505,141,8,0,356
2012-01-20,505,142,7,0,356
2012-01-23,505,144,5,0,356
2012-01-24,505,143,6,0,356
2012-01-25,505,141,8,0,356
2012-01-26,505,140,9,0,356
2012-01-27,505,142,7,0,356
2012-01-30,505,141,8,0,356
2012-01-31,505,141,8,0,356
2012-02-01,505,142,7,0,356
2012-02-02,505,142,7,0,356
2012-02-03,505,142,7,0,356
2012-02-06,505,142,7,0,356
2012-02-07,505,142,7,0,356
2012-02-08,505,142,7,0,356
2012-02-09,505,141,8,0,356
2012-02-10,505,140,9,0,356
2012-02-13,505,141,8,0,356
2012-02-14,505,141,8,0,356
2012-02-15,505,141,8,0,356
2012-02-16,505,142,7,0,356
2012-02-17,505,142,7,0,356
2012-02-21,505,142,7,0,356
2012-02-22,505,141,8,0,356
2012-02-23,505,142,7,0,356
2012-02-24,505,142,7,0,356
2012-02-27,505,142,7,0,356
2012-02-28,505,141,8,0,356
2012-02-29,505,142,7,0,356
2012-03-01,505,141,8,0,356
2012-03-02,505,142,7,0,356
2012-03-05,505,141,8,0,356
2012-03-06,505,140,9,0,356
2012-03-07,505,141,8,0,356
2012-03-08,505,141,8,0,356
2012-03-09,505,141,8,0,356
2012-03-12,505,141,8,0,356
2012-03-13,505,141,7,0,357
2012-03-14,505,141,7,0,357
2012-03-15,505,141,7,0,357
2012-03-16,505,141,7,0,357
2012-03-19,505,140,8,0,357
2012-03-20,505,140,8,0,357
2012-03-21,505,142,6,0,357
2012-03-22,505,139,9,0,357
2012-03-23,505,140,8,0,357
2012-03-26,505,140,8,0,357
2012-03-27,505,140,8,0,357
2012-03-28,505,140,8,0,357
2012-03-29,505,140,8,0,357
2012-03-30,505,141,7,0,357
2012-04-02,505,141,7,0,357
2012-04-03,505,139,8,0,358
2012-04-04,505,138,9,0,358
2012-04-05,505,140,7,0,358
2012-04-09,505,139,8,0,358
2012-04-10,505,139,8,0,358
2012-04-11,505,138,9,0,358
2012-04-12,505,141,6,0,358
2012-04-13,505,140,7,0,358
2012-04-16,505,139,8,0,358
2012-04-17,505,139,8,0,358
2012-04-18,505,140,7,0,358
2012-04-19,505,140,7,0,358
2012-04-20,505,140,7,0,358
2012-04-23,505,140,8,0,357
2012-04-24,505,140,8,0,357
2012-04-25,505,140,8,0,357
2012-04-26,505,140,8,0,357
2012-04-27,505,139,9,0,357
2012-04-30,505,140,8,0,357
2012-05-01,505,140,8,0,357
2012-05-02,505,140,8,0,357
2012-05-03,505,139,9,0,357
2012-05-04,505,139,9,0,357
2012-05-07,505,140,8,0,357
2012-05-08,505,139,9,0,357
2012-05-09,505,139,9,0,357
2012-05-10,505,139,9,0,357
2012-05-11,505,140,8,0,357
2012-05-14,505,141,7,0,357
2012-05-15,505,139,9,0,357
2012-05-16,505,139,9,0,357
2012-05-17,505,139,8,0,358
2012-05-18,505,138,9,0,358
2012-05-21,505,140,8,0,357
2012-05-22,505,138,10,0,357
2012-05-23,505,138,10,0,357
2012-05-24,505,138,10,0,357
2012-05-25,505,138,10,0,357
2012-05-29,505,138,10,0,357
2012-05-30,505,138,10,0,357
2012-05-31,505,138,10,0,357
2012-06-01,505,138,10,0,357
2012-06-04,505,138,10,0,357
2012-06-05,505,137,10,0,358
2012-06-06,505,136,11,0,358
2012-06-07,505,136,11,0,358
2012-06-08,505,136,11,0,358
2012-06-11,505,136,11,0,358
2012-06-12,505,137,10,0,358
2012-06-13,505,138,9,0,358
2012-06-14,505,137,10,0,358
2012-06-15,505,136,11,0,358
2012-06-18,505,137,10,0,358
2012-06-19,505,135,12,0,358
2012-06-20,505,136,11,0,358
2012-06-21,505,136,11,0,358
2012-06-22,505,136,10,0,359
2012-06-25,505,136,10,0,359
2012-06-26,505,136,10,0,359
2012-06-27,505,137,9,0,359
2012-06-28,505,136,10,0,359
2012-06-29,505,134,11,0,360
2012-07-02,505,136,8,0,361
2012-07-03,505,135,9,0,361
2012-07-05,505,134,10,0,361
2012-07-06,505,134,10,0,361
2012-07-09,505,134,10,0,361
2012-07-10,505,134,10,0,361
2012-07-11,505,135,9,0,361
2012-07-12,505,134,10,0,361
2012-07-13,505,134,10,0,361
2012-07-16,505,133,11,0,361
2012-07-17,505,134,10,0,361
2012-07-18,505,134,10,0,361
2012-07-19,505,133,11,0,361
2012-07-20,505,136,8,0,361
2012-07-23,505,134,10,0,361
2012-07-24,505,134,10,0,361
2012-07-25,505,134,10,0,361
2012-07-26,505,133,11,0,361
2012-07-27,505,134,10,0,361
2012-07-30,505,135,9,0,361
2012-07-31,505,135,9,0,361
2012-08-01,505,135,9,0,361
2012-08-02,505,133,11,0,361
2012-08-03,505,134,10,0,361
2012-08-06,505,134,10,0,361
2012-08-07,505,135,9,0,361
2012-08-08,505,133,11,0,361
2012-08-09,505,133,11,0,361
2012-08-10,505,134,10,0,361
2012-08-13,505,134,10,0,361
2012-08-14,505,134,10,0,361
2012-08-15,505,133,11,0,361
2012-08-16,505,135,9,0,361
2012-08-17,505,135,9,0,361
2012-08-20,505,135,9,0,361
2012-08-21,505,134,10,0,361
2012-08-22,505,133,11,0,361
2012-08-23,505,134,10,0,361
2012-08-24,505,133,11,0,361
2012-08-27,505,133,11,0,361
2012-08-28,505,134,10,0,361
2012-08-29,505,133,11,0,361
2012-08-30,505,134,10,0,361
2012-08-31,505,134,10,0,361
2012-09-04,505,134,10,0,361
2012-09-05,505,132,11,0,362
2012-09-06,505,132,11,0,362
2012-09-07,505,133,10,0,362
2012-09-10,505,133,10,0,362
2012-09-11,505,133,10,0,362
2012-09-12,505,132,11,0,362
2012-09-13,505,132,11,0,362
2012-09-14,505,132,11,0,362
2012-09-17,505,133,10,0,362
2012-09-18,505,133,10,0,362
2012-09-19,505,133,10,0,362
2012-09-20,505,131,12,0,362
2012-09-21,505,132,11,0,362
2012-09-24,505,131,12,0,362
2012-09-25,505,131,12,0,362
2012-09-26,505,132,11,0,362
2012-09-27,505,132,11,0,362
2012-09-28,505,132,11,0,362
2012-10-01,505,132,10,0,363
2012-10-02,505,130,11,0,364
2012-10-03,505,130,11,0,364
2012-10-04,505,129,12,0,364
2012-10-05,505,131,10,0,364
2012-10-08,505,131,10,0,364
2012-10-09,505,129,12,0,364
2012-10-10,505,132,9,0,364
2012-10-11,505,132,8,0,365
2012-10-12,505,131,9,0,365
2012-10-15,505,132,8,0,365
2012-10-16,505,131,9,0,365
2012-10-17,505,130,10,0,365
2012-10-18,505,130,10,0,365
2012-10-19,505,131,9,0,365
2012-10-22,505,131,9,0,365
2012-10-23,505,131,9,0,365
2012-10-24,505,132,8,0,365
2012-10-25,505,131,9,0,365
2012-10-26,505,131,9,0,365
2012-10-31,505,131,9,0,365
2012-11-01,505,131,9,0,365
2012-11-02,505,132,8,0,365
2012-11-05,505,132,8,0,365
2012-11-06,505,130,10,0,365
2012-11-07,505,131,9,0,365
2012-11-08,505,131,9,0,365
2012-11-09,505,131,9,0,365
2012-11-12,505,132,8,0,365
2012-11-13,505,132,8,0,365
2012-11-14,505,131,9,0,365
2012-11-15,505,130,10,0,365
2012-11-16,505,130,10,0,365
2012-11-19,505,130,9,0,366
2012-11-20,505,131,8,0,366
2012-11-21,505,131,8,0,366
2012-11-23,505,131,8,0,366
2012-11-26,505,131,8,0,366
2012-11-27,505,130,9,0,366
2012-11-28,505,131,8,0,366
2012-11-29,505,131,8,0,366
2012-11-30,505,131,8,0,366
2012-12-03,505,131,7,0,367
2012-12-04,505,131,7,0,367
2012-12-05,505,131,7,0,367
2012-12-06,505,132,6,0,367
2012-12-07,505,130,7,0,368
2012-12-10,505,131,6,0,368
2012-12-11,505,130,6,0,369
2012-12-12,505,129,7,0,369
2012-12-13,505,130,6,0,369
2012-12-14,505,130,6,0,369
2012-12-17,505,131,4,0,370
2012-12-18,505,130,5,0,370
2012-12-19,505,130,5,0,370
2012-12-20,505,130,5,0,370
2012-12-21,504,130,4,0,370
2012-12-24,504,131,3,0,370
2012-12-26,504,130,4,0,370
2012-12-27,504,130,4,0,370
2012-12-28,504,129,5,0,370
2012-12-31,504,130,4,0,370
2013-01-02,504,129,5,0,370
2013-01-03,504,128,6,0,370
2013-01-04,504,128,6,0,370
2013-01-07,504,129,5,0,370
2013-01-08,504,128,6,0,370
2013-01-09,504,128,6,0,370
2013-01-10,504,128,6,0,370
2013-01-11,504,128,6,0,370
2013-01-14,504,129,5,0,370
2013-01-15,504,129,5,0,370
2013-01-16,504,129,5,0,370
2013-01-17,504,127,7,0,370
2013-01-18,504,127,7,0,370
2013-01-22,504,128,6,0,370
2013-01-23,504,128,6,0,370
2013-01-24,504,127,7,0,370
2013-01-25,504,127,7,0,370
2013-01-28,504,127,7,0,370
2013-01-29,504,128,6,0,370
2013-01-30,504,128,6,0,370
2013-01-31,504,128,6,0,370
2013-02-01,504,127,7,0,370
2013-02-04,504,128,6,0,370
2013-02-05,504,128,6,0,370
2013-02-06,504,128,6,0,370
2013-02-07,504,127,7,0,370
2013-02-08,504,127,7,0,370
2013-02-11,504,128,6,0,370
2013-02-12,504,128,6,0,370
2013-02-13,504,128,6,0,370
2013-02-14,504,129,5,0,370
2013-02-15,504,127,6,0,371
2013-02-19,504,126,7,0,371
2013-02-20,504,126,7,0,371
2013-02-21,504,126,7,0,371
2013-02-22,504,126,7,0,371
2013-02-25,504,126,7,0,371
2013-02-26,504,126,7,0,371
2013-02-27,504,127,6,0,371
2013-02-28,504,126,7,0,371
2013-03-01,504,126,7,0,371
2013-03-04,504,127,6,0,371
2013-03-05,504,126,7,0,371
2013-03-06,504,126,7,0,371
2013-03-07,504,126,7,0,371
2013-03-08,504,126,7,0,371
2013-03-11,504,127,6,0,371
2013-03-12,504,127,6,0,371
2013-03-13,504,127,6,0,371
2013-03-14,504,127,6,0,371
2013-03-15,504,127,6,0,371
2013-03-18,504,126,7,0,371
2013-03-19,504,127,6,0,371
2013-03-20,504,127,6,0,371
2013-03-21,504,127,6,0,371
2013-03-22,504,127,6,0,371
2013-03-25,504,128,5,0,371
2013-03-26,504,127,6,0,371
2013-03-27,504,128,5,0,371
2013-03-28,504,127,6,0,371
2013-04-01,504,128,5,0,371
2013-04-02,504,127,6,0,371
2013-04-03,504,127,6,0,371
2013-04-04,504,126,7,0,371
2013-04-05,504,127,6,0,371
2013-04-08,504,127,6,0,371
2013-04-09,504,127,6,0,371
2013-04-10,504,127,6,0,371
2013-04-11,504,126,7,0,371
2013-04-12,504,127,6,0,371
2013-04-15,504,126,6,0,372
2013-04-16,504,127,5,0,372
2013-04-17,504,126,6,0,372
2013-04-18,504,126,6,0,372
2013-04-19,504,127,5,0,372
2013-04-22,504,126,6,0,372
2013-04-23,504,127,5,0,372
2013-04-24,504,127,5,0,372
2013-04-25,504,126,6,0,372
2013-04-26,504,129,3,0,372
2013-04-29,504,127,5,0,372
2013-04-30,504,127,4,0,373
2013-05-01,504,128,3,0,373
2013-05-02,504,127,4,0,373
2013-05-03,504,127,4,0,373
2013-05-06,504,126,5,0,373
2013-05-07,504,126,5,0,373
2013-05-08,504,125,5,0,374
2013-05-09,504,125,5,0,374
2013-05-10,504,125,5,0,374
2013-05-13,504,126,4,0,374
2013-05-14,504,125,5,0,374
2013-05-15,504,124,6,0,374
2013-05-16,504,125,5,0,374
2013-05-17,504,126,4,0,374
2013-05-20,504,126,4,0,374
2013-05-21,504,125,4,0,375
2013-05-22,504,125,4,0,375
2013-05-23,504,126,3,0,375
2013-05-24,504,125,4,0,375
2013-05-28,504,124,5,0,375
2013-05-29,504,125,4,0,375
2013-05-30,504,125,4,0,375
2013-05-31,504,124,5,0,375
2013-06-03,504,126,3,0,375
2013-06-04,504,126,3,0,375
2013-06-05,504,125,4,0,375
2013-06-06,504,124,4,0,376
2013-06-07,504,124,4,0,376
2013-06-10,504,125,3,0,376
2013-06-11,504,123,5,0,376
2013-06-12,504,123,5,0,376
2013-06-13,504,124,4,0,376
2013-06-14,504,124,4,0,376
2013-06-17,504,124,4,0,376
2013-06-18,504,124,4,0,376
2013-06-19,504,125,3,0,376
2013-06-20,504,123,5,0,376
2013-06-21,504,124,5,0,375
2013-06-24,504,123,6,0,375
2013-06-25,504,123,6,0,375
2013-06-26,504,124,5,0,375
2013-06-27,504,124,5,0,375
2013-06-28,504,124,5,0,375
2013-07-01,504,125,4,0,375
2013-07-02,504,123,6,0,375
2013-07-03,504,124,5,0,375
2013-07-05,504,123,6,0,375
2013-07-08,504,124,5,0,375
2013-07-09,504,122,7,0,375
2013-07-10,504,123,6,0,375
2013-07-11,504,124,5,0,375
2013-07-12,504,123,6,0,375
2013-07-15,504,123,6,0,375
2013-07-16,504,122,7,0,375
2013-07-17,504,123,6,0,375
2013-07-18,504,122,7,0,375
2013-07-19,504,124,5,0,375
2013-07-22,504,124,5,0,375
2013-07-23,504,123,6,0,375
2013-07-24,504,124,5,0,375
2013-07-25,504,122,7,0,375
2013-07-26,504,123,6,0,375
2013-07-29,504,124,5,0,375
2013-07-30,504,124,5,0,375
2013-07-31,504,123,6,0,375
2013-08-01,504,123,6,0,375
2013-08-02,504,124,5,0,375
2013-08-05,504,124,5,0,375
2013-08-06,504,123,6,0,375
2013-08-07,504,123,6,0,375
2013-08-08,504,123,6,0,375
2013-08-09,504,124,5,0,375
2013-08-12,504,124,5,0,375
2013-08-13,504,123,6,0,375
2013-08-14,504,122,7,0,375
2013-08-15,504,123,6,0,375
2013-08-16,504,124,5,0,375
2013-08-19,504,123,6,0,375
2013-08-20,504,123,6,0,375
2013-08-21,504,123,6,0,375
2013-08-22,504,123,6,0,375
2013-08-23,504,124,5,0,375
2013-08-26,504,123,6,0,375
2013-08-27,504,123,6,0,375
2013-08-28,504,122,7,0,375
2013-08-29,504,123,6,0,375
2013-08-30,504,123,6,0,375
2013-09-03,504,124,5,0,375
2013-09-04,504,123,6,0,375
2013-09-05,504,123,6,0,375
2013-09-06,504,124,5,0,375
2013-09-09,504,123,6,0,375
2013-09-10,504,123,5,0,376
2013-09-11,504,123,5,0,376
2013-09-12,504,122,6,0,376
2013-09-13,504,123,5,0,376
2013-09-16,504,123,5,0,376
2013-09-17,504,123,5,0,376
2013-09-18,504,123,5,0,376
2013-09-19,504,124,4,0,376
2013-09-20,504,122,5,0,377
2013-09-23,504,122,5,0,377
2013-09-24,504,122,5,0,377
2013-09-25,504,122,5,0,377
2013-09-26,504,122,5,0,377
2013-09-27,504,122,5,0,377
2013-09-30,504,122,5,0,377
2013-10-01,504,123,4,0,377
2013-10-02,504,123,4,0,377
2013-10-03,504,122,5,0,377
2013-10-04,504,122,5,0,377
2013-10-07,504,122,5,0,377
2013-10-08,504,121,6,0,377
2013-10-09,504,122,5,0,377
2013-10-10,504,122,5,0,377
2013-10-11,504,122,5,0,377
2013-10-14,504,123,4,0,377
2013-10-15,504,122,5,0,377
2013-10-16,504,122,5,0,377
2013-10-17,504,122,5,0,377
2013-10-18,504,122,5,0,377
2013-10-21,504,122,5,0,377
2013-10-22,504,122,5,0,377
2013-10-23,504,122,5,0,377
2013-10-24,504,123,4,0,377
2013-10-25,504,122,5,0,377
2013-10-28,504,122,5,0,377
2013-10-29,504,122,4,0,378
2013-10-30,504,120,6,0,378
2013-10-31,504,121,5,0,378
2013-11-01,504,121,5,0,378
2013-11-04,504,121,5,0,378
2013-11-05,504,122,4,0,378
2013-11-06,504,121,5,0,378
2013-11-07,504,121,5,0,378
2013-11-08,504,121,5,0,378
2013-11-11,504,122,4,0,378
2013-11-12,504,121,5,0,378
2013-11-13,503,119,6,0,378
2013-11-14,503,120,5,0,378
2013-11-15,503,120,5,0,378
2013-11-18,503,121,4,0,378
2013-11-19,503,120,5,0,378
2013-11-20,503,121,4,0,378
2013-11-21,503,121,4,0,378
2013-11-22,503,120,5,0,378
2013-11-25,503,120,5,0,378
2013-11-26,503,120,5,0,378
2013-11-27,503,120,5,0,378
2013-11-29,503,121,5,0,377
2013-12-02,503,119,7,0,377
2013-12-03,503,119,7,0,377
2013-12-04,503,119,7,0,377
2013-12-05,503,119,7,0,377
2013-12-06,503,120,6,0,377
2013-12-09,503,120,7,0,376
2013-12-10,503,120,7,0,376
2013-12-11,503,120,7,0,376
2013-12-12,503,120,7,0,376
2013-12-13,503,120,7,0,376
2013-12-16,503,119,8,0,376
2013-12-17,503,120,7,0,376
2013-12-18,503,120,7,0,376
2013-12-19,503,120,7,0,376
2013-12-20,503,120,7,0,376
2013-12-23,502,120,7,0,375
2013-12-24,502,120,7,0,375
2013-12-26,502,121,6,0,375
2013-12-27,502,120,7,0,375
2013-12-30,502,120,7,0,375
2013-12-31,502,119,7,0,376
2014-01-02,502,119,7,0,376
2014-01-03,502,120,6,0,376
2014-01-06,502,120,6,0,376
2014-01-07,502,120,6,0,376
2014-01-08,502,121,5,0,376
2014-01-09,502,121,5,0,376
2014-01-10,502,120,6,0,376
2014-01-13,502,120,6,0,376
2014-01-14,502,119,7,0,376
2014-01-15,502,119,7,0,376
2014-01-16,502,119,7,0,376
2014-01-17,502,119,7,0,376
2014-01-21,502,120,6,0,376
2014-01-22,502,120,6,0,376
2014-01-23,502,120,6,0,376
2014-01-24,502,119,6,0,377
2014-01-27,502,119,6,0,377
2014-01-28,502,120,5,0,377
2014-01-29,502,120,5,0,377
2014-01-30,502,120,5,0,377
2014-01-31,502,119,5,0,378
2014-02-03,502,121,3,0,378
2014-02-04,502,119,5,0,378
2014-02-05,502,120,4,0,378
2014-02-06,502,119,5,0,378
2014-02-07,502,119,5,0,378
2014-02-10,502,120,4,0,378
2014-02-11,502,119,5,0,378
2014-02-12,502,119,5,0,378
2014-02-13,502,119,5,0,378
2014-02-14,502,120,4,0,378
2014-02-18,502,120,4,0,378
2014-02-19,502,120,4,0,378
2014-02-20,502,119,5,0,378
2014-02-21,502,119,5,0,378
2014-02-24,502,119,5,0,378
2014-02-25,502,119,5,0,378
2014-02-26,502,119,5,0,378
2014-02-27,502,119,5,0,378
2014-02-28,502,119,5,0,378
2014-03-03,502,119,5,0,378
2014-03-04,502,118,6,0,378
2014-03-05,502,119,5,0,378
2014-03-06,502,119,5,0,378
2014-03-07,502,118,6,0,378
2014-03-10,502,119,5,0,378
2014-03-11,502,119,5,0,378
2014-03-12,502,118,6,0,378
2014-03-13,502,119,5,0,378
2014-03-14,502,118,6,0,378
2014-03-17,502,119,5,0,378
2014-03-18,502,119,5,0,378
2014-03-19,502,118,6,0,378
2014-03-20,502,120,4,0,378
2014-03-21,502,120,4,0,378
2014-03-24,502,118,6,0,378
2014-03-25,502,120,4,0,378
2014-03-26,502,119,5,0,378
2014-03-27,502,120,4,0,378
2014-03-28,502,120,4,0,378
2014-03-31,502,119,5,0,378
2014-04-01,502,119,5,0,378
2014-04-02,502,119,5,0,378
2014-04-03,503,118,6,0,379
2014-04-04,503,119,5,0,379
2014-04-07,503,119,5,0,379
2014-04-08,503,119,5,0,379
2014-04-09,503,121,3,0,379
2014-04-10,503,119,5,0,379
2014-04-11,503,120,4,0,379
2014-04-14,503,120,4,0,379
2014-04-15,503,120,4,0,379
2014-04-16,503,119,5,0,379
2014-04-17,503,119,5,0,379
2014-04-21,503,119,5,0,379
2014-04-22,503,121,3,0,379
2014-04-23,503,119,5,0,379
2014-04-24,503,120,4,0,379
2014-04-25,503,120,4,0,379
2014-04-28,503,118,6,0,379
2014-04-29,503,119,5,0,379
2014-04-30,503,119,5,0,379
2014-05-01,502,119,5,0,378
2014-05-02,502,120,4,0,378
2014-05-05,502,118,6,0,378
2014-05-06,502,118,6,0,378
2014-05-07,502,118,6,0,378
2014-05-08,502,117,6,0,379
2014-05-09,502,117,6,0,379
2014-05-12,502,117,6,0,379
2014-05-13,502,117,6,0,379
2014-05-14,502,117,6,0,379
2014-05-15,502,117,6,0,379
2014-05-16,502,117,6,0,379
2014-05-19,502,118,5,0,379
2014-05-20,502,117,6,0,379
2014-05-21,502,118,5,0,379
2014-05-22,502,117,6,0,379
2014-05-23,502,116,7,0,379
2014-05-27,502,116,7,0,379
2014-05-28,502,116,7,0,379
2014-05-29,502,118,5,0,379
2014-05-30,502,117,6,0,379
2014-06-02,502,117,6,0,379
2014-06-03,502,117,6,0,379
2014-06-04,502,117,6,0,379
2014-06-05,502,117,6,0,379
2014-06-06,502,117,6,0,379
2014-06-09,502,117,6,0,379
2014-06-10,502,118,5,0,379
2014-06-11,502,118,5,0,379
2014-06-12,502,118,5,0,379
2014-06-13,502,118,5,0,379
2014-06-16,502,117,6,0,379
2014-06-17,502,117,6,0,379
2014-06-18,502,117,5,0,380
2014-06-19,502,117,5,0,380
2014-06-20,502,117,5,0,380
2014-06-23,502,117,5,0,380
2014-06-24,502,117,5,0,380
2014-06-25,502,118,4,0,380
2014-06-26,502,117,5,0,380
2014-06-27,502,117,5,0,380
2014-06-30,502,117,5,0,380
2014-07-01,502,117,4,0,381
2014-07-02,502,115,5,0,382
2014-07-03,502,115,5,0,382
2014-07-07,502,115,5,0,382
2014-07-08,502,114,6,0,382
2014-07-09,502,115,5,0,382
2014-07-10,502,114,6,0,382
2014-07-11,502,115,5,0,382
2014-07-14,502,116,4,0,382
2014-07-15,502,115,5,0,382
2014-07-16,502,115,5,0,382
2014-07-17,502,115,5,0,382
2014-07-18,502,116,4,0,382
2014-07-21,502,115,5,0,382
2014-07-22,502,115,5,0,382
2014-07-23,502,115,5,0,382
2014-07-24,502,115,5,0,382
2014-07-25,502,115,5,0,382
2014-07-28,502,115,5,0,382
2014-07-29,502,115,5,0,382
2014-07-30,502,115,5,0,382
2014-07-31,502,115,5,0,382
2014-08-01,502,115,5,0,382
2014-08-04,502,116,4,0,382
2014-08-05,502,114,6,0,382
2014-08-06,503,116,5,0,382
2014-08-07,503,116,5,0,382
2014-08-08,503,117,4,0,382
2014-08-11,503,116,5,0,382
2014-08-12,503,116,5,0,382
2014-08-13,503,115,6,0,382
2014-08-14,503,117,4,0,382
2014-08-15,503,117,4,0,382
2014-08-18,503,116,5,0,382
2014-08-19,503,116,5,0,382
2014-08-20,503,115,6,0,382
2014-08-21,503,116,5,0,382
2014-08-22,503,115,6,0,382
2014-08-25,503,116,5,0,382
2014-08-26,503,117,4,0,382
2014-08-27,503,116,5,0,382
2014-08-28,503,116,5,0,382
2014-08-29,503,116,5,0,382
2014-09-02,503,117,4,0,382
2014-09-03,503,116,5,0,382
2014-09-04,503,116,5,0,382
2014-09-05,503,116,5,0,382
2014-09-08,503,115,6,0,382
2014-09-09,503,117,4,0,382
2014-09-10,503,116,5,0,382
2014-09-11,503,116,5,0,382
2014-09-12,503,117,4,0,382
2014-09-15,503,116,5,0,382
2014-09-16,503,116,5,0,382
2014-09-17,503,116,5,0,382
2014-09-18,503,117,4,0,382
2014-09-19,503,116,5,0,382
2014-09-22,503,115,4,0,384
2014-09-23,503,115,4,0,384
2014-09-24,503,114,5,0,384
2014-09-25,503,116,3,0,384
2014-09-26,503,115,4,0,384
2014-09-29,503,115,4,0,384
2014-09-30,503,116,3,0,384
2014-10-01,503,115,4,0,384
2014-10-02,503,115,4,0,384
2014-10-03,503,115,4,0,384
2014-10-06,503,115,4,0,384
2014-10-07,503,115,4,0,384
2014-10-08,503,116,3,0,384
2014-10-09,503,116,3,0,384
2014-10-10,503,114,5,0,384
2014-10-13,503,116,3,0,384
2014-10-14,503,114,5,0,384
2014-10-15,503,115,4,0,384
2014-10-16,503,115,4,0,384
2014-10-17,503,115,4,0,384
2014-10-20,503,115,4,0,384
2014-10-21,503,115,4,0,384
2014-10-22,503,115,4,0,384
2014-10-23,503,115,4,0,384
2014-10-24,503,115,4,0,384
2014-10-27,503,116,3,0,384
2014-10-28,503,115,4,0,384
2014-10-29,503,115,4,0,384
2014-10-30,503,115,4,0,384
2014-10-31,503,114,5,0,384
2014-11-03,503,115,4,0,384
2014-11-04,503,115,4,0,384
2014-11-05,503,116,4,0,383
2014-11-06,503,116,4,0,383
2014-11-07,503,116,4,0,383
2014-11-10,503,116,4,0,383
2014-11-11,503,116,4,0,383
2014-11-12,503,116,4,0,383
2014-11-13,503,116,4,0,383
2014-11-14,503,116,4,0,383
2014-11-17,503,116,3,0,384
2014-11-18,503,117,2,0,384
2014-11-19,503,116,3,0,384
2014-11-20,503,116,3,0,384
2014-11-21,503,116,3,0,384
2014-11-24,503,116,3,0,384
2014-11-25,503,116,3,0,384
2014-11-26,503,116,3,0,384
2014-11-28,503,117,2,0,384
2014-12-01,503,116,3,0,384
2014-12-02,503,116,3,0,384
2014-12-03,503,115,4,0,384
2014-12-04,503,116,3,0,384
2014-12-05,504,116,3,0,385
2014-12-08,504,115,4,0,385
2014-12-09,504,116,3,0,385
2014-12-10,504,116,3,0,385
2014-12-11,504,115,4,0,385
2014-12-12,504,115,4,0,385
2014-12-15,504,115,4,0,385
2014-12-16,504,116,3,0,385
2014-12-17,504,116,3,0,385
2014-12-18,504,115,4,0,385
2014-12-19,504,116,3,0,385
2014-12-22,504,116,3,0,385
2014-12-23,504,116,3,0,385
2014-12-24,504,115,4,0,385
2014-12-26,504,117,2,0,385
2014-12-29,504,115,4,0,385
2014-12-30,504,116,3,0,385
2014-12-31,504,115,4,0,385
2015-01-02,504,116,3,0,385
2015-01-05,504,115,4,0,385
2015-01-06,504,115,4,0,385
2015-01-07,504,114,5,0,385
2015-01-08,504,115,4,0,385
2015-01-09,504,116,3,0,385
2015-01-12,504,115,4,0,385
2015-01-13,504,115,4,0,385
2015-01-14,504,115,4,0,385
2015-01-15,504,115,4,0,385
2015-01-16,504,115,4,0,385
2015-01-20,504,115,4,0,385
2015-01-21,504,115,4,0,385
2015-01-22,504,115,4,0,385
2015-01-23,504,115,4,0,385
2015-01-26,504,115,4,0,385
2015-01-27,504,114,4,0,386
2015-01-28,504,113,5,0,386
2015-01-29,504,114,4,0,386
2015-01-30,504,114,4,0,386
2015-02-02,504,115,3,0,386
2015-02-03,504,114,4,0,386
2015-02-04,504,114,4,0,386
2015-02-05,504,114,4,0,386
2015-02-06,504,114,4,0,386
2015-02-09,504,114,4,0,386
2015-02-10,504,115,3,0,386
2015-02-11,504,113,5,0,386
2015-02-12,504,114,4,0,386
2015-02-13,504,114,4,0,386
2015-02-17,504,114,4,0,386
2015-02-18,504,115,3,0,386
2015-02-19,504,115,3,0,386
2015-02-20,504,116,2,0,386
2015-02-23,504,115,3,0,386
2015-02-24,504,115,3,0,386
2015-02-25,504,114,4,0,386
2015-02-26,504,114,4,0,386
2015-02-27,504,113,5,0,386
2015-03-02,504,114,4,0,386
2015-03-03,504,114,4,0,386
2015-03-04,504,115,3,0,386
2015-03-05,504,115,3,0,386
2015-03-06,504,113,5,0,386
2015-03-09,504,114,4,0,386
2015-03-10,504,114,4,0,386
2015-03-11,504,113,5,0,386
2015-03-12,504,113,4,0,387
2015-03-13,504,112,5,0,387
2015-03-16,504,113,4,0,387
2015-03-17,504,113,4,0,387
2015-03-18,504,112,4,0,388
2015-03-19,504,113,3,0,388
2015-03-20,504,112,4,0,388
2015-03-23,505,111,4,0,390
2015-03-24,505,111,4,0,390
2015-03-25,505,111,4,0,390
2015-03-26,505,111,4,0,390
2015-03-27,505,111,4,0,390
2015-03-30,505,111,4,0,390
2015-03-31,505,111,4,0,390
2015-04-01,505,112,3,0,390
2015-04-02,505,110,5,0,390
2015-04-06,505,111,4,0,390
2015-04-07,505,110,4,0,391
2015-04-08,505,110,4,0,391
2015-04-09,505,110,4,0,391
2015-04-10,505,110,4,0,391
2015-04-13,505,110,4,0,391
2015-04-14,505,110,4,0,391
2015-04-15,505,109,5,0,391
2015-04-16,505,109,5,0,391
2015-04-17,505,109,4,0,392
2015-04-20,505,110,3,0,392
2015-04-21,505,111,2,0,392
2015-04-22,505,109,4,0,392
2015-04-23,505,110,3,0,392
2015-04-24,505,110,3,0,392
2015-04-27,505,110,3,0,392
2015-04-28,505,110,3,0,392
2015-04-29,505,110,3,0,392
2015-04-30,505,110,3,0,392
2015-05-01,505,111,2,0,392
2015-05-04,505,110,3,0,392
2015-05-05,505,110,3,0,392
2015-05-06,505,111,2,0,392
2015-05-07,505,110,3,0,392
2015-05-08,505,110,3,0,392
2015-05-11,505,110,3,0,392
2015-05-12,505,110,3,0,392
2015-05-13,505,109,4,0,392
2015-05-14,505,110,3,0,392
2015-05-15,505,110,3,0,392
2015-05-18,505,110,3,0,392
2015-05-19,505,109,4,0,392
2015-05-20,505,110,3,0,392
2015-05-21,505,110,3,0,392
2015-05-22,505,110,3,0,392
2015-05-26,505,110,3,0,392
2015-05-27,505,109,4,0,392
2015-05-28,505,110,3,0,392
2015-05-29,505,110,3,0,392
2015-06-01,505,110,3,0,392
2015-06-02,505,110,3,0,392
2015-06-03,505,110,3,0,392
2015-06-04,505,110,3,0,392
2015-06-05,505,110,3,0,392
2015-06-08,505,110,3,0,392
2015-06-09,505,110,3,0,392
2015-06-10,505,109,4,0,392
2015-06-11,505,109,4,0,392
2015-06-12,505,108,5,0,392
2015-06-15,505,109,4,0,392
2015-06-16,505,109,4,0,392
2015-06-17,505,109,4,0,392
2015-06-18,505,110,3,0,392
2015-06-19,505,109,4,0,392
2015-06-22,505,109,4,0,392
2015-06-23,505,110,3,0,392
2015-06-24,505,109,4,0,392
2015-06-25,505,109,4,0,392
2015-06-26,505,109,4,0,392
2015-06-29,505,109,4,0,392
2015-06-30,505,110,3,0,392
2015-07-01,505,109,3,0,393
2015-07-02,505,109,4,0,392
2015-07-06,505,108,5,0,392
2015-07-07,505,108,5,0,392
2015-07-08,505,107,5,0,393
2015-07-09,505,108,4,0,393
2015-07-10,505,108,4,0,393
2015-07-13,505,106,6,0,393
2015-07-14,505,107,5,0,393
2015-07-15,505,107,5,0,393
2015-07-16,505,105,7,0,393
2015-07-17,505,106,6,0,393
2015-07-20,505,105,7,0,393
2015-07-21,505,105,7,0,393
2015-07-22,505,105,7,0,393
2015-07-23,505,105,7,0,393
2015-07-24,505,105,7,0,393
2015-07-27,505,105,7,0,393
2015-07-28,505,105,7,0,393
2015-07-29,505,104,7,0,394
2015-07-30,505,104,7,0,394
2015-07-31,505,105,6,0,394
2015-08-03,505,105,6,0,394
2015-08-04,505,104,7,0,394
2015-08-05,505,104,7,0,394
2015-08-06,505,104,7,0,394
2015-08-07,505,104,7,0,394
2015-08-10,505,104,7,0,394
2015-08-11,505,105,6,0,394
2015-08-12,505,105,6,0,394
2015-08-13,505,105,6,0,394
2015-08-14,505,104,7,0,394
2015-08-17,505,105,6,0,394
2015-08-18,505,103,8,0,394
2015-08-19,505,104,7,0,394
2015-08-20,505,104,7,0,394
2015-08-21,505,104,7,0,394
2015-08-24,505,104,7,0,394
2015-08-25,505,104,7,0,394
2015-08-26,505,103,8,0,394
2015-08-27,505,104,7,0,394
2015-08-28,505,104,7,0,394
2015-08-31,505,104,7,0,394
2015-09-01,505,104,7,0,394
2015-09-02,505,105,5,0,395
2015-09-03,505,103,7,0,395
2015-09-04,505,104,6,0,395
2015-09-08,505,103,7,0,395
2015-09-09,505,104,6,0,395
2015-09-10,505,103,7,0,395
2015-09-11,505,103,7,0,395
2015-09-14,505,104,6,0,395
2015-09-15,505,104,6,0,395
2015-09-16,505,103,7,0,395
2015-09-17,505,103,7,0,395
2015-09-18,507,104,7,0,396
2015-09-21,507,105,6,0,396
2015-09-22,507,104,7,0,396
2015-09-23,507,104,7,0,396
2015-09-24,507,104,7,0,396
2015-09-25,507,105,6,0,396
2015-09-28,507,104,7,0,396
2015-09-29,507,104,7,0,396
2015-09-30,507,104,7,0,396
2015-10-01,507,105,6,0,396
2015-10-02,507,106,5,0,396
2015-10-05,507,105,6,0,396
2015-10-06,507,105,6,0,396
2015-10-07,507,104,6,0,397
2015-10-08,507,104,6,0,397
2015-10-09,507,104,6,0,397
2015-10-12,507,105,5,0,397
2015-10-13,507,104,6,0,397
2015-10-14,507,104,6,0,397
2015-10-15,507,104,6,0,397
2015-10-16,507,104,6,0,397
2015-10-19,507,103,7,0,397
2015-10-20,507,104,6,0,397
2015-10-21,507,104,6,0,397
2015-10-22,507,104,6,0,397
2015-10-23,507,104,6,0,397
2015-10-26,507,103,7,0,397
2015-10-27,507,103,7,0,397
2015-10-28,507,103,7,0,397
2015-10-29,507,104,6,0,397
2015-10-30,507,104,6,0,397
2015-11-02,507,102,8,0,397
2015-11-03,507,102,8,0,397
2015-11-04,507,102,8,0,397
2015-11-05,507,103,7,0,397
2015-11-06,507,102,8,0,397
2015-11-09,507,103,7,0,397
2015-11-10,507,104,6,0,397
2015-11-11,507,103,7,0,397
2015-11-12,507,103,7,0,397
2015-11-13,507,103,7,0,397
2015-11-16,507,102,8,0,397
2015-11-17,507,103,7,0,397
2015-11-18,507,103,7,0,397
2015-11-19,507,103,6,0,398
2015-11-20,507,102,7,0,398
2015-11-23,507,102,7,0,398
2015-11-24,507,103,6,0,398
2015-11-25,507,101,8,0,398
2015-11-27,507,102,7,0,398
2015-11-30,507,102,7,0,398
2015-12-01,507,102,7,0,398
2015-12-02,507,102,7,0,398
2015-12-03,507,102,7,0,398
2015-12-04,507,102,7,0,398
2015-12-07,507,103,6,0,398
2015-12-08,507,102,7,0,398
2015-12-09,507,101,8,0,398
2015-12-10,507,102,7,0,398
2015-12-11,507,101,8,0,398
2015-12-14,507,101,8,0,398
2015-12-15,506,101,7,0,398
2015-12-16,506,102,6,0,398
2015-12-17,506,101,7,0,398
2015-12-18,506,100,8,0,398
2015-12-21,506,100,8,0,398
2015-12-22,506,100,8,0,398
2015-12-23,506,100,8,0,398
2015-12-24,506,100,8,0,398
2015-12-28,506,100,8,0,398
2015-12-29,506,98,9,0,399
2015-12-30,506,99,8,0,399
2015-12-31,506,99,7,0,400
2016-01-04,506,99,7,0,400
2016-01-05,505,99,7,0,399
2016-01-06,505,99,7,0,399
2016-01-07,505,99,7,0,399
2016-01-08,505,99,7,0,399
2016-01-11,505,99,7,0,399
2016-01-12,505,99,7,0,399
2016-01-13,505,99,7,0,399
2016-01-14,505,99,7,0,399
2016-01-15,505,99,7,0,399
2016-01-19,505,99,6,0,400
2016-01-20,505,99,6,0,400
2016-01-21,505,98,7,0,400
2016-01-22,505,98,7,0,400
2016-01-25,505,98,7,0,400
2016-01-26,505,98,7,0,400
2016-01-27,505,99,6,0,400
2016-01-28,505,98,7,0,400
2016-01-29,505,98,7,0,400
2016-02-01,505,96,7,0,402
2016-02-02,505,95,8,0,402
2016-02-03,505,97,6,0,402
2016-02-04,505,96,7,0,402
2016-02-05,505,98,5,0,402
2016-02-08,505,96,7,0,402
2016-02-09,505,97,6,0,402
2016-02-10,505,96,7,0,402
2016-02-11,505,98,5,0,402
2016-02-12,505,96,7,0,402
2016-02-16,505,96,7,0,402
2016-02-17,505,96,7,0,402
2016-02-18,505,96,7,0,402
2016-02-19,505,97,6,0,402
2016-02-22,505,97,6,0,402
2016-02-23,505,95,8,0,402
2016-02-24,505,96,7,0,402
2016-02-25,505,95,8,0,402
2016-02-26,505,96,7,0,402
2016-02-29,505,96,7,0,402
2016-03-01,505,96,7,0,402
2016-03-02,505,96,7,0,402
2016-03-03,505,96,7,0,402
2016-03-04,505,96,7,0,402
2016-03-07,505,94,8,0,403
2016-03-08,505,95,7,0,403
2016-03-09,505,94,8,0,403
2016-03-10,505,96,6,0,403
2016-03-11,505,95,7,0,403
2016-03-14,505,94,8,0,403
2016-03-15,505,95,7,0,403
2016-03-16,505,95,7,0,403
2016-03-17,505,96,6,0,403
2016-03-18,505,95,7,0,403
2016-03-21,505,94,8,0,403
2016-03-22,505,95,7,0,403
2016-03-23,505,94,8,0,403
2016-03-24,505,96,6,0,403
2016-03-28,505,94,8,0,403
2016-03-29,505,95,7,0,403
2016-03-30,505,94,7,0,404
2016-03-31,505,93,8,0,404
2016-04-01,505,95,6,0,404
2016-04-04,505,94,7,0,404
2016-04-05,505,93,8,0,404
2016-04-06,505,94,7,0,404
2016-04-07,505,95,6,0,404
2016-04-08,506,93,9,0,404
2016-04-11,506,95,7,0,404
2016-04-12,506,95,7,0,404
2016-04-13,506,94,8,0,404
2016-04-14,506,95,7,0,404
2016-04-15,506,94,8,0,404
2016-04-18,506,95,7,0,404
2016-04-19,506,93,9,0,404
2016-04-20,506,94,8,0,404
2016-04-21,506,94,8,0,404
2016-04-22,506,93,9,0,404
2016-04-25,506,94,8,0,404
2016-04-26,506,94,8,0,404
2016-04-27,506,94,8,0,404
2016-04-28,506,94,8,0,404
2016-04-29,506,94,8,0,404
2016-05-02,506,96,6,0,404
2016-05-03,506,94,7,0,405
2016-05-04,506,93,8,0,405
2016-05-05,506,93,8,0,405
2016-05-06,506,93,8,0,405
2016-05-09,506,93,8,0,405
2016-05-10,506,93,8,0,405
2016-05-11,506,94,7,0,405
2016-05-12,506,94,7,0,405
2016-05-13,506,92,8,0,406
2016-05-16,506,92,8,0,406
2016-05-17,506,92,8,0,406
2016-05-18,506,92,7,0,407
2016-05-19,506,90,9,0,407
2016-05-20,506,92,7,0,407
2016-05-23,506,91,7,0,408
2016-05-24,506,90,8,0,408
2016-05-25,506,90,8,0,408
2016-05-26,506,89,9,0,408
2016-05-27,506,90,8,0,408
2016-05-31,506,89,8,0,409
2016-06-01,506,89,8,0,409
2016-06-02,506,89,8,0,409
2016-06-03,506,88,8,0,410
2016-06-06,506,87,9,0,410
2016-06-07,506,88,8,0,410
2016-06-08,506,88,8,0,410
2016-06-09,506,88,8,0,410
2016-06-10,506,88,8,0,410
2016-06-13,506,87,9,0,410
2016-06-14,506,87,9,0,410
2016-06-15,506,87,9,0,410
2016-06-16,506,89,7,0,410
2016-06-17,506,89,7,0,410
2016-06-20,506,88,8,0,410
2016-06-21,506,88,8,0,410
2016-06-22,506,88,8,0,410
2016-06-23,506,87,9,0,410
2016-06-24,506,87,9,0,410
2016-06-27,506,88,8,0,410
2016-06-28,506,89,7,0,410
2016-06-29,506,89,7,0,410
2016-06-30,506,88,8,0,410
2016-07-01,506,87,5,0,414
2016-07-05,506,85,7,0,414
2016-07-06,506,85,7,0,414
2016-07-07,506,85,7,0,414
2016-07-08,506,85,7,0,414
2016-07-11,506,84,8,0,414
2016-07-12,506,85,7,0,414
2016-07-13,506,84,8,0,414
2016-07-14,506,84,7,0,415
2016-07-15,506,85,6,0,415
2016-07-18,506,85,6,0,415
2016-07-19,506,86,5,0,415
2016-07-20,506,85,6,0,415
2016-07-21,506,85,6,0,415
2016-07-22,506,85,6,0,415
2016-07-25,506,86,5,0,415
2016-07-26,506,85,6,0,415
2016-07-27,506,86,5,0,415
2016-07-28,506,85,6,0,415
2016-07-29,506,85,6,0,415
2016-08-01,506,86,5,0,415
2016-08-02,506,85,6,0,415
2016-08-03,506,85,6,0,415
2016-08-04,506,86,5,0,415
2016-08-05,506,86,5,0,415
2016-08-08,506,86,5,0,415
2016-08-09,506,85,6,0,415
2016-08-10,506,85,6,0,415
2016-08-11,506,85,6,0,415
2016-08-12,506,86,5,0,415
2016-08-15,506,85,6,0,415
2016-08-16,506,85,6,0,415
2016-08-17,506,85,6,0,415
2016-08-18,506,85,6,0,415
2016-08-19,506,85,6,0,415
2016-08-22,506,85,6,0,415
2016-08-23,506,86,5,0,415
2016-08-24,506,85,6,0,415
2016-08-25,506,85,6,0,415
2016-08-26,506,85,6,0,415
2016-08-29,506,86,5,0,415
2016-08-30,506,85,6,0,415
2016-08-31,506,85,6,0,415
2016-09-01,506,86,5,0,415
2016-09-02,506,86,5,0,415
2016-09-06,506,83,7,0,416
2016-09-07,506,84,6,0,416
2016-09-08,506,83,6,0,417
2016-09-09,506,83,6,0,417
2016-09-12,506,83,6,0,417
2016-09-13,506,83,6,0,417
2016-09-14,506,83,6,0,417
2016-09-15,506,83,6,0,417
2016-09-16,506,83,6,0,417
2016-09-19,506,83,6,0,417
2016-09-20,506,83,6,0,417
2016-09-21,506,83,6,0,417
2016-09-22,506,83,5,0,418
2016-09-23,506,83,5,0,418
2016-09-26,506,83,5,0,418
2016-09-27,506,83,5,0,418
2016-09-28,506,83,5,0,418
2016-09-29,506,82,6,0,418
2016-09-30,506,82,5,0,419
2016-10-03,506,82,5,0,419
2016-10-04,506,81,6,0,419
2016-10-05,506,82,5,0,419
2016-10-06,506,81,6,0,419
2016-10-07,506,81,6,0,419
2016-10-10,506,83,4,0,419
2016-10-11,506,82,5,0,419
2016-10-12,506,82,5,0,419
2016-10-13,506,82,5,0,419
2016-10-14,506,83,4,0,419
2016-10-17,506,82,4,0,420
2016-10-18,506,82,4,0,420
2016-10-19,506,82,4,0,420
2016-10-20,506,82,4,0,420
2016-10-21,506,82,4,0,420
2016-10-24,506,82,4,0,420
2016-10-25,506,83,3,0,420
2016-10-26,506,83,3,0,420
2016-10-27,506,82,4,0,420
2016-10-28,506,82,4,0,420
2016-10-31,506,82,4,0,420
2016-11-01,506,83,4,0,419
2016-11-02,506,83,4,0,419
2016-11-03,506,84,3,0,419
2016-11-04,506,84,3,0,419
2016-11-07,506,83,4,0,419
2016-11-08,506,82,5,0,419
2016-11-09,506,83,4,0,419
2016-11-10,506,83,4,0,419
2016-11-11,506,83,4,0,419
2016-11-14,506,82,5,0,419
2016-11-15,506,83,4,0,419
2016-11-16,506,83,4,0,419
2016-11-17,506,83,4,0,419
2016-11-18,506,83,4,0,419
2016-11-21,506,83,4,0,419
2016-11-22,506,83,4,0,419
2016-11-23,506,83,4,0,419
2016-11-25,506,83,4,0,419
2016-11-28,506,84,3,0,419
2016-11-29,506,83,4,0,419
2016-11-30,506,83,4,0,419
2016-12-01,506,83,4,0,419
2016-12-02,506,82,4,0,420
2016-12-05,506,82,4,0,420
2016-12-06,506,81,5,0,420
2016-12-07,506,82,4,0,420
2016-12-08,506,81,5,0,420
2016-12-09,506,82,4,0,420
2016-12-12,506,82,4,0,420
2016-12-13,506,83,3,0,420
2016-12-14,506,82,4,0,420
2016-12-15,506,83,3,0,420
2016-12-16,506,82,4,0,420
2016-12-19,506,82,4,0,420
2016-12-20,506,83,3,0,420
2016-12-21,506,83,3,0,420
2016-12-22,506,82,4,0,420
2016-12-23,506,82,4,0,420
2016-12-27,506,83,3,0,420
2016-12-28,506,81,5,0,420
2016-12-29,506,81,5,0,420
2016-12-30,506,82,4,0,420
2017-01-03,506,82,4,0,420
2017-01-04,506,82,4,0,420
2017-01-05,506,80,5,0,421
2017-01-06,506,81,4,0,421
2017-01-09,506,82,3,0,421
2017-01-10,506,82,3,0,421
2017-01-11,506,82,3,0,421
2017-01-12,506,81,4,0,421
2017-01-13,506,81,4,0,421
2017-01-17,506,82,3,0,421
2017-01-18,506,82,3,0,421
2017-01-19,506,82,3,0,421
2017-01-20,506,80,5,0,421
2017-01-23,506,80,5,0,421
2017-01-24,506,81,4,0,421
2017-01-25,506,81,4,0,421
2017-01-26,506,82,3,0,421
2017-01-27,506,82,3,0,421
2017-01-30,506,82,3,0,421
2017-01-31,506,81,4,0,421
2017-02-01,506,81,4,0,421
2017-02-02,506,82,3,0,421
2017-02-03,506,82,3,0,421
2017-02-06,506,81,4,0,421
2017-02-07,506,80,5,0,421
2017-02-08,506,81,4,0,421
2017-02-09,506,80,5,0,421
2017-02-10,506,80,5,0,421
2017-02-13,506,80,5,0,421
2017-02-14,506,80,5,0,421
2017-02-15,506,80,5,0,421
2017-02-16,506,80,5,0,421
2017-02-17,506,81,4,0,421
2017-02-21,506,82,3,0,421
2017-02-22,506,80,5,0,421
2017-02-23,506,81,4,0,421
2017-02-24,506,80,5,0,421
2017-02-27,506,81,4,0,421
2017-02-28,506,79,5,0,422
2017-03-01,506,80,4,0,422
2017-03-02,506,78,5,0,423
2017-03-03,506,78,5,0,423
2017-03-06,506,79,4,0,423
2017-03-07,506,79,4,0,423
2017-03-08,506,79,4,0,423
2017-03-09,506,78,5,0,423
2017-03-10,506,78,5,0,423
2017-03-13,506,78,5,0,423
2017-03-14,506,79,4,0,423
2017-03-15,506,78,5,0,423
2017-03-16,506,79,3,0,424
2017-03-17,506,79,3,0,424
2017-03-20,506,78,3,0,425
2017-03-21,506,78,3,0,425
2017-03-22,506,78,3,0,425
2017-03-23,506,78,3,0,425
2017-03-24,506,77,4,0,425
2017-03-27,506,78,3,0,425
2017-03-28,506,77,3,0,426
2017-03-29,506,77,3,0,426
2017-03-30,506,78,2,0,426
2017-03-31,506,77,3,0,426
2017-04-03,506,79,1,0,426
2017-04-04,506,77,2,0,427
2017-04-05,506,76,2,0,428
2017-04-06,506,76,2,0,428
2017-04-07,506,76,2,0,428
2017-04-10,506,76,2,0,428
2017-04-11,506,76,2,0,428
2017-04-12,506,76,2,0,428
2017-04-13,506,76,2,0,428
2017-04-17,506,77,1,0,428
2017-04-18,506,75,3,0,428
2017-04-19,506,76,2,0,428
2017-04-20,506,75,3,0,428
2017-04-21,506,76,2,0,428
2017-04-24,506,76,2,0,428
2017-04-25,506,76,2,0,428
2017-04-26,506,76,2,0,428
2017-04-27,506,75,3,0,428
2017-04-28,506,76,2,0,428
2017-05-01,506,77,1,0,428
2017-05-02,506,77,1,0,428
2017-05-03,506,75,3,0,428
2017-05-04,506,75,3,0,428
2017-05-05,506,75,3,0,428
2017-05-08,506,76,2,0,428
2017-05-09,506,75,3,0,428
2017-05-10,506,77,1,0,428
2017-05-11,506,77,1,0,428
2017-05-12,506,77,1,0,428
2017-05-15,506,77,1,0,428
2017-05-16,506,76,2,0,428
2017-05-17,506,77,1,0,428
2017-05-18,506,76,2,0,428
2017-05-19,506,76,2,0,428
2017-05-22,506,76,2,0,428
2017-05-23,506,75,3,0,428
2017-05-24,506,76,2,0,428
2017-05-25,506,75,3,0,428
2017-05-26,506,75,3,0,428
2017-05-30,506,76,2,0,428
2017-05-31,506,76,2,0,428
2017-06-01,506,76,2,0,428
2017-06-02,506,76,2,0,428
2017-06-05,506,75,3,0,428
2017-06-06,506,76,2,0,428
2017-06-07,506,76,2,0,428
2017-06-08,506,75,3,0,428
2017-06-09,506,75,3,0,428
2017-06-12,506,76,2,0,428
2017-06-13,506,75,3,0,428
2017-06-14,506,75,3,0,428
2017-06-15,506,76,2,0,428
2017-06-16,506,76,2,0,428
2017-06-19,505,75,2,0,428
2017-06-20,505,76,1,0,428
2017-06-21,505,75,2,0,428
2017-06-22,505,75,2,0,428
2017-06-23,505,75,2,0,428
2017-06-26,505,74,3,0,428
2017-06-27,505,74,3,0,428
2017-06-28,505,74,3,0,428
2017-06-29,505,75,2,0,428
2017-06-30,505,75,2,0,428
2017-07-03,505,76,0,0,429
2017-07-05,505,74,2,0,429
2017-07-06,505,75,1,0,429
2017-07-07,505,73,2,0,430
2017-07-10,505,75,0,0,430
2017-07-11,505,74,1,0,430
2017-07-12,505,74,1,0,430
2017-07-13,505,74,1,0,430
2017-07-14,505,74,1,0,430
2017-07-17,505,75,0,0,430
2017-07-18,505,74,1,0,430
2017-07-19,505,74,1,0,430
2017-07-20,505,74,1,0,430
2017-07-21,505,74,1,0,430
2017-07-24,505,74,1,0,430
2017-07-25,505,74,1,0,430
2017-07-26,505,72,1,0,432
2017-07-27,505,71,2,0,432
2017-07-28,505,72,1,0,432
2017-07-31,505,72,1,0,432
2017-08-01,505,72,1,0,432
2017-08-02,505,71,2,0,432
2017-08-03,505,72,1,0,432
2017-08-04,505,73,0,0,432
2017-08-07,505,73,0,0,432
2017-08-08,505,72,2,0,431
2017-08-09,505,73,1,0,431
2017-08-10,505,73,1,0,431
2017-08-11,505,72,2,0,431
2017-08-14,505,72,2,0,431
2017-08-15,505,72,2,0,431
2017-08-16,505,72,2,0,431
2017-08-17,505,71,3,0,431
2017-08-18,505,71,3,0,431
2017-08-21,505,71,3,0,431
2017-08-22,505,71,3,0,431
2017-08-23,505,71,3,0,431
2017-08-24,505,72,2,0,431
2017-08-25,505,72,2,0,431
2017-08-28,505,73,1,0,431
2017-08-29,505,72,2,0,431
2017-08-30,505,73,1,0,431
2017-08-31,505,71,3,0,431
2017-09-01,505,75,4,0,426
2017-09-05,505,72,7,0,426
2017-09-06,505,71,8,0,426
2017-09-07,505,73,7,0,425
2017-09-08,505,71,9,0,425
2017-09-11,505,71,9,0,425
2017-09-12,505,71,9,0,425
2017-09-13,505,71,9,0,425
2017-09-14,505,72,8,0,425
2017-09-15,505,73,7,0,425
2017-09-18,505,71,8,0,426
2017-09-19,505,70,9,0,426
2017-09-20,505,71,8,0,426
2017-09-21,505,72,7,0,426
2017-09-22,505,72,7,0,426
2017-09-25,505,72,7,0,426
2017-09-26,505,72,7,0,426
2017-09-27,505,72,7,0,426
2017-09-28,505,71,8,0,426
2017-09-29,505,71,8,0,426
2017-10-02,505,71,8,0,426
2017-10-03,505,71,8,0,426
2017-10-04,505,71,8,0,426
2017-10-05,505,71,8,0,426
2017-10-06,505,71,8,0,426
2017-10-09,505,72,7,0,426
2017-10-10,505,71,8,0,426
2017-10-11,505,70,9,0,426
2017-10-12,505,71,8,0,426
2017-10-13,505,71,7,0,427
2017-10-16,505,70,8,0,427
2017-10-17,505,70,8,0,427
2017-10-18,505,70,8,0,427
2017-10-19,505,71,7,0,427
2017-10-20,505,71,7,0,427
2017-10-23,505,70,8,0,427
2017-10-24,505,70,8,0,427
2017-10-25,505,70,8,0,427
2017-10-26,505,70,8,0,427
2017-10-27,505,71,7,0,427
2017-10-30,505,69,9,0,427
2017-10-31,505,70,8,0,427
2017-11-01,505,69,9,0,427
2017-11-02,505,70,8,0,427
2017-11-03,505,70,8,0,427
2017-11-06,505,71,7,0,427
2017-11-07,505,70,8,0,427
2017-11-08,505,70,8,0,427
2017-11-09,505,70,8,0,427
2017-11-10,505,71,7,0,427
2017-11-13,505,70,8,0,427
2017-11-14,505,70,8,0,427
2017-11-15,505,69,8,0,428
2017-11-16,505,68,9,0,428
2017-11-17,505,68,9,0,428
2017-11-20,505,69,8,0,428
2017-11-21,505,69,8,0,428
2017-11-22,505,70,7,0,428
2017-11-24,505,69,8,0,428
2017-11-27,505,69,8,0,428
2017-11-28,505,69,8,0,428
2017-11-29,505,68,9,0,428
2017-11-30,505,69,8,0,428
2017-12-01,505,69,8,0,428
2017-12-04,505,69,8,0,428
2017-12-05,505,69,8,0,428
2017-12-06,505,69,8,0,428
2017-12-07,505,69,8,0,428
2017-12-08,505,69,8,0,428
2017-12-11,505,69,8,0,428
2017-12-12,505,68,9,0,428
2017-12-13,505,69,8,0,428
2017-12-14,505,69,8,0,428
2017-12-15,505,68,9,0,428
2017-12-18,505,70,8,0,427
2017-12-19,505,69,9,0,427
2017-12-20,505,69,9,0,427
2017-12-21,505,69,9,0,427
2017-12-22,505,68,10,0,427
2017-12-26,505,70,8,0,427
2017-12-27,505,69,9,0,427
2017-12-28,505,68,10,0,427
2017-12-29,505,69,9,0,427
2018-01-02,505,68,10,0,427
2018-01-03,505,67,10,0,428
2018-01-04,505,67,10,0,428
2018-01-05,505,67,10,0,428
2018-01-08,505,67,10,0,428
2018-01-09,505,68,9,0,428
2018-01-10,505,67,10,0,428
2018-01-11,505,68,9,0,428
2018-01-12,505,68,9,0,428
2018-01-16,505,68,9,0,428
2018-01-17,505,68,8,0,429
2018-01-18,505,68,8,0,429
2018-01-19,505,69,7,0,429
2018-01-22,505,68,8,0,429
2018-01-23,505,68,8,0,429
2018-01-24,505,68,8,0,429
2018-01-25,505,68,8,0,429
2018-01-26,505,67,9,0,429
2018-01-29,505,69,7,0,429
2018-01-30,505,67,9,0,429
2018-01-31,505,67,9,0,429
2018-02-01,505,67,9,0,429
2018-02-02,505,67,9,0,429
2018-02-05,505,67,9,0,429
2018-02-06,505,67,9,0,429
2018-02-07,505,67,9,0,429
2018-02-08,505,68,8,0,429
2018-02-09,505,67,9,0,429
2018-02-12,505,67,9,0,429
2018-02-13,505,68,8,0,429
2018-02-14,505,68,8,0,429
2018-02-15,505,68,8,0,429
2018-02-16,505,67,9,0,429
2018-02-20,505,67,9,0,429
2018-02-21,505,67,9,0,429
2018-02-22,505,69,7,0,429
2018-02-23,505,67,9,0,429
2018-02-26,505,67,9,0,429
2018-02-27,505,67,9,0,429
2018-02-28,505,67,9,0,429
2018-03-01,505,67,9,0,429
2018-03-02,505,68,8,0,429
2018-03-05,505,68,8,0,429
2018-03-06,505,67,9,0,429
2018-03-07,505,66,9,0,430
2018-03-08,505,66,9,0,430
2018-03-09,505,68,7,0,430
2018-03-12,505,67,8,0,430
2018-03-13,505,66,9,0,430
2018-03-14,505,67,8,0,430
2018-03-15,505,66,9,0,430
2018-03-16,505,66,9,0,430
2018-03-19,505,66,8,0,431
2018-03-20,505,65,9,0,431
2018-03-21,505,66,8,0,431
2018-03-22,505,65,9,0,431
2018-03-23,505,65,9,0,431
2018-03-26,505,65,9,0,431
2018-03-27,505,67,7,0,431
2018-03-28,505,65,9,0,431
2018-03-29,505,67,7,0,431
2018-04-02,505,65,9,0,431
2018-04-03,505,65,9,0,431
2018-04-04,505,64,9,0,432
2018-04-05,505,66,7,0,432
2018-04-06,505,65,8,0,432
2018-04-09,505,64,9,0,432
2018-04-10,505,64,9,0,432
2018-04-11,505,65,8,0,432
2018-04-12,505,65,8,0,432
2018-04-13,505,64,9,0,432
2018-04-16,505,65,8,0,432
2018-04-17,505,65,8,0,432
2018-04-18,505,65,8,0,432
2018-04-19,505,65,8,0,432
2018-04-20,505,64,9,0,432
2018-04-23,505,65,8,0,432
2018-04-24,505,64,9,0,432
2018-04-25,505,66,7,0,432
2018-04-26,505,66,7,0,432
2018-04-27,505,65,8,0,432
2018-04-30,505,65,8,0,432
2018-05-01,505,64,9,0,432
2018-05-02,505,65,8,0,432
2018-05-03,505,65,8,0,432
2018-05-04,505,65,8,0,432
2018-05-07,505,66,7,0,432
2018-05-08,505,65,8,0,432
2018-05-09,505,65,8,0,432
2018-05-10,505,65,8,0,432
2018-05-11,505,65,8,0,432
2018-05-14,505,65,8,0,432
2018-05-15,505,65,8,0,432
2018-05-16,505,65,8,0,432
2018-05-17,505,65,8,0,432
2018-05-18,505,65,8,0,432
2018-05-21,505,66,7,0,432
2018-05-22,505,64,9,0,432
2018-05-23,505,64,9,0,432
2018-05-24,505,66,7,0,432
2018-05-25,505,66,7,0,432
2018-05-29,505,66,7,0,432
2018-05-30,505,66,7,0,432
2018-05-31,505,65,8,0,432
2018-06-01,505,65,8,0,432
2018-06-04,505,64,9,0,432
2018-06-05,505,66,7,0,432
2018-06-06,505,66,7,0,432
2018-06-07,505,66,7,0,432
2018-06-08,505,68,6,0,431
2018-06-11,505,65,9,0,431
2018-06-12,505,64,10,0,431
2018-06-13,505,64,10,0,431
2018-06-14,505,64,10,0,431
2018-06-15,505,66,8,0,431
2018-06-18,505,67,8,0,430
2018-06-19,505,66,9,0,430
2018-06-20,504,66,8,0,430
2018-06-21,504,67,7,0,430
2018-06-22,504,66,8,0,430
2018-06-25,504,66,8,0,430
2018-06-26,504,67,7,0,430
2018-06-27,504,65,9,0,430
2018-06-28,504,66,8,0,430
2018-06-29,504,65,9,0,430
2018-07-02,504,66,7,0,431
2018-07-03,504,64,9,0,431
2018-07-05,504,64,9,0,431
2018-07-06,504,65,8,0,431
2018-07-09,504,64,9,0,431
2018-07-10,504,65,8,0,431
2018-07-11,504,65,8,0,431
2018-07-12,504,65,8,0,431
2018-07-13,504,66,7,0,431
2018-07-16,504,64,9,0,431
2018-07-17,504,66,7,0,431
2018-07-18,504,64,9,0,431
2018-07-19,504,65,8,0,431
2018-07-20,504,65,8,0,431
2018-07-23,504,65,8,0,431
2018-07-24,504,66,7,0,431
2018-07-25,504,65,8,0,431
2018-07-26,504,65,7,0,432
2018-07-27,504,65,7,0,432
2018-07-30,504,65,7,0,432
2018-07-31,504,64,8,0,432
2018-08-01,504,65,7,0,432
2018-08-02,504,64,8,0,432
2018-08-03,504,65,7,0,432
2018-08-06,504,66,6,0,432
2018-08-07,504,65,7,0,432
2018-08-08,504,66,6,0,432
2018-08-09,504,64,8,0,432
2018-08-10,504,65,7,0,432
2018-08-13,504,65,7,0,432
2018-08-14,504,66,6,0,432
2018-08-15,504,65,7,0,432
2018-08-16,504,64,8,0,432
2018-08-17,504,66,6,0,432
2018-08-20,504,65,7,0,432
2018-08-21,504,65,7,0,432
2018-08-22,504,65,7,0,432
2018-08-23,504,65,7,0,432
2018-08-24,504,66,6,0,432
2018-08-27,504,65,7,0,432
2018-08-28,504,63,8,0,433
2018-08-29,504,64,7,0,433
2018-08-30,504,64,7,0,433
2018-08-31,504,65,6,0,433
2018-09-04,504,64,4,0,436
2018-09-05,504,64,4,0,436
2018-09-06,504,64,4,0,436
2018-09-07,504,64,3,0,437
2018-09-10,504,64,3,0,437
2018-09-11,504,64,3,0,437
2018-09-12,504,63,4,0,437
2018-09-13,504,64,3,0,437
2018-09-14,504,64,3,0,437
2018-09-17,504,65,2,0,437
2018-09-18,504,64,3,0,437
2018-09-19,504,65,2,0,437
2018-09-20,504,64,3,0,437
2018-09-21,504,64,3,0,437
2018-09-24,504,64,3,0,437
2018-09-25,504,64,3,0,437
2018-09-26,504,65,2,0,437
2018-09-27,504,64,3,0,437
2018-09-28,504,65,2,0,437
2018-10-01,504,64,3,0,437
2018-10-02,504,65,2,0,437
2018-10-03,504,64,3,0,437
2018-10-04,504,64,3,0,437
2018-10-05,504,64,3,0,437
2018-10-08,504,64,3,0,437
2018-10-09,504,64,3,0,437
2018-10-10,504,64,3,0,437
2018-10-11,504,64,3,0,437
2018-10-12,504,65,2,0,437
2018-10-15,504,64,3,0,437
2018-10-16,504,65,2,0,437
2018-10-17,504,64,3,0,437
2018-10-18,504,65,2,0,437
2018-10-19,504,64,3,0,437
2018-10-22,504,65,2,0,437
2018-10-23,504,65,2,0,437
2018-10-24,504,63,4,0,437
2018-10-25,504,64,3,0,437
2018-10-26,504,65,2,0,437
2018-10-29,504,63,4,0,437
2018-10-30,504,63,4,0,437
2018-10-31,504,64,3,0,437
2018-11-01,504,64,3,0,437
2018-11-02,504,65,2,0,437
2018-11-05,504,65,2,0,437
2018-11-06,504,64,2,0,438
2018-11-07,504,62,4,0,438
2018-11-08,504,63,3,0,438
2018-11-09,504,64,2,0,438
2018-11-12,504,62,4,0,438
2018-11-13,504,64,2,0,438
2018-11-14,504,62,4,0,438
2018-11-15,504,62,4,0,438
2018-11-16,504,63,3,0,438
2018-11-19,504,64,2,0,438
2018-11-20,504,62,4,0,438
2018-11-21,504,62,4,0,438
2018-11-23,504,63,3,0,438
2018-11-26,504,62,4,0,438
2018-11-27,504,62,4,0,438
2018-11-28,504,64,2,0,438
2018-11-29,504,65,2,0,437
2018-11-30,504,64,3,0,437
2018-12-03,504,62,3,0,439
2018-12-04,504,62,3,0,439
2018-12-06,504,63,2,0,439
2018-12-07,504,63,2,0,439
2018-12-10,504,63,2,0,439
2018-12-11,504,63,2,0,439
2018-12-12,504,62,3,0,439
2018-12-13,504,62,3,0,439
2018-12-14,504,63,2,0,439
2018-12-17,504,63,2,0,439
2018-12-18,504,63,2,0,439
2018-12-19,504,63,2,0,439
2018-12-20,504,62,3,0,439
2018-12-21,504,63,3,0,438
2018-12-24,504,63,2,0,439
2018-12-26,504,62,3,0,439
2018-12-27,504,63,2,0,439
2018-12-28,504,62,3,0,439
2018-12-31,504,62,3,0,439
2019-01-02,504,64,2,0,438
2019-01-03,504,64,2,0,438
2019-01-04,504,63,3,0,438
2019-01-07,504,63,3,0,438
2019-01-08,504,64,2,0,438
2019-01-09,504,64,2,0,438
2019-01-10,504,64,2,0,438
2019-01-11,504,63,3,0,438
2019-01-14,504,63,3,0,438
2019-01-15,504,63,3,0,438
2019-01-16,504,63,3,0,438
2019-01-17,504,63,3,0,438
2019-01-18,504,63,3,0,438
2019-01-22,504,63,3,0,438
2019-01-23,504,63,3,0,438
2019-01-24,504,63,3,0,438
2019-01-25,504,64,2,0,438
2019-01-28,504,64,2,0,438
2019-01-29,504,63,3,0,438
2019-01-30,504,64,2,0,438
2019-01-31,504,63,3,0,438
2019-02-01,504,64,2,0,438
2019-02-04,504,64,2,0,438
2019-02-05,504,63,3,0,438
2019-02-06,504,63,3,0,438
2019-02-07,504,64,2,0,438
2019-02-08,504,63,3,0,438
2019-02-11,504,64,2,0,438
2019-02-12,504,63,3,0,438
2019-02-13,504,64,2,0,438
2019-02-14,504,63,3,0,438
2019-02-15,504,62,3,0,439
2019-02-19,504,63,2,0,439
2019-02-20,504,62,3,0,439
2019-02-21,504,62,3,0,439
2019-02-22,504,62,3,0,439
2019-02-25,504,62,3,0,439
2019-02-26,504,63,2,0,439
2019-02-27,504,63,2,0,439
2019-02-28,504,63,2,0,439
2019-03-01,504,62,3,0,439
2019-03-04,504,63,2,0,439
2019-03-05,504,63,2,0,439
2019-03-06,504,62,3,0,439
2019-03-07,504,62,3,0,439
2019-03-08,504,62,3,0,439
2019-03-11,504,62,3,0,439
2019-03-12,504,63,2,0,439
2019-03-13,504,62,3,0,439
2019-03-14,504,62,3,0,439
2019-03-15,504,62,3,0,439
2019-03-18,504,62,3,0,439
2019-03-19,506,62,5,0,439
2019-03-20,506,63,4,0,439
2019-03-21,506,62,5,0,439
2019-03-22,506,63,4,0,439
2019-03-25,506,63,4,0,439
2019-03-26,506,62,5,0,439
2019-03-27,506,62,5,0,439
2019-03-28,506,63,4,0,439
2019-03-29,506,62,5,0,439
2019-04-01,506,63,4,0,439
2019-04-02,506,63,5,0,438
2019-04-03,506,63,5,0,438
2019-04-04,506,62,6,0,438
2019-04-05,506,62,6,0,438
2019-04-08,506,62,6,0,438
2019-04-09,506,62,6,0,438
2019-04-10,506,62,6,0,438
2019-04-11,506,62,6,0,438
2019-04-12,506,62,6,0,438
2019-04-15,506,62,6,0,438
2019-04-16,506,62,6,0,438
2019-04-17,506,62,6,0,438
2019-04-18,506,63,5,0,438
2019-04-22,506,63,5,0,438
2019-04-23,506,63,5,0,438
2019-04-24,506,62,6,0,438
2019-04-25,506,63,5,0,438
2019-04-26,506,62,6,0,438
2019-04-29,506,63,5,0,438
2019-04-30,506,63,5,0,438
2019-05-01,506,62,6,0,438
2019-05-02,506,62,6,0,438
2019-05-03,506,62,6,0,438
2019-05-06,506,62,6,0,438
2019-05-07,506,63,5,0,438
2019-05-08,506,62,6,0,438
2019-05-09,506,62,6,0,438
2019-05-10,506,63,5,0,438
2019-05-13,506,62,6,0,438
2019-05-14,506,63,5,0,438
2019-05-15,506,63,5,0,438
2019-05-16,506,62,6,0,438
2019-05-17,506,62,6,0,438
2019-05-20,506,63,5,0,438
2019-05-21,506,63,5,0,438
2019-05-22,506,62,6,0,438
2019-05-23,506,62,6,0,438
2019-05-24,506,62,6,0,438
2019-05-28,506,63,5,0,438
2019-05-29,506,63,5,0,438
2019-05-30,506,62,6,0,438
2019-05-31,506,62,6,0,438
2019-06-03,506,61,7,0,438
2019-06-04,506,62,6,0,438
2019-06-05,506,62,6,0,438
2019-06-06,506,62,6,0,438
2019-06-07,505,61,7,0,437
2019-06-10,505,62,6,0,437
2019-06-11,505,62,5,0,438
2019-06-12,505,61,6,0,438
2019-06-13,505,61,6,0,438
2019-06-14,505,61,6,0,438
2019-06-17,505,61,6,0,438
2019-06-18,505,61,6,0,438
2019-06-19,505,62,5,0,438
2019-06-20,505,62,5,0,438
2019-06-21,505,62,5,0,438
2019-06-24,505,62,5,0,438
2019-06-25,505,61,6,0,438
2019-06-26,505,62,5,0,438
2019-06-27,505,62,5,0,438
2019-06-28,505,62,5,0,438
2019-07-01,505,60,6,0,439
2019-07-02,505,60,6,0,439
2019-07-03,505,61,5,0,439
2019-07-05,505,60,6,0,439
2019-07-08,505,61,5,0,439
2019-07-09,505,61,5,0,439
2019-07-10,505,60,6,0,439
2019-07-11,505,60,6,0,439
2019-07-12,505,60,6,0,439
2019-07-15,505,60,5,0,440
2019-07-16,505,59,6,0,440
2019-07-17,505,59,6,0,440
2019-07-18,505,60,5,0,440
2019-07-19,505,59,6,0,440
2019-07-22,505,60,5,0,440
2019-07-23,505,60,5,0,440
2019-07-24,505,60,5,0,440
2019-07-25,505,60,5,0,440
2019-07-26,505,59,6,0,440
2019-07-29,505,59,6,0,440
2019-07-30,505,59,6,0,440
2019-07-31,505,59,6,0,440
2019-08-01,505,59,6,0,440
2019-08-02,505,59,6,0,440
2019-08-05,505,59,6,0,440
2019-08-06,505,59,6,0,440
2019-08-07,505,59,6,0,440
2019-08-08,505,59,6,0,440
2019-08-09,505,57,6,0,442
2019-08-12,505,57,6,0,442
2019-08-13,505,57,6,0,442
2019-08-14,505,57,6,0,442
2019-08-15,505,57,6,0,442
2019-08-16,505,58,5,0,442
2019-08-19,505,58,5,0,442
2019-08-20,505,57,6,0,442
2019-08-21,505,58,5,0,442
2019-08-22,505,57,6,0,442
2019-08-23,505,57,6,0,442
2019-08-26,505,58,5,0,442
2019-08-27,505,57,6,0,442
2019-08-28,505,57,6,0,442
2019-08-29,505,58,5,0,442
2019-08-30,505,58,5,0,442
2019-09-03,505,57,6,0,442
2019-09-04,505,58,5,0,442
2019-09-05,505,58,5,0,442
2019-09-06,505,57,6,0,442
2019-09-09,505,58,5,0,442
2019-09-10,505,58,5,0,442
2019-09-11,505,58,5,0,442
2019-09-12,505,58,5,0,442
2019-09-13,505,58,5,0,442
2019-09-16,505,58,5,0,442
2019-09-17,505,58,5,0,442
2019-09-18,505,57,6,0,442
2019-09-19,505,58,5,0,442
2019-09-20,505,58,5,0,442
2019-09-23,505,56,6,0,443
2019-09-24,505,56,6,0,443
2019-09-25,505,57,5,0,443
2019-09-26,505,57,5,0,443
2019-09-27,505,57,5,0,443
2019-09-30,505,56,6,0,443
2019-10-01,505,57,5,0,443
2019-10-02,505,56,6,0,443
2019-10-03,505,56,6,0,443
2019-10-04,505,57,5,0,443
2019-10-07,505,57,5,0,443
2019-10-08,505,57,5,0,443
2019-10-09,505,56,6,0,443
2019-10-10,505,56,6,0,443
2019-10-11,505,57,5,0,443
2019-10-14,505,57,5,0,443
2019-10-15,505,56,6,0,443
2019-10-16,505,57,5,0,443
2019-10-17,505,56,6,0,443
2019-10-18,505,58,5,0,442
2019-10-21,505,56,7,0,442
2019-10-22,505,57,6,0,442
2019-10-23,505,57,6,0,442
2019-10-24,505,57,6,0,442
2019-10-25,505,56,7,0,442
2019-10-28,505,56,7,0,442
2019-10-29,505,57,6,0,442
2019-10-30,505,57,6,0,442
2019-10-31,505,56,7,0,442
2019-11-01,505,57,6,0,442
2019-11-04,505,56,7,0,442
2019-11-05,505,59,6,0,440
2019-11-06,505,57,8,0,440
2019-11-07,505,57,8,0,440
2019-11-08,505,57,8,0,440
2019-11-11,505,57,8,0,440
2019-11-12,505,57,8,0,440
2019-11-13,505,57,8,0,440
2019-11-14,505,56,9,0,440
2019-11-15,505,56,9,0,440
2019-11-18,505,56,9,0,440
2019-11-19,505,56,9,0,440
2019-11-20,505,57,8,0,440
2019-11-21,505,56,8,0,441
2019-11-22,505,56,8,0,441
2019-11-25,505,56,8,0,441
2019-11-26,505,56,8,0,441
2019-11-27,505,55,9,0,441
2019-11-29,505,56,8,0,441
2019-12-02,505,56,8,0,441
2019-12-03,505,56,8,0,441
2019-12-04,505,55,9,0,441
2019-12-05,505,55,8,0,442
2019-12-06,505,55,8,0,442
2019-12-09,505,54,8,0,443
2019-12-10,505,54,8,0,443
2019-12-11,505,54,8,0,443
2019-12-12,505,53,9,0,443
2019-12-13,505,53,9,0,443
2019-12-16,505,53,9,0,443
2019-12-17,505,53,9,0,443
2019-12-18,505,54,8,0,443
2019-12-19,505,54,8,0,443
2019-12-20,505,53,9,0,443
2019-12-23,505,54,8,0,443
2019-12-24,505,54,8,0,443
2019-12-26,505,54,8,0,443
2019-12-27,505,54,8,0,443
2019-12-30,505,54,8,0,443
2019-12-31,505,55,8,0,442
2020-01-02,505,53,10,0,442
2020-01-03,505,54,9,0,442
2020-01-06,505,53,10,0,442
2020-01-07,505,53,10,0,442
2020-01-08,505,53,10,0,442
2020-01-09,505,54,9,0,442
2020-01-10,505,53,10,0,442
2020-01-13,505,54,9,0,442
2020-01-14,505,54,9,0,442
2020-01-15,505,54,9,0,442
2020-01-16,505,54,9,0,442
2020-01-17,505,54,9,0,442
2020-01-21,505,54,9,0,442
2020-01-22,505,54,9,0,442
2020-01-23,505,54,9,0,442
2020-01-24,505,54,9,0,442
2020-01-27,505,54,9,0,442
2020-01-28,505,53,9,0,443
2020-01-29,505,53,9,0,443
2020-01-30,505,53,9,0,443
2020-01-31,505,53,9,0,443
2020-02-03,505,52,10,0,443
2020-02-04,505,53,9,0,443
2020-02-05,505,52,10,0,443
2020-02-06,505,52,10,0,443
2020-02-07,505,52,10,0,443
2020-02-10,505,52,10,0,443
2020-02-11,505,53,9,0,443
2020-02-12,505,53,9,0,443
2020-02-13,505,53,9,0,443
2020-02-14,505,53,9,0,443
2020-02-18,505,53,9,0,443
2020-02-19,505,52,10,0,443
2020-02-20,505,53,9,0,443
2020-02-21,505,53,9,0,443
2020-02-24,505,53,9,0,443
2020-02-25,505,52,10,0,443
2020-02-26,505,54,9,0,442
2020-02-27,505,53,10,0,442
2020-02-28,505,52,11,0,442
2020-03-02,505,51,11,0,443
2020-03-03,505,52,10,0,443
2020-03-04,505,51,11,0,443
2020-03-05,505,51,11,0,443
2020-03-06,505,52,10,0,443
2020-03-09,505,52,10,0,443
2020-03-10,505,52,9,0,444
2020-03-11,505,52,8,0,445
2020-03-12,505,51,9,0,445
2020-03-13,505,52,8,0,445
2020-03-16,505,52,8,0,445
2020-03-17,505,52,8,0,445
2020-03-18,505,52,7,0,446
2020-03-19,505,51,8,0,446
2020-03-20,505,51,8,0,446
2020-03-23,505,51,8,0,446
2020-03-24,505,51,8,0,446
2020-03-25,505,52,7,0,446
2020-03-26,505,52,7,0,446
2020-03-27,505,51,8,0,446
2020-03-30,505,51,8,0,446
2020-03-31,505,52,7,0,446
2020-04-01,505,50,8,0,447
2020-04-02,505,50,8,0,447
2020-04-03,507,51,9,0,447
2020-04-06,505,49,10,0,446
2020-04-07,505,49,10,0,446
2020-04-08,505,49,10,0,446
2020-04-09,505,50,9,0,446
2020-04-13,505,50,9,0,446
2020-04-14,505,49,10,0,446
2020-04-15,505,50,9,0,446
2020-04-16,505,50,9,0,446
2020-04-17,505,50,9,0,446
2020-04-20,505,49,10,0,446
2020-04-21,505,50,9,0,446
2020-04-22,505,50,9,0,446
2020-04-23,505,49,10,0,446
2020-04-24,505,49,10,0,446
2020-04-27,505,49,10,0,446
2020-04-28,505,50,9,0,446
2020-04-29,505,50,9,0,446
2020-04-30,505,50,9,0,446
2020-05-01,505,50,9,0,446
2020-05-04,505,49,10,0,446
2020-05-05,505,50,9,0,446
2020-05-06,505,50,9,0,446
2020-05-07,505,50,9,0,446
2020-05-08,505,50,9,0,446
2020-05-11,505,49,10,0,446
2020-05-12,505,48,10,0,447
2020-05-13,505,48,10,0,447
2020-05-14,505,48,10,0,447
2020-05-15,505,49,9,0,447
2020-05-18,505,48,10,0,447
2020-05-19,505,49,9,0,447
2020-05-20,505,49,9,0,447
2020-05-21,505,49,9,0,447
2020-05-22,505,49,8,0,448
2020-05-26,505,48,9,0,448
2020-05-27,505,48,9,0,448
2020-05-28,505,48,9,0,448
2020-05-29,505,49,8,0,448
2020-06-01,505,49,8,0,448
2020-06-02,505,49,8,0,448
2020-06-03,505,49,8,0,448
2020-06-04,505,49,8,0,448
2020-06-05,505,49,8,0,448
2020-06-08,505,48,9,0,448
2020-06-09,505,48,8,0,449
2020-06-10,505,48,8,0,449
2020-06-11,505,49,7,0,449
2020-06-12,505,48,8,0,449
2020-06-15,505,49,7,0,449
2020-06-16,505,48,8,0,449
2020-06-17,505,48,8,0,449
2020-06-18,505,48,8,0,449
2020-06-19,505,48,8,0,449
2020-06-22,505,47,7,0,451
2020-06-23,505,46,8,0,451
2020-06-24,505,46,8,0,451
2020-06-25,505,47,7,0,451
2020-06-26,505,47,7,0,451
2020-06-29,505,47,7,0,451
2020-06-30,505,46,8,0,451
2020-07-01,505,47,7,0,451
2020-07-02,505,46,8,0,451
2020-07-06,505,46,8,0,451
2020-07-07,505,46,8,0,451
2020-07-08,505,46,8,0,451
2020-07-09,505,46,8,0,451
2020-07-10,505,47,7,0,451
2020-07-13,505,47,7,0,451
2020-07-14,505,46,8,0,451
2020-07-15,505,46,8,0,451
2020-07-16,505,47,7,0,451
2020-07-17,505,47,7,0,451
2020-07-20,505,46,8,0,451
2020-07-21,505,46,8,0,451
2020-07-22,505,46,8,0,451
2020-07-23,505,46,8,0,451
2020-07-24,505,47,7,0,451
2020-07-27,505,47,7,0,451
2020-07-28,505,47,7,0,451
2020-07-29,505,47,7,0,451
2020-07-30,505,46,8,0,451
2020-07-31,505,48,7,0,450
2020-08-03,505,46,9,0,450
2020-08-04,505,47,8,0,450
2020-08-05,505,46,9,0,450
2020-08-06,505,47,8,0,450
2020-08-07,505,47,8,0,450
2020-08-10,505,46,9,0,450
2020-08-11,505,46,9,0,450
2020-08-12,505,46,9,0,450
2020-08-13,505,47,8,0,450
2020-08-14,505,47,8,0,450
2020-08-17,505,46,9,0,450
2020-08-18,505,46,9,0,450
2020-08-19,505,46,9,0,450
2020-08-20,505,46,9,0,450
2020-08-21,505,46,9,0,450
2020-08-24,505,47,8,0,450
2020-08-25,505,46,9,0,450
2020-08-26,505,46,9,0,450
2020-08-27,505,47,8,0,450
2020-08-28,505,47,8,0,450
2020-08-31,505,46,9,0,450
2020-09-01,505,47,8,0,450
2020-09-02,505,47,8,0,450
2020-09-03,505,47,8,0,450
2020-09-04,505,46,9,0,450
2020-09-08,505,46,9,0,450
2020-09-09,505,46,9,0,450
2020-09-10,505,46,9,0,450
2020-09-11,505,46,9,0,450
2020-09-14,505,46,9,0,450
2020-09-15,505,46,9,0,450
2020-09-16,505,46,9,0,450
2020-09-17,505,46,9,0,450
2020-09-18,505,46,9,0,450
2020-09-21,505,47,9,0,449
2020-09-22,505,47,9,0,449
2020-09-23,505,47,9,0,449
2020-09-24,505,48,8,0,449
2020-09-25,505,48,8,0,449
2020-09-28,505,47,9,0,449
2020-09-29,505,47,9,0,449
2020-09-30,505,47,9,0,449
2020-10-01,505,47,9,0,449
2020-10-02,505,47,9,0,449
2020-10-05,505,48,8,0,449
2020-10-06,505,48,8,0,449
2020-10-07,505,47,8,0,450
2020-10-08,505,46,9,0,450
2020-10-09,506,46,10,0,450
2020-10-12,505,45,10,0,450
2020-10-13,505,45,10,0,450
2020-10-14,505,45,10,0,450
2020-10-15,505,46,9,0,450
2020-10-16,505,45,10,0,450
2020-10-19,505,45,9,0,451
2020-10-20,505,45,9,0,451
2020-10-21,505,46,8,0,451
2020-10-22,505,45,9,0,451
2020-10-23,505,46,8,0,451
2020-10-26,505,45,9,0,451
2020-10-27,505,45,9,0,451
2020-10-28,505,45,9,0,451
2020-10-29,505,45,9,0,451
2020-10-30,505,46,8,0,451
2020-11-02,505,45,9,0,451
2020-11-03,505,46,8,0,451
2020-11-04,505,45,7,0,453
2020-11-05,505,45,7,0,453
2020-11-06,505,45,7,0,453
2020-11-09,505,46,6,0,453
2020-11-10,505,46,6,0,453
2020-11-11,505,45,7,0,453
2020-11-12,505,45,7,0,453
2020-11-13,505,45,7,0,453
2020-11-16,505,45,7,0,453
2020-11-17,505,45,7,0,453
2020-11-18,505,46,6,0,453
2020-11-19,505,45,7,0,453
2020-11-20,505,45,7,0,453
2020-11-23,505,45,7,0,453
2020-11-24,505,45,7,0,453
2020-11-25,505,45,7,0,453
2020-11-27,505,46,6,0,453
2020-11-30,505,45,7,0,453
2020-12-01,505,46,6,0,453
2020-12-02,505,45,7,0,453
2020-12-03,505,46,6,0,453
2020-12-04,505,45,7,0,453
2020-12-07,505,45,7,0,453
2020-12-08,505,46,6,0,453
2020-12-09,505,45,7,0,453
2020-12-10,505,45,7,0,453
2020-12-11,505,46,6,0,453
2020-12-14,505,45,7,0,453
2020-12-15,505,46,6,0,453
2020-12-16,505,45,7,0,453
2020-12-17,505,46,6,0,453
2020-12-18,505,45,7,0,453
2020-12-21,505,46,6,0,453
2020-12-22,505,46,6,0,453
2020-12-23,505,45,7,0,453
2020-12-24,505,46,6,0,453
2020-12-28,505,46,6,0,453
2020-12-29,505,45,7,0,453
2020-12-30,505,46,5,0,454
2020-12-31,505,46,5,0,454
2021-01-04,505,45,6,0,454
2021-01-05,505,46,5,0,454
2021-01-06,505,46,5,0,454
2021-01-07,505,44,6,0,455
2021-01-08,505,44,6,0,455
2021-01-11,505,44,6,0,455
2021-01-12,505,45,5,0,455
2021-01-13,505,45,5,0,455
2021-01-14,505,44,6,0,455
2021-01-15,505,44,6,0,455
2021-01-19,505,45,5,0,455
2021-01-20,505,45,5,0,455
2021-01-21,505,44,5,0,456
2021-01-22,505,44,5,0,456
2021-01-25,505,44,5,0,456
2021-01-26,505,44,5,0,456
2021-01-27,505,44,5,0,456
2021-01-28,505,44,5,0,456
2021-01-29,505,43,6,0,456
2021-02-01,505,43,6,0,456
2021-02-02,505,44,5,0,456
2021-02-03,505,44,5,0,456
2021-02-04,505,43,6,0,456
2021-02-05,505,44,5,0,456
2021-02-08,505,44,5,0,456
2021-02-09,505,44,5,0,456
2021-02-10,505,44,5,0,456
2021-02-11,505,43,6,0,456
2021-02-12,505,43,6,0,456
2021-02-16,505,44,5,0,456
2021-02-17,505,43,6,0,456
2021-02-18,505,44,5,0,456
2021-02-19,505,43,6,0,456
2021-02-22,505,44,5,0,456
2021-02-23,505,43,6,0,456
2021-02-24,505,43,6,0,456
2021-02-25,505,44,4,0,457
2021-02-26,505,44,4,0,457
2021-03-01,505,44,4,0,457
2021-03-02,505,44,4,0,457
2021-03-03,505,44,4,0,457
2021-03-04,505,43,5,0,457
2021-03-05,505,44,4,0,457
2021-03-08,505,43,5,0,457
2021-03-09,505,44,4,0,457
2021-03-10,505,44,4,0,457
2021-03-11,505,44,4,0,457
2021-03-12,505,43,5,0,457
2021-03-15,505,43,5,0,457
2021-03-16,505,44,4,0,457
2021-03-17,505,44,4,0,457
2021-03-18,505,44,2,0,459
2021-03-19,505,44,2,0,459
2021-03-22,505,44,1,0,460
2021-03-23,505,44,1,0,460
2021-03-24,505,43,2,0,460
2021-03-25,505,44,1,0,460
2021-03-26,505,43,2,0,460
2021-03-29,505,44,1,0,460
2021-03-30,505,44,1,0,460
2021-03-31,505,43,2,0,460
2021-04-01,505,43,2,0,460
2021-04-05,505,44,1,0,460
2021-04-06,505,43,2,0,460
2021-04-07,505,43,2,0,460
2021-04-08,505,43,2,0,460
2021-04-09,505,43,2,0,460
2021-04-12,505,44,1,0,460
2021-04-13,505,43,2,0,460
2021-04-14,505,43,2,0,460
2021-04-15,505,43,2,0,460
2021-04-16,505,43,2,0,460
2021-04-19,505,44,1,0,460
2021-04-20,505,42,2,0,461
2021-04-21,505,42,2,0,461
2021-04-22,505,43,1,0,461
2021-04-23,505,43,1,0,461
2021-04-26,505,43,1,0,461
2021-04-27,505,42,2,0,461
2021-04-28,505,42,2,0,461
2021-04-29,505,43,1,0,461
2021-04-30,505,43,1,0,461
2021-05-03,505,43,1,0,461
2021-05-04,505,42,2,0,461
2021-05-05,505,42,2,0,461
2021-05-06,505,42,2,0,461
2021-05-07,505,43,1,0,461
2021-05-10,505,42,2,0,461
2021-05-11,505,43,1,0,461
2021-05-12,505,42,2,0,461
2021-05-13,505,42,2,0,461
2021-05-14,505,42,1,0,462
2021-05-17,505,41,2,0,462
2021-05-18,505,41,2,0,462
2021-05-19,505,42,1,0,462
2021-05-20,505,41,2,0,462
2021-05-21,505,41,2,0,462
2021-05-24,505,41,2,0,462
2021-05-25,505,41,2,0,462
2021-05-26,505,41,2,0,462
2021-05-27,505,41,2,0,462
2021-05-28,505,41,2,0,462
2021-06-01,505,41,2,0,462
2021-06-02,505,41,2,0,462
2021-06-03,506,42,2,0,462
2021-06-04,505,40,3,0,462
2021-06-07,505,41,2,0,462
2021-06-08,505,41,2,0,462
2021-06-09,505,41,2,0,462
2021-06-10,505,40,3,0,462
2021-06-11,505,40,3,0,462
2021-06-14,505,41,2,0,462
2021-06-15,505,41,2,0,462
2021-06-16,505,41,2,0,462
2021-06-17,505,41,2,0,462
2021-06-18,505,41,2,0,462
2021-06-21,505,40,3,0,462
2021-06-22,505,41,2,0,462
2021-06-23,505,41,2,0,462
2021-06-24,505,41,2,0,462
2021-06-25,505,40,3,0,462
2021-06-28,505,40,3,0,462
2021-06-29,505,40,3,0,462
2021-06-30,505,41,2,0,462
2021-07-01,505,40,3,0,462
2021-07-02,505,41,2,0,462
2021-07-06,505,41,2,0,462
2021-07-07,505,41,2,0,462
2021-07-08,505,41,2,0,462
2021-07-09,505,40,3,0,462
2021-07-12,505,40,3,0,462
2021-07-13,505,40,3,0,462
2021-07-14,505,40,3,0,462
2021-07-15,505,40,3,0,462
2021-07-16,505,40,3,0,462
2021-07-19,505,40,3,0,462
2021-07-20,505,40,3,0,462
2021-07-21,505,39,3,0,463
2021-07-22,505,39,3,0,463
2021-07-23,505,39,3,0,463
2021-07-26,505,39,3,0,463
2021-07-27,505,39,3,0,463
2021-07-28,505,40,2,0,463
2021-07-29,505,40,2,0,463
2021-07-30,505,40,2,0,463
2021-08-02,505,39,2,0,464
2021-08-03,505,40,1,0,464
2021-08-04,505,40,1,0,464
2021-08-05,505,40,1,0,464
2021-08-06,505,39,2,0,464
2021-08-09,505,40,1,0,464
2021-08-10,505,39,2,0,464
2021-08-11,505,39,2,0,464
2021-08-12,505,40,1,0,464
2021-08-13,505,39,2,0,464
2021-08-16,505,40,1,0,464
2021-08-17,505,39,2,0,464
2021-08-18,505,39,2,0,464
2021-08-19,505,40,1,0,464
2021-08-20,505,40,1,0,464
2021-08-23,505,40,1,0,464
2021-08-24,505,40,1,0,464
2021-08-25,505,39,2,0,464
2021-08-26,505,40,1,0,464
2021-08-27,505,40,1,0,464
2021-08-30,505,39,1,0,465
2021-08-31,505,38,2,0,465
2021-09-01,505,38,2,0,465
2021-09-02,505,38,2,0,465
2021-09-03,505,38,2,0,465
2021-09-07,505,39,1,0,465
2021-09-08,505,39,1,0,465
2021-09-09,505,39,1,0,465
2021-09-10,505,39,1,0,465
2021-09-13,505,38,2,0,465
2021-09-14,505,39,1,0,465
2021-09-15,505,39,1,0,465
2021-09-16,505,38,2,0,465
2021-09-17,505,38,2,0,465
2021-09-20,505,40,1,0,464
2021-09-21,505,40,1,0,464
2021-09-22,505,40,1,0,464
2021-09-23,505,40,1,0,464
2021-09-24,505,40,1,0,464
2021-09-27,505,39,2,0,464
2021-09-28,505,39,2,0,464
2021-09-29,505,40,1,0,464
2021-09-30,505,39,2,0,464
2021-10-01,505,39,2,0,464
2021-10-04,505,39,2,0,464
2021-10-05,505,40,1,0,464
2021-10-06,505,40,1,0,464
2021-10-07,505,39,2,0,464
2021-10-08,505,40,1,0,464
2021-10-11,505,40,1,0,464
2021-10-12,505,40,1,0,464
2021-10-13,505,40,1,0,464
2021-10-14,505,40,1,0,464
2021-10-15,505,40,1,0,464
2021-10-18,505,39,2,0,464
2021-10-19,505,39,2,0,464
2021-10-20,505,40,1,0,464
2021-10-21,505,39,2,0,464
2021-10-22,505,40,1,0,464
2021-10-25,505,39,2,0,464
2021-10-26,505,40,1,0,464
2021-10-27,505,39,2,0,464
2021-10-28,505,40,1,0,464
2021-10-29,505,40,1,0,464
2021-11-01,505,40,1,0,464
2021-11-02,505,40,1,0,464
2021-11-03,505,39,2,0,464
2021-11-04,505,40,1,0,464
2021-11-05,505,40,1,0,464
2021-11-08,505,40,1,0,464
2021-11-09,505,40,1,0,464
2021-11-10,505,39,2,0,464
2021-11-11,505,39,2,0,464
2021-11-12,505,40,1,0,464
2021-11-15,505,39,2,0,464
2021-11-16,505,39,2,0,464
2021-11-17,505,40,1,0,464
2021-11-18,505,39,2,0,464
2021-11-19,505,39,2,0,464
2021-11-22,505,39,2,0,464
2021-11-23,505,40,1,0,464
2021-11-24,505,40,1,0,464
2021-11-26,505,39,2,0,464
2021-11-29,505,40,1,0,464
2021-11-30,505,40,1,0,464
2021-12-01,505,40,1,0,464
2021-12-02,505,40,1,0,464
2021-12-03,505,39,2,0,464
2021-12-06,505,40,1,0,464
2021-12-07,505,39,2,0,464
2021-12-08,505,39,2,0,464
2021-12-09,505,39,2,0,464
2021-12-10,505,39,2,0,464
2021-12-13,505,39,2,0,464
2021-12-14,505,39,1,0,465
2021-12-15,505,39,1,0,465
2021-12-16,505,38,2,0,465
2021-12-17,505,39,1,0,465
2021-12-20,505,37,2,0,466
2021-12-21,505,37,2,0,466
2021-12-22,505,37,2,0,466
2021-12-23,505,37,2,0,466
2021-12-27,505,37,2,0,466
2021-12-28,505,38,1,0,466
2021-12-29,505,38,1,0,466
2021-12-30,505,37,2,0,466
2021-12-31,505,37,2,0,466
2022-01-03,505,37,2,0,466
2022-01-04,505,38,1,0,466
2022-01-05,505,38,1,0,466
2022-01-06,505,38,1,0,466
2022-01-07,505,37,2,0,466
2022-01-10,505,36,2,0,467
2022-01-11,505,36,2,0,467
2022-01-12,505,37,1,0,467
2022-01-13,505,37,1,0,467
2022-01-14,505,37,1,0,467
2022-01-18,505,36,2,0,467
2022-01-19,505,36,2,0,467
2022-01-20,505,36,2,0,467
2022-01-21,505,36,2,0,467
2022-01-24,505,36,2,0,467
2022-01-25,505,37,1,0,467
2022-01-26,505,36,2,0,467
2022-01-27,505,37,1,0,467
2022-01-28,505,36,2,0,467
2022-01-31,505,36,2,0,467
2022-02-01,505,37,1,0,467
2022-02-02,506,36,3,0,467
2022-02-03,505,36,2,0,467
2022-02-04,505,36,2,0,467
2022-02-07,505,36,2,0,467
2022-02-08,505,35,3,0,467
2022-02-09,505,36,2,0,467
2022-02-10,505,35,3,0,467
2022-02-11,505,36,2,0,467
2022-02-14,505,36,2,0,467
2022-02-15,505,35,2,0,468
2022-02-16,505,35,2,0,468
2022-02-17,505,35,2,0,468
2022-02-18,505,35,2,0,468
2022-02-22,505,34,3,0,468
2022-02-23,505,35,2,0,468
2022-02-24,505,35,2,0,468
2022-02-25,505,34,3,0,468
2022-02-28,505,34,3,0,468
2022-03-01,505,34,3,0,468
2022-03-02,505,34,2,0,469
2022-03-03,505,33,3,0,469
2022-03-04,505,33,3,0,469
2022-03-07,505,33,3,0,469
2022-03-08,505,34,2,0,469
2022-03-09,505,33,3,0,469
2022-03-10,505,34,2,0,469
2022-03-11,505,33,3,0,469
2022-03-14,505,33,3,0,469
2022-03-15,505,33,3,0,469
2022-03-16,505,33,3,0,469
2022-03-17,505,33,3,0,469
2022-03-18,505,33,3,0,469
2022-03-21,505,34,2,0,469
2022-03-22,505,33,3,0,469
2022-03-23,505,33,3,0,469
2022-03-24,505,33,3,0,469
2022-03-25,505,34,2,0,469
2022-03-28,505,34,2,0,469
2022-03-29,505,33,3,0,469
2022-03-30,505,34,2,0,469
2022-03-31,505,33,3,0,469
2022-04-01,505,34,2,0,469
2022-04-04,505,32,3,0,470
2022-04-05,505,33,2,0,470
2022-04-06,505,33,2,0,470
2022-04-07,505,32,3,0,470
2022-04-08,505,33,2,0,470
2022-04-11,504,30,3,0,471
2022-04-12,504,30,3,0,471
2022-04-13,504,30,3,0,471
2022-04-14,504,30,3,0,471
2022-04-18,504,30,3,0,471
2022-04-19,504,31,2,0,471
2022-04-20,504,30,3,0,471
2022-04-21,504,30,3,0,471
2022-04-22,504,30,3,0,471
2022-04-25,504,30,3,0,471
2022-04-26,504,31,2,0,471
2022-04-27,504,31,2,0,471
2022-04-28,504,30,3,0,471
2022-04-29,504,30,3,0,471
2022-05-02,504,30,3,0,471
2022-05-03,504,30,3,0,471
2022-05-04,504,31,2,0,471
2022-05-05,504,30,3,0,471
2022-05-06,504,31,2,0,471
2022-05-09,504,30,3,0,471
2022-05-10,504,30,3,0,471
2022-05-11,504,31,2,0,471
2022-05-12,504,30,2,0,472
2022-05-13,504,30,2,0,472
2022-05-16,504,31,1,0,472
2022-05-17,504,31,1,0,472
2022-05-18,504,30,2,0,472
2022-05-19,504,30,2,0,472
2022-05-20,504,30,2,0,472
2022-05-23,504,31,1,0,472
2022-05-24,504,30,2,0,472
2022-05-25,504,30,2,0,472
2022-05-26,504,30,2,0,472
2022-05-27,504,30,2,0,472
2022-05-31,504,30,2,0,472
2022-06-01,504,31,1,0,472
2022-06-02,504,31,1,0,472
2022-06-03,504,30,2,0,472
2022-06-06,504,31,1,0,472
2022-06-07,504,31,1,0,472
2022-06-08,504,30,1,0,473
2022-06-09,504,30,1,0,473
2022-06-10,504,30,1,0,473
2022-06-13,504,30,1,0,473
2022-06-14,504,30,1,0,473
2022-06-15,504,29,2,0,473
2022-06-16,504,30,1,0,473
2022-06-17,504,29,2,0,473
2022-06-21,503,30,1,0,472
2022-06-22,503,30,1,0,472
2022-06-23,503,30,1,0,472
2022-06-24,503,29,2,0,472
2022-06-27,503,29,2,0,472
2022-06-28,503,29,2,0,472
2022-06-29,503,30,1,0,472
2022-06-30,503,30,1,0,472
2022-07-01,503,29,2,0,472
2022-07-05,503,30,1,0,472
2022-07-06,503,30,1,0,472
2022-07-07,503,29,2,0,472
2022-07-08,503,29,2,0,472
2022-07-11,503,29,2,0,472
2022-07-12,503,30,1,0,472
2022-07-13,503,30,1,0,472
2022-07-14,503,30,1,0,472
2022-07-15,503,29,2,0,472
2022-07-18,503,29,2,0,472
2022-07-19,503,29,2,0,472
2022-07-20,503,29,2,0,472
2022-07-21,503,30,1,0,472
2022-07-22,503,30,1,0,472
2022-07-25,503,29,2,0,472
2022-07-26,503,30,1,0,472
2022-07-27,503,30,1,0,472
2022-07-28,503,30,1,0,472
2022-07-29,503,29,2,0,472
2022-08-01,503,30,1,0,472
2022-08-02,503,29,2,0,472
2022-08-03,503,29,2,0,472
2022-08-04,503,29,2,0,472
2022-08-05,503,29,2,0,472
2022-08-08,503,29,2,0,472
2022-08-09,503,29,2,0,472
2022-08-10,503,30,1,0,472
2022-08-11,503,29,2,0,472
2022-08-12,503,29,2,0,472
2022-08-15,503,30,1,0,472
2022-08-16,503,29,2,0,472
2022-08-17,503,30,1,0,472
2022-08-18,503,29,2,0,472
2022-08-19,503,29,2,0,472
2022-08-22,503,29,2,0,472
2022-08-23,503,30,1,0,472
2022-08-24,503,30,1,0,472
2022-08-25,503,29,2,0,472
2022-08-26,503,30,1,0,472
2022-08-29,503,30,1,0,472
2022-08-30,503,29,2,0,472
2022-08-31,503,30,1,0,472
2022-09-01,503,29,2,0,472
2022-09-02,503,29,2,0,472
2022-09-06,503,29,2,0,472
2022-09-07,503,29,2,0,472
2022-09-08,503,29,2,0,472
2022-09-09,503,29,2,0,472
2022-09-12,503,29,2,0,472
2022-09-13,503,30,1,0,472
2022-09-14,503,29,2,0,472
2022-09-15,503,30,1,0,472
2022-09-16,503,29,2,0,472
2022-09-19,503,29,2,0,472
2022-09-20,503,30,1,0,472
2022-09-21,503,30,1,0,472
2022-09-22,503,29,2,0,472
2022-09-23,503,29,2,0,472
2022-09-26,503,30,1,0,472
2022-09-27,503,29,2,0,472
2022-09-28,503,30,1,0,472
2022-09-29,503,29,2,0,472
2022-09-30,503,29,2,0,472
2022-10-03,503,27,2,0,474
2022-10-04,503,27,2,0,474
2022-10-05,503,28,1,0,474
2022-10-06,503,28,1,0,474
2022-10-07,503,27,2,0,474
2022-10-10,503,27,2,0,474
2022-10-11,503,27,2,0,474
2022-10-12,503,26,2,0,475
2022-10-13,503,26,2,0,475
2022-10-14,503,26,2,0,475
2022-10-17,503,26,2,0,475
2022-10-18,503,26,2,0,475
2022-10-19,503,27,1,0,475
2022-10-20,503,27,1,0,475
2022-10-21,503,27,1,0,475
2022-10-24,503,26,2,0,475
2022-10-25,503,27,1,0,475
2022-10-26,503,27,1,0,475
2022-10-27,503,27,1,0,475
2022-10-28,503,26,2,0,475
2022-10-31,503,27,1,0,475
2022-11-01,503,26,1,0,476
2022-11-02,503,25,2,0,476
2022-11-03,503,25,2,0,476
2022-11-04,503,25,2,0,476
2022-11-07,503,25,2,0,476
2022-11-08,503,25,2,0,476
2022-11-09,503,25,2,0,476
2022-11-10,503,25,2,0,476
2022-11-11,503,25,2,0,476
2022-11-14,503,25,2,0,476
2022-11-15,503,25,2,0,476
2022-11-16,503,25,2,0,476
2022-11-17,503,25,2,0,476
2022-11-18,503,25,2,0,476
2022-11-21,503,25,2,0,476
2022-11-22,503,25,2,0,476
2022-11-23,503,25,2,0,476
2022-11-25,503,26,1,0,476
2022-11-28,503,25,2,0,476
2022-11-29,503,25,2,0,476
2022-11-30,503,26,1,0,476
2022-12-01,503,26,1,0,476
2022-12-02,503,25,2,0,476
2022-12-05,503,25,2,0,476
2022-12-06,503,25,2,0,476
2022-12-07,503,25,2,0,476
2022-12-08,503,25,2,0,476
2022-12-09,503,25,2,0,476
2022-12-12,503,25,2,0,476
2022-12-13,503,25,2,0,476
2022-12-14,503,25,2,0,476
2022-12-15,504,25,3,0,476
2022-12-16,504,25,3,0,476
2022-12-19,503,24,2,0,477
2022-12-20,503,24,2,0,477
2022-12-21,503,24,2,0,477
2022-12-22,503,23,2,0,478
2022-12-23,503,23,2,0,478
2022-12-27,503,23,2,0,478
2022-12-28,503,23,2,0,478
2022-12-29,503,24,1,0,478
2022-12-30,503,24,1,0,478
2023-01-03,503,23,2,0,478
2023-01-04,504,24,2,0,478
2023-01-05,503,24,2,0,477
2023-01-06,503,23,3,0,477
2023-01-09,503,23,3,0,477
2023-01-10,503,23,3,0,477
2023-01-11,503,23,3,0,477
2023-01-12,503,23,3,0,477
2023-01-13,503,24,2,0,477
2023-01-17,503,24,2,0,477
2023-01-18,503,24,2,0,477
2023-01-19,503,24,1,0,478
2023-01-20,503,23,2,0,478
2023-01-23,503,23,2,0,478
2023-01-24,503,23,2,0,478
2023-01-25,503,23,2,0,478
2023-01-26,503,24,1,0,478
2023-01-27,503,24,1,0,478
2023-01-30,503,23,2,0,478
2023-01-31,503,23,2,0,478
2023-02-01,503,24,1,0,478
2023-02-02,503,23,2,0,478
2023-02-03,503,23,2,0,478
2023-02-06,503,24,1,0,478
2023-02-07,503,24,1,0,478
2023-02-08,503,24,1,0,478
2023-02-09,503,24,1,0,478
2023-02-10,503,24,1,0,478
2023-02-13,503,23,2,0,478
2023-02-14,503,24,1,0,478
2023-02-15,503,24,1,0,478
2023-02-16,503,24,1,0,478
2023-02-17,503,24,1,0,478
2023-02-21,503,24,1,0,478
2023-02-22,503,24,1,0,478
2023-02-23,503,24,1,0,478
2023-02-24,503,23,2,0,478
2023-02-27,503,24,1,0,478
2023-02-28,503,23,2,0,478
2023-03-01,503,24,1,0,478
2023-03-02,503,23,2,0,478
2023-03-03,503,24,1,0,478
2023-03-06,503,23,2,0,478
2023-03-07,503,23,2,0,478
2023-03-08,503,24,1,0,478
2023-03-09,503,23,2,0,478
2023-03-10,503,24,1,0,478
2023-03-13,503,23,2,0,478
2023-03-14,503,23,2,0,478
2023-03-15,503,21,2,0,480
2023-03-16,503,21,2,0,480
2023-03-17,503,21,2,0,480
2023-03-20,503,21,2,0,480
2023-03-21,503,21,2,0,480
2023-03-22,503,22,1,0,480
2023-03-23,503,21,2,0,480
2023-03-24,503,21,2,0,480
2023-03-27,503,22,1,0,480
2023-03-28,503,21,2,0,480
2023-03-29,503,22,1,0,480
2023-03-30,503,21,2,0,480
2023-03-31,503,22,1,0,480
2023-04-03,503,21,2,0,480
2023-04-04,503,22,1,0,480
2023-04-05,503,22,1,0,480
2023-04-06,503,21,2,0,480
2023-04-10,503,22,1,0,480
2023-04-11,503,21,2,0,480
2023-04-12,503,21,2,0,480
2023-04-13,503,22,1,0,480
2023-04-14,503,22,1,0,480
2023-04-17,503,21,2,0,480
2023-04-18,503,22,1,0,480
2023-04-19,503,21,2,0,480
2023-04-20,503,22,1,0,480
2023-04-21,503,21,2,0,480
2023-04-24,503,22,1,0,480
2023-04-25,503,21,2,0,480
2023-04-26,503,22,1,0,480
2023-04-27,503,21,2,0,480
2023-04-28,503,21,2,0,480
2023-05-01,503,22,1,0,480
2023-05-02,503,22,1,0,480
2023-05-03,503,21,2,0,480
2023-05-04,503,21,1,0,481
2023-05-05,503,21,1,0,481
2023-05-08,503,21,1,0,481
2023-05-09,503,21,1,0,481
2023-05-10,503,21,1,0,481
2023-05-11,503,21,1,0,481
2023-05-12,503,21,1,0,481
2023-05-15,503,20,2,0,481
2023-05-16,503,21,1,0,481
2023-05-17,503,21,1,0,481
2023-05-18,503,21,1,0,481
2023-05-19,503,21,1,0,481
2023-05-22,503,21,1,0,481
2023-05-23,503,20,2,0,481
2023-05-24,503,21,1,0,481
2023-05-25,503,21,1,0,481
2023-05-26,503,20,2,0,481
2023-05-30,503,20,2,0,481
2023-05-31,503,21,1,0,481
2023-06-01,503,21,1,0,481
2023-06-02,503,21,1,0,481
2023-06-05,503,21,1,0,481
2023-06-06,503,20,2,0,481
2023-06-07,503,21,1,0,481
2023-06-08,503,21,1,0,481
2023-06-09,503,20,2,0,481
2023-06-12,503,20,2,0,481
2023-06-13,503,20,2,0,481
2023-06-14,503,20,2,0,481
2023-06-15,503,21,1,0,481
2023-06-16,503,21,1,0,481
2023-06-20,503,19,2,0,482
2023-06-21,503,20,1,0,482
2023-06-22,503,19,2,0,482
2023-06-23,503,20,1,0,482
2023-06-26,503,20,1,0,482
2023-06-27,503,19,2,0,482
2023-06-28,503,19,2,0,482
2023-06-29,503,19,2,0,482
2023-06-30,503,19,2,0,482
2023-07-03,503,20,1,0,482
2023-07-05,503,20,1,0,482
2023-07-06,503,20,1,0,482
2023-07-07,503,19,2,0,482
2023-07-10,503,20,1,0,482
2023-07-11,503,19,2,0,482
2023-07-12,503,19,2,0,482
2023-07-13,503,19,2,0,482
2023-07-14,503,20,1,0,482
2023-07-17,503,20,1,0,482
2023-07-18,503,19,2,0,482
2023-07-19,503,20,1,0,482
2023-07-20,503,20,1,0,482
2023-07-21,503,19,2,0,482
2023-07-24,503,20,1,0,482
2023-07-25,503,19,2,0,482
2023-07-26,503,19,2,0,482
2023-07-27,503,20,1,0,482
2023-07-28,503,19,2,0,482
2023-07-31,503,19,2,0,482
2023-08-01,503,19,2,0,482
2023-08-02,503,19,2,0,482
2023-08-03,503,19,2,0,482
2023-08-04,503,19,2,0,482
2023-08-07,503,19,2,0,482
2023-08-08,503,20,1,0,482
2023-08-09,503,20,1,0,482
2023-08-10,503,19,2,0,482
2023-08-11,503,20,1,0,482
2023-08-14,503,19,2,0,482
2023-08-15,503,20,1,0,482
2023-08-16,503,20,1,0,482
2023-08-17,503,19,2,0,482
2023-08-18,503,20,1,0,482
2023-08-21,503,19,2,0,482
2023-08-22,503,19,2,0,482
2023-08-23,503,20,1,0,482
2023-08-24,503,19,2,0,482
2023-08-25,503,20,2,0,481
2023-08-28,503,20,2,0,481
2023-08-29,503,19,3,0,481
2023-08-30,503,20,2,0,481
2023-08-31,503,20,2,0,481
2023-09-01,503,19,3,0,481
2023-09-05,503,20,2,0,481
2023-09-06,503,20,2,0,481
2023-09-07,503,20,2,0,481
2023-09-08,503,19,3,0,481
2023-09-11,503,19,3,0,481
2023-09-12,503,19,3,0,481
2023-09-13,503,20,2,0,481
2023-09-14,503,19,3,0,481
2023-09-15,503,20,2,0,481
2023-09-18,503,19,3,0,481
2023-09-19,503,19,3,0,481
2023-09-20,503,19,3,0,481
2023-09-21,503,19,3,0,481
2023-09-22,503,19,3,0,481
2023-09-25,503,19,3,0,481
2023-09-26,503,19,3,0,481
2023-09-27,503,19,3,0,481
2023-09-28,503,20,2,0,481
2023-09-29,503,20,2,0,481
2023-10-02,504,21,2,0,481
2023-10-03,503,20,3,0,480
2023-10-04,503,19,4,0,480
2023-10-05,503,19,4,0,480
2023-10-06,503,20,3,0,480
2023-10-09,503,19,4,0,480
2023-10-10,503,20,3,0,480
2023-10-11,503,20,3,0,480
2023-10-12,503,20,3,0,480
2023-10-13,503,19,4,0,480
2023-10-16,503,19,4,0,480
2023-10-17,503,19,4,0,480
2023-10-18,503,18,4,0,481
2023-10-19,503,18,4,0,481
2023-10-20,503,19,3,0,481
2023-10-23,503,19,3,0,481
2023-10-24,503,19,3,0,481
2023-10-25,503,18,4,0,481
2023-10-26,503,18,4,0,481
2023-10-27,503,19,3,0,481
2023-10-30,503,19,3,0,481
2023-10-31,503,18,4,0,481
2023-11-01,503,18,4,0,481
2023-11-02,503,18,4,0,481
2023-11-03,503,18,4,0,481
2023-11-06,503,18,4,0,481
2023-11-07,503,19,3,0,481
2023-11-08,503,19,3,0,481
2023-11-09,503,19,3,0,481
2023-11-10,503,19,3,0,481
2023-11-13,503,18,4,0,481
2023-11-14,503,19,3,0,481
2023-11-15,503,19,3,0,481
2023-11-16,503,19,3,0,481
2023-11-17,503,19,3,0,481
2023-11-20,503,19,3,0,481
2023-11-21,503,19,3,0,481
2023-11-22,503,18,4,0,481
2023-11-24,503,18,4,0,481
2023-11-27,503,18,4,0,481
2023-11-28,503,18,4,0,481
2023-11-29,503,18,4,0,481
2023-11-30,503,18,4,0,481
2023-12-01,503,18,4,0,481
2023-12-04,503,18,4,0,481
2023-12-05,503,19,3,0,481
2023-12-06,503,18,4,0,481
2023-12-07,503,18,4,0,481
2023-12-08,503,19,3,0,481
2023-12-11,503,18,4,0,481
2023-12-12,503,19,3,0,481
2023-12-13,503,18,4,0,481
2023-12-14,503,18,4,0,481
2023-12-15,503,18,3,0,482
2023-12-18,503,18,2,0,483
2023-12-19,503,17,3,0,483
2023-12-20,503,17,3,0,483
2023-12-21,503,18,2,0,483
2023-12-22,503,17,3,0,483
2023-12-26,503,18,2,0,483
2023-12-27,503,17,3,0,483
2023-12-28,503,17,3,0,483
2023-12-29,503,18,2,0,483
2024-01-02,503,17,3,0,483
2024-01-03,503,17,3,0,483
2024-01-04,503,17,3,0,483
2024-01-05,503,17,3,0,483
2024-01-08,503,17,3,0,483
2024-01-09,503,18,2,0,483
2024-01-10,503,18,2,0,483
2024-01-11,503,18,2,0,483
2024-01-12,503,18,2,0,483
2024-01-16,503,17,3,0,483
2024-01-17,503,18,2,0,483
2024-01-18,503,18,2,0,483
2024-01-19,503,17,3,0,483
2024-01-22,503,17,3,0,483
2024-01-23,503,18,2,0,483
2024-01-24,503,17,3,0,483
2024-01-25,503,18,2,0,483
2024-01-26,503,17,3,0,483
2024-01-29,503,18,2,0,483
2024-01-30,503,18,2,0,483
2024-01-31,503,18,2,0,483
2024-02-01,503,18,2,0,483
2024-02-02,503,17,3,0,483
2024-02-05,503,17,3,0,483
2024-02-06,503,18,2,0,483
2024-02-07,503,17,3,0,483
2024-02-08,503,17,3,0,483
2024-02-09,503,18,2,0,483
2024-02-12,503,18,2,0,483
2024-02-13,503,18,2,0,483
2024-02-14,503,17,3,0,483
2024-02-15,503,17,3,0,483
2024-02-16,503,17,3,0,483
2024-02-20,503,18,2,0,483
2024-02-21,503,18,2,0,483
2024-02-22,503,17,3,0,483
2024-02-23,503,18,2,0,483
2024-02-26,503,18,2,0,483
2024-02-27,503,18,2,0,483
2024-02-28,503,17,3,0,483
2024-02-29,503,18,2,0,483
2024-03-01,503,18,2,0,483
2024-03-04,503,17,3,0,483
2024-03-05,503,18,2,0,483
2024-03-06,503,18,2,0,483
2024-03-07,503,18,2,0,483
2024-03-08,503,18,2,0,483
2024-03-11,503,17,3,0,483
2024-03-12,503,17,3,0,483
2024-03-13,503,18,2,0,483
2024-03-14,503,18,2,0,483
2024-03-15,503,18,2,0,483
2024-03-18,503,18,2,0,483
2024-03-19,503,18,2,0,483
2024-03-20,503,18,2,0,483
2024-03-21,503,18,2,0,483
2024-03-22,503,18,2,0,483
2024-03-25,503,16,3,0,484
2024-03-26,503,17,2,0,484
2024-03-27,503,17,2,0,484
2024-03-28,503,16,3,0,484
2024-04-01,504,16,4,0,484
2024-04-02,505,16,5,0,484
2024-04-03,503,17,4,0,482
2024-04-04,503,17,4,0,482
2024-04-05,503,17,4,0,482
2024-04-08,503,16,5,0,482
2024-04-09,503,16,5,0,482
2024-04-10,503,17,4,0,482
2024-04-11,503,16,5,0,482
2024-04-12,503,16,5,0,482
2024-04-15,503,17,4,0,482
2024-04-16,503,16,5,0,482
2024-04-17,503,16,5,0,482
2024-04-18,503,17,4,0,482
2024-04-19,503,17,4,0,482
2024-04-22,503,17,4,0,482
2024-04-23,503,17,4,0,482
2024-04-24,503,17,4,0,482
2024-04-25,503,17,4,0,482
2024-04-26,503,17,4,0,482
2024-04-29,503,16,5,0,482
2024-04-30,503,17,4,0,482
2024-05-01,503,17,4,0,482
2024-05-02,503,17,4,0,482
2024-05-03,503,17,3,0,483
2024-05-06,503,16,4,0,483
2024-05-07,503,17,3,0,483
2024-05-08,503,16,3,0,484
2024-05-09,503,15,4,0,484
2024-05-10,503,16,3,0,484
2024-05-13,503,16,3,0,484
2024-05-14,503,16,3,0,484
2024-05-15,503,16,3,0,484
2024-05-16,503,16,3,0,484
2024-05-17,503,16,3,0,484
2024-05-20,503,16,3,0,484
2024-05-21,503,16,3,0,484
2024-05-22,503,16,3,0,484
2024-05-23,503,15,4,0,484
2024-05-24,503,15,4,0,484
2024-05-28,503,15,4,0,484
2024-05-29,503,15,4,0,484
2024-05-30,503,16,3,0,484
2024-05-31,503,15,4,0,484
2024-06-03,503,16,3,0,484
2024-06-04,503,16,3,0,484
2024-06-05,503,16,3,0,484
2024-06-06,503,15,4,0,484
2024-06-07,503,16,3,0,484
2024-06-10,503,16,3,0,484
2024-06-11,503,16,3,0,484
2024-06-12,503,16,3,0,484
2024-06-13,503,16,3,0,484
2024-06-14,503,15,4,0,484
2024-06-17,503,16,3,0,484
2024-06-18,503,15,4,0,484
2024-06-20,503,15,4,0,484
2024-06-21,503,15,4,0,484
2024-06-24,503,14,4,0,485
2024-06-25,503,15,3,0,485
2024-06-26,503,14,4,0,485
2024-06-27,503,14,4,0,485
2024-06-28,503,14,4,0,485
2024-07-01,503,14,4,0,485
2024-07-02,503,15,3,0,485
2024-07-03,503,14,4,0,485
2024-07-05,503,15,3,0,485
2024-07-08,503,14,4,0,485
2024-07-09,503,14,4,0,485
2024-07-10,503,14,4,0,485
2024-07-11,503,14,4,0,485
2024-07-12,503,14,4,0,485
2024-07-15,503,14,4,0,485
2024-07-16,503,14,4,0,485
2024-07-17,503,14,4,0,485
2024-07-18,503,14,4,0,485
2024-07-19,503,14,4,0,485
2024-07-22,503,14,4,0,485
2024-07-23,503,14,4,0,485
2024-07-24,503,14,4,0,485
2024-07-25,503,14,4,0,485
2024-07-26,503,14,4,0,485
2024-07-29,503,14,4,0,485
2024-07-30,503,14,4,0,485
2024-07-31,503,14,4,0,485
2024-08-01,503,14,4,0,485
2024-08-02,503,14,4,0,485
2024-08-05,503,14,4,0,485
2024-08-06,503,14,4,0,485
2024-08-07,503,14,4,0,485
2024-08-08,503,14,4,0,485
2024-08-09,503,14,4,0,485
2024-08-12,503,14,4,0,485
2024-08-13,503,14,4,0,485
2024-08-14,503,14,4,0,485
2024-08-15,503,14,4,0,485
2024-08-16,503,14,4,0,485
2024-08-19,503,14,4,0,485
2024-08-20,503,14,4,0,485
2024-08-21,503,14,4,0,485
2024-08-22,503,14,4,0,485
2024-08-23,503,14,4,0,485
2024-08-26,503,14,4,0,485
2024-08-27,503,14,4,0,485
2024-08-28,503,14,4,0,485
2024-08-29,503,14,4,0,485
2024-08-30,503,14,4,0,485
2024-09-03,503,14,4,0,485
2024-09-04,503,14,4,0,485
2024-09-05,503,14,4,0,485
2024-09-06,503,14,4,0,485
2024-09-09,503,14,4,0,485
2024-09-10,503,14,4,0,485
2024-09-11,503,14,4,0,485
2024-09-12,503,14,4,0,485
2024-09-13,503,14,4,0,485
2024-09-16,503,14,4,0,485
2024-09-17,503,14,4,0,485
2024-09-18,503,14,4,0,485
2024-09-19,503,14,4,0,485
2024-09-20,503,14,4,0,485
2024-09-23,503,14,4,0,485
2024-09-24,503,14,4,0,485
2024-09-25,503,14,4,0,485
2024-09-26,503,14,4,0,485
2024-09-27,503,14,4,0,485
2024-09-30,504,14,5,0,485
2024-10-01,503,14,5,0,484
2024-10-02,503,14,5,0,484
2024-10-03,503,14,4,0,485
2024-10-04,503,14,4,0,485
2024-10-07,503,14,4,0,485
2024-10-08,503,14,4,0,485
2024-10-09,503,14,4,0,485
2024-10-10,503,14,4,0,485
2024-10-11,503,14,4,0,485
2024-10-14,503,14,4,0,485
2024-10-15,503,14,4,0,485
2024-10-16,503,14,4,0,485
2024-10-17,503,14,4,0,485
2024-10-18,503,14,4,0,485
2024-10-21,503,14,4,0,485
2024-10-22,503,14,4,0,485
2024-10-23,503,14,4,0,485
2024-10-24,503,14,4,0,485
2024-10-25,503,14,4,0,485
2024-10-28,503,14,4,0,485
2024-10-29,503,14,4,0,485
2024-10-30,503,14,4,0,485
2024-10-31,503,14,4,0,485
2024-11-01,503,14,4,0,485
2024-11-04,503,14,4,0,485
2024-11-05,503,14,4,0,485
2024-11-06,503,14,4,0,485
2024-11-07,503,14,4,0,485
2024-11-08,503,14,4,0,485
2024-11-11,503,14,4,0,485
2024-11-12,503,14,4,0,485
2024-11-13,503,14,4,0,485
2024-11-14,503,14,4,0,485
2024-11-15,503,14,4,0,485
2024-11-18,503,14,4,0,485
2024-11-19,503,14,4,0,485
2024-11-20,503,14,4,0,485
2024-11-21,503,14,4,0,485
2024-11-22,503,14,4,0,485
2024-11-25,503,14,4,0,485
2024-11-26,503,13,4,0,486
2024-11-27,503,13,4,0,486
2024-11-29,503,13,4,0,486
2024-12-02,503,13,4,0,486
2024-12-03,503,13,4,0,486
2024-12-04,503,13,4,0,486
2024-12-05,503,13,4,0,486
2024-12-06,503,13,4,0,486
2024-12-09,503,13,4,0,486
2024-12-10,503,13,4,0,486
2024-12-11,503,13,4,0,486
2024-12-12,503,13,4,0,486
2024-12-13,503,13,4,0,486
2024-12-16,503,13,4,0,486
2024-12-17,503,13,4,0,486
2024-12-18,503,13,4,0,486
2024-12-19,503,13,4,0,486
2024-12-20,503,13,4,0,486
2024-12-23,503,12,3,0,488
2024-12-24,503,12,3,0,488
2024-12-26,503,12,3,0,488
2024-12-27,503,12,3,0,488
2024-12-30,503,12,3,0,488
2024-12-31,503,12,3,0,488
